ISO-10303-21;
HEADER;
FILE_DESCRIPTION (( 'STEP AP214' ),
    '1' );
FILE_NAME ('DWP20.STEP',
    '2020-08-27T21:38:17',
    ( '' ),
    ( '' ),
    'SwSTEP 2.0',
    'SolidWorks 2017',
    '' );
FILE_SCHEMA (( 'AUTOMOTIVE_DESIGN' ));
ENDSEC;

DATA;
#1 = VECTOR ( 'NONE', #7122, 1000.000000000000000 ) ;
#2 = VERTEX_POINT ( 'NONE', #2572 ) ;
#3 = VECTOR ( 'NONE', #2135, 1000.000000000000000 ) ;
#4 = CARTESIAN_POINT ( 'NONE',  ( -5.202500000000000600, 0.2493910125649564100, 1.690000000000000600 ) ) ;
#5 = ADVANCED_FACE ( 'NONE', ( #392 ), #7198, .T. ) ;
#6 = AXIS2_PLACEMENT_3D ( 'NONE', #5333, #6820, #2108 ) ;
#7 = CARTESIAN_POINT ( 'NONE',  ( -3.759999999999999300, 1.450000000000000400, -4.659999999999999300 ) ) ;
#8 = ORIENTED_EDGE ( 'NONE', *, *, #6128, .T. ) ;
#9 = EDGE_CURVE ( 'NONE', #3452, #4820, #255, .T. ) ;
#10 = ORIENTED_EDGE ( 'NONE', *, *, #8482, .T. ) ;
#11 = ORIENTED_EDGE ( 'NONE', *, *, #6926, .F. ) ;
#12 =( GEOMETRIC_REPRESENTATION_CONTEXT ( 3 ) GLOBAL_UNCERTAINTY_ASSIGNED_CONTEXT ( ( #3019 ) ) GLOBAL_UNIT_ASSIGNED_CONTEXT ( ( #9356, #7133, #7859 ) ) REPRESENTATION_CONTEXT ( 'NONE', 'WORKASPACE' ) );
#13 = VECTOR ( 'NONE', #1752, 1000.000000000000000 ) ;
#14 = FACE_OUTER_BOUND ( 'NONE', #5869, .T. ) ;
#15 = SURFACE_STYLE_USAGE ( .BOTH. , #3143 ) ;
#16 = EDGE_LOOP ( 'NONE', ( #891, #7513, #1732, #8317 ) ) ;
#17 = EDGE_CURVE ( 'NONE', #7361, #2483, #2939, .T. ) ;
#18 = PRESENTATION_LAYER_ASSIGNMENT (  '', '', ( #5485 ) ) ;
#19 = CARTESIAN_POINT ( 'NONE',  ( -0.4299999999999999900, -0.0000000000000000000, -1.785000000000000100 ) ) ;
#20 = CARTESIAN_POINT ( 'NONE',  ( -4.623104622025544500, 0.03929580968121797200, -0.4199999999999993700 ) ) ;
#21 = DIRECTION ( 'NONE',  ( -0.0000000000000000000, -0.0000000000000000000, -1.000000000000000000 ) ) ;
#22 = VERTEX_POINT ( 'NONE', #9783 ) ;
#23 = ORIENTED_EDGE ( 'NONE', *, *, #4566, .F. ) ;
#24 = ORIENTED_EDGE ( 'NONE', *, *, #6997, .F. ) ;
#25 = LINE ( 'NONE', #8590, #5428 ) ;
#26 = CARTESIAN_POINT ( 'NONE',  ( -4.608981456572268900, 0.3147047612756303000, -2.959999999999999500 ) ) ;
#27 = LINE ( 'NONE', #7354, #3549 ) ;
#28 = CARTESIAN_POINT ( 'NONE',  ( -4.367500000000000600, 0.2500000000000000000, 2.960000000000000900 ) ) ;
#29 = DIRECTION ( 'NONE',  ( 0.0000000000000000000, -1.000000000000000000, 0.0000000000000000000 ) ) ;
#30 = CARTESIAN_POINT ( 'NONE',  ( 4.367500000000000600, 0.2500000000000000600, 4.660000000000001000 ) ) ;
#31 = AXIS2_PLACEMENT_3D ( 'NONE', #5209, #4399, #440 ) ;
#32 = ORIENTED_EDGE ( 'NONE', *, *, #3229, .F. ) ;
#33 = CARTESIAN_POINT ( 'NONE',  ( 3.759999999999999800, 1.450000000000000200, 5.930000000000001500 ) ) ;
#34 = ORIENTED_EDGE ( 'NONE', *, *, #618, .T. ) ;
#35 = DIRECTION ( 'NONE',  ( 0.0000000000000000000, 0.0000000000000000000, 1.000000000000000000 ) ) ;
#36 = ORIENTED_EDGE ( 'NONE', *, *, #738, .F. ) ;
#37 = FACE_OUTER_BOUND ( 'NONE', #9824, .T. ) ;
#38 = LINE ( 'NONE', #6869, #1132 ) ;
#39 = VECTOR ( 'NONE', #8481, 1000.000000000000000 ) ;
#40 = DIRECTION ( 'NONE',  ( 0.0000000000000000000, -1.000000000000000000, 0.0000000000000000000 ) ) ;
#41 = EDGE_LOOP ( 'NONE', ( #1140, #5262, #7596, #4292 ) ) ;
#42 = DIRECTION ( 'NONE',  ( 0.06975647374411768400, 0.9975640502598248600, -0.0000000000000000000 ) ) ;
#43 = ORIENTED_EDGE ( 'NONE', *, *, #146, .F. ) ;
#44 = PLANE ( 'NONE',  #5194 ) ;
#45 = ORIENTED_EDGE ( 'NONE', *, *, #773, .F. ) ;
#46 = DIRECTION ( 'NONE',  ( -0.0000000000000000000, -0.0000000000000000000, -1.000000000000000000 ) ) ;
#47 = CARTESIAN_POINT ( 'NONE',  ( 0.4299999999999998300, 4.374037903435110200, 1.784999999999999700 ) ) ;
#48 =( LENGTH_UNIT ( ) NAMED_UNIT ( * ) SI_UNIT ( .MILLI., .METRE. ) );
#49 = ADVANCED_FACE ( 'NONE', ( #3183 ), #2578, .T. ) ;
#50 = LINE ( 'NONE', #2794, #404 ) ;
#51 = EDGE_CURVE ( 'NONE', #2937, #9216, #8589, .T. ) ;
#52 = EDGE_CURVE ( 'NONE', #9983, #5415, #8829, .T. ) ;
#53 = CARTESIAN_POINT ( 'NONE',  ( 4.640543740461574800, 0.2886868222461744800, -5.500000000000000000 ) ) ;
#54 = ORIENTED_EDGE ( 'NONE', *, *, #4993, .T. ) ;
#55 = EDGE_LOOP ( 'NONE', ( #4925, #4197, #8061, #9841 ) ) ;
#56 = CIRCLE ( 'NONE', #9869, 0.03521910652230526200 ) ;
#57 = ORIENTED_EDGE ( 'NONE', *, *, #761, .F. ) ;
#58 = VECTOR ( 'NONE', #5821, 1000.000000000000000 ) ;
#59 = LINE ( 'NONE', #7749, #5713 ) ;
#60 = CARTESIAN_POINT ( 'NONE',  ( 4.623104622025544500, 0.03929580968121807600, -1.689999999999999700 ) ) ;
#61 = MECHANICAL_DESIGN_GEOMETRIC_PRESENTATION_REPRESENTATION (  '', ( #4437 ), #5903 ) ;
#62 = AXIS2_PLACEMENT_3D ( 'NONE', #78, #7153, #7944 ) ;
#63 = EDGE_CURVE ( 'NONE', #3855, #5395, #6145, .T. ) ;
#64 = ADVANCED_FACE ( 'NONE', ( #6878 ), #1300, .T. ) ;
#65 = CARTESIAN_POINT ( 'NONE',  ( -4.085923696263362700, 1.164780893477695100, -2.119999999999999700 ) ) ;
#66 = VECTOR ( 'NONE', #122, 1000.000000000000000 ) ;
#67 = LINE ( 'NONE', #4568, #3710 ) ;
#68 = CARTESIAN_POINT ( 'NONE',  ( -4.623104622025544500, 0.03929580968121797200, 0.4200000000000010900 ) ) ;
#69 = DIRECTION ( 'NONE',  ( -0.0000000000000000000, -0.0000000000000000000, -1.000000000000000000 ) ) ;
#70 = LINE ( 'NONE', #4430, #2743 ) ;
#71 = CARTESIAN_POINT ( 'NONE',  ( -3.759999999999999300, 1.200000000000000200, -2.959999999999999500 ) ) ;
#72 = VERTEX_POINT ( 'NONE', #5981 ) ;
#73 = ORIENTED_EDGE ( 'NONE', *, *, #2461, .T. ) ;
#74 = LINE ( 'NONE', #4961, #6928 ) ;
#75 = CARTESIAN_POINT ( 'NONE',  ( 4.085923696263362700, 1.164780893477695100, -4.659999999999999300 ) ) ;
#76 = AXIS2_PLACEMENT_3D ( 'NONE', #33, #5528, #4679 ) ;
#77 = VECTOR ( 'NONE', #3196, 1000.000000000000000 ) ;
#78 = CARTESIAN_POINT ( 'NONE',  ( 3.759999999999999300, 1.200000000000000200, -2.959999999999999500 ) ) ;
#79 = CARTESIAN_POINT ( 'NONE',  ( -3.759999999999999300, 1.450000000000000400, 2.120000000000000600 ) ) ;
#80 = EDGE_LOOP ( 'NONE', ( #9467, #1243, #5173, #7758 ) ) ;
#81 = LINE ( 'NONE', #3752, #2256 ) ;
#82 = EDGE_LOOP ( 'NONE', ( #4020, #4260, #8239, #425 ) ) ;
#83 = CARTESIAN_POINT ( 'NONE',  ( -4.119942740832083700, 1.173896268997162200, -3.389999999999999200 ) ) ;
#84 = FACE_OUTER_BOUND ( 'NONE', #4114, .T. ) ;
#85 = AXIS2_PLACEMENT_3D ( 'NONE', #1939, #9778, #313 ) ;
#86 = EDGE_CURVE ( 'NONE', #10072, #4013, #993, .T. ) ;
#87 = MANIFOLD_SOLID_BREP ( 'LPattern1[14]', #1094 ) ;
#88 = ORIENTED_EDGE ( 'NONE', *, *, #1134, .F. ) ;
#89 = CARTESIAN_POINT ( 'NONE',  ( 4.361424197404351100, 1.238601030272792600, -5.500000000000000000 ) ) ;
#90 = DIRECTION ( 'NONE',  ( 1.000000000000000000, 0.0000000000000000000, 0.0000000000000000000 ) ) ;
#91 = EDGE_CURVE ( 'NONE', #5423, #3191, #6507, .T. ) ;
#92 = ORIENTED_EDGE ( 'NONE', *, *, #6788, .F. ) ;
#93 = VECTOR ( 'NONE', #7018, 1000.000000000000000 ) ;
#94 = CARTESIAN_POINT ( 'NONE',  ( 4.623104622025544500, 0.03929580968121807600, -0.8499999999999992000 ) ) ;
#95 = CARTESIAN_POINT ( 'NONE',  ( 4.367500000000000600, 0.2500000000000000600, 3.390000000000000600 ) ) ;
#96 = DIRECTION ( 'NONE',  ( -0.06975647374411746100, 0.9975640502598247500, 0.0000000000000000000 ) ) ;
#97 = ORIENTED_EDGE ( 'NONE', *, *, #5069, .T. ) ;
#98 = ORIENTED_EDGE ( 'NONE', *, *, #7338, .F. ) ;
#99 = CYLINDRICAL_SURFACE ( 'NONE', #2546, 0.03521910652230526200 ) ;
#100 = EDGE_CURVE ( 'NONE', #6795, #7245, #10047, .T. ) ;
#101 = EDGE_CURVE ( 'NONE', #8838, #1097, #3793, .T. ) ;
#102 = CARTESIAN_POINT ( 'NONE',  ( 5.202500000000000600, 0.2493910125649557200, 5.500000000000001800 ) ) ;
#103 = EDGE_LOOP ( 'NONE', ( #3628, #3921, #4939, #7781 ) ) ;
#104 = ADVANCED_FACE ( 'NONE', ( #625 ), #3860, .F. ) ;
#105 = DIRECTION ( 'NONE',  ( -0.0000000000000000000, -0.0000000000000000000, -1.000000000000000000 ) ) ;
#106 = DIRECTION ( 'NONE',  ( -1.000000000000000000, 0.0000000000000000000, 0.0000000000000000000 ) ) ;
#107 = VERTEX_POINT ( 'NONE', #8455 ) ;
#108 = DIRECTION ( 'NONE',  ( 0.06975647374411807200, -0.9975640502598247500, 0.0000000000000000000 ) ) ;
#109 = LINE ( 'NONE', #9007, #594 ) ;
#110 = CARTESIAN_POINT ( 'NONE',  ( -3.759999999999999300, 1.200000000000000200, -0.4199999999999993700 ) ) ;
#111 = CARTESIAN_POINT ( 'NONE',  ( -3.759999999999999300, 1.450000000000000400, -1.689999999999999700 ) ) ;
#112 = ORIENTED_EDGE ( 'NONE', *, *, #7647, .T. ) ;
#113 = DIRECTION ( 'NONE',  ( 0.9975640502598246400, -0.06975647374411952900, 0.0000000000000000000 ) ) ;
#114 = AXIS2_PLACEMENT_3D ( 'NONE', #4707, #5411, #6963 ) ;
#115 = EDGE_CURVE ( 'NONE', #8196, #3495, #5062, .T. ) ;
#116 = CIRCLE ( 'NONE', #8033, 0.2852191065223054800 ) ;
#117 = VECTOR ( 'NONE', #5605, 1000.000000000000000 ) ;
#118 = DIRECTION ( 'NONE',  ( -0.0000000000000000000, -0.0000000000000000000, -1.000000000000000000 ) ) ;
#119 = EDGE_LOOP ( 'NONE', ( #4910, #5676, #8341, #7012 ) ) ;
#120 = DIRECTION ( 'NONE',  ( 0.06975647374411746100, -0.9975640502598247500, 0.0000000000000000000 ) ) ;
#121 = SURFACE_STYLE_USAGE ( .BOTH. , #3219 ) ;
#122 = DIRECTION ( 'NONE',  ( -0.0000000000000000000, -0.0000000000000000000, -1.000000000000000000 ) ) ;
#123 = DIRECTION ( 'NONE',  ( 0.0000000000000000000, 0.0000000000000000000, 1.000000000000000000 ) ) ;
#124 = CARTESIAN_POINT ( 'NONE',  ( 4.367500000000000600, 0.2500000000000000600, 3.390000000000000600 ) ) ;
#125 = VECTOR ( 'NONE', #5822, 1000.000000000000100 ) ;
#126 = FACE_OUTER_BOUND ( 'NONE', #4619, .T. ) ;
#127 = VERTEX_POINT ( 'NONE', #1649 ) ;
#128 = LINE ( 'NONE', #5710, #8112 ) ;
#129 = EDGE_CURVE ( 'NONE', #8162, #3697, #5915, .T. ) ;
#130 = AXIS2_PLACEMENT_3D ( 'NONE', #2282, #7923, #7892 ) ;
#131 = ORIENTED_EDGE ( 'NONE', *, *, #3733, .F. ) ;
#132 = DIRECTION ( 'NONE',  ( 1.000000000000000000, 0.0000000000000000000, 0.0000000000000000000 ) ) ;
#133 = ORIENTED_EDGE ( 'NONE', *, *, #3171, .F. ) ;
#134 = ORIENTED_EDGE ( 'NONE', *, *, #9051, .T. ) ;
#135 = VECTOR ( 'NONE', #1223, 1000.000000000000000 ) ;
#136 = VECTOR ( 'NONE', #428, 1000.000000000000200 ) ;
#137 = DIRECTION ( 'NONE',  ( 0.0000000000000000000, -0.0000000000000000000, -1.000000000000000000 ) ) ;
#138 = LINE ( 'NONE', #1462, #8243 ) ;
#139 = CARTESIAN_POINT ( 'NONE',  ( 4.623104622025544500, 0.03929580968121807600, 4.230000000000001300 ) ) ;
#140 = CARTESIAN_POINT ( 'NONE',  ( 0.4299999999999998800, 0.1000000000000000100, -1.655000000000000200 ) ) ;
#141 = AXIS2_PLACEMENT_3D ( 'NONE', #6853, #5953, #7570 ) ;
#142 = EDGE_LOOP ( 'NONE', ( #6214, #2691, #57, #1887 ) ) ;
#143 = DIRECTION ( 'NONE',  ( -0.0000000000000000000, 1.000000000000000000, -0.0000000000000000000 ) ) ;
#144 = ORIENTED_EDGE ( 'NONE', *, *, #6250, .T. ) ;
#145 = CARTESIAN_POINT ( 'NONE',  ( 4.623104622025544500, 0.03929580968121807600, -2.119999999999999700 ) ) ;
#146 = EDGE_CURVE ( 'NONE', #3381, #7809, #9072, .T. ) ;
#147 = AXIS2_PLACEMENT_3D ( 'NONE', #9595, #4920, #7101 ) ;
#148 = LINE ( 'NONE', #6033, #4928 ) ;
#149 = LINE ( 'NONE', #2782, #4803 ) ;
#150 = VECTOR ( 'NONE', #6804, 1000.000000000000000 ) ;
#151 = CARTESIAN_POINT ( 'NONE',  ( 4.085923696263362700, 1.164780893477695100, -2.959999999999999500 ) ) ;
#152 = DIRECTION ( 'NONE',  ( -1.000000000000000000, 0.0000000000000000000, 0.0000000000000000000 ) ) ;
#153 = ORIENTED_EDGE ( 'NONE', *, *, #10041, .F. ) ;
#154 = ADVANCED_FACE ( 'NONE', ( #7371 ), #44, .F. ) ;
#155 = ORIENTED_EDGE ( 'NONE', *, *, #7787, .T. ) ;
#156 = VECTOR ( 'NONE', #5016, 1000.000000000000000 ) ;
#157 = DIRECTION ( 'NONE',  ( -1.000000000000000000, 0.0000000000000000000, 0.0000000000000000000 ) ) ;
#158 = PLANE ( 'NONE',  #2384 ) ;
#159 = PLANE ( 'NONE',  #5578 ) ;
#160 = VECTOR ( 'NONE', #9266, 1000.000000000000000 ) ;
#161 = EDGE_CURVE ( 'NONE', #621, #1212, #6995, .T. ) ;
#162 = AXIS2_PLACEMENT_3D ( 'NONE', #8755, #4844, #4053 ) ;
#163 = EDGE_CURVE ( 'NONE', #5807, #8723, #7729, .T. ) ;
#164 = EDGE_LOOP ( 'NONE', ( #7344, #3745, #2062, #8001 ) ) ;
#165 = VERTEX_POINT ( 'NONE', #4565 ) ;
#166 = FACE_OUTER_BOUND ( 'NONE', #8695, .T. ) ;
#167 = ORIENTED_EDGE ( 'NONE', *, *, #2415, .F. ) ;
#168 = CIRCLE ( 'NONE', #4837, 0.03521910652230526200 ) ;
#169 = VECTOR ( 'NONE', #132, 1000.000000000000000 ) ;
#170 = DIRECTION ( 'NONE',  ( -0.0000000000000000000, -0.0000000000000000000, -1.000000000000000000 ) ) ;
#171 = PLANE ( 'NONE',  #794 ) ;
#172 = ORIENTED_EDGE ( 'NONE', *, *, #4808, .T. ) ;
#173 = CLOSED_SHELL ( 'NONE', ( #8994, #9423, #9272, #5827, #8831, #3624, #363, #5402, #1668, #7799, #10109, #672, #7881, #1028 ) ) ;
#174 = CARTESIAN_POINT ( 'NONE',  ( 3.759999999999999800, 1.450000000000000200, -5.500000000000000000 ) ) ;
#175 = EDGE_CURVE ( 'NONE', #6333, #3308, #8708, .T. ) ;
#176 = DIRECTION ( 'NONE',  ( 0.9975640502598247500, -0.06975647374411816900, 0.0000000000000000000 ) ) ;
#177 = CYLINDRICAL_SURFACE ( 'NONE', #9161, 0.2852191065223037600 ) ;
#178 = ORIENTED_EDGE ( 'NONE', *, *, #4281, .T. ) ;
#179 = CARTESIAN_POINT ( 'NONE',  ( 4.085923696263362700, 1.450000000000000000, 0.4200000000000010900 ) ) ;
#180 = EDGE_CURVE ( 'NONE', #5145, #9387, #2440, .T. ) ;
#181 = VECTOR ( 'NONE', #902, 1000.000000000000000 ) ;
#182 = CARTESIAN_POINT ( 'NONE',  ( -4.623104622025544500, 0.03929580968121797200, 5.500000000000001800 ) ) ;
#183 = ORIENTED_EDGE ( 'NONE', *, *, #9803, .F. ) ;
#184 = CARTESIAN_POINT ( 'NONE',  ( -4.361424197404348400, 1.238601030272792100, 5.930000000000001500 ) ) ;
#185 = VECTOR ( 'NONE', #3198, 1000.000000000000000 ) ;
#186 = FILL_AREA_STYLE_COLOUR ( '', #7149 ) ;
#187 = CARTESIAN_POINT ( 'NONE',  ( 4.608981456572268000, 0.3147047612756303000, -2.959999999999999500 ) ) ;
#188 = LINE ( 'NONE', #1539, #5963 ) ;
#189 = AXIS2_PLACEMENT_3D ( 'NONE', #5677, #8837, #9544 ) ;
#190 = EDGE_CURVE ( 'NONE', #8743, #1958, #4917, .T. ) ;
#191 = CARTESIAN_POINT ( 'NONE',  ( 5.202500000000000600, 0.2493910125649557200, -2.119999999999999700 ) ) ;
#192 = CARTESIAN_POINT ( 'NONE',  ( -4.085923696263362700, 1.164780893477695100, 3.390000000000000600 ) ) ;
#193 = ORIENTED_EDGE ( 'NONE', *, *, #3429, .T. ) ;
#194 = EDGE_LOOP ( 'NONE', ( #7319, #517, #8039, #950 ) ) ;
#195 = ORIENTED_EDGE ( 'NONE', *, *, #5511, .F. ) ;
#196 = LINE ( 'NONE', #7938, #3858 ) ;
#197 = DIRECTION ( 'NONE',  ( -0.0000000000000000000, -0.0000000000000000000, -1.000000000000000000 ) ) ;
#198 = EDGE_CURVE ( 'NONE', #4856, #3688, #8465, .T. ) ;
#199 = CARTESIAN_POINT ( 'NONE',  ( 4.085923696263362700, 1.450000000000000000, -3.389999999999999200 ) ) ;
#200 = ORIENTED_EDGE ( 'NONE', *, *, #3853, .F. ) ;
#201 = CARTESIAN_POINT ( 'NONE',  ( -4.085923696263362700, 1.200000000000000400, -2.959999999999999500 ) ) ;
#202 = EDGE_LOOP ( 'NONE', ( #4251, #5161, #5911, #4954 ) ) ;
#203 = AXIS2_PLACEMENT_3D ( 'NONE', #9925, #10036, #6833 ) ;
#204 = ORIENTED_EDGE ( 'NONE', *, *, #1507, .T. ) ;
#205 = VECTOR ( 'NONE', #6943, 1000.000000000000000 ) ;
#206 = ADVANCED_FACE ( 'NONE', ( #7983 ), #8178, .F. ) ;
#207 = AXIS2_PLACEMENT_3D ( 'NONE', #8716, #8686, #4750 ) ;
#208 = CARTESIAN_POINT ( 'NONE',  ( -4.640543740461573900, 0.2886868222461744200, -2.119999999999999700 ) ) ;
#209 = CARTESIAN_POINT ( 'NONE',  ( -5.185060881563971200, -2.641625050904819800E-019, 4.230000000000001300 ) ) ;
#210 = ORIENTED_EDGE ( 'NONE', *, *, #1062, .F. ) ;
#211 = DIRECTION ( 'NONE',  ( 0.0000000000000000000, -0.0000000000000000000, -1.000000000000000000 ) ) ;
#212 = ORIENTED_EDGE ( 'NONE', *, *, #8763, .F. ) ;
#213 = LINE ( 'NONE', #1205, #2033 ) ;
#214 = DIRECTION ( 'NONE',  ( 0.0000000000000000000, 0.0000000000000000000, 1.000000000000000000 ) ) ;
#215 = AXIS2_PLACEMENT_3D ( 'NONE', #8987, #8947, #4190 ) ;
#216 = EDGE_CURVE ( 'NONE', #1297, #1708, #2197, .T. ) ;
#217 = ADVANCED_FACE ( 'NONE', ( #5667 ), #3890, .F. ) ;
#218 = DIRECTION ( 'NONE',  ( -1.000000000000000000, 0.0000000000000000000, 0.0000000000000000000 ) ) ;
#219 = CARTESIAN_POINT ( 'NONE',  ( 5.202500000000000600, 0.2493910125649557200, 4.230000000000001300 ) ) ;
#220 = ORIENTED_EDGE ( 'NONE', *, *, #9078, .F. ) ;
#221 = EDGE_CURVE ( 'NONE', #8542, #2157, #3539, .T. ) ;
#222 = ORIENTED_EDGE ( 'NONE', *, *, #8190, .F. ) ;
#223 = AXIS2_PLACEMENT_3D ( 'NONE', #8646, #3940, #6242 ) ;
#224 = ORIENTED_EDGE ( 'NONE', *, *, #7114, .F. ) ;
#225 = CARTESIAN_POINT ( 'NONE',  ( 3.759999999999999800, 1.450000000000000200, 5.500000000000001800 ) ) ;
#226 = DIRECTION ( 'NONE',  ( 0.0000000000000000000, 0.0000000000000000000, 1.000000000000000000 ) ) ;
#227 = DIRECTION ( 'NONE',  ( -0.0000000000000000000, 0.0000000000000000000, 1.000000000000000000 ) ) ;
#228 = FACE_OUTER_BOUND ( 'NONE', #3553, .T. ) ;
#229 = VERTEX_POINT ( 'NONE', #7694 ) ;
#230 = CARTESIAN_POINT ( 'NONE',  ( -5.202500000000000600, 0.2493910125649564100, -0.4199999999999993700 ) ) ;
#231 = DIRECTION ( 'NONE',  ( 0.1378445374916288700, 0.9808148484639890300, -0.1378445374916289500 ) ) ;
#232 = EDGE_CURVE ( 'NONE', #10083, #4810, #7488, .T. ) ;
#233 = CYLINDRICAL_SURFACE ( 'NONE', #6115, 0.2852191065223050300 ) ;
#234 = EDGE_CURVE ( 'NONE', #315, #5382, #9311, .T. ) ;
#235 = EDGE_LOOP ( 'NONE', ( #1246, #470, #3748, #3779 ) ) ;
#236 = CARTESIAN_POINT ( 'NONE',  ( -4.085923696263362700, 1.200000000000000400, 1.690000000000000600 ) ) ;
#237 = CARTESIAN_POINT ( 'NONE',  ( 4.643000501140988900, 0.3238201367950973600, -2.959999999999999500 ) ) ;
#238 = CARTESIAN_POINT ( 'NONE',  ( 4.119942740832083700, 1.173896268997162200, -0.4199999999999993700 ) ) ;
#239 = CARTESIAN_POINT ( 'NONE',  ( 4.643000501140988900, 0.3238201367950973600, -5.500000000000000000 ) ) ;
#240 = DIRECTION ( 'NONE',  ( 0.0000000000000000000, -1.000000000000000000, 0.0000000000000000000 ) ) ;
#241 = DIRECTION ( 'NONE',  ( -0.9902680687415703600, -0.1391731009600657400, 0.0000000000000000000 ) ) ;
#242 = VECTOR ( 'NONE', #3787, 1000.000000000000000 ) ;
#243 = FACE_OUTER_BOUND ( 'NONE', #7246, .T. ) ;
#244 = DIRECTION ( 'NONE',  ( 1.000000000000000000, 0.0000000000000000000, -0.0000000000000000000 ) ) ;
#245 = EDGE_LOOP ( 'NONE', ( #9992, #7759, #9790, #9399, #2419, #5460, #5310, #1127, #7823, #9706, #6791, #3251 ) ) ;
#246 = VECTOR ( 'NONE', #9943, 1000.000000000000000 ) ;
#247 = DIRECTION ( 'NONE',  ( 0.9975640502598247500, 0.06975647374411816900, -0.0000000000000000000 ) ) ;
#248 = AXIS2_PLACEMENT_3D ( 'NONE', #5100, #423, #7470 ) ;
#249 = EDGE_CURVE ( 'NONE', #2333, #7620, #2808, .T. ) ;
#250 = CARTESIAN_POINT ( 'NONE',  ( -4.085923696263362700, 1.164780893477695100, -5.500000000000000000 ) ) ;
#251 = DIRECTION ( 'NONE',  ( 0.0000000000000000000, 0.0000000000000000000, -1.000000000000000000 ) ) ;
#252 = EDGE_LOOP ( 'NONE', ( #7738, #2459, #4234, #10082 ) ) ;
#253 = ORIENTED_EDGE ( 'NONE', *, *, #9860, .T. ) ;
#254 = LINE ( 'NONE', #9190, #8346 ) ;
#255 = LINE ( 'NONE', #3483, #5301 ) ;
#256 = VECTOR ( 'NONE', #6478, 999.9999999999998900 ) ;
#257 = ADVANCED_FACE ( 'NONE', ( #1467 ), #1516, .F. ) ;
#258 = DIRECTION ( 'NONE',  ( -0.0000000000000000000, 0.0000000000000000000, -1.000000000000000000 ) ) ;
#259 = DIRECTION ( 'NONE',  ( -0.0000000000000000000, -1.000000000000000000, -0.0000000000000000000 ) ) ;
#260 = CARTESIAN_POINT ( 'NONE',  ( -4.119942740832083700, 1.173896268997162200, -2.959999999999999500 ) ) ;
#261 = CARTESIAN_POINT ( 'NONE',  ( 4.640543740461574800, 0.2886868222461741500, -5.929999999999999700 ) ) ;
#262 = ORIENTED_EDGE ( 'NONE', *, *, #1545, .T. ) ;
#263 = ORIENTED_EDGE ( 'NONE', *, *, #9931, .T. ) ;
#264 = PRESENTATION_LAYER_ASSIGNMENT (  '', '', ( #5397 ) ) ;
#265 = VERTEX_POINT ( 'NONE', #10151 ) ;
#266 = FACE_OUTER_BOUND ( 'NONE', #467, .T. ) ;
#267 = AXIS2_PLACEMENT_3D ( 'NONE', #5657, #7206, #2503 ) ;
#268 = VECTOR ( 'NONE', #8048, 1000.000000000000000 ) ;
#269 = ADVANCED_FACE ( 'NONE', ( #6748 ), #1449, .F. ) ;
#270 = DIRECTION ( 'NONE',  ( -1.000000000000000000, 0.0000000000000000000, 0.0000000000000000000 ) ) ;
#271 = CARTESIAN_POINT ( 'NONE',  ( 3.759999999999999800, 1.450000000000000200, 2.120000000000000600 ) ) ;
#272 = EDGE_LOOP ( 'NONE', ( #3714, #3250, #8278, #2082 ) ) ;
#273 = EDGE_LOOP ( 'NONE', ( #817, #3071, #8354, #5025 ) ) ;
#274 = DIRECTION ( 'NONE',  ( 0.0000000000000000000, 0.0000000000000000000, 1.000000000000000000 ) ) ;
#275 = CARTESIAN_POINT ( 'NONE',  ( -4.640543740461573900, 0.2886868222461744200, 4.660000000000001000 ) ) ;
#276 = LINE ( 'NONE', #9475, #2219 ) ;
#277 = CARTESIAN_POINT ( 'NONE',  ( 4.640543740461574800, 0.2886868222461741500, -0.8499999999999992000 ) ) ;
#278 = VECTOR ( 'NONE', #120, 1000.000000000000200 ) ;
#279 = CARTESIAN_POINT ( 'NONE',  ( -4.608981456572268900, 0.3147047612756303000, 2.120000000000000600 ) ) ;
#280 = CARTESIAN_POINT ( 'NONE',  ( -4.640543740461573900, 0.2886868222461744200, -2.959999999999999500 ) ) ;
#281 = CIRCLE ( 'NONE', #3672, 0.2852191065223042000 ) ;
#282 = AXIS2_PLACEMENT_3D ( 'NONE', #995, #3301, #4069 ) ;
#283 = EDGE_CURVE ( 'NONE', #1526, #5945, #9429, .T. ) ;
#284 = DIRECTION ( 'NONE',  ( 0.06975647374411768400, 0.9975640502598248600, -0.0000000000000000000 ) ) ;
#285 = PLANE ( 'NONE',  #5924 ) ;
#286 = EDGE_CURVE ( 'NONE', #8619, #4004, #861, .T. ) ;
#287 = VERTEX_POINT ( 'NONE', #10116 ) ;
#288 = CARTESIAN_POINT ( 'NONE',  ( 3.591350998357129700, 2.649999999999998600, -6.243850998357133100 ) ) ;
#289 = VERTEX_POINT ( 'NONE', #10049 ) ;
#290 = VERTEX_POINT ( 'NONE', #2297 ) ;
#291 = COLOUR_RGB ( '',0.7921568627450980000, 0.8196078431372548800, 0.9333333333333333500 ) ;
#292 = PRESENTATION_STYLE_ASSIGNMENT (( #6101 ) ) ;
#293 = DIRECTION ( 'NONE',  ( 0.9659258262890673100, -0.2588190451025243500, 0.0000000000000000000 ) ) ;
#294 = DIRECTION ( 'NONE',  ( 0.9975640502598247500, 0.06975647374411816900, -0.0000000000000000000 ) ) ;
#295 = ORIENTED_EDGE ( 'NONE', *, *, #8825, .F. ) ;
#296 = AXIS2_PLACEMENT_3D ( 'NONE', #1422, #7774, #3069 ) ;
#297 = CARTESIAN_POINT ( 'NONE',  ( -5.202500000000000600, 0.2493910125649564100, -4.659999999999999300 ) ) ;
#298 = LINE ( 'NONE', #784, #8745 ) ;
#299 = ORIENTED_EDGE ( 'NONE', *, *, #9736, .T. ) ;
#300 = PRODUCT ( 'DWP20', 'DWP20', '', ( #10084 ) ) ;
#301 = FACE_OUTER_BOUND ( 'NONE', #7381, .T. ) ;
#302 = EDGE_CURVE ( 'NONE', #1212, #542, #4039, .T. ) ;
#303 = CYLINDRICAL_SURFACE ( 'NONE', #4286, 0.2852191065223054800 ) ;
#304 = AXIS2_PLACEMENT_3D ( 'NONE', #7329, #5276, #2623 ) ;
#305 = EDGE_CURVE ( 'NONE', #9128, #7382, #9680, .T. ) ;
#306 = ORIENTED_EDGE ( 'NONE', *, *, #9087, .T. ) ;
#307 = FACE_OUTER_BOUND ( 'NONE', #5265, .T. ) ;
#308 = CIRCLE ( 'NONE', #1060, 0.03521910652230526200 ) ;
#309 = CARTESIAN_POINT ( 'NONE',  ( 4.119942740832083700, 1.173896268997162200, 1.690000000000000600 ) ) ;
#310 = ORIENTED_EDGE ( 'NONE', *, *, #1313, .F. ) ;
#311 = CARTESIAN_POINT ( 'NONE',  ( 3.759999999999999800, 1.450000000000000200, -4.229999999999999500 ) ) ;
#312 = DIRECTION ( 'NONE',  ( -1.000000000000000000, 6.653104299660455300E-016, -0.0000000000000000000 ) ) ;
#313 = DIRECTION ( 'NONE',  ( -1.000000000000000000, 0.0000000000000000000, 0.0000000000000000000 ) ) ;
#314 = EDGE_CURVE ( 'NONE', #2738, #1923, #6019, .T. ) ;
#315 = VERTEX_POINT ( 'NONE', #8591 ) ;
#316 = DIRECTION ( 'NONE',  ( -0.0000000000000000000, -0.0000000000000000000, -1.000000000000000000 ) ) ;
#317 = DIRECTION ( 'NONE',  ( 0.0000000000000000000, -0.0000000000000000000, 1.000000000000000000 ) ) ;
#318 = ORIENTED_EDGE ( 'NONE', *, *, #2916, .F. ) ;
#319 = VECTOR ( 'NONE', #7498, 1000.000000000000000 ) ;
#320 = CARTESIAN_POINT ( 'NONE',  ( 5.202500000000000600, 0.2493910125649557200, 2.120000000000000600 ) ) ;
#321 = VECTOR ( 'NONE', #921, 999.9999999999998900 ) ;
#322 = CARTESIAN_POINT ( 'NONE',  ( -3.759999999999999300, 1.450000000000000400, 2.120000000000000600 ) ) ;
#323 = DIRECTION ( 'NONE',  ( 0.0000000000000000000, 0.0000000000000000000, 1.000000000000000000 ) ) ;
#324 = ADVANCED_FACE ( 'NONE', ( #1115 ), #1835, .T. ) ;
#325 = VERTEX_POINT ( 'NONE', #6975 ) ;
#326 = CARTESIAN_POINT ( 'NONE',  ( 4.643000501140988900, 0.3238201367950973600, 0.8500000000000009800 ) ) ;
#327 = DIRECTION ( 'NONE',  ( 0.0000000000000000000, 0.0000000000000000000, 1.000000000000000000 ) ) ;
#328 = VERTEX_POINT ( 'NONE', #8561 ) ;
#329 = FACE_OUTER_BOUND ( 'NONE', #5207, .T. ) ;
#330 = ORIENTED_EDGE ( 'NONE', *, *, #761, .T. ) ;
#331 = EDGE_CURVE ( 'NONE', #4705, #6906, #5539, .T. ) ;
#332 = VECTOR ( 'NONE', #3062, 1000.000000000000000 ) ;
#333 = DIRECTION ( 'NONE',  ( -1.000000000000000000, 0.0000000000000000000, 0.0000000000000000000 ) ) ;
#334 = PLANE ( 'NONE',  #3930 ) ;
#335 = ORIENTED_EDGE ( 'NONE', *, *, #5042, .F. ) ;
#336 = EDGE_LOOP ( 'NONE', ( #3933, #5768, #6464, #6127 ) ) ;
#337 = CYLINDRICAL_SURFACE ( 'NONE', #5342, 0.03521910652230526200 ) ;
#338 = ORIENTED_EDGE ( 'NONE', *, *, #6770, .T. ) ;
#339 = EDGE_CURVE ( 'NONE', #8805, #5223, #9543, .T. ) ;
#340 = ORIENTED_EDGE ( 'NONE', *, *, #3306, .T. ) ;
#341 = CARTESIAN_POINT ( 'NONE',  ( -4.640543740461573900, 0.2886868222461744200, -5.500000000000000000 ) ) ;
#342 = DIRECTION ( 'NONE',  ( -6.653104299660455300E-016, -1.000000000000000000, 0.0000000000000000000 ) ) ;
#343 = AXIS2_PLACEMENT_3D ( 'NONE', #2669, #8204, #9033 ) ;
#344 = VERTEX_POINT ( 'NONE', #4924 ) ;
#345 = DIRECTION ( 'NONE',  ( -1.000000000000000000, 0.0000000000000000000, 0.0000000000000000000 ) ) ;
#346 = EDGE_CURVE ( 'NONE', #7207, #3192, #7851, .T. ) ;
#347 = DIRECTION ( 'NONE',  ( -0.0000000000000000000, -0.0000000000000000000, -1.000000000000000000 ) ) ;
#348 = ORIENTED_EDGE ( 'NONE', *, *, #2908, .T. ) ;
#349 = CYLINDRICAL_SURFACE ( 'NONE', #461, 0.2852191065223050300 ) ;
#350 = PLANE ( 'NONE',  #8092 ) ;
#351 = EDGE_LOOP ( 'NONE', ( #4855, #5309, #5795, #6761 ) ) ;
#352 = EDGE_LOOP ( 'NONE', ( #3509, #3199, #8360, #6986 ) ) ;
#353 = CARTESIAN_POINT ( 'NONE',  ( 4.085923696263362700, 1.450000000000000000, 0.8500000000000009800 ) ) ;
#354 = DIRECTION ( 'NONE',  ( 1.000000000000000000, 0.0000000000000000000, 0.0000000000000000000 ) ) ;
#355 = ORIENTED_EDGE ( 'NONE', *, *, #3594, .F. ) ;
#356 = CARTESIAN_POINT ( 'NONE',  ( 4.119942740832083700, 1.173896268997162200, 5.500000000000001800 ) ) ;
#357 = AXIS2_PLACEMENT_3D ( 'NONE', #3789, #10097, #5445 ) ;
#358 = LINE ( 'NONE', #5361, #8435 ) ;
#359 = CARTESIAN_POINT ( 'NONE',  ( -4.361424197404348400, 1.238601030272792100, -4.229999999999999500 ) ) ;
#360 = DIRECTION ( 'NONE',  ( -0.0000000000000000000, -0.0000000000000000000, -1.000000000000000000 ) ) ;
#361 = ORIENTED_EDGE ( 'NONE', *, *, #8434, .T. ) ;
#362 = AXIS2_PLACEMENT_3D ( 'NONE', #5036, #1084, #3422 ) ;
#363 = ADVANCED_FACE ( 'NONE', ( #3777 ), #3394, .F. ) ;
#364 = CARTESIAN_POINT ( 'NONE',  ( 4.085923696263362700, 1.164780893477695100, -0.8499999999999992000 ) ) ;
#365 = CARTESIAN_POINT ( 'NONE',  ( 4.623104622025544500, 0.03929580968121807600, -1.689999999999999700 ) ) ;
#366 = LINE ( 'NONE', #3169, #5894 ) ;
#367 = LINE ( 'NONE', #3684, #2056 ) ;
#368 = ORIENTED_EDGE ( 'NONE', *, *, #17, .F. ) ;
#369 = ORIENTED_EDGE ( 'NONE', *, *, #7144, .F. ) ;
#370 = EDGE_CURVE ( 'NONE', #9902, #9466, #8230, .T. ) ;
#371 = ADVANCED_FACE ( 'NONE', ( #7364 ), #5789, .F. ) ;
#372 = DIRECTION ( 'NONE',  ( -0.0000000000000000000, 1.000000000000000000, -0.0000000000000000000 ) ) ;
#373 = EDGE_CURVE ( 'NONE', #2136, #1307, #2693, .T. ) ;
#374 = FACE_OUTER_BOUND ( 'NONE', #1199, .T. ) ;
#375 = DIRECTION ( 'NONE',  ( 0.9975640502598248600, 0.06975647374411747500, -0.0000000000000000000 ) ) ;
#376 = ORIENTED_EDGE ( 'NONE', *, *, #2908, .F. ) ;
#377 = FACE_OUTER_BOUND ( 'NONE', #4268, .T. ) ;
#378 = CARTESIAN_POINT ( 'NONE',  ( 4.608981456572268000, 0.3147047612756303000, -2.119999999999999700 ) ) ;
#379 = FILL_AREA_STYLE_COLOUR ( '', #7094 ) ;
#380 = CARTESIAN_POINT ( 'NONE',  ( -4.623104622025544500, 0.03929580968121797200, -4.659999999999999300 ) ) ;
#381 = ORIENTED_EDGE ( 'NONE', *, *, #3131, .T. ) ;
#382 = ORIENTED_EDGE ( 'NONE', *, *, #8436, .F. ) ;
#383 = VECTOR ( 'NONE', #8324, 1000.000000000000000 ) ;
#384 = CIRCLE ( 'NONE', #5351, 0.2852191065223042000 ) ;
#385 = DIRECTION ( 'NONE',  ( -1.000000000000000000, 0.0000000000000000000, 0.0000000000000000000 ) ) ;
#386 = EDGE_CURVE ( 'NONE', #7809, #4896, #10034, .T. ) ;
#387 = VECTOR ( 'NONE', #1185, 1000.000000000000000 ) ;
#388 = CARTESIAN_POINT ( 'NONE',  ( -3.759999999999999300, 1.450000000000000400, 0.8500000000000009800 ) ) ;
#389 = CARTESIAN_POINT ( 'NONE',  ( -3.759999999999999300, 1.450000000000000400, -2.959999999999999500 ) ) ;
#390 = ORIENTED_EDGE ( 'NONE', *, *, #9520, .T. ) ;
#391 = ORIENTED_EDGE ( 'NONE', *, *, #5564, .T. ) ;
#392 = FACE_OUTER_BOUND ( 'NONE', #6745, .T. ) ;
#393 = DIRECTION ( 'NONE',  ( -1.000000000000000000, 0.0000000000000000000, 0.0000000000000000000 ) ) ;
#394 = DIRECTION ( 'NONE',  ( -0.0000000000000000000, -0.0000000000000000000, -1.000000000000000000 ) ) ;
#395 = DIRECTION ( 'NONE',  ( -0.0000000000000000000, -0.0000000000000000000, -1.000000000000000000 ) ) ;
#396 = FACE_OUTER_BOUND ( 'NONE', #6782, .T. ) ;
#397 = CARTESIAN_POINT ( 'NONE',  ( -4.640543740461573900, 0.2886868222461744200, -4.229999999999999500 ) ) ;
#398 = FACE_OUTER_BOUND ( 'NONE', #6713, .T. ) ;
#399 = AXIS2_PLACEMENT_3D ( 'NONE', #8750, #1813, #7317 ) ;
#400 = ORIENTED_EDGE ( 'NONE', *, *, #6851, .T. ) ;
#401 = DIRECTION ( 'NONE',  ( -6.653104299660455300E-016, -1.000000000000000000, 0.0000000000000000000 ) ) ;
#402 = EDGE_LOOP ( 'NONE', ( #4690, #2564, #631, #400 ) ) ;
#403 = ORIENTED_EDGE ( 'NONE', *, *, #302, .F. ) ;
#404 = VECTOR ( 'NONE', #8281, 1000.000000000000000 ) ;
#405 = VECTOR ( 'NONE', #8804, 1000.000000000000000 ) ;
#406 = DIRECTION ( 'NONE',  ( -1.000000000000000000, 0.0000000000000000000, 0.0000000000000000000 ) ) ;
#407 = CARTESIAN_POINT ( 'NONE',  ( -5.202500000000000600, 0.2493910125649564100, -0.8499999999999992000 ) ) ;
#408 = CARTESIAN_POINT ( 'NONE',  ( 4.608981456572268000, 0.3147047612756303000, 4.660000000000001000 ) ) ;
#409 = ADVANCED_FACE ( 'NONE', ( #8110 ), #1240, .F. ) ;
#410 = CARTESIAN_POINT ( 'NONE',  ( 4.361424197404351100, 1.238601030272792600, 3.390000000000000600 ) ) ;
#411 = ORIENTED_EDGE ( 'NONE', *, *, #1633, .F. ) ;
#412 = ORIENTED_EDGE ( 'NONE', *, *, #5808, .F. ) ;
#413 = FACE_OUTER_BOUND ( 'NONE', #7360, .T. ) ;
#414 = VERTEX_POINT ( 'NONE', #7446 ) ;
#415 = CARTESIAN_POINT ( 'NONE',  ( -4.085923696263362700, 1.164780893477695100, 4.230000000000001300 ) ) ;
#416 = VECTOR ( 'NONE', #7231, 1000.000000000000000 ) ;
#417 = CARTESIAN_POINT ( 'NONE',  ( 4.085923696263362700, 1.200000000000000600, -4.659999999999999300 ) ) ;
#418 = EDGE_CURVE ( 'NONE', #6287, #325, #7599, .T. ) ;
#419 = VECTOR ( 'NONE', #3447, 1000.000000000000000 ) ;
#420 = DIRECTION ( 'NONE',  ( -0.0000000000000000000, -0.0000000000000000000, -1.000000000000000000 ) ) ;
#421 = DIRECTION ( 'NONE',  ( -0.0000000000000000000, -1.000000000000000000, -0.0000000000000000000 ) ) ;
#422 = EDGE_CURVE ( 'NONE', #6221, #6300, #1337, .T. ) ;
#423 = DIRECTION ( 'NONE',  ( 0.0000000000000000000, 0.0000000000000000000, 1.000000000000000000 ) ) ;
#424 = ORIENTED_EDGE ( 'NONE', *, *, #7175, .F. ) ;
#425 = ORIENTED_EDGE ( 'NONE', *, *, #3692, .T. ) ;
#426 = ADVANCED_FACE ( 'NONE', ( #6865 ), #3651, .F. ) ;
#427 = VECTOR ( 'NONE', #6502, 1000.000000000000000 ) ;
#428 = DIRECTION ( 'NONE',  ( 0.06975647374411746100, -0.9975640502598247500, 0.0000000000000000000 ) ) ;
#429 = ORIENTED_EDGE ( 'NONE', *, *, #1739, .F. ) ;
#430 = CARTESIAN_POINT ( 'NONE',  ( -4.119942740832083700, 1.173896268997162200, -4.229999999999999500 ) ) ;
#431 = PRESENTATION_STYLE_ASSIGNMENT (( #3571 ) ) ;
#432 = LINE ( 'NONE', #8914, #2624 ) ;
#433 = DIRECTION ( 'NONE',  ( -0.06975647374411746100, 0.9975640502598247500, 0.0000000000000000000 ) ) ;
#434 = EDGE_CURVE ( 'NONE', #328, #3593, #5290, .T. ) ;
#435 = VECTOR ( 'NONE', #3661, 1000.000000000000000 ) ;
#436 = EDGE_CURVE ( 'NONE', #3010, #8081, #9181, .T. ) ;
#437 = FACE_OUTER_BOUND ( 'NONE', #4848, .T. ) ;
#438 = DIRECTION ( 'NONE',  ( -0.0000000000000000000, -0.0000000000000000000, -1.000000000000000000 ) ) ;
#439 = VERTEX_POINT ( 'NONE', #3829 ) ;
#440 = DIRECTION ( 'NONE',  ( 1.000000000000000000, 0.0000000000000000000, 0.0000000000000000000 ) ) ;
#441 = CARTESIAN_POINT ( 'NONE',  ( -2.760000000000000200, 2.599999999999998800, -5.412500000000003200 ) ) ;
#442 = LINE ( 'NONE', #3403, #2015 ) ;
#443 = VERTEX_POINT ( 'NONE', #6824 ) ;
#444 = AXIS2_PLACEMENT_3D ( 'NONE', #3952, #9421, #3126 ) ;
#445 = VECTOR ( 'NONE', #8759, 1000.000000000000000 ) ;
#446 = CARTESIAN_POINT ( 'NONE',  ( 0.4299999999999998800, 0.1000000000000002600, -1.655000000000000200 ) ) ;
#447 = EDGE_CURVE ( 'NONE', #7964, #6802, #3176, .T. ) ;
#448 = PLANE ( 'NONE',  #4682 ) ;
#449 = ORIENTED_EDGE ( 'NONE', *, *, #8761, .T. ) ;
#450 = VERTEX_POINT ( 'NONE', #6109 ) ;
#451 = ORIENTED_EDGE ( 'NONE', *, *, #3306, .F. ) ;
#452 = FACE_OUTER_BOUND ( 'NONE', #5286, .T. ) ;
#453 = MANIFOLD_SOLID_BREP ( 'LPattern1[3]', #3101 ) ;
#454 = CARTESIAN_POINT ( 'NONE',  ( -5.185060881563971200, -2.641625050904819800E-019, 4.660000000000001000 ) ) ;
#455 = CARTESIAN_POINT ( 'NONE',  ( 4.643000501140988900, 0.3238201367950973600, 4.660000000000001000 ) ) ;
#456 = VERTEX_POINT ( 'NONE', #9916 ) ;
#457 = CARTESIAN_POINT ( 'NONE',  ( 3.759999999999999800, 1.450000000000000200, -2.119999999999999700 ) ) ;
#458 = DIRECTION ( 'NONE',  ( 1.000000000000000000, -6.653104299660455300E-016, 0.0000000000000000000 ) ) ;
#459 = ORIENTED_EDGE ( 'NONE', *, *, #1542, .T. ) ;
#460 = CYLINDRICAL_SURFACE ( 'NONE', #189, 0.2852191065223054800 ) ;
#461 = AXIS2_PLACEMENT_3D ( 'NONE', #7670, #6952, #8535 ) ;
#462 = VERTEX_POINT ( 'NONE', #3718 ) ;
#463 = VERTEX_POINT ( 'NONE', #2213 ) ;
#464 = ORIENTED_EDGE ( 'NONE', *, *, #4423, .T. ) ;
#465 = FACE_OUTER_BOUND ( 'NONE', #2735, .T. ) ;
#466 = ADVANCED_FACE ( 'NONE', ( #126 ), #10063, .F. ) ;
#467 = EDGE_LOOP ( 'NONE', ( #3735, #9202, #3725, #8575 ) ) ;
#468 = CARTESIAN_POINT ( 'NONE',  ( -4.608981456572268900, 0.3147047612756303000, -4.229999999999999500 ) ) ;
#469 = CARTESIAN_POINT ( 'NONE',  ( 4.640543740461574800, 0.2886868222461744800, -3.389999999999999200 ) ) ;
#470 = ORIENTED_EDGE ( 'NONE', *, *, #6679, .T. ) ;
#471 = EDGE_CURVE ( 'NONE', #6151, #6111, #1691, .T. ) ;
#472 = AXIS2_PLACEMENT_3D ( 'NONE', #8736, #7089, #4002 ) ;
#473 = CARTESIAN_POINT ( 'NONE',  ( 3.759999999999999300, 1.450000000000000200, -6.412500000000003200 ) ) ;
#474 = DIRECTION ( 'NONE',  ( -0.0000000000000000000, -0.0000000000000000000, -1.000000000000000000 ) ) ;
#475 = DIRECTION ( 'NONE',  ( -0.9975640502598246400, 0.06975647374411952900, -0.0000000000000000000 ) ) ;
#476 = LINE ( 'NONE', #9839, #8928 ) ;
#477 = VERTEX_POINT ( 'NONE', #2905 ) ;
#478 = ORIENTED_EDGE ( 'NONE', *, *, #3968, .T. ) ;
#479 = DIRECTION ( 'NONE',  ( -0.0000000000000000000, -0.0000000000000000000, -1.000000000000000000 ) ) ;
#480 = CARTESIAN_POINT ( 'NONE',  ( -4.085923696263362700, 1.164780893477695100, 0.8500000000000009800 ) ) ;
#481 = EDGE_CURVE ( 'NONE', #9807, #3855, #1954, .T. ) ;
#482 = FACE_OUTER_BOUND ( 'NONE', #735, .T. ) ;
#483 = FACE_OUTER_BOUND ( 'NONE', #1008, .T. ) ;
#484 = EDGE_CURVE ( 'NONE', #8701, #7010, #6131, .T. ) ;
#485 = VERTEX_POINT ( 'NONE', #659 ) ;
#486 = VECTOR ( 'NONE', #9163, 1000.000000000000000 ) ;
#487 = PLANE ( 'NONE',  #5028 ) ;
#488 = EDGE_LOOP ( 'NONE', ( #2688, #9689, #1859, #4585, #8907, #376, #6099, #9215, #8078, #665, #9700, #8628 ) ) ;
#489 = VERTEX_POINT ( 'NONE', #6855 ) ;
#490 = ORIENTED_EDGE ( 'NONE', *, *, #2582, .F. ) ;
#491 = LINE ( 'NONE', #3492, #135 ) ;
#492 = DIRECTION ( 'NONE',  ( -0.0000000000000000000, -0.0000000000000000000, -1.000000000000000000 ) ) ;
#493 = CARTESIAN_POINT ( 'NONE',  ( 4.643000501140988900, 0.3238201367950973600, -1.689999999999999700 ) ) ;
#494 = VECTOR ( 'NONE', #9651, 1000.000000000000000 ) ;
#495 = AXIS2_PLACEMENT_3D ( 'NONE', #2552, #2026, #9742 ) ;
#496 = EDGE_CURVE ( 'NONE', #606, #229, #3287, .T. ) ;
#497 = CARTESIAN_POINT ( 'NONE',  ( 3.759999999999999800, 1.450000000000000200, 0.8500000000000009800 ) ) ;
#498 = SURFACE_SIDE_STYLE ('',( #5666 ) ) ;
#499 = ORIENTED_EDGE ( 'NONE', *, *, #8397, .T. ) ;
#500 = ORIENTED_EDGE ( 'NONE', *, *, #1922, .F. ) ;
#501 = ORIENTED_EDGE ( 'NONE', *, *, #3947, .F. ) ;
#502 = FILL_AREA_STYLE_COLOUR ( '', #8254 ) ;
#503 = DIRECTION ( 'NONE',  ( 0.06975647374411746100, -0.9975640502598247500, 0.0000000000000000000 ) ) ;
#504 = VECTOR ( 'NONE', #2758, 1000.000000000000000 ) ;
#505 = CARTESIAN_POINT ( 'NONE',  ( -3.759999999999999300, 1.450000000000000400, -4.229999999999999500 ) ) ;
#506 = EDGE_LOOP ( 'NONE', ( #3327, #7502, #6753, #1334 ) ) ;
#507 = VERTEX_POINT ( 'NONE', #2979 ) ;
#508 = DIRECTION ( 'NONE',  ( -0.06975647374411746100, 0.9975640502598247500, 0.0000000000000000000 ) ) ;
#509 = EDGE_CURVE ( 'NONE', #8392, #1463, #9297, .T. ) ;
#510 = VERTEX_POINT ( 'NONE', #6139 ) ;
#511 = LINE ( 'NONE', #1096, #8612 ) ;
#512 = FACE_OUTER_BOUND ( 'NONE', #6775, .T. ) ;
#513 = ADVANCED_FACE ( 'NONE', ( #2183 ), #7645, .F. ) ;
#514 = DIRECTION ( 'NONE',  ( -0.0000000000000000000, -0.0000000000000000000, -1.000000000000000000 ) ) ;
#515 = DIRECTION ( 'NONE',  ( -1.000000000000000000, 6.653104299660446400E-016, 0.0000000000000000000 ) ) ;
#516 = PLANE ( 'NONE',  #1317 ) ;
#517 = ORIENTED_EDGE ( 'NONE', *, *, #7350, .F. ) ;
#518 = ORIENTED_EDGE ( 'NONE', *, *, #9762, .T. ) ;
#519 = AXIS2_PLACEMENT_3D ( 'NONE', #551, #2899, #2142 ) ;
#520 = SURFACE_STYLE_FILL_AREA ( #9946 ) ;
#521 = ORIENTED_EDGE ( 'NONE', *, *, #4207, .F. ) ;
#522 = EDGE_CURVE ( 'NONE', #5753, #9722, #5530, .T. ) ;
#523 = LINE ( 'NONE', #388, #5571 ) ;
#524 = DIRECTION ( 'NONE',  ( 0.1378445374916288700, -0.9808148484639890300, -0.1378445374916289500 ) ) ;
#525 = LINE ( 'NONE', #2046, #8748 ) ;
#526 = ORIENTED_EDGE ( 'NONE', *, *, #9603, .F. ) ;
#527 = DIRECTION ( 'NONE',  ( -1.000000000000000000, 0.0000000000000000000, 0.0000000000000000000 ) ) ;
#528 = CARTESIAN_POINT ( 'NONE',  ( -4.608981456572268900, 0.3147047612756303000, -2.119999999999999700 ) ) ;
#529 = EDGE_CURVE ( 'NONE', #439, #7303, #9667, .T. ) ;
#530 = ORIENTED_EDGE ( 'NONE', *, *, #1507, .F. ) ;
#531 = AXIS2_PLACEMENT_3D ( 'NONE', #75, #4025, #5565 ) ;
#532 = ORIENTED_EDGE ( 'NONE', *, *, #7918, .T. ) ;
#533 = FACE_OUTER_BOUND ( 'NONE', #2607, .T. ) ;
#534 = EDGE_LOOP ( 'NONE', ( #4800, #1898, #10128, #7696 ) ) ;
#535 = ORIENTED_EDGE ( 'NONE', *, *, #1646, .F. ) ;
#536 = VECTOR ( 'NONE', #7652, 1000.000000000000000 ) ;
#537 = CARTESIAN_POINT ( 'NONE',  ( -5.202500000000000600, 0.2493910125649564100, 2.120000000000000600 ) ) ;
#538 = CARTESIAN_POINT ( 'NONE',  ( 3.760000000000004700, 1.450000000000000200, 6.412500000000001400 ) ) ;
#539 = LINE ( 'NONE', #10031, #2240 ) ;
#540 = CARTESIAN_POINT ( 'NONE',  ( 3.759999999999999800, 1.450000000000000200, 0.4200000000000010900 ) ) ;
#541 = PLANE ( 'NONE',  #7539 ) ;
#542 = VERTEX_POINT ( 'NONE', #4595 ) ;
#543 = AXIS2_PLACEMENT_3D ( 'NONE', #2609, #3384, #6564 ) ;
#544 = CYLINDRICAL_SURFACE ( 'NONE', #114, 0.2852191065223050300 ) ;
#545 = ORIENTED_EDGE ( 'NONE', *, *, #9247, .T. ) ;
#546 = VECTOR ( 'NONE', #5277, 1000.000000000000000 ) ;
#547 = AXIS2_PLACEMENT_3D ( 'NONE', #311, #342, #9642 ) ;
#548 = DIRECTION ( 'NONE',  ( -0.0000000000000000000, -0.0000000000000000000, -1.000000000000000000 ) ) ;
#549 = VERTEX_POINT ( 'NONE', #554 ) ;
#550 = CARTESIAN_POINT ( 'NONE',  ( 0.4299999999999998800, 4.374037903435110200, 1.654999999999999800 ) ) ;
#551 = CARTESIAN_POINT ( 'NONE',  ( -4.085923696263362700, 1.164780893477695100, -5.929999999999999700 ) ) ;
#552 = CARTESIAN_POINT ( 'NONE',  ( 4.643000501140988900, 0.3238201367950973600, -3.389999999999999200 ) ) ;
#553 = ADVANCED_FACE ( 'NONE', ( #8224 ), #6959, .F. ) ;
#554 = CARTESIAN_POINT ( 'NONE',  ( -1.175000000000000500, 0.1000000000000002600, -1.655000000000000200 ) ) ;
#555 = LINE ( 'NONE', #5135, #7051 ) ;
#556 = VERTEX_POINT ( 'NONE', #5337 ) ;
#557 = DIRECTION ( 'NONE',  ( 0.0000000000000000000, 0.0000000000000000000, 1.000000000000000000 ) ) ;
#558 = FACE_OUTER_BOUND ( 'NONE', #859, .T. ) ;
#559 =( GEOMETRIC_REPRESENTATION_CONTEXT ( 3 ) GLOBAL_UNCERTAINTY_ASSIGNED_CONTEXT ( ( #4995 ) ) GLOBAL_UNIT_ASSIGNED_CONTEXT ( ( #4540, #1518, #9333 ) ) REPRESENTATION_CONTEXT ( 'NONE', 'WORKASPACE' ) );
#560 = EDGE_CURVE ( 'NONE', #1315, #1964, #367, .T. ) ;
#561 = EDGE_CURVE ( 'NONE', #7664, #1647, #7839, .T. ) ;
#562 = ORIENTED_EDGE ( 'NONE', *, *, #1375, .T. ) ;
#563 = VECTOR ( 'NONE', #1841, 1000.000000000000100 ) ;
#564 = DIRECTION ( 'NONE',  ( -0.06975647374411768400, -0.9975640502598248600, 0.0000000000000000000 ) ) ;
#565 = CARTESIAN_POINT ( 'NONE',  ( -4.085923696263362700, 1.200000000000000400, -5.500000000000000000 ) ) ;
#566 = VERTEX_POINT ( 'NONE', #930 ) ;
#567 = CIRCLE ( 'NONE', #7422, 0.03521910652230526200 ) ;
#568 = ADVANCED_FACE ( 'NONE', ( #1821 ), #10132, .F. ) ;
#569 = CARTESIAN_POINT ( 'NONE',  ( -4.367500000000000600, 0.2500000000000000000, 3.390000000000000600 ) ) ;
#570 = CARTESIAN_POINT ( 'NONE',  ( -5.202500000000000600, 0.2493910125649564100, 2.120000000000000600 ) ) ;
#571 = ORIENTED_EDGE ( 'NONE', *, *, #1739, .T. ) ;
#572 = DIRECTION ( 'NONE',  ( -1.000000000000000000, 0.0000000000000000000, 0.0000000000000000000 ) ) ;
#573 = CARTESIAN_POINT ( 'NONE',  ( -5.202500000000000600, 0.2493910125649564100, 0.8500000000000009800 ) ) ;
#574 = ORIENTED_EDGE ( 'NONE', *, *, #4826, .T. ) ;
#575 = EDGE_CURVE ( 'NONE', #4702, #3841, #850, .T. ) ;
#576 = VECTOR ( 'NONE', #5015, 1000.000000000000000 ) ;
#577 = CARTESIAN_POINT ( 'NONE',  ( -4.085923696263362700, 1.200000000000000400, -5.500000000000000000 ) ) ;
#578 = VERTEX_POINT ( 'NONE', #1034 ) ;
#579 = DIRECTION ( 'NONE',  ( -0.0000000000000000000, 1.000000000000000000, -0.0000000000000000000 ) ) ;
#580 = ORIENTED_EDGE ( 'NONE', *, *, #6293, .F. ) ;
#581 = CARTESIAN_POINT ( 'NONE',  ( -5.202500000000000600, 0.2493910125649564100, -1.689999999999999700 ) ) ;
#582 = ORIENTED_EDGE ( 'NONE', *, *, #953, .T. ) ;
#583 = VECTOR ( 'NONE', #7603, 1000.000000000000000 ) ;
#584 = DIRECTION ( 'NONE',  ( 1.000000000000000000, 0.0000000000000000000, 0.0000000000000000000 ) ) ;
#585 = CARTESIAN_POINT ( 'NONE',  ( 4.643000501140988900, 0.3238201367950973600, -2.119999999999999700 ) ) ;
#586 = CLOSED_SHELL ( 'NONE', ( #4958, #8187, #6120, #9850 ) ) ;
#587 = PLANE ( 'NONE',  #3117 ) ;
#588 = ORIENTED_EDGE ( 'NONE', *, *, #4769, .F. ) ;
#589 = CARTESIAN_POINT ( 'NONE',  ( 3.759999999999999800, 1.450000000000000200, 4.660000000000001000 ) ) ;
#590 = AXIS2_PLACEMENT_3D ( 'NONE', #5436, #9402, #5908 ) ;
#591 = EDGE_LOOP ( 'NONE', ( #7860, #4147, #5569, #2543 ) ) ;
#592 = CARTESIAN_POINT ( 'NONE',  ( 4.361424197404351100, 1.238601030272792600, 3.390000000000000600 ) ) ;
#593 = AXIS2_PLACEMENT_3D ( 'NONE', #2694, #2729, #9030 ) ;
#594 = VECTOR ( 'NONE', #1130, 1000.000000000000000 ) ;
#595 = EDGE_LOOP ( 'NONE', ( #6167, #2122, #8508, #2740 ) ) ;
#596 = CARTESIAN_POINT ( 'NONE',  ( 4.608981456572268000, 0.3147047612756303000, 3.390000000000000600 ) ) ;
#597 = PLANE ( 'NONE',  #5340 ) ;
#598 =( GEOMETRIC_REPRESENTATION_CONTEXT ( 3 ) GLOBAL_UNCERTAINTY_ASSIGNED_CONTEXT ( ( #766 ) ) GLOBAL_UNIT_ASSIGNED_CONTEXT ( ( #9976, #4508, #10115 ) ) REPRESENTATION_CONTEXT ( 'NONE', 'WORKASPACE' ) );
#599 = ADVANCED_FACE ( 'NONE', ( #5775 ), #6513, .F. ) ;
#600 = DIRECTION ( 'NONE',  ( 0.9975640502598247500, 0.06975647374411816900, -0.0000000000000000000 ) ) ;
#601 = EDGE_CURVE ( 'NONE', #1520, #1814, #3911, .T. ) ;
#602 = DIRECTION ( 'NONE',  ( -0.0000000000000000000, -0.0000000000000000000, -1.000000000000000000 ) ) ;
#603 = DIRECTION ( 'NONE',  ( -0.06975647374411816900, 0.9975640502598247500, 0.0000000000000000000 ) ) ;
#604 = EDGE_LOOP ( 'NONE', ( #7832, #8038, #836, #1521 ) ) ;
#605 = EDGE_CURVE ( 'NONE', #6616, #9396, #8942, .T. ) ;
#606 = VERTEX_POINT ( 'NONE', #7159 ) ;
#607 = FILL_AREA_STYLE_COLOUR ( '', #7724 ) ;
#608 = DIRECTION ( 'NONE',  ( -0.2588190451025207900, -0.9659258262890683100, 0.0000000000000000000 ) ) ;
#609 = FACE_OUTER_BOUND ( 'NONE', #2279, .T. ) ;
#610 = CARTESIAN_POINT ( 'NONE',  ( -4.640543740461573900, 0.2886868222461744200, 5.930000000000001500 ) ) ;
#611 = EDGE_LOOP ( 'NONE', ( #5531, #8375, #1203, #1783 ) ) ;
#612 = DIRECTION ( 'NONE',  ( 1.000000000000000000, 0.0000000000000000000, 0.0000000000000000000 ) ) ;
#613 = DIRECTION ( 'NONE',  ( -0.0000000000000000000, -0.0000000000000000000, -1.000000000000000000 ) ) ;
#614 = ADVANCED_FACE ( 'NONE', ( #243 ), #9480, .T. ) ;
#615 = SURFACE_STYLE_USAGE ( .BOTH. , #4551 ) ;
#616 = DIRECTION ( 'NONE',  ( -1.000000000000000000, 0.0000000000000000000, 0.0000000000000000000 ) ) ;
#617 = CARTESIAN_POINT ( 'NONE',  ( 5.185060881563971200, -2.641625050904819800E-019, 5.930000000000001500 ) ) ;
#618 = EDGE_CURVE ( 'NONE', #6470, #7942, #8099, .T. ) ;
#619 = CARTESIAN_POINT ( 'NONE',  ( 3.759999999999999300, 1.200000000000000200, 3.390000000000000600 ) ) ;
#620 = CARTESIAN_POINT ( 'NONE',  ( -0.4299999999999999900, 4.374037903435110200, -1.785000000000000100 ) ) ;
#621 = VERTEX_POINT ( 'NONE', #1800 ) ;
#622 = ORIENTED_EDGE ( 'NONE', *, *, #3195, .F. ) ;
#623 = EDGE_CURVE ( 'NONE', #3979, #510, #3407, .T. ) ;
#624 = CARTESIAN_POINT ( 'NONE',  ( -4.367500000000000600, 0.2500000000000000000, -1.689999999999999700 ) ) ;
#625 = FACE_OUTER_BOUND ( 'NONE', #3790, .T. ) ;
#626 = CIRCLE ( 'NONE', #6526, 0.2852191065223054800 ) ;
#627 = LINE ( 'NONE', #260, #6881 ) ;
#628 = CARTESIAN_POINT ( 'NONE',  ( -4.119942740832083700, 1.173896268997162200, -1.689999999999999700 ) ) ;
#629 = ORIENTED_EDGE ( 'NONE', *, *, #8067, .F. ) ;
#630 = ORIENTED_EDGE ( 'NONE', *, *, #4972, .T. ) ;
#631 = ORIENTED_EDGE ( 'NONE', *, *, #715, .F. ) ;
#632 = AXIS2_PLACEMENT_3D ( 'NONE', #3281, #8787, #5554 ) ;
#633 = EDGE_CURVE ( 'NONE', #6421, #4705, #6737, .T. ) ;
#634 = VECTOR ( 'NONE', #8257, 1000.000000000000000 ) ;
#635 = CARTESIAN_POINT ( 'NONE',  ( -3.759999999999999300, 1.450000000000000400, 2.120000000000000600 ) ) ;
#636 = CARTESIAN_POINT ( 'NONE',  ( 4.119942740832083700, 1.173896268997162200, -5.500000000000000000 ) ) ;
#637 = CARTESIAN_POINT ( 'NONE',  ( -4.119942740832083700, 1.173896268997162200, -0.4199999999999993700 ) ) ;
#638 = CARTESIAN_POINT ( 'NONE',  ( 3.759999999999999300, 1.200000000000000200, 2.120000000000000600 ) ) ;
#639 = DIRECTION ( 'NONE',  ( 0.9975640502598248600, 0.06975647374411747500, -0.0000000000000000000 ) ) ;
#640 = DIRECTION ( 'NONE',  ( 0.0000000000000000000, 0.0000000000000000000, 1.000000000000000000 ) ) ;
#641 = EDGE_LOOP ( 'NONE', ( #956, #6202, #3430, #4136 ) ) ;
#642 = ORIENTED_EDGE ( 'NONE', *, *, #4164, .T. ) ;
#643 = ORIENTED_EDGE ( 'NONE', *, *, #2205, .F. ) ;
#644 = APPLICATION_PROTOCOL_DEFINITION ( 'draft international standard', 'automotive_design', 1998, #2298 ) ;
#645 = SURFACE_STYLE_FILL_AREA ( #6489 ) ;
#646 = VECTOR ( 'NONE', #4317, 1000.000000000000000 ) ;
#647 = DIRECTION ( 'NONE',  ( 0.0000000000000000000, 0.0000000000000000000, 1.000000000000000000 ) ) ;
#648 = CARTESIAN_POINT ( 'NONE',  ( 4.640543740461574800, 0.2886868222461744800, 0.4200000000000010900 ) ) ;
#649 = DIRECTION ( 'NONE',  ( -0.0000000000000000000, -0.0000000000000000000, -1.000000000000000000 ) ) ;
#650 =( GEOMETRIC_REPRESENTATION_CONTEXT ( 3 ) GLOBAL_UNCERTAINTY_ASSIGNED_CONTEXT ( ( #1816 ) ) GLOBAL_UNIT_ASSIGNED_CONTEXT ( ( #6106, #9302, #3078 ) ) REPRESENTATION_CONTEXT ( 'NONE', 'WORKASPACE' ) );
#651 = ORIENTED_EDGE ( 'NONE', *, *, #9493, .T. ) ;
#652 = DIRECTION ( 'NONE',  ( 1.000000000000000000, -1.734723475976807100E-015, 0.0000000000000000000 ) ) ;
#653 = LINE ( 'NONE', #3873, #7516 ) ;
#654 = PRESENTATION_LAYER_ASSIGNMENT (  '', '', ( #6688 ) ) ;
#655 = EDGE_LOOP ( 'NONE', ( #2093, #24, #6973, #4435 ) ) ;
#656 = ADVANCED_FACE ( 'NONE', ( #483 ), #8801, .F. ) ;
#657 = LINE ( 'NONE', #8675, #1497 ) ;
#658 = FACE_OUTER_BOUND ( 'NONE', #4297, .T. ) ;
#659 = CARTESIAN_POINT ( 'NONE',  ( 4.623104622025544500, 0.03929580968121807600, -4.229999999999999500 ) ) ;
#660 = PLANE ( 'NONE',  #6459 ) ;
#661 = CARTESIAN_POINT ( 'NONE',  ( -4.623104622025544500, 0.03929580968121797200, -0.8499999999999992000 ) ) ;
#662 = VERTEX_POINT ( 'NONE', #4900 ) ;
#663 = VERTEX_POINT ( 'NONE', #4073 ) ;
#664 = VECTOR ( 'NONE', #6560, 1000.000000000000100 ) ;
#665 = ORIENTED_EDGE ( 'NONE', *, *, #4161, .F. ) ;
#666 = ORIENTED_EDGE ( 'NONE', *, *, #3048, .F. ) ;
#667 = AXIS2_PLACEMENT_3D ( 'NONE', #7187, #1066, #5705 ) ;
#668 = DIRECTION ( 'NONE',  ( -0.0000000000000000000, -0.0000000000000000000, -1.000000000000000000 ) ) ;
#669 = PLANE ( 'NONE',  #9615 ) ;
#670 = EDGE_CURVE ( 'NONE', #7620, #9158, #4518, .T. ) ;
#671 = AXIS2_PLACEMENT_3D ( 'NONE', #364, #7384, #8153 ) ;
#672 = ADVANCED_FACE ( 'NONE', ( #733 ), #7265, .F. ) ;
#673 = VERTEX_POINT ( 'NONE', #5673 ) ;
#674 = CARTESIAN_POINT ( 'NONE',  ( 0.4299999999999998300, 0.1000000000000000100, 1.784999999999999700 ) ) ;
#675 = CARTESIAN_POINT ( 'NONE',  ( -4.085923696263362700, 1.164780893477695100, -3.389999999999999200 ) ) ;
#676 = DIRECTION ( 'NONE',  ( -1.000000000000000000, 0.0000000000000000000, 0.0000000000000000000 ) ) ;
#677 = DIRECTION ( 'NONE',  ( -0.9659258262890683100, 0.2588190451025207900, 0.0000000000000000000 ) ) ;
#678 = VECTOR ( 'NONE', #9401, 1000.000000000000000 ) ;
#679 = CARTESIAN_POINT ( 'NONE',  ( -4.643000501140988900, 0.3238201367950973600, -2.959999999999999500 ) ) ;
#680 = VERTEX_POINT ( 'NONE', #6440 ) ;
#681 = ORIENTED_EDGE ( 'NONE', *, *, #115, .T. ) ;
#682 = EDGE_CURVE ( 'NONE', #701, #8232, #1562, .T. ) ;
#683 = AXIS2_PLACEMENT_3D ( 'NONE', #877, #4879, #157 ) ;
#684 = LINE ( 'NONE', #691, #8771 ) ;
#685 = PLANE ( 'NONE',  #2707 ) ;
#686 = EDGE_CURVE ( 'NONE', #485, #3552, #7225, .T. ) ;
#687 = VERTEX_POINT ( 'NONE', #3234 ) ;
#688 = VECTOR ( 'NONE', #3392, 1000.000000000000000 ) ;
#689 = DIRECTION ( 'NONE',  ( 0.0000000000000000000, 0.0000000000000000000, 1.000000000000000000 ) ) ;
#690 = DIRECTION ( 'NONE',  ( 0.0000000000000000000, -1.000000000000000000, 0.0000000000000000000 ) ) ;
#691 = CARTESIAN_POINT ( 'NONE',  ( 1.174999999999999600, 4.374037903435110200, -1.655000000000000200 ) ) ;
#692 = ORIENTED_EDGE ( 'NONE', *, *, #6595, .T. ) ;
#693 = CARTESIAN_POINT ( 'NONE',  ( 3.759999999999999800, 1.450000000000000200, 0.8500000000000009800 ) ) ;
#694 = EDGE_LOOP ( 'NONE', ( #6413, #2453, #8972, #306 ) ) ;
#695 = CARTESIAN_POINT ( 'NONE',  ( 4.085923696263362700, 1.200000000000000600, 5.930000000000001500 ) ) ;
#696 = FACE_OUTER_BOUND ( 'NONE', #7954, .T. ) ;
#697 = ORIENTED_EDGE ( 'NONE', *, *, #7203, .T. ) ;
#698 = EDGE_CURVE ( 'NONE', #9084, #931, #3639, .T. ) ;
#699 = EDGE_CURVE ( 'NONE', #4013, #1655, #9417, .T. ) ;
#700 = DIRECTION ( 'NONE',  ( 1.000000000000000000, 0.0000000000000000000, 0.0000000000000000000 ) ) ;
#701 = VERTEX_POINT ( 'NONE', #4217 ) ;
#702 = CARTESIAN_POINT ( 'NONE',  ( -2.760000000000000200, 2.599999999999998800, -5.012500000000002800 ) ) ;
#703 = CARTESIAN_POINT ( 'NONE',  ( -4.361424197404348400, 1.238601030272792100, -4.659999999999999300 ) ) ;
#704 = PLANE ( 'NONE',  #5321 ) ;
#705 = ORIENTED_EDGE ( 'NONE', *, *, #5069, .F. ) ;
#706 = VECTOR ( 'NONE', #2705, 1000.000000000000000 ) ;
#707 = VERTEX_POINT ( 'NONE', #3444 ) ;
#708 = ADVANCED_FACE ( 'NONE', ( #8690 ), #4647, .F. ) ;
#709 = MANIFOLD_SOLID_BREP ( 'LPattern1[13]', #6565 ) ;
#710 = ORIENTED_EDGE ( 'NONE', *, *, #5763, .T. ) ;
#711 = STYLED_ITEM ( 'NONE', ( #8376 ), #8490 ) ;
#712 = PLANE ( 'NONE',  #3534 ) ;
#713 = DIRECTION ( 'NONE',  ( 1.000000000000000000, 0.0000000000000000000, 0.0000000000000000000 ) ) ;
#714 = AXIS2_PLACEMENT_3D ( 'NONE', #4149, #1806, #7991 ) ;
#715 = EDGE_CURVE ( 'NONE', #772, #6528, #3160, .T. ) ;
#716 = SURFACE_SIDE_STYLE ('',( #3277 ) ) ;
#717 = ORIENTED_EDGE ( 'NONE', *, *, #951, .T. ) ;
#718 = VECTOR ( 'NONE', #5302, 1000.000000000000000 ) ;
#719 = ORIENTED_EDGE ( 'NONE', *, *, #1180, .F. ) ;
#720 = ORIENTED_EDGE ( 'NONE', *, *, #5228, .F. ) ;
#721 = CARTESIAN_POINT ( 'NONE',  ( 4.085923696263362700, 1.164780893477695100, 5.500000000000001800 ) ) ;
#722 = DIRECTION ( 'NONE',  ( 0.06975647374411816900, 0.9975640502598247500, -0.0000000000000000000 ) ) ;
#723 = CARTESIAN_POINT ( 'NONE',  ( -4.119942740832083700, 1.173896268997162200, 3.390000000000000600 ) ) ;
#724 = ADVANCED_FACE ( 'NONE', ( #4905 ), #350, .F. ) ;
#725 = EDGE_CURVE ( 'NONE', #939, #10072, #1103, .T. ) ;
#726 = VECTOR ( 'NONE', #9573, 1000.000000000000000 ) ;
#727 = CARTESIAN_POINT ( 'NONE',  ( -2.760000000000000200, 2.599999999999998800, -5.412500000000003200 ) ) ;
#728 = ORIENTED_EDGE ( 'NONE', *, *, #7129, .T. ) ;
#729 = VERTEX_POINT ( 'NONE', #8911 ) ;
#730 = PLANE ( 'NONE',  #4254 ) ;
#731 = CARTESIAN_POINT ( 'NONE',  ( 4.623104622025544500, 0.03929580968121807600, -5.929999999999999700 ) ) ;
#732 = VECTOR ( 'NONE', #5226, 1000.000000000000000 ) ;
#733 = FACE_OUTER_BOUND ( 'NONE', #1424, .T. ) ;
#734 = DIRECTION ( 'NONE',  ( 1.000000000000000000, 0.0000000000000000000, 0.0000000000000000000 ) ) ;
#735 = EDGE_LOOP ( 'NONE', ( #8058, #9740, #2281, #1568 ) ) ;
#736 = LINE ( 'NONE', #1068, #6739 ) ;
#737 = CARTESIAN_POINT ( 'NONE',  ( 5.185060881563971200, -2.641625050904819800E-019, 0.4200000000000010900 ) ) ;
#738 = EDGE_CURVE ( 'NONE', #3386, #7342, #6624, .T. ) ;
#739 = CARTESIAN_POINT ( 'NONE',  ( 4.085923696263362700, 1.164780893477695100, -0.4199999999999993700 ) ) ;
#740 = VERTEX_POINT ( 'NONE', #565 ) ;
#741 = ORIENTED_EDGE ( 'NONE', *, *, #1644, .F. ) ;
#742 =( GEOMETRIC_REPRESENTATION_CONTEXT ( 3 ) GLOBAL_UNCERTAINTY_ASSIGNED_CONTEXT ( ( #4089 ) ) GLOBAL_UNIT_ASSIGNED_CONTEXT ( ( #9849, #8332, #10127 ) ) REPRESENTATION_CONTEXT ( 'NONE', 'WORKASPACE' ) );
#743 = VECTOR ( 'NONE', #4617, 1000.000000000000000 ) ;
#744 = CARTESIAN_POINT ( 'NONE',  ( 4.085923696263362700, 1.450000000000000000, 5.930000000000001500 ) ) ;
#745 = CARTESIAN_POINT ( 'NONE',  ( 1.174999999999999600, 0.1000000000000000100, -1.655000000000000200 ) ) ;
#746 = VECTOR ( 'NONE', #4074, 1000.000000000000100 ) ;
#747 = DIRECTION ( 'NONE',  ( 0.0000000000000000000, 0.0000000000000000000, 1.000000000000000000 ) ) ;
#748 = CARTESIAN_POINT ( 'NONE',  ( -2.760000000000000200, 2.649999999999998600, -5.812500000000003600 ) ) ;
#749 = ORIENTED_EDGE ( 'NONE', *, *, #5257, .F. ) ;
#750 = ORIENTED_EDGE ( 'NONE', *, *, #9825, .F. ) ;
#751 = DIRECTION ( 'NONE',  ( -0.1378445374916288900, 0.9808148484639890300, 0.1378445374916289500 ) ) ;
#752 = VERTEX_POINT ( 'NONE', #279 ) ;
#753 = DIRECTION ( 'NONE',  ( -0.0000000000000000000, -0.0000000000000000000, -1.000000000000000000 ) ) ;
#754 = AXIS2_PLACEMENT_3D ( 'NONE', #679, #9256, #3891 ) ;
#755 = SURFACE_STYLE_FILL_AREA ( #8357 ) ;
#756 = DIRECTION ( 'NONE',  ( -0.9975640502598246400, 0.06975647374411952900, -0.0000000000000000000 ) ) ;
#757 = VECTOR ( 'NONE', #6494, 1000.000000000000000 ) ;
#758 = ADVANCED_FACE ( 'NONE', ( #8340 ), #6903, .F. ) ;
#759 = EDGE_CURVE ( 'NONE', #2397, #4520, #8444, .T. ) ;
#760 = PLANE ( 'NONE',  #2961 ) ;
#761 = EDGE_CURVE ( 'NONE', #3593, #2628, #3052, .T. ) ;
#762 = VERTEX_POINT ( 'NONE', #1372 ) ;
#763 = DIRECTION ( 'NONE',  ( -0.9975640502598247500, -0.06975647374411807200, 0.0000000000000000000 ) ) ;
#764 = ORIENTED_EDGE ( 'NONE', *, *, #7931, .F. ) ;
#765 = CYLINDRICAL_SURFACE ( 'NONE', #2559, 0.03521910652230526200 ) ;
#766 = UNCERTAINTY_MEASURE_WITH_UNIT (LENGTH_MEASURE( 1.000000000000000100E-005 ), #9976, 'distance_accuracy_value', 'NONE');
#767 = LINE ( 'NONE', #7450, #8850 ) ;
#768 = LINE ( 'NONE', #2992, #39 ) ;
#769 = DIRECTION ( 'NONE',  ( -0.0000000000000000000, -0.0000000000000000000, -1.000000000000000000 ) ) ;
#770 = PRESENTATION_LAYER_ASSIGNMENT (  '', '', ( #3055 ) ) ;
#771 = ORIENTED_EDGE ( 'NONE', *, *, #7994, .F. ) ;
#772 = VERTEX_POINT ( 'NONE', #2913 ) ;
#773 = EDGE_CURVE ( 'NONE', #2704, #107, #2797, .T. ) ;
#774 = ADVANCED_FACE ( 'NONE', ( #6246 ), #597, .F. ) ;
#775 = LINE ( 'NONE', #702, #5462 ) ;
#776 = ORIENTED_EDGE ( 'NONE', *, *, #100, .F. ) ;
#777 = VECTOR ( 'NONE', #5952, 1000.000000000000000 ) ;
#778 = DIRECTION ( 'NONE',  ( -0.9975640502598247500, 0.06975647374411816900, 0.0000000000000000000 ) ) ;
#779 = LINE ( 'NONE', #6083, #4957 ) ;
#780 = CARTESIAN_POINT ( 'NONE',  ( 3.759999999999999300, 1.200000000000000200, -4.229999999999999500 ) ) ;
#781 = DIRECTION ( 'NONE',  ( -0.0000000000000000000, -0.0000000000000000000, 1.000000000000000000 ) ) ;
#782 = CARTESIAN_POINT ( 'NONE',  ( 4.623104622025544500, 0.03929580968121807600, 0.8500000000000009800 ) ) ;
#783 = ORIENTED_EDGE ( 'NONE', *, *, #2947, .F. ) ;
#784 = CARTESIAN_POINT ( 'NONE',  ( -4.119942740832083700, 1.173896268997162200, 3.390000000000000600 ) ) ;
#785 = ORIENTED_EDGE ( 'NONE', *, *, #1344, .F. ) ;
#786 = LINE ( 'NONE', #9610, #427 ) ;
#787 = ORIENTED_EDGE ( 'NONE', *, *, #3303, .T. ) ;
#788 = VECTOR ( 'NONE', #6902, 1000.000000000000000 ) ;
#789 = LINE ( 'NONE', #9526, #7644 ) ;
#790 = CARTESIAN_POINT ( 'NONE',  ( 3.759999999999999300, 1.200000000000000200, -0.4199999999999993700 ) ) ;
#791 = CARTESIAN_POINT ( 'NONE',  ( -4.640543740461573900, 0.2886868222461744200, -5.500000000000000000 ) ) ;
#792 = AXIS2_PLACEMENT_3D ( 'NONE', #1200, #4840, #1695 ) ;
#793 = ORIENTED_EDGE ( 'NONE', *, *, #865, .F. ) ;
#794 = AXIS2_PLACEMENT_3D ( 'NONE', #8093, #3335, #2516 ) ;
#795 = SURFACE_STYLE_USAGE ( .BOTH. , #10061 ) ;
#796 = VECTOR ( 'NONE', #3385, 1000.000000000000200 ) ;
#797 = LINE ( 'NONE', #3840, #8885 ) ;
#798 = DIRECTION ( 'NONE',  ( 1.000000000000000000, -1.734723475976807100E-015, 0.0000000000000000000 ) ) ;
#799 = LINE ( 'NONE', #225, #6922 ) ;
#800 = DIRECTION ( 'NONE',  ( -0.06975647374411952900, -0.9975640502598246400, 0.0000000000000000000 ) ) ;
#801 = VERTEX_POINT ( 'NONE', #2184 ) ;
#802 = ORIENTED_EDGE ( 'NONE', *, *, #9583, .F. ) ;
#803 = EDGE_CURVE ( 'NONE', #5027, #3820, #7959, .T. ) ;
#804 = VECTOR ( 'NONE', #1912, 1000.000000000000200 ) ;
#805 = CARTESIAN_POINT ( 'NONE',  ( -4.623104622025544500, 0.03929580968121807600, -2.959999999999999500 ) ) ;
#806 = CARTESIAN_POINT ( 'NONE',  ( -4.608981456572268900, 0.3147047612756303000, -0.4199999999999993700 ) ) ;
#807 = ORIENTED_EDGE ( 'NONE', *, *, #2054, .F. ) ;
#808 = DIRECTION ( 'NONE',  ( -0.0000000000000000000, -0.0000000000000000000, -1.000000000000000000 ) ) ;
#809 = EDGE_CURVE ( 'NONE', #443, #8996, #3767, .T. ) ;
#810 = LINE ( 'NONE', #10126, #8900 ) ;
#811 = AXIS2_PLACEMENT_3D ( 'NONE', #7482, #3866, #1466 ) ;
#812 = DIRECTION ( 'NONE',  ( 0.2588190451025207900, 0.9659258262890683100, -0.0000000000000000000 ) ) ;
#813 = ADVANCED_FACE ( 'NONE', ( #6123 ), #6935, .F. ) ;
#814 = ORIENTED_EDGE ( 'NONE', *, *, #7071, .T. ) ;
#815 = DIRECTION ( 'NONE',  ( -0.0000000000000000000, -0.0000000000000000000, -1.000000000000000000 ) ) ;
#816 = DIRECTION ( 'NONE',  ( 0.0000000000000000000, 0.0000000000000000000, 1.000000000000000000 ) ) ;
#817 = ORIENTED_EDGE ( 'NONE', *, *, #2243, .T. ) ;
#818 = LINE ( 'NONE', #7769, #5501 ) ;
#819 = EDGE_CURVE ( 'NONE', #6421, #287, #8640, .T. ) ;
#820 = EDGE_LOOP ( 'NONE', ( #8873, #6857, #4549, #5450, #2309, #8520, #7028, #1694, #7105, #411, #2434, #1794 ) ) ;
#821 = AXIS2_PLACEMENT_3D ( 'NONE', #739, #4638, #1479 ) ;
#822 = EDGE_CURVE ( 'NONE', #9430, #5612, #67, .T. ) ;
#823 = CARTESIAN_POINT ( 'NONE',  ( -1.175000000000000500, 0.1000000000000000100, -1.655000000000000200 ) ) ;
#824 = ORIENTED_EDGE ( 'NONE', *, *, #3118, .F. ) ;
#825 = LINE ( 'NONE', #4727, #3496 ) ;
#826 = ADVANCED_FACE ( 'NONE', ( #8394 ), #2153, .F. ) ;
#827 = CARTESIAN_POINT ( 'NONE',  ( -3.759999999999999300, 1.450000000000000400, 0.8500000000000009800 ) ) ;
#828 = CARTESIAN_POINT ( 'NONE',  ( -4.643000501140988900, 0.3238201367950973600, 3.390000000000000600 ) ) ;
#829 = FILL_AREA_STYLE ('',( #6276 ) ) ;
#830 = ORIENTED_EDGE ( 'NONE', *, *, #1356, .F. ) ;
#831 = ORIENTED_EDGE ( 'NONE', *, *, #1994, .F. ) ;
#832 = AXIS2_PLACEMENT_3D ( 'NONE', #4090, #4880, #1314 ) ;
#833 = ORIENTED_EDGE ( 'NONE', *, *, #8896, .F. ) ;
#834 = EDGE_CURVE ( 'NONE', #4307, #1332, #7908, .T. ) ;
#835 = VECTOR ( 'NONE', #1657, 1000.000000000000000 ) ;
#836 = ORIENTED_EDGE ( 'NONE', *, *, #1408, .F. ) ;
#837 = MANIFOLD_SOLID_BREP ( 'LPattern1[10]', #5282 ) ;
#838 = ADVANCED_FACE ( 'NONE', ( #916 ), #5489, .F. ) ;
#839 = DIRECTION ( 'NONE',  ( -0.9659258262890683100, -0.2588190451025207900, 0.0000000000000000000 ) ) ;
#840 = DIRECTION ( 'NONE',  ( -0.2588190451025207900, 0.9659258262890683100, -0.0000000000000000000 ) ) ;
#841 = ORIENTED_EDGE ( 'NONE', *, *, #6665, .T. ) ;
#842 = ORIENTED_EDGE ( 'NONE', *, *, #7702, .F. ) ;
#843 = DIRECTION ( 'NONE',  ( -1.000000000000000000, 0.0000000000000000000, 0.0000000000000000000 ) ) ;
#844 = VECTOR ( 'NONE', #6034, 1000.000000000000200 ) ;
#845 = ORIENTED_EDGE ( 'NONE', *, *, #9883, .T. ) ;
#846 = ORIENTED_EDGE ( 'NONE', *, *, #1109, .T. ) ;
#847 = EDGE_CURVE ( 'NONE', #7572, #1376, #3846, .T. ) ;
#848 = VERTEX_POINT ( 'NONE', #3179 ) ;
#849 = VECTOR ( 'NONE', #1651, 1000.000000000000000 ) ;
#850 = LINE ( 'NONE', #2521, #2301 ) ;
#851 = CARTESIAN_POINT ( 'NONE',  ( 5.185060881563971200, -2.641625050904819800E-019, -4.229999999999999500 ) ) ;
#852 = VERTEX_POINT ( 'NONE', #2289 ) ;
#853 = FACE_OUTER_BOUND ( 'NONE', #820, .T. ) ;
#854 = CARTESIAN_POINT ( 'NONE',  ( 4.643000501140988900, 0.3238201367950973600, -2.959999999999999500 ) ) ;
#855 = ORIENTED_EDGE ( 'NONE', *, *, #3753, .T. ) ;
#856 = EDGE_CURVE ( 'NONE', #2778, #2257, #2984, .T. ) ;
#857 = DIRECTION ( 'NONE',  ( -0.0000000000000000000, -0.0000000000000000000, -1.000000000000000000 ) ) ;
#858 = DIRECTION ( 'NONE',  ( -1.000000000000000000, 0.0000000000000000000, 0.0000000000000000000 ) ) ;
#859 = EDGE_LOOP ( 'NONE', ( #1740, #1846, #6827, #9497 ) ) ;
#860 = VECTOR ( 'NONE', #4553, 1000.000000000000000 ) ;
#861 = LINE ( 'NONE', #2324, #3417 ) ;
#862 = DIRECTION ( 'NONE',  ( -0.0000000000000000000, -0.0000000000000000000, -1.000000000000000000 ) ) ;
#863 = ORIENTED_EDGE ( 'NONE', *, *, #5966, .F. ) ;
#864 = CIRCLE ( 'NONE', #5949, 0.2852191065223054800 ) ;
#865 = EDGE_CURVE ( 'NONE', #2483, #2190, #6306, .T. ) ;
#866 = AXIS2_PLACEMENT_3D ( 'NONE', #7255, #406, #2751 ) ;
#867 = EDGE_LOOP ( 'NONE', ( #5943, #764, #3576, #2894 ) ) ;
#868 = CARTESIAN_POINT ( 'NONE',  ( -4.623104622025544500, 0.03929580968121797200, 5.930000000000001500 ) ) ;
#869 = CARTESIAN_POINT ( 'NONE',  ( 4.085923696263362700, 1.200000000000000600, -5.500000000000000000 ) ) ;
#870 = PLANE ( 'NONE',  #3868 ) ;
#871 = ORIENTED_EDGE ( 'NONE', *, *, #1992, .T. ) ;
#872 = VERTEX_POINT ( 'NONE', #806 ) ;
#873 = VECTOR ( 'NONE', #5601, 1000.000000000000000 ) ;
#874 = LINE ( 'NONE', #4455, #1961 ) ;
#875 = ADVANCED_FACE ( 'NONE', ( #7785 ), #5544, .F. ) ;
#876 = LINE ( 'NONE', #1012, #6387 ) ;
#877 = CARTESIAN_POINT ( 'NONE',  ( -4.085923696263362700, 1.164780893477695100, -2.959999999999999500 ) ) ;
#878 = CARTESIAN_POINT ( 'NONE',  ( 4.367500000000000600, 0.2500000000000000600, 0.8500000000000009800 ) ) ;
#879 = CARTESIAN_POINT ( 'NONE',  ( -3.759999999999999300, 1.450000000000000400, -2.959999999999999500 ) ) ;
#880 = CARTESIAN_POINT ( 'NONE',  ( -3.760000000000000200, 1.200000000000000200, -6.412500000000001400 ) ) ;
#881 = EDGE_CURVE ( 'NONE', #4262, #6248, #1754, .T. ) ;
#882 = MECHANICAL_DESIGN_GEOMETRIC_PRESENTATION_REPRESENTATION (  '', ( #2044 ), #6664 ) ;
#883 = ORIENTED_EDGE ( 'NONE', *, *, #8896, .T. ) ;
#884 = EDGE_LOOP ( 'NONE', ( #6006, #2429, #4989, #4131, #2737, #6944, #1219, #7680, #4031, #7650, #2366, #965 ) ) ;
#885 = VERTEX_POINT ( 'NONE', #1564 ) ;
#886 = LINE ( 'NONE', #2820, #9320 ) ;
#887 = CIRCLE ( 'NONE', #8303, 0.03521910652230526200 ) ;
#888 = DIRECTION ( 'NONE',  ( -0.0000000000000000000, -1.000000000000000000, -0.0000000000000000000 ) ) ;
#889 = CARTESIAN_POINT ( 'NONE',  ( 5.202500000000000600, 0.2493910125649557200, -2.119999999999999700 ) ) ;
#890 = ORIENTED_EDGE ( 'NONE', *, *, #8252, .F. ) ;
#891 = ORIENTED_EDGE ( 'NONE', *, *, #8276, .T. ) ;
#892 = ORIENTED_EDGE ( 'NONE', *, *, #10064, .T. ) ;
#893 = DIRECTION ( 'NONE',  ( -0.9975640502598247500, -0.06975647374411807200, 0.0000000000000000000 ) ) ;
#894 = DIRECTION ( 'NONE',  ( -0.0000000000000000000, -0.0000000000000000000, -1.000000000000000000 ) ) ;
#895 = FACE_OUTER_BOUND ( 'NONE', #4138, .T. ) ;
#896 = UNCERTAINTY_MEASURE_WITH_UNIT (LENGTH_MEASURE( 1.000000000000000100E-005 ), #2728, 'distance_accuracy_value', 'NONE');
#897 = DIRECTION ( 'NONE',  ( 0.9975640502598247500, 0.06975647374411807200, 0.0000000000000000000 ) ) ;
#898 = EDGE_CURVE ( 'NONE', #1110, #5145, #797, .T. ) ;
#899 = LINE ( 'NONE', #2523, #7634 ) ;
#900 = EDGE_CURVE ( 'NONE', #7594, #2923, #6568, .T. ) ;
#901 = CARTESIAN_POINT ( 'NONE',  ( 4.643000501140988900, 0.3238201367950973600, 2.120000000000000600 ) ) ;
#902 = DIRECTION ( 'NONE',  ( -0.0000000000000000000, -0.0000000000000000000, -1.000000000000000000 ) ) ;
#903 = VERTEX_POINT ( 'NONE', #5584 ) ;
#904 = EDGE_LOOP ( 'NONE', ( #5540, #4425, #6677, #4789 ) ) ;
#905 = COLOUR_RGB ( '',0.7921568627450980000, 0.8196078431372548800, 0.9333333333333333500 ) ;
#906 = ORIENTED_EDGE ( 'NONE', *, *, #3635, .T. ) ;
#907 = SURFACE_STYLE_FILL_AREA ( #6317 ) ;
#908 = CARTESIAN_POINT ( 'NONE',  ( -4.085923696263362700, 1.164780893477695100, 2.120000000000000600 ) ) ;
#909 = DIRECTION ( 'NONE',  ( 0.0000000000000000000, 0.0000000000000000000, 1.000000000000000000 ) ) ;
#910 = AXIS2_PLACEMENT_3D ( 'NONE', #7039, #747, #1577 ) ;
#911 = EDGE_CURVE ( 'NONE', #3924, #3989, #1512, .T. ) ;
#912 = CARTESIAN_POINT ( 'NONE',  ( 3.759999999999999800, 1.450000000000000200, -5.929999999999999700 ) ) ;
#913 = ORIENTED_EDGE ( 'NONE', *, *, #8577, .T. ) ;
#914 =( NAMED_UNIT ( * ) SI_UNIT ( $, .STERADIAN. ) SOLID_ANGLE_UNIT ( ) );
#915 = CIRCLE ( 'NONE', #7929, 0.03521910652230526200 ) ;
#916 = FACE_OUTER_BOUND ( 'NONE', #2067, .T. ) ;
#917 = CARTESIAN_POINT ( 'NONE',  ( 3.759999999999999300, 1.200000000000000200, 4.660000000000001000 ) ) ;
#918 = ORIENTED_EDGE ( 'NONE', *, *, #8677, .F. ) ;
#919 = VECTOR ( 'NONE', #8684, 1000.000000000000000 ) ;
#920 = ORIENTED_EDGE ( 'NONE', *, *, #3817, .F. ) ;
#921 = DIRECTION ( 'NONE',  ( 0.06975647374411768400, 0.9975640502598248600, -0.0000000000000000000 ) ) ;
#922 = AXIS2_PLACEMENT_3D ( 'NONE', #140, #4797, #6369 ) ;
#923 = LINE ( 'NONE', #4758, #77 ) ;
#924 = CARTESIAN_POINT ( 'NONE',  ( 4.085923696263362700, 1.450000000000000000, 5.500000000000001800 ) ) ;
#925 = DIRECTION ( 'NONE',  ( 0.0000000000000000000, 0.0000000000000000000, 1.000000000000000000 ) ) ;
#926 = ADVANCED_FACE ( 'NONE', ( #5719 ), #870, .F. ) ;
#927 = DIRECTION ( 'NONE',  ( -1.000000000000000000, 0.0000000000000000000, 0.0000000000000000000 ) ) ;
#928 = CARTESIAN_POINT ( 'NONE',  ( 4.119942740832083700, 1.173896268997162200, 5.930000000000001500 ) ) ;
#929 = ORIENTED_EDGE ( 'NONE', *, *, #1710, .F. ) ;
#930 = CARTESIAN_POINT ( 'NONE',  ( -4.085923696263362700, 1.200000000000000400, 4.660000000000001000 ) ) ;
#931 = VERTEX_POINT ( 'NONE', #9315 ) ;
#932 = CIRCLE ( 'NONE', #2915, 0.2852191065223054800 ) ;
#933 = DIRECTION ( 'NONE',  ( -1.000000000000000000, 0.0000000000000000000, 0.0000000000000000000 ) ) ;
#934 = ORIENTED_EDGE ( 'NONE', *, *, #8703, .F. ) ;
#935 = FACE_OUTER_BOUND ( 'NONE', #2080, .T. ) ;
#936 = EDGE_CURVE ( 'NONE', #1307, #6055, #1276, .T. ) ;
#937 = DIRECTION ( 'NONE',  ( 0.0000000000000000000, 0.0000000000000000000, 1.000000000000000000 ) ) ;
#938 = CARTESIAN_POINT ( 'NONE',  ( -3.759999999999999300, 1.200000000000000200, -5.500000000000000000 ) ) ;
#939 = VERTEX_POINT ( 'NONE', #7001 ) ;
#940 = CARTESIAN_POINT ( 'NONE',  ( 4.085923696263362700, 1.200000000000000600, 0.8500000000000009800 ) ) ;
#941 = EDGE_CURVE ( 'NONE', #8676, #9152, #5839, .T. ) ;
#942 = AXIS2_PLACEMENT_3D ( 'NONE', #8931, #8866, #2632 ) ;
#943 = ORIENTED_EDGE ( 'NONE', *, *, #8193, .F. ) ;
#944 = VECTOR ( 'NONE', #42, 999.9999999999998900 ) ;
#945 = CARTESIAN_POINT ( 'NONE',  ( -4.643000501140988900, 0.3238201367950973600, -4.659999999999999300 ) ) ;
#946 = CARTESIAN_POINT ( 'NONE',  ( 3.759999999999999300, 1.200000000000000200, -3.389999999999999200 ) ) ;
#947 = CARTESIAN_POINT ( 'NONE',  ( -5.202500000000000600, 0.2493910125649564100, 5.930000000000001500 ) ) ;
#948 = VERTEX_POINT ( 'NONE', #6378 ) ;
#949 = FACE_OUTER_BOUND ( 'NONE', #7805, .T. ) ;
#950 = ORIENTED_EDGE ( 'NONE', *, *, #6675, .T. ) ;
#951 = EDGE_CURVE ( 'NONE', #9456, #6165, #7294, .T. ) ;
#952 = VERTEX_POINT ( 'NONE', #3090 ) ;
#953 = EDGE_CURVE ( 'NONE', #9097, #5974, #4716, .T. ) ;
#954 = CARTESIAN_POINT ( 'NONE',  ( -3.759999999999999300, 1.450000000000000400, 0.4200000000000010900 ) ) ;
#955 = CARTESIAN_POINT ( 'NONE',  ( -4.643000501140988900, 0.3238201367950973600, -4.229999999999999500 ) ) ;
#956 = ORIENTED_EDGE ( 'NONE', *, *, #5026, .T. ) ;
#957 = DIRECTION ( 'NONE',  ( 1.000000000000000000, 0.0000000000000000000, 0.0000000000000000000 ) ) ;
#958 = DIRECTION ( 'NONE',  ( 0.0000000000000000000, 0.0000000000000000000, 1.000000000000000000 ) ) ;
#959 = CARTESIAN_POINT ( 'NONE',  ( 4.608981456572268000, 0.3147047612756303000, -2.959999999999999500 ) ) ;
#960 = EDGE_LOOP ( 'NONE', ( #4333, #6392, #6894, #6271 ) ) ;
#961 = ADVANCED_FACE ( 'NONE', ( #9964 ), #1665, .F. ) ;
#962 = VECTOR ( 'NONE', #7789, 1000.000000000000100 ) ;
#963 = DIRECTION ( 'NONE',  ( -0.0000000000000000000, -0.0000000000000000000, -1.000000000000000000 ) ) ;
#964 = CARTESIAN_POINT ( 'NONE',  ( -3.760000000000000200, 1.200000000000000200, 6.412500000000003200 ) ) ;
#965 = ORIENTED_EDGE ( 'NONE', *, *, #6269, .T. ) ;
#966 = CARTESIAN_POINT ( 'NONE',  ( 4.085923696263362700, 1.164780893477695100, -2.119999999999999700 ) ) ;
#967 = DIRECTION ( 'NONE',  ( 0.0000000000000000000, 0.0000000000000000000, 1.000000000000000000 ) ) ;
#968 = PRESENTATION_LAYER_ASSIGNMENT (  '', '', ( #8576 ) ) ;
#969 = EDGE_CURVE ( 'NONE', #2515, #7447, #1890, .T. ) ;
#970 = DIRECTION ( 'NONE',  ( 1.000000000000000000, 0.0000000000000000000, 0.0000000000000000000 ) ) ;
#971 = LINE ( 'NONE', #4178, #2549 ) ;
#972 = DIRECTION ( 'NONE',  ( 0.2588190451025207900, 0.9659258262890683100, -0.0000000000000000000 ) ) ;
#973 = ORIENTED_EDGE ( 'NONE', *, *, #9381, .T. ) ;
#974 = ADVANCED_FACE ( 'NONE', ( #5590 ), #8843, .F. ) ;
#975 = ORIENTED_EDGE ( 'NONE', *, *, #9859, .T. ) ;
#976 =( NAMED_UNIT ( * ) PLANE_ANGLE_UNIT ( ) SI_UNIT ( $, .RADIAN. ) );
#977 = CARTESIAN_POINT ( 'NONE',  ( -3.759999999999999300, 1.200000000000000200, 0.4200000000000010900 ) ) ;
#978 = DIRECTION ( 'NONE',  ( 1.000000000000000000, 6.653104299660446400E-016, 0.0000000000000000000 ) ) ;
#979 = DIRECTION ( 'NONE',  ( 1.000000000000000000, 0.0000000000000000000, 0.0000000000000000000 ) ) ;
#980 = FACE_OUTER_BOUND ( 'NONE', #9154, .T. ) ;
#981 = VECTOR ( 'NONE', #8459, 1000.000000000000000 ) ;
#982 = ORIENTED_EDGE ( 'NONE', *, *, #4627, .T. ) ;
#983 = VECTOR ( 'NONE', #9723, 1000.000000000000000 ) ;
#984 = EDGE_CURVE ( 'NONE', #2378, #2154, #1393, .T. ) ;
#985 = DIRECTION ( 'NONE',  ( -1.000000000000000000, 0.0000000000000000000, 0.0000000000000000000 ) ) ;
#986 = ORIENTED_EDGE ( 'NONE', *, *, #9224, .F. ) ;
#987 = ADVANCED_FACE ( 'NONE', ( #3464 ), #5614, .F. ) ;
#988 = ORIENTED_EDGE ( 'NONE', *, *, #8770, .T. ) ;
#989 = EDGE_LOOP ( 'NONE', ( #3809, #9531, #666, #5630 ) ) ;
#990 = DIRECTION ( 'NONE',  ( -0.0000000000000000000, -0.0000000000000000000, -1.000000000000000000 ) ) ;
#991 = CARTESIAN_POINT ( 'NONE',  ( -0.4299999999999999900, 0.1000000000000000100, -1.785000000000000100 ) ) ;
#992 = VECTOR ( 'NONE', #5732, 1000.000000000000000 ) ;
#993 = LINE ( 'NONE', #2768, #9195 ) ;
#994 = LINE ( 'NONE', #1481, #9197 ) ;
#995 = CARTESIAN_POINT ( 'NONE',  ( 4.085923696263362700, 1.164780893477695100, 2.960000000000000900 ) ) ;
#996 = DIRECTION ( 'NONE',  ( 0.0000000000000000000, 0.0000000000000000000, 1.000000000000000000 ) ) ;
#997 = DIRECTION ( 'NONE',  ( -1.000000000000000000, 0.0000000000000000000, -4.170008355713481600E-016 ) ) ;
#998 = AXIS2_PLACEMENT_3D ( 'NONE', #6404, #7985, #927 ) ;
#999 = DIRECTION ( 'NONE',  ( -0.0000000000000000000, -0.0000000000000000000, -1.000000000000000000 ) ) ;
#1000 = AXIS2_PLACEMENT_3D ( 'NONE', #552, #6042, #6077 ) ;
#1001 = ORIENTED_EDGE ( 'NONE', *, *, #5039, .F. ) ;
#1002 = ORIENTED_EDGE ( 'NONE', *, *, #9785, .F. ) ;
#1003 = DIRECTION ( 'NONE',  ( -1.000000000000000000, 0.0000000000000000000, 0.0000000000000000000 ) ) ;
#1004 = EDGE_CURVE ( 'NONE', #1693, #9589, #4462, .T. ) ;
#1005 = ORIENTED_EDGE ( 'NONE', *, *, #4196, .T. ) ;
#1006 = DIRECTION ( 'NONE',  ( 0.2588190451025207900, 0.9659258262890683100, -0.0000000000000000000 ) ) ;
#1007 = CARTESIAN_POINT ( 'NONE',  ( -4.640543740461573900, 0.2886868222461744200, -0.8499999999999992000 ) ) ;
#1008 = EDGE_LOOP ( 'NONE', ( #8846, #2392, #7514, #4753 ) ) ;
#1009 = ORIENTED_EDGE ( 'NONE', *, *, #9194, .T. ) ;
#1010 = CARTESIAN_POINT ( 'NONE',  ( -1.175000000000000500, 0.1000000000000002600, -1.655000000000000200 ) ) ;
#1011 = VECTOR ( 'NONE', #9572, 1000.000000000000000 ) ;
#1012 = CARTESIAN_POINT ( 'NONE',  ( 4.623104622025544500, 0.03929580968121807600, 0.4200000000000010900 ) ) ;
#1013 = FACE_OUTER_BOUND ( 'NONE', #2481, .T. ) ;
#1014 = CARTESIAN_POINT ( 'NONE',  ( -2.760000000000000200, 2.599999999999998800, -5.412500000000003200 ) ) ;
#1015 = LINE ( 'NONE', #2127, #6765 ) ;
#1016 = CARTESIAN_POINT ( 'NONE',  ( -4.119942740832083700, 1.173896268997162200, 2.120000000000000600 ) ) ;
#1017 = EDGE_CURVE ( 'NONE', #3111, #265, #2863, .T. ) ;
#1018 = EDGE_CURVE ( 'NONE', #6426, #1565, #308, .T. ) ;
#1019 = EDGE_LOOP ( 'NONE', ( #8913, #8130, #1733, #2012 ) ) ;
#1020 = ORIENTED_EDGE ( 'NONE', *, *, #2661, .F. ) ;
#1021 = CARTESIAN_POINT ( 'NONE',  ( -4.085923696263362700, 1.164780893477695100, 2.120000000000000600 ) ) ;
#1022 = EDGE_LOOP ( 'NONE', ( #4847, #7452, #10037, #3060, #4692, #4339, #2058, #9676, #9095, #8238, #3536, #9488 ) ) ;
#1023 = VECTOR ( 'NONE', #3581, 1000.000000000000000 ) ;
#1024 =( NAMED_UNIT ( * ) PLANE_ANGLE_UNIT ( ) SI_UNIT ( $, .RADIAN. ) );
#1025 = CARTESIAN_POINT ( 'NONE',  ( -4.608981456572268900, 0.3147047612756303000, 0.8500000000000009800 ) ) ;
#1026 = CARTESIAN_POINT ( 'NONE',  ( -5.202500000000000600, 0.2493910125649564100, -3.389999999999999200 ) ) ;
#1027 = PLANE ( 'NONE',  #495 ) ;
#1028 = ADVANCED_FACE ( 'NONE', ( #2362 ), #5752, .F. ) ;
#1029 = DIRECTION ( 'NONE',  ( -0.1391731009600657400, -0.9902680687415703600, 0.0000000000000000000 ) ) ;
#1030 = ORIENTED_EDGE ( 'NONE', *, *, #6103, .F. ) ;
#1031 = DIRECTION ( 'NONE',  ( 1.000000000000000000, 0.0000000000000000000, 0.0000000000000000000 ) ) ;
#1032 = CARTESIAN_POINT ( 'NONE',  ( -2.760000000000000200, 2.649999999999998600, -5.412500000000003200 ) ) ;
#1033 = EDGE_CURVE ( 'NONE', #5919, #9769, #2118, .T. ) ;
#1034 = CARTESIAN_POINT ( 'NONE',  ( -0.4299999999999999900, -0.0000000000000000000, -1.785000000000000100 ) ) ;
#1035 = VECTOR ( 'NONE', #5925, 1000.000000000000000 ) ;
#1036 = VERTEX_POINT ( 'NONE', #4873 ) ;
#1037 = FACE_OUTER_BOUND ( 'NONE', #5285, .T. ) ;
#1038 = DIRECTION ( 'NONE',  ( -0.9975640502598247500, -0.06975647374411807200, 0.0000000000000000000 ) ) ;
#1039 = FACE_OUTER_BOUND ( 'NONE', #2203, .T. ) ;
#1040 = DIRECTION ( 'NONE',  ( -0.0000000000000000000, 1.000000000000000000, -0.0000000000000000000 ) ) ;
#1041 = CARTESIAN_POINT ( 'NONE',  ( 4.085923696263362700, 1.164780893477695100, 3.390000000000000600 ) ) ;
#1042 = ORIENTED_EDGE ( 'NONE', *, *, #9194, .F. ) ;
#1043 = DIRECTION ( 'NONE',  ( 0.0000000000000000000, 0.0000000000000000000, 1.000000000000000000 ) ) ;
#1044 = FACE_OUTER_BOUND ( 'NONE', #3242, .T. ) ;
#1045 = DIRECTION ( 'NONE',  ( -0.1391731009600657400, 0.9902680687415703600, 0.0000000000000000000 ) ) ;
#1046 = CARTESIAN_POINT ( 'NONE',  ( 4.623104622025544500, 0.03929580968121807600, 5.930000000000001500 ) ) ;
#1047 = EDGE_CURVE ( 'NONE', #507, #5382, #7412, .T. ) ;
#1048 = EDGE_CURVE ( 'NONE', #1366, #707, #6154, .T. ) ;
#1049 = DIRECTION ( 'NONE',  ( 0.06975647374411768400, 0.9975640502598248600, -0.0000000000000000000 ) ) ;
#1050 = CARTESIAN_POINT ( 'NONE',  ( -3.759999999999999300, 1.450000000000000400, -0.8499999999999992000 ) ) ;
#1051 = ORIENTED_EDGE ( 'NONE', *, *, #8519, .T. ) ;
#1052 = CARTESIAN_POINT ( 'NONE',  ( 4.367500000000000600, 0.2500000000000000600, 5.930000000000001500 ) ) ;
#1053 = CARTESIAN_POINT ( 'NONE',  ( 4.119942740832083700, 1.173896268997162200, -3.389999999999999200 ) ) ;
#1054 = VERTEX_POINT ( 'NONE', #6419 ) ;
#1055 = CIRCLE ( 'NONE', #7464, 0.03521910652230526200 ) ;
#1056 = ORIENTED_EDGE ( 'NONE', *, *, #2718, .F. ) ;
#1057 = CYLINDRICAL_SURFACE ( 'NONE', #5092, 0.2852191065223050300 ) ;
#1058 = CARTESIAN_POINT ( 'NONE',  ( 4.643000501140988900, 0.3238201367950973600, 5.500000000000001800 ) ) ;
#1059 = DIRECTION ( 'NONE',  ( -1.000000000000000000, 0.0000000000000000000, 0.0000000000000000000 ) ) ;
#1060 = AXIS2_PLACEMENT_3D ( 'NONE', #8705, #118, #8045 ) ;
#1061 = ORIENTED_EDGE ( 'NONE', *, *, #898, .F. ) ;
#1062 = EDGE_CURVE ( 'NONE', #1088, #8743, #7720, .T. ) ;
#1063 = CYLINDRICAL_SURFACE ( 'NONE', #207, 0.03521910652230526200 ) ;
#1064 = AXIS2_PLACEMENT_3D ( 'NONE', #7798, #2358, #6970 ) ;
#1065 = CARTESIAN_POINT ( 'NONE',  ( -3.759999999999999300, 1.450000000000000400, -0.4199999999999993700 ) ) ;
#1066 = DIRECTION ( 'NONE',  ( 1.000000000000000000, -0.0000000000000000000, 0.0000000000000000000 ) ) ;
#1067 = DIRECTION ( 'NONE',  ( -0.0000000000000000000, -0.0000000000000000000, -1.000000000000000000 ) ) ;
#1068 = CARTESIAN_POINT ( 'NONE',  ( 4.623104622025544500, 0.03929580968121807600, 2.120000000000000600 ) ) ;
#1069 = CARTESIAN_POINT ( 'NONE',  ( 4.119942740832083700, 1.173896268997162200, 0.8500000000000009800 ) ) ;
#1070 = VERTEX_POINT ( 'NONE', #3212 ) ;
#1071 = DIRECTION ( 'NONE',  ( 1.000000000000000000, 0.0000000000000000000, 0.0000000000000000000 ) ) ;
#1072 = VERTEX_POINT ( 'NONE', #7232 ) ;
#1073 = DIRECTION ( 'NONE',  ( 0.0000000000000000000, 0.0000000000000000000, -1.000000000000000000 ) ) ;
#1074 = FACE_OUTER_BOUND ( 'NONE', #6049, .T. ) ;
#1075 = CARTESIAN_POINT ( 'NONE',  ( 4.085923696263362700, 1.450000000000000000, -0.4199999999999993700 ) ) ;
#1076 = DIRECTION ( 'NONE',  ( 0.0000000000000000000, 1.000000000000000000, 0.0000000000000000000 ) ) ;
#1077 = CARTESIAN_POINT ( 'NONE',  ( -4.608981456572268900, 0.3147047612756303000, 4.660000000000001000 ) ) ;
#1078 = ORIENTED_EDGE ( 'NONE', *, *, #3382, .T. ) ;
#1079 = CARTESIAN_POINT ( 'NONE',  ( 4.085923696263362700, 1.200000000000000600, 0.8500000000000009800 ) ) ;
#1080 = EDGE_CURVE ( 'NONE', #7976, #5642, #6010, .T. ) ;
#1081 = AXIS2_PLACEMENT_3D ( 'NONE', #8059, #4894, #3334 ) ;
#1082 = ADVANCED_FACE ( 'NONE', ( #14 ), #8183, .F. ) ;
#1083 = ORIENTED_EDGE ( 'NONE', *, *, #5837, .T. ) ;
#1084 = DIRECTION ( 'NONE',  ( -0.0000000000000000000, -0.0000000000000000000, -1.000000000000000000 ) ) ;
#1085 = MANIFOLD_SOLID_BREP ( 'Boss-Extrude4[2]', #5227 ) ;
#1086 = ORIENTED_EDGE ( 'NONE', *, *, #1080, .T. ) ;
#1087 = VERTEX_POINT ( 'NONE', #1892 ) ;
#1088 = VERTEX_POINT ( 'NONE', #389 ) ;
#1089 = EDGE_CURVE ( 'NONE', #7809, #1499, #5156, .T. ) ;
#1090 = FACE_OUTER_BOUND ( 'NONE', #5691, .T. ) ;
#1091 = ADVANCED_FACE ( 'NONE', ( #5900 ), #9786, .F. ) ;
#1092 = EDGE_CURVE ( 'NONE', #8486, #4820, #5658, .T. ) ;
#1093 = DIRECTION ( 'NONE',  ( -0.0000000000000000000, -0.0000000000000000000, -1.000000000000000000 ) ) ;
#1094 = CLOSED_SHELL ( 'NONE', ( #6512, #1192, #3125, #3766, #49, #7605, #3826, #6529, #8666, #5001, #5464, #9658, #8901, #6472 ) ) ;
#1095 = DIRECTION ( 'NONE',  ( -1.000000000000000000, 0.0000000000000000000, 0.0000000000000000000 ) ) ;
#1096 = CARTESIAN_POINT ( 'NONE',  ( -3.759999999999999300, 1.450000000000000400, -4.659999999999999300 ) ) ;
#1097 = VERTEX_POINT ( 'NONE', #8991 ) ;
#1098 = DIRECTION ( 'NONE',  ( -1.000000000000000000, 0.0000000000000000000, 0.0000000000000000000 ) ) ;
#1099 = FILL_AREA_STYLE ('',( #379 ) ) ;
#1100 = DIRECTION ( 'NONE',  ( 1.000000000000000000, 0.0000000000000000000, 0.0000000000000000000 ) ) ;
#1101 = CARTESIAN_POINT ( 'NONE',  ( 5.202500000000000600, 0.2493910125649557200, -0.4199999999999993700 ) ) ;
#1102 = LINE ( 'NONE', #9375, #5774 ) ;
#1103 = CIRCLE ( 'NONE', #9643, 0.2852191065223054800 ) ;
#1104 = CARTESIAN_POINT ( 'NONE',  ( 4.119942740832083700, 1.173896268997162200, 0.4200000000000010900 ) ) ;
#1105 = AXIS2_PLACEMENT_3D ( 'NONE', #151, #4872, #4042 ) ;
#1106 = ORIENTED_EDGE ( 'NONE', *, *, #2964, .T. ) ;
#1107 = CYLINDRICAL_SURFACE ( 'NONE', #7779, 0.03521910652230526200 ) ;
#1108 = AXIS2_PLACEMENT_3D ( 'NONE', #184, #8807, #4118 ) ;
#1109 = EDGE_CURVE ( 'NONE', #4264, #5756, #7107, .T. ) ;
#1110 = VERTEX_POINT ( 'NONE', #7347 ) ;
#1111 = CARTESIAN_POINT ( 'NONE',  ( -4.643000501140988900, 0.3238201367950973600, -5.500000000000000000 ) ) ;
#1112 = VERTEX_POINT ( 'NONE', #9660 ) ;
#1113 = ORIENTED_EDGE ( 'NONE', *, *, #1629, .F. ) ;
#1114 = LINE ( 'NONE', #8336, #9542 ) ;
#1115 = FACE_OUTER_BOUND ( 'NONE', #2721, .T. ) ;
#1116 = EDGE_LOOP ( 'NONE', ( #7445, #8210, #6213, #3981 ) ) ;
#1117 = DIRECTION ( 'NONE',  ( -0.0000000000000000000, -0.0000000000000000000, -1.000000000000000000 ) ) ;
#1118 = CARTESIAN_POINT ( 'NONE',  ( -4.623104622025544500, 0.03929580968121797200, -4.229999999999999500 ) ) ;
#1119 = ORIENTED_EDGE ( 'NONE', *, *, #7686, .T. ) ;
#1120 = AXIS2_PLACEMENT_3D ( 'NONE', #230, #4711, #8552 ) ;
#1121 = VECTOR ( 'NONE', #5398, 1000.000000000000000 ) ;
#1122 = LINE ( 'NONE', #7693, #5063 ) ;
#1123 = AXIS2_PLACEMENT_3D ( 'NONE', #5495, #677, #1513 ) ;
#1124 = LINE ( 'NONE', #5524, #4795 ) ;
#1125 = DIRECTION ( 'NONE',  ( 0.9975640502598247500, 0.06975647374411816900, -0.0000000000000000000 ) ) ;
#1126 = ORIENTED_EDGE ( 'NONE', *, *, #1947, .F. ) ;
#1127 = ORIENTED_EDGE ( 'NONE', *, *, #2045, .T. ) ;
#1128 = ADVANCED_FACE ( 'NONE', ( #2796 ), #6661, .T. ) ;
#1129 = ORIENTED_EDGE ( 'NONE', *, *, #7494, .F. ) ;
#1130 = DIRECTION ( 'NONE',  ( 1.000000000000000000, 0.0000000000000000000, 0.0000000000000000000 ) ) ;
#1131 = VECTOR ( 'NONE', #7662, 1000.000000000000000 ) ;
#1132 = VECTOR ( 'NONE', #69, 1000.000000000000000 ) ;
#1133 = LINE ( 'NONE', #5171, #7015 ) ;
#1134 = EDGE_CURVE ( 'NONE', #4307, #2406, #4785, .T. ) ;
#1135 = CARTESIAN_POINT ( 'NONE',  ( 4.361424197404351100, 1.238601030272792600, -1.689999999999999700 ) ) ;
#1136 = EDGE_CURVE ( 'NONE', #2804, #5195, #2692, .T. ) ;
#1137 = STYLED_ITEM ( 'NONE', ( #5573 ), #4843 ) ;
#1138 = ORIENTED_EDGE ( 'NONE', *, *, #522, .F. ) ;
#1139 = EDGE_LOOP ( 'NONE', ( #2502, #4120, #9246, #6778 ) ) ;
#1140 = ORIENTED_EDGE ( 'NONE', *, *, #161, .T. ) ;
#1141 = CARTESIAN_POINT ( 'NONE',  ( 4.361424197404351100, 1.238601030272792600, 4.660000000000001000 ) ) ;
#1142 = CIRCLE ( 'NONE', #519, 0.03521910652230526200 ) ;
#1143 = LINE ( 'NONE', #5012, #2950 ) ;
#1144 = ADVANCED_FACE ( 'NONE', ( #374 ), #8951, .F. ) ;
#1145 = DIRECTION ( 'NONE',  ( -0.0000000000000000000, -0.0000000000000000000, -1.000000000000000000 ) ) ;
#1146 = DIRECTION ( 'NONE',  ( -1.000000000000000000, 0.0000000000000000000, 0.0000000000000000000 ) ) ;
#1147 = DIRECTION ( 'NONE',  ( -0.2588190451025243500, -0.9659258262890673100, 0.0000000000000000000 ) ) ;
#1148 = ORIENTED_EDGE ( 'NONE', *, *, #3429, .F. ) ;
#1149 = CARTESIAN_POINT ( 'NONE',  ( 5.202500000000000600, 0.2493910125649557200, 0.8500000000000009800 ) ) ;
#1150 = CARTESIAN_POINT ( 'NONE',  ( -4.367500000000000600, 0.2500000000000000000, 1.690000000000000600 ) ) ;
#1151 = CARTESIAN_POINT ( 'NONE',  ( -4.640543740461573900, 0.2886868222461744200, 0.8500000000000009800 ) ) ;
#1152 = SURFACE_STYLE_FILL_AREA ( #6924 ) ;
#1153 = ORIENTED_EDGE ( 'NONE', *, *, #4298, .T. ) ;
#1154 = CARTESIAN_POINT ( 'NONE',  ( 4.361424197404351100, 1.238601030272792600, -0.8499999999999992000 ) ) ;
#1155 = VECTOR ( 'NONE', #7721, 1000.000000000000000 ) ;
#1156 = EDGE_CURVE ( 'NONE', #9289, #6946, #4038, .T. ) ;
#1157 = FACE_OUTER_BOUND ( 'NONE', #595, .T. ) ;
#1158 = EDGE_CURVE ( 'NONE', #3495, #2450, #1690, .T. ) ;
#1159 = ORIENTED_EDGE ( 'NONE', *, *, #7655, .T. ) ;
#1160 = CYLINDRICAL_SURFACE ( 'NONE', #2133, 0.2852191065223054800 ) ;
#1161 = VECTOR ( 'NONE', #6490, 999.9999999999998900 ) ;
#1162 = CARTESIAN_POINT ( 'NONE',  ( -4.643000501140988900, 0.3238201367950973600, 2.960000000000000900 ) ) ;
#1163 = LINE ( 'NONE', #7557, #5346 ) ;
#1164 = DIRECTION ( 'NONE',  ( 1.000000000000000000, 0.0000000000000000000, 0.0000000000000000000 ) ) ;
#1165 = PLANE ( 'NONE',  #3028 ) ;
#1166 = AXIS2_PLACEMENT_3D ( 'NONE', #5336, #2935, #8431 ) ;
#1167 = EDGE_CURVE ( 'NONE', #3687, #8598, #7969, .T. ) ;
#1168 = ORIENTED_EDGE ( 'NONE', *, *, #7921, .F. ) ;
#1169 = CARTESIAN_POINT ( 'NONE',  ( -5.202500000000000600, 0.2493910125649564100, -4.229999999999999500 ) ) ;
#1170 = LINE ( 'NONE', #9616, #319 ) ;
#1171 = CARTESIAN_POINT ( 'NONE',  ( -4.623104622025544500, 0.03929580968121807600, 4.660000000000001000 ) ) ;
#1172 = LINE ( 'NONE', #3259, #7913 ) ;
#1173 = PLANE ( 'NONE',  #8621 ) ;
#1174 = ORIENTED_EDGE ( 'NONE', *, *, #7931, .T. ) ;
#1175 = DIRECTION ( 'NONE',  ( -0.0000000000000000000, -0.0000000000000000000, -1.000000000000000000 ) ) ;
#1176 = CARTESIAN_POINT ( 'NONE',  ( 3.759999999999999800, 1.450000000000000200, -5.500000000000000000 ) ) ;
#1177 = CARTESIAN_POINT ( 'NONE',  ( -4.085923696263362700, 1.164780893477695100, -0.4199999999999993700 ) ) ;
#1178 = CIRCLE ( 'NONE', #3977, 0.03521910652230526200 ) ;
#1179 = ORIENTED_EDGE ( 'NONE', *, *, #7099, .T. ) ;
#1180 = EDGE_CURVE ( 'NONE', #7276, #10137, #8954, .T. ) ;
#1181 = LINE ( 'NONE', #5526, #8055 ) ;
#1182 = ADVANCED_FACE ( 'NONE', ( #3051 ), #8919, .F. ) ;
#1183 = DIRECTION ( 'NONE',  ( -0.0000000000000000000, 1.000000000000000000, -0.0000000000000000000 ) ) ;
#1184 = DIRECTION ( 'NONE',  ( -0.9659258262890683100, 0.2588190451025207900, 0.0000000000000000000 ) ) ;
#1185 = DIRECTION ( 'NONE',  ( -0.0000000000000000000, -1.000000000000000000, -0.0000000000000000000 ) ) ;
#1186 = CARTESIAN_POINT ( 'NONE',  ( -4.085923696263362700, 1.449999999999999300, 5.500000000000001800 ) ) ;
#1187 = ORIENTED_EDGE ( 'NONE', *, *, #5114, .T. ) ;
#1188 = ORIENTED_EDGE ( 'NONE', *, *, #9261, .T. ) ;
#1189 = ORIENTED_EDGE ( 'NONE', *, *, #7576, .T. ) ;
#1190 = LINE ( 'NONE', #8634, #944 ) ;
#1191 = CLOSED_SHELL ( 'NONE', ( #6304, #3332, #3573, #1717, #3261, #8065, #6887, #2290, #7556, #4466, #1281, #8583, #4308, #9044 ) ) ;
#1192 = ADVANCED_FACE ( 'NONE', ( #980 ), #9953, .F. ) ;
#1193 = ORIENTED_EDGE ( 'NONE', *, *, #4903, .F. ) ;
#1194 = ORIENTED_EDGE ( 'NONE', *, *, #7994, .T. ) ;
#1195 = EDGE_CURVE ( 'NONE', #4723, #9589, #4525, .T. ) ;
#1196 = AXIS2_PLACEMENT_3D ( 'NONE', #5841, #6615, #1870 ) ;
#1197 = CARTESIAN_POINT ( 'NONE',  ( -2.760000000000000200, 2.599999999999998800, -5.812500000000003600 ) ) ;
#1198 = CARTESIAN_POINT ( 'NONE',  ( 4.085923696263362700, 1.164780893477695100, -0.8499999999999992000 ) ) ;
#1199 = EDGE_LOOP ( 'NONE', ( #2137, #2712, #3310, #8070 ) ) ;
#1200 = CARTESIAN_POINT ( 'NONE',  ( -4.085923696263362700, 1.164780893477695100, 1.690000000000000600 ) ) ;
#1201 = LINE ( 'NONE', #9582, #1662 ) ;
#1202 = DIRECTION ( 'NONE',  ( 0.0000000000000000000, 0.0000000000000000000, 1.000000000000000000 ) ) ;
#1203 = ORIENTED_EDGE ( 'NONE', *, *, #2100, .F. ) ;
#1204 = CARTESIAN_POINT ( 'NONE',  ( 4.640543740461574800, 0.2886868222461744800, 5.500000000000001800 ) ) ;
#1205 = CARTESIAN_POINT ( 'NONE',  ( -3.759999999999999300, 1.450000000000000400, -3.389999999999999200 ) ) ;
#1206 = ORIENTED_EDGE ( 'NONE', *, *, #7717, .T. ) ;
#1207 = DIRECTION ( 'NONE',  ( -1.000000000000000000, 0.0000000000000000000, 0.0000000000000000000 ) ) ;
#1208 = ORIENTED_EDGE ( 'NONE', *, *, #2566, .F. ) ;
#1209 = UNCERTAINTY_MEASURE_WITH_UNIT (LENGTH_MEASURE( 1.000000000000000100E-005 ), #7119, 'distance_accuracy_value', 'NONE');
#1210 = VECTOR ( 'NONE', #1988, 1000.000000000000000 ) ;
#1211 = DIRECTION ( 'NONE',  ( 0.9659258262890673100, -0.2588190451025243500, 0.0000000000000000000 ) ) ;
#1212 = VERTEX_POINT ( 'NONE', #9108 ) ;
#1213 = DIRECTION ( 'NONE',  ( -0.0000000000000000000, -0.0000000000000000000, -1.000000000000000000 ) ) ;
#1214 = EDGE_CURVE ( 'NONE', #4893, #1874, #9428, .T. ) ;
#1215 = AXIS2_PLACEMENT_3D ( 'NONE', #4128, #1117, #7386 ) ;
#1216 = EDGE_CURVE ( 'NONE', #2247, #5645, #2182, .T. ) ;
#1217 = VECTOR ( 'NONE', #4695, 1000.000000000000000 ) ;
#1218 = VERTEX_POINT ( 'NONE', #5155 ) ;
#1219 = ORIENTED_EDGE ( 'NONE', *, *, #9749, .T. ) ;
#1220 = EDGE_CURVE ( 'NONE', #2303, #4677, #1114, .T. ) ;
#1221 = EDGE_CURVE ( 'NONE', #5014, #6175, #7478, .T. ) ;
#1222 = DIRECTION ( 'NONE',  ( 0.9975640502598247500, -0.06975647374411816900, 0.0000000000000000000 ) ) ;
#1223 = DIRECTION ( 'NONE',  ( 1.000000000000000000, 0.0000000000000000000, 0.0000000000000000000 ) ) ;
#1224 = VECTOR ( 'NONE', #2112, 1000.000000000000000 ) ;
#1225 = DIRECTION ( 'NONE',  ( -0.0000000000000000000, -0.0000000000000000000, -1.000000000000000000 ) ) ;
#1226 = ORIENTED_EDGE ( 'NONE', *, *, #6541, .F. ) ;
#1227 = FACE_OUTER_BOUND ( 'NONE', #8191, .T. ) ;
#1228 = DIRECTION ( 'NONE',  ( -1.000000000000000000, 0.0000000000000000000, 0.0000000000000000000 ) ) ;
#1229 = CARTESIAN_POINT ( 'NONE',  ( 3.759999999999999300, 1.200000000000000200, -1.689999999999999700 ) ) ;
#1230 = PLANE ( 'NONE',  #296 ) ;
#1231 = VERTEX_POINT ( 'NONE', #2011 ) ;
#1232 = ORIENTED_EDGE ( 'NONE', *, *, #418, .T. ) ;
#1233 = EDGE_LOOP ( 'NONE', ( #3646, #4288, #9393, #3923 ) ) ;
#1234 = LINE ( 'NONE', #6466, #3792 ) ;
#1235 = COLOUR_RGB ( '',0.7921568627450980000, 0.8196078431372548800, 0.9333333333333333500 ) ;
#1236 = EDGE_CURVE ( 'NONE', #5807, #4629, #4401, .T. ) ;
#1237 = ADVANCED_FACE ( 'NONE', ( #2300 ), #1238, .T. ) ;
#1238 = PLANE ( 'NONE',  #8548 ) ;
#1239 = CARTESIAN_POINT ( 'NONE',  ( 5.202500000000000600, 0.2493910125649557200, -0.8499999999999992000 ) ) ;
#1240 = PLANE ( 'NONE',  #1618 ) ;
#1241 = ORIENTED_EDGE ( 'NONE', *, *, #386, .T. ) ;
#1242 = VERTEX_POINT ( 'NONE', #2900 ) ;
#1243 = ORIENTED_EDGE ( 'NONE', *, *, #4919, .F. ) ;
#1244 = LINE ( 'NONE', #9838, #3076 ) ;
#1245 = VERTEX_POINT ( 'NONE', #9167 ) ;
#1246 = ORIENTED_EDGE ( 'NONE', *, *, #941, .F. ) ;
#1247 = AXIS2_PLACEMENT_3D ( 'NONE', #7244, #3424, #1928 ) ;
#1248 = ORIENTED_EDGE ( 'NONE', *, *, #1134, .T. ) ;
#1249 = FACE_OUTER_BOUND ( 'NONE', #7285, .T. ) ;
#1250 = VECTOR ( 'NONE', #3446, 1000.000000000000000 ) ;
#1251 = DIRECTION ( 'NONE',  ( -0.9975640502598247500, -0.06975647374411807200, 0.0000000000000000000 ) ) ;
#1252 = VECTOR ( 'NONE', #4104, 1000.000000000000000 ) ;
#1253 = PLANE ( 'NONE',  #4887 ) ;
#1254 = VERTEX_POINT ( 'NONE', #5295 ) ;
#1255 = DIRECTION ( 'NONE',  ( -1.000000000000000000, 0.0000000000000000000, 0.0000000000000000000 ) ) ;
#1256 = EDGE_LOOP ( 'NONE', ( #681, #1389, #4734, #5618, #1560, #6089, #9156, #3788, #3962, #10053, #4528, #6823 ) ) ;
#1257 = ORIENTED_EDGE ( 'NONE', *, *, #1033, .T. ) ;
#1258 = LINE ( 'NONE', #322, #9602 ) ;
#1259 = ORIENTED_EDGE ( 'NONE', *, *, #6064, .T. ) ;
#1260 = VECTOR ( 'NONE', #6720, 1000.000000000000000 ) ;
#1261 = EDGE_CURVE ( 'NONE', #5607, #6072, #6981, .T. ) ;
#1262 = VECTOR ( 'NONE', #5181, 1000.000000000000000 ) ;
#1263 = DIRECTION ( 'NONE',  ( 0.9659258262890683100, 0.2588190451025207900, -0.0000000000000000000 ) ) ;
#1264 = AXIS2_PLACEMENT_3D ( 'NONE', #5870, #9891, #6840 ) ;
#1265 = ORIENTED_EDGE ( 'NONE', *, *, #5853, .F. ) ;
#1266 = EDGE_LOOP ( 'NONE', ( #3064, #4081, #5022, #6348 ) ) ;
#1267 = FACE_OUTER_BOUND ( 'NONE', #164, .T. ) ;
#1268 = ORIENTED_EDGE ( 'NONE', *, *, #2013, .T. ) ;
#1269 = CARTESIAN_POINT ( 'NONE',  ( -3.759999999999999300, 1.450000000000000400, -2.119999999999999700 ) ) ;
#1270 = LINE ( 'NONE', #7989, #8387 ) ;
#1271 = DIRECTION ( 'NONE',  ( -0.0000000000000000000, -0.0000000000000000000, -1.000000000000000000 ) ) ;
#1272 = VERTEX_POINT ( 'NONE', #4486 ) ;
#1273 = CARTESIAN_POINT ( 'NONE',  ( -4.608981456572268900, 0.3147047612756303000, -0.4199999999999993700 ) ) ;
#1274 = EDGE_CURVE ( 'NONE', #5008, #1814, #4646, .T. ) ;
#1275 = FACE_OUTER_BOUND ( 'NONE', #9077, .T. ) ;
#1276 = LINE ( 'NONE', #4667, #3972 ) ;
#1277 = EDGE_CURVE ( 'NONE', #5985, #7049, #6129, .T. ) ;
#1278 = LINE ( 'NONE', #9186, #4235 ) ;
#1279 = CARTESIAN_POINT ( 'NONE',  ( -4.085923696263362700, 1.164780893477695100, -5.500000000000000000 ) ) ;
#1280 = DIRECTION ( 'NONE',  ( -0.9659258262890683100, 0.2588190451025207900, 0.0000000000000000000 ) ) ;
#1281 = ADVANCED_FACE ( 'NONE', ( #609 ), #9296, .F. ) ;
#1282 = EDGE_LOOP ( 'NONE', ( #8662, #9927, #5627, #4790, #5592, #831, #6302, #6112, #5959, #5389, #1666, #8251 ) ) ;
#1283 = CARTESIAN_POINT ( 'NONE',  ( -4.085923696263362700, 1.200000000000000400, 5.500000000000001800 ) ) ;
#1284 = CARTESIAN_POINT ( 'NONE',  ( 4.640543740461574800, 0.2886868222461744800, 4.230000000000001300 ) ) ;
#1285 = DIRECTION ( 'NONE',  ( -0.0000000000000000000, -0.0000000000000000000, -1.000000000000000000 ) ) ;
#1286 = CARTESIAN_POINT ( 'NONE',  ( 4.085923696263362700, 1.164780893477695100, -5.500000000000000000 ) ) ;
#1287 = VECTOR ( 'NONE', #7672, 1000.000000000000000 ) ;
#1288 = CARTESIAN_POINT ( 'NONE',  ( -4.085923696263362700, 1.164780893477695100, -4.229999999999999500 ) ) ;
#1289 = ORIENTED_EDGE ( 'NONE', *, *, #5773, .T. ) ;
#1290 = AXIS2_PLACEMENT_3D ( 'NONE', #5991, #527, #2152 ) ;
#1291 = FACE_OUTER_BOUND ( 'NONE', #4059, .T. ) ;
#1292 = CARTESIAN_POINT ( 'NONE',  ( 3.759999999999999300, 1.200000000000000200, -5.500000000000000000 ) ) ;
#1293 = CARTESIAN_POINT ( 'NONE',  ( 4.361424197404351100, 1.238601030272792600, 4.230000000000001300 ) ) ;
#1294 = AXIS2_PLACEMENT_3D ( 'NONE', #9510, #2485, #8730 ) ;
#1295 = EDGE_CURVE ( 'NONE', #5350, #5008, #4904, .T. ) ;
#1296 = DIRECTION ( 'NONE',  ( 1.000000000000000000, 6.653104299660446400E-016, 0.0000000000000000000 ) ) ;
#1297 = VERTEX_POINT ( 'NONE', #3637 ) ;
#1298 = DIRECTION ( 'NONE',  ( 0.9975640502598248600, 0.06975647374411747500, -0.0000000000000000000 ) ) ;
#1299 = FACE_OUTER_BOUND ( 'NONE', #6917, .T. ) ;
#1300 = PLANE ( 'NONE',  #6047 ) ;
#1301 = ORIENTED_EDGE ( 'NONE', *, *, #1706, .F. ) ;
#1302 = EDGE_CURVE ( 'NONE', #328, #1526, #2561, .T. ) ;
#1303 = ORIENTED_EDGE ( 'NONE', *, *, #2755, .T. ) ;
#1304 = DIRECTION ( 'NONE',  ( 6.653104299660446400E-016, 1.000000000000000000, -0.0000000000000000000 ) ) ;
#1305 = VECTOR ( 'NONE', #5668, 1000.000000000000000 ) ;
#1306 = AXIS2_PLACEMENT_3D ( 'NONE', #4160, #5037, #2621 ) ;
#1307 = VERTEX_POINT ( 'NONE', #2071 ) ;
#1308 = EDGE_LOOP ( 'NONE', ( #6921, #3843, #131, #6773 ) ) ;
#1309 = VERTEX_POINT ( 'NONE', #6957 ) ;
#1310 = VERTEX_POINT ( 'NONE', #2275 ) ;
#1311 = AXIS2_PLACEMENT_3D ( 'NONE', #5671, #958, #7301 ) ;
#1312 = ADVANCED_FACE ( 'NONE', ( #8700 ), #6207, .F. ) ;
#1313 = EDGE_CURVE ( 'NONE', #22, #2584, #6736, .T. ) ;
#1314 = DIRECTION ( 'NONE',  ( 0.0000000000000000000, -0.0000000000000000000, -1.000000000000000000 ) ) ;
#1315 = VERTEX_POINT ( 'NONE', #9345 ) ;
#1316 = EDGE_CURVE ( 'NONE', #673, #4194, #9180, .T. ) ;
#1317 = AXIS2_PLACEMENT_3D ( 'NONE', #2074, #8343, #5300 ) ;
#1318 = DIRECTION ( 'NONE',  ( -1.000000000000000000, 6.653104299660455300E-016, -0.0000000000000000000 ) ) ;
#1319 = CARTESIAN_POINT ( 'NONE',  ( -3.759999999999999300, 1.450000000000000400, -1.689999999999999700 ) ) ;
#1320 = UNCERTAINTY_MEASURE_WITH_UNIT (LENGTH_MEASURE( 1.000000000000000100E-005 ), #4052, 'distance_accuracy_value', 'NONE');
#1321 = CYLINDRICAL_SURFACE ( 'NONE', #10099, 0.2852191065223054800 ) ;
#1322 = ORIENTED_EDGE ( 'NONE', *, *, #4439, .T. ) ;
#1323 = ADVANCED_FACE ( 'NONE', ( #482 ), #4622, .F. ) ;
#1324 = PLANE ( 'NONE',  #6243 ) ;
#1325 = EDGE_CURVE ( 'NONE', #290, #6616, #2928, .T. ) ;
#1326 = VECTOR ( 'NONE', #9986, 1000.000000000000100 ) ;
#1327 = DIRECTION ( 'NONE',  ( -0.0000000000000000000, -0.0000000000000000000, -1.000000000000000000 ) ) ;
#1328 = AXIS2_PLACEMENT_3D ( 'NONE', #365, #3361, #7417 ) ;
#1329 = PRESENTATION_STYLE_ASSIGNMENT (( #1842 ) ) ;
#1330 = DIRECTION ( 'NONE',  ( -1.000000000000000000, 0.0000000000000000000, 0.0000000000000000000 ) ) ;
#1331 = EDGE_CURVE ( 'NONE', #9881, #8701, #7363, .T. ) ;
#1332 = VERTEX_POINT ( 'NONE', #7707 ) ;
#1333 = FACE_OUTER_BOUND ( 'NONE', #9193, .T. ) ;
#1334 = ORIENTED_EDGE ( 'NONE', *, *, #7393, .T. ) ;
#1335 = VERTEX_POINT ( 'NONE', #10025 ) ;
#1336 = VECTOR ( 'NONE', #1495, 1000.000000000000000 ) ;
#1337 = CIRCLE ( 'NONE', #1679, 0.03521910652230526200 ) ;
#1338 = DIRECTION ( 'NONE',  ( 1.000000000000000000, 0.0000000000000000000, 0.0000000000000000000 ) ) ;
#1339 = CARTESIAN_POINT ( 'NONE',  ( -4.367500000000000600, 0.2500000000000000000, -4.229999999999999500 ) ) ;
#1340 = ORIENTED_EDGE ( 'NONE', *, *, #4566, .T. ) ;
#1341 = LINE ( 'NONE', #6370, #9431 ) ;
#1342 = CARTESIAN_POINT ( 'NONE',  ( -4.119942740832083700, 1.173896268997162200, -5.500000000000000000 ) ) ;
#1343 = AXIS2_PLACEMENT_3D ( 'NONE', #1609, #9556, #4881 ) ;
#1344 = EDGE_CURVE ( 'NONE', #10032, #7572, #6864, .T. ) ;
#1345 = CARTESIAN_POINT ( 'NONE',  ( 4.085923696263362700, 1.200000000000000600, -3.389999999999999200 ) ) ;
#1346 = ORIENTED_EDGE ( 'NONE', *, *, #2370, .T. ) ;
#1347 = EDGE_LOOP ( 'NONE', ( #7179, #6877, #9344, #5806 ) ) ;
#1348 = ORIENTED_EDGE ( 'NONE', *, *, #6148, .F. ) ;
#1349 = PLANE ( 'NONE',  #1772 ) ;
#1350 = CARTESIAN_POINT ( 'NONE',  ( 4.085923696263362700, 1.164780893477695100, 5.500000000000001800 ) ) ;
#1351 = CYLINDRICAL_SURFACE ( 'NONE', #7229, 0.03521910652230526200 ) ;
#1352 = LINE ( 'NONE', #4127, #3312 ) ;
#1353 = ORIENTED_EDGE ( 'NONE', *, *, #9247, .F. ) ;
#1354 = ORIENTED_EDGE ( 'NONE', *, *, #1706, .T. ) ;
#1355 = ORIENTED_EDGE ( 'NONE', *, *, #5107, .T. ) ;
#1356 = EDGE_CURVE ( 'NONE', #5126, #4602, #10026, .T. ) ;
#1357 = VERTEX_POINT ( 'NONE', #3081 ) ;
#1358 = VECTOR ( 'NONE', #6335, 1000.000000000000000 ) ;
#1359 = CIRCLE ( 'NONE', #1448, 0.03521910652230526200 ) ;
#1360 = CARTESIAN_POINT ( 'NONE',  ( 4.119942740832083700, 1.173896268997162200, -5.929999999999999700 ) ) ;
#1361 = LINE ( 'NONE', #2852, #4804 ) ;
#1362 = ADVANCED_FACE ( 'NONE', ( #7708 ), #5279, .F. ) ;
#1363 = DIRECTION ( 'NONE',  ( -0.0000000000000000000, -0.0000000000000000000, -1.000000000000000000 ) ) ;
#1364 =( LENGTH_UNIT ( ) NAMED_UNIT ( * ) SI_UNIT ( .MILLI., .METRE. ) );
#1365 = EDGE_LOOP ( 'NONE', ( #8558, #2974, #9699, #449 ) ) ;
#1366 = VERTEX_POINT ( 'NONE', #4653 ) ;
#1367 = DIRECTION ( 'NONE',  ( 0.9975640502598247500, 0.06975647374411807200, 0.0000000000000000000 ) ) ;
#1368 = ORIENTED_EDGE ( 'NONE', *, *, #3316, .T. ) ;
#1369 = VECTOR ( 'NONE', #2975, 1000.000000000000000 ) ;
#1370 = LINE ( 'NONE', #7223, #3691 ) ;
#1371 = AXIS2_PLACEMENT_3D ( 'NONE', #1111, #360, #7378 ) ;
#1372 = CARTESIAN_POINT ( 'NONE',  ( -3.759999999999999300, 1.200000000000000200, -4.659999999999999300 ) ) ;
#1373 = DIRECTION ( 'NONE',  ( -0.0000000000000000000, -0.0000000000000000000, -1.000000000000000000 ) ) ;
#1374 = CARTESIAN_POINT ( 'NONE',  ( 0.4299999999999998300, 0.1000000000000002600, 1.784999999999999700 ) ) ;
#1375 = EDGE_CURVE ( 'NONE', #8586, #6327, #3159, .T. ) ;
#1376 = VERTEX_POINT ( 'NONE', #2976 ) ;
#1377 = AXIS2_PLACEMENT_3D ( 'NONE', #6158, #2919, #1442 ) ;
#1378 = ADVANCED_FACE ( 'NONE', ( #7467 ), #9303, .F. ) ;
#1379 = VECTOR ( 'NONE', #6904, 1000.000000000000000 ) ;
#1380 = ORIENTED_EDGE ( 'NONE', *, *, #623, .T. ) ;
#1381 = LINE ( 'NONE', #8076, #58 ) ;
#1382 = DIRECTION ( 'NONE',  ( -4.170008355713481600E-016, -0.0000000000000000000, 1.000000000000000000 ) ) ;
#1383 = FILL_AREA_STYLE ('',( #6874 ) ) ;
#1384 = LINE ( 'NONE', #7194, #3579 ) ;
#1385 = CARTESIAN_POINT ( 'NONE',  ( -4.119942740832083700, 1.173896268997162200, 0.4200000000000010900 ) ) ;
#1386 = CARTESIAN_POINT ( 'NONE',  ( -4.623104622025544500, 0.03929580968121807600, -5.929999999999999700 ) ) ;
#1387 = DIRECTION ( 'NONE',  ( -0.0000000000000000000, -0.0000000000000000000, -1.000000000000000000 ) ) ;
#1388 = DIRECTION ( 'NONE',  ( -1.000000000000000000, 0.0000000000000000000, 0.0000000000000000000 ) ) ;
#1389 = ORIENTED_EDGE ( 'NONE', *, *, #1158, .T. ) ;
#1390 = EDGE_LOOP ( 'NONE', ( #7588, #1148, #9042, #7365 ) ) ;
#1391 = DIRECTION ( 'NONE',  ( 1.000000000000000000, 0.0000000000000000000, 0.0000000000000000000 ) ) ;
#1392 = AXIS2_PLACEMENT_3D ( 'NONE', #415, #4351, #5910 ) ;
#1393 = LINE ( 'NONE', #5721, #9482 ) ;
#1394 = ORIENTED_EDGE ( 'NONE', *, *, #8175, .T. ) ;
#1395 = EDGE_CURVE ( 'NONE', #5888, #7873, #9416, .T. ) ;
#1396 = VECTOR ( 'NONE', #2813, 1000.000000000000000 ) ;
#1397 = SURFACE_STYLE_USAGE ( .BOTH. , #8305 ) ;
#1398 = EDGE_LOOP ( 'NONE', ( #3530, #5880, #7968, #9341 ) ) ;
#1399 = CARTESIAN_POINT ( 'NONE',  ( 1.174999999999999600, 0.0000000000000000000, -1.655000000000000200 ) ) ;
#1400 = CARTESIAN_POINT ( 'NONE',  ( 4.085923696263362700, 1.200000000000000600, -0.8499999999999992000 ) ) ;
#1401 = CARTESIAN_POINT ( 'NONE',  ( -4.640543740461573900, 0.2886868222461744200, 4.230000000000001300 ) ) ;
#1402 = LINE ( 'NONE', #8309, #9126 ) ;
#1403 = CARTESIAN_POINT ( 'NONE',  ( 4.361424197404351100, 1.238601030272792600, -5.500000000000000000 ) ) ;
#1404 = LINE ( 'NONE', #6133, #9739 ) ;
#1405 = DIRECTION ( 'NONE',  ( -0.0000000000000000000, -0.0000000000000000000, -1.000000000000000000 ) ) ;
#1406 = EDGE_CURVE ( 'NONE', #4677, #3634, #2921, .T. ) ;
#1407 = ORIENTED_EDGE ( 'NONE', *, *, #484, .T. ) ;
#1408 = EDGE_CURVE ( 'NONE', #952, #9524, #3524, .T. ) ;
#1409 = DIRECTION ( 'NONE',  ( 1.000000000000000000, 0.0000000000000000000, 0.0000000000000000000 ) ) ;
#1410 = DIRECTION ( 'NONE',  ( 0.0000000000000000000, 0.0000000000000000000, 1.000000000000000000 ) ) ;
#1411 = ORIENTED_EDGE ( 'NONE', *, *, #9400, .F. ) ;
#1412 = CARTESIAN_POINT ( 'NONE',  ( 4.085923696263362700, 1.164780893477695100, 4.660000000000001000 ) ) ;
#1413 = LINE ( 'NONE', #8894, #688 ) ;
#1414 = ADVANCED_FACE ( 'NONE', ( #1444 ), #6137, .F. ) ;
#1415 = DIRECTION ( 'NONE',  ( -1.000000000000000000, 6.653104299660455300E-016, -0.0000000000000000000 ) ) ;
#1416 = VERTEX_POINT ( 'NONE', #1400 ) ;
#1417 = DIRECTION ( 'NONE',  ( 1.000000000000000000, 0.0000000000000000000, -0.0000000000000000000 ) ) ;
#1418 = AXIS2_PLACEMENT_3D ( 'NONE', #3616, #5927, #3795 ) ;
#1419 = EDGE_LOOP ( 'NONE', ( #3791, #2779, #262, #5704, #5604, #361, #3263, #1537, #10066, #9776, #7390, #1078 ) ) ;
#1420 = EDGE_CURVE ( 'NONE', #4494, #6230, #7837, .T. ) ;
#1421 = VECTOR ( 'NONE', #3109, 1000.000000000000000 ) ;
#1422 = CARTESIAN_POINT ( 'NONE',  ( 4.085923696263362700, 1.164780893477695100, -4.659999999999999300 ) ) ;
#1423 = ORIENTED_EDGE ( 'NONE', *, *, #3582, .T. ) ;
#1424 = EDGE_LOOP ( 'NONE', ( #8415, #9002, #7579, #6380 ) ) ;
#1425 = ORIENTED_EDGE ( 'NONE', *, *, #3916, .T. ) ;
#1426 = CARTESIAN_POINT ( 'NONE',  ( -0.4300000000000000500, 0.1000000000000000100, 1.784999999999999700 ) ) ;
#1427 = ORIENTED_EDGE ( 'NONE', *, *, #6303, .T. ) ;
#1428 = CIRCLE ( 'NONE', #7485, 0.03521910652230526200 ) ;
#1429 = CARTESIAN_POINT ( 'NONE',  ( 4.640543740461574800, 0.2886868222461744800, 5.930000000000001500 ) ) ;
#1430 = DIRECTION ( 'NONE',  ( -0.06975647374411816900, 0.9975640502598247500, 0.0000000000000000000 ) ) ;
#1431 = ORIENTED_EDGE ( 'NONE', *, *, #3213, .T. ) ;
#1432 = AXIS2_PLACEMENT_3D ( 'NONE', #9968, #5272, #1338 ) ;
#1433 = ORIENTED_EDGE ( 'NONE', *, *, #601, .F. ) ;
#1434 = CARTESIAN_POINT ( 'NONE',  ( -4.643000501140988900, 0.3238201367950973600, -2.119999999999999700 ) ) ;
#1435 = CARTESIAN_POINT ( 'NONE',  ( 4.367500000000000600, 0.2500000000000000600, 2.120000000000000600 ) ) ;
#1436 = AXIS2_PLACEMENT_3D ( 'NONE', #3469, #2002, #345 ) ;
#1437 = EDGE_LOOP ( 'NONE', ( #3648, #6883, #2166, #2859, #3997, #6261, #2144, #5474, #4865, #1446, #2750, #9203 ) ) ;
#1438 = FACE_OUTER_BOUND ( 'NONE', #5047, .T. ) ;
#1439 = DIRECTION ( 'NONE',  ( -0.0000000000000000000, -0.0000000000000000000, -1.000000000000000000 ) ) ;
#1440 = ORIENTED_EDGE ( 'NONE', *, *, #4050, .T. ) ;
#1441 = ORIENTED_EDGE ( 'NONE', *, *, #9678, .T. ) ;
#1442 = DIRECTION ( 'NONE',  ( -0.9975640502598247500, 0.06975647374411816900, 0.0000000000000000000 ) ) ;
#1443 = EDGE_CURVE ( 'NONE', #4095, #3599, #6122, .T. ) ;
#1444 = FACE_OUTER_BOUND ( 'NONE', #7408, .T. ) ;
#1445 = CARTESIAN_POINT ( 'NONE',  ( -4.085923696263362700, 1.164780893477695100, -5.929999999999999700 ) ) ;
#1446 = ORIENTED_EDGE ( 'NONE', *, *, #7918, .F. ) ;
#1447 = DIRECTION ( 'NONE',  ( -1.000000000000000000, 0.0000000000000000000, 0.0000000000000000000 ) ) ;
#1448 = AXIS2_PLACEMENT_3D ( 'NONE', #1162, #3732, #4252 ) ;
#1449 = PLANE ( 'NONE',  #76 ) ;
#1450 = VERTEX_POINT ( 'NONE', #7847 ) ;
#1451 = DIRECTION ( 'NONE',  ( 0.06975647374411768400, 0.9975640502598248600, -0.0000000000000000000 ) ) ;
#1452 = EDGE_LOOP ( 'NONE', ( #8899, #10140, #4068, #7763 ) ) ;
#1453 = VECTOR ( 'NONE', #1855, 1000.000000000000000 ) ;
#1454 = DIRECTION ( 'NONE',  ( -0.9975640502598246400, 0.06975647374411952900, -0.0000000000000000000 ) ) ;
#1455 = DIRECTION ( 'NONE',  ( -0.0000000000000000000, -0.0000000000000000000, -1.000000000000000000 ) ) ;
#1456 = ORIENTED_EDGE ( 'NONE', *, *, #6742, .F. ) ;
#1457 = CYLINDRICAL_SURFACE ( 'NONE', #754, 0.03521910652230526200 ) ;
#1458 = CARTESIAN_POINT ( 'NONE',  ( 4.623104622025544500, 0.03929580968121807600, -0.4199999999999993700 ) ) ;
#1459 = DIRECTION ( 'NONE',  ( -0.06975647374411746100, 0.9975640502598247500, 0.0000000000000000000 ) ) ;
#1460 = ADVANCED_FACE ( 'NONE', ( #4516 ), #7947, .T. ) ;
#1461 = EDGE_CURVE ( 'NONE', #2378, #8838, #3406, .T. ) ;
#1462 = CARTESIAN_POINT ( 'NONE',  ( -3.759999999999999300, 1.200000000000000200, 2.120000000000000600 ) ) ;
#1463 = VERTEX_POINT ( 'NONE', #9441 ) ;
#1464 = EDGE_LOOP ( 'NONE', ( #1857, #7637, #7613, #4680 ) ) ;
#1465 = EDGE_CURVE ( 'NONE', #8451, #9358, #1102, .T. ) ;
#1466 = DIRECTION ( 'NONE',  ( 0.9975640502598247500, 0.06975647374411807200, 0.0000000000000000000 ) ) ;
#1467 = FACE_OUTER_BOUND ( 'NONE', #3460, .T. ) ;
#1468 = LINE ( 'NONE', #9694, #6641 ) ;
#1469 = DIRECTION ( 'NONE',  ( -0.2588190451025243500, -0.9659258262890673100, 0.0000000000000000000 ) ) ;
#1470 = DIRECTION ( 'NONE',  ( -2.306813132947881000E-016, 0.0000000000000000000, -1.000000000000000000 ) ) ;
#1471 = CARTESIAN_POINT ( 'NONE',  ( -3.759999999999999300, 1.450000000000000400, 2.960000000000000900 ) ) ;
#1472 = ORIENTED_EDGE ( 'NONE', *, *, #1760, .F. ) ;
#1473 = AXIS2_PLACEMENT_3D ( 'NONE', #5492, #7866, #7829 ) ;
#1474 = ORIENTED_EDGE ( 'NONE', *, *, #9646, .F. ) ;
#1475 = LINE ( 'NONE', #7531, #8974 ) ;
#1476 = EDGE_CURVE ( 'NONE', #5642, #9330, #5646, .T. ) ;
#1477 = ADVANCED_FACE ( 'NONE', ( #6623 ), #8729, .F. ) ;
#1478 = PRESENTATION_STYLE_ASSIGNMENT (( #121 ) ) ;
#1479 = DIRECTION ( 'NONE',  ( -1.000000000000000000, 0.0000000000000000000, 0.0000000000000000000 ) ) ;
#1480 = CARTESIAN_POINT ( 'NONE',  ( 4.643000501140988900, 0.3238201367950973600, -5.929999999999999700 ) ) ;
#1481 = CARTESIAN_POINT ( 'NONE',  ( -4.361424197404348400, 1.238601030272792100, 0.8500000000000009800 ) ) ;
#1482 = CARTESIAN_POINT ( 'NONE',  ( 5.202500000000000600, 0.2493910125649557200, -0.4199999999999993700 ) ) ;
#1483 = EDGE_LOOP ( 'NONE', ( #5248, #4367 ) ) ;
#1484 = ORIENTED_EDGE ( 'NONE', *, *, #5881, .T. ) ;
#1485 = VECTOR ( 'NONE', #5441, 1000.000000000000000 ) ;
#1486 = LINE ( 'NONE', #4183, #2467 ) ;
#1487 = LINE ( 'NONE', #4931, #8735 ) ;
#1488 = AXIS2_PLACEMENT_3D ( 'NONE', #8588, #2994, #1447 ) ;
#1489 = ORIENTED_EDGE ( 'NONE', *, *, #8252, .T. ) ;
#1490 = ORIENTED_EDGE ( 'NONE', *, *, #5547, .F. ) ;
#1491 = ORIENTED_EDGE ( 'NONE', *, *, #865, .T. ) ;
#1492 = VECTOR ( 'NONE', #4480, 1000.000000000000000 ) ;
#1493 = ORIENTED_EDGE ( 'NONE', *, *, #900, .T. ) ;
#1494 = DIRECTION ( 'NONE',  ( -1.000000000000000000, 0.0000000000000000000, 0.0000000000000000000 ) ) ;
#1495 = DIRECTION ( 'NONE',  ( -1.000000000000000000, 6.653104299660455300E-016, -0.0000000000000000000 ) ) ;
#1496 = ORIENTED_EDGE ( 'NONE', *, *, #6398, .F. ) ;
#1497 = VECTOR ( 'NONE', #9490, 1000.000000000000000 ) ;
#1498 = DIRECTION ( 'NONE',  ( -0.0000000000000000000, -0.0000000000000000000, -1.000000000000000000 ) ) ;
#1499 = VERTEX_POINT ( 'NONE', #7057 ) ;
#1500 = LINE ( 'NONE', #1627, #5102 ) ;
#1501 = ORIENTED_EDGE ( 'NONE', *, *, #10125, .T. ) ;
#1502 = CARTESIAN_POINT ( 'NONE',  ( 4.085923696263362700, 1.200000000000000600, -5.929999999999999700 ) ) ;
#1503 = FACE_OUTER_BOUND ( 'NONE', #3438, .T. ) ;
#1504 = AXIS2_PLACEMENT_3D ( 'NONE', #9880, #8282, #6786 ) ;
#1505 = LINE ( 'NONE', #1149, #9355 ) ;
#1506 = DIRECTION ( 'NONE',  ( 0.0000000000000000000, 1.000000000000000000, 0.0000000000000000000 ) ) ;
#1507 = EDGE_CURVE ( 'NONE', #5322, #4393, #2416, .T. ) ;
#1508 = DIRECTION ( 'NONE',  ( -0.0000000000000000000, -0.0000000000000000000, -1.000000000000000000 ) ) ;
#1509 = ADVANCED_FACE ( 'NONE', ( #4023 ), #3638, .T. ) ;
#1510 = DIRECTION ( 'NONE',  ( 0.0000000000000000000, 0.0000000000000000000, 1.000000000000000000 ) ) ;
#1511 = VECTOR ( 'NONE', #6999, 1000.000000000000000 ) ;
#1512 = LINE ( 'NONE', #10142, #9363 ) ;
#1513 = DIRECTION ( 'NONE',  ( -0.2588190451025207900, -0.9659258262890683100, 0.0000000000000000000 ) ) ;
#1514 = LINE ( 'NONE', #8813, #1617 ) ;
#1515 = DIRECTION ( 'NONE',  ( -0.0000000000000000000, 0.0000000000000000000, -1.000000000000000000 ) ) ;
#1516 = PLANE ( 'NONE',  #4650 ) ;
#1517 = CARTESIAN_POINT ( 'NONE',  ( 3.759999999999999800, 1.450000000000000200, 1.690000000000000600 ) ) ;
#1518 =( NAMED_UNIT ( * ) PLANE_ANGLE_UNIT ( ) SI_UNIT ( $, .RADIAN. ) );
#1519 = PRESENTATION_LAYER_ASSIGNMENT (  '', '', ( #6848 ) ) ;
#1520 = VERTEX_POINT ( 'NONE', #7158 ) ;
#1521 = ORIENTED_EDGE ( 'NONE', *, *, #3947, .T. ) ;
#1522 = EDGE_CURVE ( 'NONE', #8118, #10009, #5529, .T. ) ;
#1523 =( GEOMETRIC_REPRESENTATION_CONTEXT ( 3 ) GLOBAL_UNCERTAINTY_ASSIGNED_CONTEXT ( ( #8197 ) ) GLOBAL_UNIT_ASSIGNED_CONTEXT ( ( #2425, #4014, #9495 ) ) REPRESENTATION_CONTEXT ( 'NONE', 'WORKASPACE' ) );
#1524 = VECTOR ( 'NONE', #3946, 1000.000000000000000 ) ;
#1525 = EDGE_CURVE ( 'NONE', #5747, #1272, #1680, .T. ) ;
#1526 = VERTEX_POINT ( 'NONE', #7 ) ;
#1527 = CYLINDRICAL_SURFACE ( 'NONE', #1825, 0.03521910652230526200 ) ;
#1528 = ADVANCED_FACE ( 'NONE', ( #8941 ), #7887, .T. ) ;
#1529 = CARTESIAN_POINT ( 'NONE',  ( -4.623104622025544500, 0.03929580968121797200, 2.120000000000000600 ) ) ;
#1530 = CARTESIAN_POINT ( 'NONE',  ( 4.119942740832083700, 1.173896268997162200, -1.689999999999999700 ) ) ;
#1531 = ORIENTED_EDGE ( 'NONE', *, *, #3819, .T. ) ;
#1532 = CARTESIAN_POINT ( 'NONE',  ( 5.185060881563971200, -2.641625050904819800E-019, -2.959999999999999500 ) ) ;
#1533 = FACE_OUTER_BOUND ( 'NONE', #4669, .T. ) ;
#1534 = AXIS2_PLACEMENT_3D ( 'NONE', #480, #1213, #1921 ) ;
#1535 = EDGE_CURVE ( 'NONE', #5463, #7594, #7958, .T. ) ;
#1536 = VERTEX_POINT ( 'NONE', #8637 ) ;
#1537 = ORIENTED_EDGE ( 'NONE', *, *, #6132, .T. ) ;
#1538 = LINE ( 'NONE', #1963, #6097 ) ;
#1539 = CARTESIAN_POINT ( 'NONE',  ( 1.174999999999999600, 0.1000000000000000100, 1.654999999999999800 ) ) ;
#1540 = CARTESIAN_POINT ( 'NONE',  ( -4.367500000000000600, 0.2500000000000000000, -2.959999999999999500 ) ) ;
#1541 = ORIENTED_EDGE ( 'NONE', *, *, #5453, .F. ) ;
#1542 = EDGE_CURVE ( 'NONE', #8845, #4195, #366, .T. ) ;
#1543 = CARTESIAN_POINT ( 'NONE',  ( -4.085923696263362700, 1.164780893477695100, -5.500000000000000000 ) ) ;
#1544 = EDGE_LOOP ( 'NONE', ( #9752, #391, #3615, #8323 ) ) ;
#1545 = EDGE_CURVE ( 'NONE', #7245, #290, #7585, .T. ) ;
#1546 = ORIENTED_EDGE ( 'NONE', *, *, #5430, .F. ) ;
#1547 = SURFACE_STYLE_FILL_AREA ( #3116 ) ;
#1548 = ORIENTED_EDGE ( 'NONE', *, *, #6545, .F. ) ;
#1549 = ORIENTED_EDGE ( 'NONE', *, *, #5825, .F. ) ;
#1550 = DIRECTION ( 'NONE',  ( -1.000000000000000000, 6.653104299660455300E-016, -0.0000000000000000000 ) ) ;
#1551 = AXIS2_PLACEMENT_3D ( 'NONE', #3824, #10094, #3338 ) ;
#1552 = DIRECTION ( 'NONE',  ( 1.000000000000000000, 0.0000000000000000000, 4.170008355713482100E-016 ) ) ;
#1553 = LINE ( 'NONE', #946, #1927 ) ;
#1554 = CARTESIAN_POINT ( 'NONE',  ( 3.759999999999999800, 1.450000000000000200, 4.660000000000001000 ) ) ;
#1555 = EDGE_LOOP ( 'NONE', ( #7715, #4632, #3886, #3830 ) ) ;
#1556 = AXIS2_PLACEMENT_3D ( 'NONE', #8615, #6247, #5519 ) ;
#1557 = DIRECTION ( 'NONE',  ( 0.0000000000000000000, 0.0000000000000000000, 1.000000000000000000 ) ) ;
#1558 = EDGE_CURVE ( 'NONE', #2885, #2190, #8443, .T. ) ;
#1559 =( GEOMETRIC_REPRESENTATION_CONTEXT ( 3 ) GLOBAL_UNCERTAINTY_ASSIGNED_CONTEXT ( ( #1320 ) ) GLOBAL_UNIT_ASSIGNED_CONTEXT ( ( #4052, #976, #914 ) ) REPRESENTATION_CONTEXT ( 'NONE', 'WORKASPACE' ) );
#1560 = ORIENTED_EDGE ( 'NONE', *, *, #5547, .T. ) ;
#1561 = MANIFOLD_SOLID_BREP ( 'Cut-Extrude2', #2700 ) ;
#1562 = LINE ( 'NONE', #5741, #2922 ) ;
#1563 = CARTESIAN_POINT ( 'NONE',  ( -2.760000000000000200, 2.649999999999998600, -5.412500000000003200 ) ) ;
#1564 = CARTESIAN_POINT ( 'NONE',  ( -5.185060881563971200, -2.641625050904819800E-019, -2.959999999999999500 ) ) ;
#1565 = VERTEX_POINT ( 'NONE', #7261 ) ;
#1566 = LINE ( 'NONE', #3669, #5416 ) ;
#1567 = ADVANCED_FACE ( 'NONE', ( #4282 ), #1763, .F. ) ;
#1568 = ORIENTED_EDGE ( 'NONE', *, *, #1710, .T. ) ;
#1569 = DIRECTION ( 'NONE',  ( -1.000000000000000000, 0.0000000000000000000, 0.0000000000000000000 ) ) ;
#1570 = CARTESIAN_POINT ( 'NONE',  ( -4.643000501140988900, 0.3238201367950973600, -0.4199999999999993700 ) ) ;
#1571 = AXIS2_PLACEMENT_3D ( 'NONE', #727, #4489, #7675 ) ;
#1572 = ORIENTED_EDGE ( 'NONE', *, *, #6462, .F. ) ;
#1573 = EDGE_LOOP ( 'NONE', ( #3415, #7113, #9948, #1777, #10019, #9503, #643, #6725, #2670, #7750, #5258, #8423 ) ) ;
#1574 = VECTOR ( 'NONE', #6027, 1000.000000000000000 ) ;
#1575 = AXIS2_PLACEMENT_3D ( 'NONE', #497, #6680, #8200 ) ;
#1576 = ORIENTED_EDGE ( 'NONE', *, *, #286, .T. ) ;
#1577 = DIRECTION ( 'NONE',  ( 1.000000000000000000, 0.0000000000000000000, -0.0000000000000000000 ) ) ;
#1578 = ORIENTED_EDGE ( 'NONE', *, *, #2475, .F. ) ;
#1579 = ORIENTED_EDGE ( 'NONE', *, *, #4624, .T. ) ;
#1580 = CARTESIAN_POINT ( 'NONE',  ( -4.361424197404348400, 1.238601030272792100, -5.929999999999999700 ) ) ;
#1581 = CARTESIAN_POINT ( 'NONE',  ( -4.640543740461573900, 0.2886868222461744200, 2.960000000000000900 ) ) ;
#1582 = EDGE_LOOP ( 'NONE', ( #9276, #9761, #8085, #3641 ) ) ;
#1583 = DIRECTION ( 'NONE',  ( -6.653104299660455300E-016, -1.000000000000000000, 0.0000000000000000000 ) ) ;
#1584 = AXIS2_PLACEMENT_3D ( 'NONE', #10119, #3743, #5472 ) ;
#1585 = LINE ( 'NONE', #4700, #6868 ) ;
#1586 = DIRECTION ( 'NONE',  ( -0.0000000000000000000, 0.0000000000000000000, -1.000000000000000000 ) ) ;
#1587 = CIRCLE ( 'NONE', #1215, 0.03521910652230526200 ) ;
#1588 = EDGE_CURVE ( 'NONE', #8564, #5832, #9894, .T. ) ;
#1589 = EDGE_CURVE ( 'NONE', #8528, #701, #116, .T. ) ;
#1590 = ORIENTED_EDGE ( 'NONE', *, *, #6663, .F. ) ;
#1591 = ORIENTED_EDGE ( 'NONE', *, *, #9103, .T. ) ;
#1592 = ORIENTED_EDGE ( 'NONE', *, *, #5228, .T. ) ;
#1593 = DIRECTION ( 'NONE',  ( 1.000000000000000000, 0.0000000000000000000, 0.0000000000000000000 ) ) ;
#1594 = ORIENTED_EDGE ( 'NONE', *, *, #6613, .T. ) ;
#1595 = CYLINDRICAL_SURFACE ( 'NONE', #6376, 0.03521910652230526200 ) ;
#1596 = LINE ( 'NONE', #8350, #8722 ) ;
#1597 = LINE ( 'NONE', #4675, #3088 ) ;
#1598 = CARTESIAN_POINT ( 'NONE',  ( 4.608981456572268000, 0.3147047612756303000, 4.660000000000001000 ) ) ;
#1599 = CARTESIAN_POINT ( 'NONE',  ( 4.640543740461574800, 0.2886868222461744800, -4.659999999999999300 ) ) ;
#1600 = CARTESIAN_POINT ( 'NONE',  ( -0.4300000000000000500, 4.374037903435110200, 1.784999999999999700 ) ) ;
#1601 = ORIENTED_EDGE ( 'NONE', *, *, #7876, .T. ) ;
#1602 = AXIS2_PLACEMENT_3D ( 'NONE', #4812, #1669, #4601 ) ;
#1603 = ORIENTED_EDGE ( 'NONE', *, *, #370, .F. ) ;
#1604 = EDGE_CURVE ( 'NONE', #7977, #2771, #2175, .T. ) ;
#1605 = VERTEX_POINT ( 'NONE', #2597 ) ;
#1606 = PLANE ( 'NONE',  #6835 ) ;
#1607 = ADVANCED_FACE ( 'NONE', ( #3155 ), #233, .T. ) ;
#1608 = VECTOR ( 'NONE', #3604, 1000.000000000000000 ) ;
#1609 = CARTESIAN_POINT ( 'NONE',  ( -4.085923696263362700, 1.164780893477695100, -4.659999999999999300 ) ) ;
#1610 = DIRECTION ( 'NONE',  ( -0.0000000000000000000, -0.0000000000000000000, -1.000000000000000000 ) ) ;
#1611 = LINE ( 'NONE', #7490, #2834 ) ;
#1612 = DIRECTION ( 'NONE',  ( -0.0000000000000000000, -0.0000000000000000000, -1.000000000000000000 ) ) ;
#1613 = ORIENTED_EDGE ( 'NONE', *, *, #5682, .T. ) ;
#1614 = ORIENTED_EDGE ( 'NONE', *, *, #52, .F. ) ;
#1615 = ORIENTED_EDGE ( 'NONE', *, *, #1644, .T. ) ;
#1616 = FACE_OUTER_BOUND ( 'NONE', #1782, .T. ) ;
#1617 = VECTOR ( 'NONE', #5587, 1000.000000000000000 ) ;
#1618 = AXIS2_PLACEMENT_3D ( 'NONE', #1953, #1983, #8249 ) ;
#1619 = DIRECTION ( 'NONE',  ( -0.0000000000000000000, 0.0000000000000000000, -1.000000000000000000 ) ) ;
#1620 = AXIS2_PLACEMENT_3D ( 'NONE', #9536, #6401, #137 ) ;
#1621 = DIRECTION ( 'NONE',  ( 0.0000000000000000000, 0.0000000000000000000, 1.000000000000000000 ) ) ;
#1622 = SURFACE_STYLE_USAGE ( .BOTH. , #9443 ) ;
#1623 = LINE ( 'NONE', #6216, #1511 ) ;
#1624 = CARTESIAN_POINT ( 'NONE',  ( -3.759999999999999300, 1.450000000000000400, 3.390000000000000600 ) ) ;
#1625 = ORIENTED_EDGE ( 'NONE', *, *, #1180, .T. ) ;
#1626 = LINE ( 'NONE', #6942, #5843 ) ;
#1627 = CARTESIAN_POINT ( 'NONE',  ( -4.623104622025544500, 0.03929580968121807600, -0.4199999999999993700 ) ) ;
#1628 = EDGE_LOOP ( 'NONE', ( #7853, #6454, #7469, #4558 ) ) ;
#1629 = EDGE_CURVE ( 'NONE', #8699, #9636, #8329, .T. ) ;
#1630 = FACE_OUTER_BOUND ( 'NONE', #4860, .T. ) ;
#1631 = SURFACE_SIDE_STYLE ('',( #907 ) ) ;
#1632 = CARTESIAN_POINT ( 'NONE',  ( 0.4299999999999998300, 0.1000000000000000100, 1.784999999999999700 ) ) ;
#1633 = EDGE_CURVE ( 'NONE', #6170, #5380, #971, .T. ) ;
#1634 = VECTOR ( 'NONE', #40, 1000.000000000000000 ) ;
#1635 = AXIS2_PLACEMENT_3D ( 'NONE', #4222, #5743, #1803 ) ;
#1636 = CARTESIAN_POINT ( 'NONE',  ( 3.759999999999999800, 1.450000000000000200, -3.389999999999999200 ) ) ;
#1637 = CARTESIAN_POINT ( 'NONE',  ( -2.760000000000000200, 2.599999999999998800, -5.412500000000003200 ) ) ;
#1638 = DIRECTION ( 'NONE',  ( -1.000000000000000000, 0.0000000000000000000, 0.0000000000000000000 ) ) ;
#1639 = CARTESIAN_POINT ( 'NONE',  ( 5.202500000000000600, 0.2493910125649557200, 5.930000000000001500 ) ) ;
#1640 = VERTEX_POINT ( 'NONE', #174 ) ;
#1641 = LINE ( 'NONE', #4000, #6445 ) ;
#1642 = ORIENTED_EDGE ( 'NONE', *, *, #51, .F. ) ;
#1643 = VECTOR ( 'NONE', #9361, 1000.000000000000000 ) ;
#1644 = EDGE_CURVE ( 'NONE', #2703, #1964, #3398, .T. ) ;
#1645 = ORIENTED_EDGE ( 'NONE', *, *, #6663, .T. ) ;
#1646 = EDGE_CURVE ( 'NONE', #673, #1536, #6972, .T. ) ;
#1647 = VERTEX_POINT ( 'NONE', #208 ) ;
#1648 = FACE_OUTER_BOUND ( 'NONE', #1920, .T. ) ;
#1649 = CARTESIAN_POINT ( 'NONE',  ( 4.640543740461574800, 0.2886868222461741500, 4.230000000000001300 ) ) ;
#1650 = PLANE ( 'NONE',  #9187 ) ;
#1651 = DIRECTION ( 'NONE',  ( -0.0000000000000000000, -0.0000000000000000000, -1.000000000000000000 ) ) ;
#1652 = ADVANCED_FACE ( 'NONE', ( #1090 ), #9540, .F. ) ;
#1653 = CARTESIAN_POINT ( 'NONE',  ( 3.759999999999999800, 1.450000000000000200, -0.8499999999999992000 ) ) ;
#1654 = ORIENTED_EDGE ( 'NONE', *, *, #8506, .T. ) ;
#1655 = VERTEX_POINT ( 'NONE', #6474 ) ;
#1656 = DIRECTION ( 'NONE',  ( -0.0000000000000000000, -0.0000000000000000000, -1.000000000000000000 ) ) ;
#1657 = DIRECTION ( 'NONE',  ( 1.000000000000000000, 0.0000000000000000000, -2.306813132947880500E-016 ) ) ;
#1658 = CARTESIAN_POINT ( 'NONE',  ( -4.640543740461573900, 0.2886868222461744200, 3.390000000000000600 ) ) ;
#1659 = AXIS2_PLACEMENT_3D ( 'NONE', #828, #4657, #9304 ) ;
#1660 = ORIENTED_EDGE ( 'NONE', *, *, #198, .F. ) ;
#1661 = EDGE_CURVE ( 'NONE', #6701, #507, #9164, .T. ) ;
#1662 = VECTOR ( 'NONE', #7269, 1000.000000000000000 ) ;
#1663 = DIRECTION ( 'NONE',  ( -1.000000000000000000, 0.0000000000000000000, 0.0000000000000000000 ) ) ;
#1664 = DIRECTION ( 'NONE',  ( 0.2588190451025207900, -0.9659258262890683100, 0.0000000000000000000 ) ) ;
#1665 = PLANE ( 'NONE',  #5989 ) ;
#1666 = ORIENTED_EDGE ( 'NONE', *, *, #7433, .F. ) ;
#1667 = ORIENTED_EDGE ( 'NONE', *, *, #6800, .F. ) ;
#1668 = ADVANCED_FACE ( 'NONE', ( #9885 ), #1321, .T. ) ;
#1669 = DIRECTION ( 'NONE',  ( -0.0000000000000000000, -0.0000000000000000000, -1.000000000000000000 ) ) ;
#1670 = DIRECTION ( 'NONE',  ( -0.06975647374411816900, 0.9975640502598247500, 0.0000000000000000000 ) ) ;
#1671 = ORIENTED_EDGE ( 'NONE', *, *, #5434, .T. ) ;
#1672 = CARTESIAN_POINT ( 'NONE',  ( -4.361424197404348400, 1.238601030272792100, 2.120000000000000600 ) ) ;
#1673 = DIRECTION ( 'NONE',  ( -0.0000000000000000000, 0.0000000000000000000, -1.000000000000000000 ) ) ;
#1674 = CARTESIAN_POINT ( 'NONE',  ( 4.608981456572268000, 0.3147047612756303000, 0.4200000000000010900 ) ) ;
#1675 = CIRCLE ( 'NONE', #8537, 0.2852191065223054800 ) ;
#1676 = PLANE ( 'NONE',  #2004 ) ;
#1677 = VERTEX_POINT ( 'NONE', #7368 ) ;
#1678 = ORIENTED_EDGE ( 'NONE', *, *, #4767, .T. ) ;
#1679 = AXIS2_PLACEMENT_3D ( 'NONE', #1177, #8339, #6724 ) ;
#1680 = CIRCLE ( 'NONE', #6309, 0.2852191065223042000 ) ;
#1681 = DIRECTION ( 'NONE',  ( -4.170008355713481600E-016, -0.0000000000000000000, 1.000000000000000000 ) ) ;
#1682 = ORIENTED_EDGE ( 'NONE', *, *, #3926, .F. ) ;
#1683 = DIRECTION ( 'NONE',  ( -0.0000000000000000000, -0.0000000000000000000, -1.000000000000000000 ) ) ;
#1684 = DIRECTION ( 'NONE',  ( -0.0000000000000000000, -0.0000000000000000000, -1.000000000000000000 ) ) ;
#1685 = PLANE ( 'NONE',  #1620 ) ;
#1686 = CARTESIAN_POINT ( 'NONE',  ( -5.202500000000000600, 0.2493910125649564100, -2.119999999999999700 ) ) ;
#1687 = VERTEX_POINT ( 'NONE', #3402 ) ;
#1688 = CARTESIAN_POINT ( 'NONE',  ( 4.643000501140988900, 0.3238201367950973600, 3.390000000000000600 ) ) ;
#1689 = DIRECTION ( 'NONE',  ( -0.0000000000000000000, -0.0000000000000000000, -1.000000000000000000 ) ) ;
#1690 = LINE ( 'NONE', #5068, #8579 ) ;
#1691 = LINE ( 'NONE', #7674, #3920 ) ;
#1692 = PLANE ( 'NONE',  #4852 ) ;
#1693 = VERTEX_POINT ( 'NONE', #959 ) ;
#1694 = ORIENTED_EDGE ( 'NONE', *, *, #2069, .F. ) ;
#1695 = DIRECTION ( 'NONE',  ( 1.000000000000000000, 0.0000000000000000000, -0.0000000000000000000 ) ) ;
#1696 = DIRECTION ( 'NONE',  ( -0.0000000000000000000, -0.0000000000000000000, -1.000000000000000000 ) ) ;
#1697 = ORIENTED_EDGE ( 'NONE', *, *, #984, .F. ) ;
#1698 = ORIENTED_EDGE ( 'NONE', *, *, #2430, .T. ) ;
#1699 = LINE ( 'NONE', #6065, #6747 ) ;
#1700 = VECTOR ( 'NONE', #514, 1000.000000000000000 ) ;
#1701 = FACE_OUTER_BOUND ( 'NONE', #6862, .T. ) ;
#1702 = FILL_AREA_STYLE ('',( #5686 ) ) ;
#1703 = AXIS2_PLACEMENT_3D ( 'NONE', #7060, #6307, #6239 ) ;
#1704 = ADVANCED_FACE ( 'NONE', ( #7345 ), #4349, .T. ) ;
#1705 = DIRECTION ( 'NONE',  ( -0.2588190451025207900, 0.9659258262890683100, 0.0000000000000000000 ) ) ;
#1706 = EDGE_CURVE ( 'NONE', #9370, #5790, #476, .T. ) ;
#1707 = AXIS2_PLACEMENT_3D ( 'NONE', #1021, #9638, #9835 ) ;
#1708 = VERTEX_POINT ( 'NONE', #5177 ) ;
#1709 = ORIENTED_EDGE ( 'NONE', *, *, #6337, .T. ) ;
#1710 = EDGE_CURVE ( 'NONE', #8564, #2147, #2048, .T. ) ;
#1711 = ORIENTED_EDGE ( 'NONE', *, *, #5160, .F. ) ;
#1712 = LINE ( 'NONE', #3629, #504 ) ;
#1713 = FACE_OUTER_BOUND ( 'NONE', #4358, .T. ) ;
#1714 = PLANE ( 'NONE',  #2030 ) ;
#1715 = CARTESIAN_POINT ( 'NONE',  ( 0.4299999999999998800, 0.0000000000000000000, -1.655000000000000200 ) ) ;
#1716 = ORIENTED_EDGE ( 'NONE', *, *, #4084, .T. ) ;
#1717 = ADVANCED_FACE ( 'NONE', ( #2910 ), #1940, .F. ) ;
#1718 = ORIENTED_EDGE ( 'NONE', *, *, #803, .F. ) ;
#1719 = PLANE ( 'NONE',  #8171 ) ;
#1720 = DIRECTION ( 'NONE',  ( -1.000000000000000000, 0.0000000000000000000, 0.0000000000000000000 ) ) ;
#1721 = EDGE_CURVE ( 'NONE', #6600, #6795, #5268, .T. ) ;
#1722 = FACE_OUTER_BOUND ( 'NONE', #1858, .T. ) ;
#1723 = DIRECTION ( 'NONE',  ( -0.9659258262890683100, 0.2588190451025207900, 0.0000000000000000000 ) ) ;
#1724 = CARTESIAN_POINT ( 'NONE',  ( 4.367500000000000600, 0.2500000000000000600, 4.230000000000001300 ) ) ;
#1725 = EDGE_CURVE ( 'NONE', #325, #5919, #10147, .T. ) ;
#1726 = FACE_OUTER_BOUND ( 'NONE', #3588, .T. ) ;
#1727 = DIRECTION ( 'NONE',  ( -0.0000000000000000000, -0.0000000000000000000, -1.000000000000000000 ) ) ;
#1728 = ORIENTED_EDGE ( 'NONE', *, *, #9871, .F. ) ;
#1729 = EDGE_LOOP ( 'NONE', ( #6493, #1959, #5096, #3934 ) ) ;
#1730 = ORIENTED_EDGE ( 'NONE', *, *, #2985, .F. ) ;
#1731 = VECTOR ( 'NONE', #8320, 1000.000000000000000 ) ;
#1732 = ORIENTED_EDGE ( 'NONE', *, *, #3991, .F. ) ;
#1733 = ORIENTED_EDGE ( 'NONE', *, *, #249, .F. ) ;
#1734 = LINE ( 'NONE', #8550, #9228 ) ;
#1735 = LINE ( 'NONE', #1204, #419 ) ;
#1736 = CARTESIAN_POINT ( 'NONE',  ( -3.760000000000000200, 1.200000000000000200, -6.412500000000001400 ) ) ;
#1737 = CARTESIAN_POINT ( 'NONE',  ( -3.759999999999999300, 1.450000000000000400, 4.230000000000001300 ) ) ;
#1738 = DIRECTION ( 'NONE',  ( 0.06975647374411746100, -0.9975640502598247500, 0.0000000000000000000 ) ) ;
#1739 = EDGE_CURVE ( 'NONE', #556, #3677, #9053, .T. ) ;
#1740 = ORIENTED_EDGE ( 'NONE', *, *, #7840, .T. ) ;
#1741 = CARTESIAN_POINT ( 'NONE',  ( -3.759999999999999300, 1.200000000000000200, -5.929999999999999700 ) ) ;
#1742 = DIRECTION ( 'NONE',  ( -1.000000000000000000, 0.0000000000000000000, 0.0000000000000000000 ) ) ;
#1743 = DIRECTION ( 'NONE',  ( 1.000000000000000000, 0.0000000000000000000, 0.0000000000000000000 ) ) ;
#1744 = CARTESIAN_POINT ( 'NONE',  ( 4.643000501140988900, 0.3238201367950973600, 0.8500000000000009800 ) ) ;
#1745 = LINE ( 'NONE', #6220, #2983 ) ;
#1746 = ORIENTED_EDGE ( 'NONE', *, *, #4347, .T. ) ;
#1747 = ORIENTED_EDGE ( 'NONE', *, *, #9348, .T. ) ;
#1748 = FACE_OUTER_BOUND ( 'NONE', #7727, .T. ) ;
#1749 = FACE_OUTER_BOUND ( 'NONE', #6443, .T. ) ;
#1750 = ORIENTED_EDGE ( 'NONE', *, *, #856, .F. ) ;
#1751 = ORIENTED_EDGE ( 'NONE', *, *, #5106, .F. ) ;
#1752 = DIRECTION ( 'NONE',  ( 4.170008355713481600E-016, 0.0000000000000000000, -1.000000000000000000 ) ) ;
#1753 = FACE_OUTER_BOUND ( 'NONE', #3564, .T. ) ;
#1754 = LINE ( 'NONE', #7041, #3354 ) ;
#1755 = DIRECTION ( 'NONE',  ( 1.000000000000000000, -6.653104299660446400E-016, -0.0000000000000000000 ) ) ;
#1756 = PLANE ( 'NONE',  #942 ) ;
#1757 = PRESENTATION_LAYER_ASSIGNMENT (  '', '', ( #9828 ) ) ;
#1758 = VECTOR ( 'NONE', #978, 1000.000000000000000 ) ;
#1759 = CARTESIAN_POINT ( 'NONE',  ( -4.085923696263362700, 1.164780893477695100, 0.4200000000000010900 ) ) ;
#1760 = EDGE_CURVE ( 'NONE', #9069, #5510, #8808, .T. ) ;
#1761 = DIRECTION ( 'NONE',  ( -0.0000000000000000000, -0.0000000000000000000, -1.000000000000000000 ) ) ;
#1762 = AXIS2_PLACEMENT_3D ( 'NONE', #6203, #4589, #8532 ) ;
#1763 = PLANE ( 'NONE',  #6965 ) ;
#1764 = CARTESIAN_POINT ( 'NONE',  ( -3.759999999999999300, 1.450000000000000400, 5.930000000000001500 ) ) ;
#1765 = CARTESIAN_POINT ( 'NONE',  ( -4.608981456572268900, 0.3147047612756303000, -5.929999999999999700 ) ) ;
#1766 = DIRECTION ( 'NONE',  ( -1.000000000000000000, 0.0000000000000000000, 0.0000000000000000000 ) ) ;
#1767 = VECTOR ( 'NONE', #9511, 1000.000000000000000 ) ;
#1768 = CARTESIAN_POINT ( 'NONE',  ( -4.361424197404348400, 1.238601030272792100, 0.8500000000000009800 ) ) ;
#1769 = EDGE_LOOP ( 'NONE', ( #7091, #5828, #9729, #464 ) ) ;
#1770 = FACE_OUTER_BOUND ( 'NONE', #1945, .T. ) ;
#1771 = CARTESIAN_POINT ( 'NONE',  ( 4.085923696263362700, 1.450000000000000000, -1.689999999999999700 ) ) ;
#1772 = AXIS2_PLACEMENT_3D ( 'NONE', #473, #2889, #9159 ) ;
#1773 = EDGE_CURVE ( 'NONE', #9840, #3865, #109, .T. ) ;
#1774 = ORIENTED_EDGE ( 'NONE', *, *, #7061, .F. ) ;
#1775 = SURFACE_SIDE_STYLE ('',( #645 ) ) ;
#1776 = CARTESIAN_POINT ( 'NONE',  ( -3.759999999999999300, 1.450000000000000400, -2.959999999999999500 ) ) ;
#1777 = ORIENTED_EDGE ( 'NONE', *, *, #5242, .F. ) ;
#1778 = ORIENTED_EDGE ( 'NONE', *, *, #373, .F. ) ;
#1779 = LINE ( 'NONE', #2091, #7806 ) ;
#1780 = ADVANCED_FACE ( 'NONE', ( #4891 ), #3473, .F. ) ;
#1781 = DIRECTION ( 'NONE',  ( 0.0000000000000000000, 0.0000000000000000000, 1.000000000000000000 ) ) ;
#1782 = EDGE_LOOP ( 'NONE', ( #8665, #7553, #6916, #8475 ) ) ;
#1783 = ORIENTED_EDGE ( 'NONE', *, *, #2770, .T. ) ;
#1784 = CIRCLE ( 'NONE', #7817, 0.2852191065223054800 ) ;
#1785 = DIRECTION ( 'NONE',  ( -0.0000000000000000000, -0.0000000000000000000, -1.000000000000000000 ) ) ;
#1786 = ORIENTED_EDGE ( 'NONE', *, *, #6863, .F. ) ;
#1787 = EDGE_CURVE ( 'NONE', #1814, #1830, #6728, .T. ) ;
#1788 = ADVANCED_FACE ( 'NONE', ( #4768 ), #2731, .F. ) ;
#1789 = ORIENTED_EDGE ( 'NONE', *, *, #618, .F. ) ;
#1790 = EDGE_CURVE ( 'NONE', #2154, #939, #2294, .T. ) ;
#1791 = CARTESIAN_POINT ( 'NONE',  ( -3.759999999999999300, 1.200000000000000200, -4.659999999999999300 ) ) ;
#1792 = DIRECTION ( 'NONE',  ( -1.000000000000000000, -0.0000000000000000000, 2.306813132947882000E-016 ) ) ;
#1793 = CARTESIAN_POINT ( 'NONE',  ( 4.640543740461574800, 0.2886868222461741500, 0.8500000000000009800 ) ) ;
#1794 = ORIENTED_EDGE ( 'NONE', *, *, #9, .F. ) ;
#1795 = CARTESIAN_POINT ( 'NONE',  ( -4.623104622025544500, 0.03929580968121797200, -1.689999999999999700 ) ) ;
#1796 = CARTESIAN_POINT ( 'NONE',  ( -4.640543740461573900, 0.2886868222461744200, 5.500000000000001800 ) ) ;
#1797 = DIRECTION ( 'NONE',  ( 0.9975640502598247500, 0.06975647374411816900, -0.0000000000000000000 ) ) ;
#1798 = ORIENTED_EDGE ( 'NONE', *, *, #221, .F. ) ;
#1799 = LINE ( 'NONE', #9923, #8563 ) ;
#1800 = CARTESIAN_POINT ( 'NONE',  ( 4.640543740461574800, 0.2886868222461741500, 5.500000000000001800 ) ) ;
#1801 = CARTESIAN_POINT ( 'NONE',  ( -4.119942740832083700, 1.173896268997162200, 2.960000000000000900 ) ) ;
#1802 = ORIENTED_EDGE ( 'NONE', *, *, #6340, .F. ) ;
#1803 = DIRECTION ( 'NONE',  ( 1.000000000000000000, 0.0000000000000000000, -0.0000000000000000000 ) ) ;
#1804 = ORIENTED_EDGE ( 'NONE', *, *, #1316, .T. ) ;
#1805 = DIRECTION ( 'NONE',  ( 0.06975647374411746100, -0.9975640502598247500, 0.0000000000000000000 ) ) ;
#1806 = DIRECTION ( 'NONE',  ( -0.0000000000000000000, -0.0000000000000000000, -1.000000000000000000 ) ) ;
#1807 = AXIS2_PLACEMENT_3D ( 'NONE', #8470, #2081, #3760 ) ;
#1808 = DIRECTION ( 'NONE',  ( -0.9975640502598246400, 0.06975647374411952900, -0.0000000000000000000 ) ) ;
#1809 = EDGE_CURVE ( 'NONE', #4706, #2897, #8685, .T. ) ;
#1810 = CARTESIAN_POINT ( 'NONE',  ( 4.085923696263362700, 1.450000000000000000, 2.120000000000000600 ) ) ;
#1811 = VECTOR ( 'NONE', #8269, 1000.000000000000000 ) ;
#1812 = CARTESIAN_POINT ( 'NONE',  ( -1.175000000000000500, 0.1000000000000002600, -1.655000000000000200 ) ) ;
#1813 = DIRECTION ( 'NONE',  ( 0.0000000000000000000, 0.0000000000000000000, 1.000000000000000000 ) ) ;
#1814 = VERTEX_POINT ( 'NONE', #378 ) ;
#1815 = CARTESIAN_POINT ( 'NONE',  ( -1.175000000000000500, 0.1000000000000002600, 1.654999999999999800 ) ) ;
#1816 = UNCERTAINTY_MEASURE_WITH_UNIT (LENGTH_MEASURE( 1.000000000000000100E-005 ), #6106, 'distance_accuracy_value', 'NONE');
#1817 = CARTESIAN_POINT ( 'NONE',  ( 3.759999999999999800, 1.450000000000000200, 5.500000000000001800 ) ) ;
#1818 = DIRECTION ( 'NONE',  ( -0.0000000000000000000, -0.0000000000000000000, -1.000000000000000000 ) ) ;
#1819 = CARTESIAN_POINT ( 'NONE',  ( -1.175000000000000500, 0.1000000000000000100, 1.654999999999999800 ) ) ;
#1820 = VECTOR ( 'NONE', #29, 1000.000000000000000 ) ;
#1821 = FACE_OUTER_BOUND ( 'NONE', #4982, .T. ) ;
#1822 = VERTEX_POINT ( 'NONE', #3505 ) ;
#1823 = FACE_OUTER_BOUND ( 'NONE', #5366, .T. ) ;
#1824 = AXIS2_PLACEMENT_3D ( 'NONE', #7473, #3603, #3575 ) ;
#1825 = AXIS2_PLACEMENT_3D ( 'NONE', #4883, #9633, #8189 ) ;
#1826 = CARTESIAN_POINT ( 'NONE',  ( 4.119942740832083700, 1.173896268997162200, -4.659999999999999300 ) ) ;
#1827 = VERTEX_POINT ( 'NONE', #1229 ) ;
#1828 = ORIENTED_EDGE ( 'NONE', *, *, #7465, .F. ) ;
#1829 = CARTESIAN_POINT ( 'NONE',  ( 4.119942740832083700, 1.173896268997162200, 0.8500000000000009800 ) ) ;
#1830 = VERTEX_POINT ( 'NONE', #5123 ) ;
#1831 = ORIENTED_EDGE ( 'NONE', *, *, #9024, .F. ) ;
#1832 = CARTESIAN_POINT ( 'NONE',  ( 0.4299999999999998800, 0.1000000000000000100, -1.655000000000000200 ) ) ;
#1833 = CARTESIAN_POINT ( 'NONE',  ( 4.085923696263362700, 1.164780893477695100, -5.500000000000000000 ) ) ;
#1834 = FACE_OUTER_BOUND ( 'NONE', #6960, .T. ) ;
#1835 = CYLINDRICAL_SURFACE ( 'NONE', #8160, 0.2852191065223050300 ) ;
#1836 = EDGE_LOOP ( 'NONE', ( #1194, #8156, #2021, #4902 ) ) ;
#1837 = VECTOR ( 'NONE', #9541, 1000.000000000000000 ) ;
#1838 = ADVANCED_FACE ( 'NONE', ( #2681 ), #4392, .T. ) ;
#1839 = CARTESIAN_POINT ( 'NONE',  ( 3.759999999999999300, 1.200000000000000200, 2.120000000000000600 ) ) ;
#1840 = DIRECTION ( 'NONE',  ( -0.0000000000000000000, -0.0000000000000000000, -1.000000000000000000 ) ) ;
#1841 = DIRECTION ( 'NONE',  ( 0.2588190451025207900, -0.9659258262890683100, 0.0000000000000000000 ) ) ;
#1842 = SURFACE_STYLE_USAGE ( .BOTH. , #8135 ) ;
#1843 = DIRECTION ( 'NONE',  ( 0.9975640502598247500, -0.06975647374411816900, 0.0000000000000000000 ) ) ;
#1844 = CARTESIAN_POINT ( 'NONE',  ( -4.640543740461573900, 0.2886868222461744200, -4.659999999999999300 ) ) ;
#1845 = EDGE_CURVE ( 'NONE', #7049, #5343, #5150, .T. ) ;
#1846 = ORIENTED_EDGE ( 'NONE', *, *, #1216, .F. ) ;
#1847 = ORIENTED_EDGE ( 'NONE', *, *, #9162, .F. ) ;
#1848 = EDGE_CURVE ( 'NONE', #510, #3798, #2790, .T. ) ;
#1849 = VERTEX_POINT ( 'NONE', #3740 ) ;
#1850 = CARTESIAN_POINT ( 'NONE',  ( -4.643000501140988900, 0.3238201367950973600, 2.120000000000000600 ) ) ;
#1851 = VECTOR ( 'NONE', #7609, 1000.000000000000000 ) ;
#1852 = DIRECTION ( 'NONE',  ( -0.9975640502598247500, -0.06975647374411807200, 0.0000000000000000000 ) ) ;
#1853 = CIRCLE ( 'NONE', #362, 0.03521910652230526200 ) ;
#1854 = FILL_AREA_STYLE_COLOUR ( '', #291 ) ;
#1855 = DIRECTION ( 'NONE',  ( -0.0000000000000000000, -0.0000000000000000000, -1.000000000000000000 ) ) ;
#1856 = CARTESIAN_POINT ( 'NONE',  ( -5.185060881563971200, -2.641625050904819800E-019, 4.660000000000001000 ) ) ;
#1857 = ORIENTED_EDGE ( 'NONE', *, *, #4037, .T. ) ;
#1858 = EDGE_LOOP ( 'NONE', ( #7524, #1730, #4712, #4950 ) ) ;
#1859 = ORIENTED_EDGE ( 'NONE', *, *, #8642, .F. ) ;
#1860 = CYLINDRICAL_SURFACE ( 'NONE', #85, 0.2852191065223054800 ) ;
#1861 = DIRECTION ( 'NONE',  ( -0.0000000000000000000, -0.0000000000000000000, -1.000000000000000000 ) ) ;
#1862 = VECTOR ( 'NONE', #8113, 1000.000000000000000 ) ;
#1863 = FACE_OUTER_BOUND ( 'NONE', #10077, .T. ) ;
#1864 = EDGE_CURVE ( 'NONE', #872, #8544, #9408, .T. ) ;
#1865 = EDGE_CURVE ( 'NONE', #3759, #8098, #8573, .T. ) ;
#1866 = ORIENTED_EDGE ( 'NONE', *, *, #4347, .F. ) ;
#1867 = ORIENTED_EDGE ( 'NONE', *, *, #7189, .T. ) ;
#1868 = ORIENTED_EDGE ( 'NONE', *, *, #4530, .F. ) ;
#1869 = FACE_OUTER_BOUND ( 'NONE', #4608, .T. ) ;
#1870 = DIRECTION ( 'NONE',  ( -0.2588190451025207900, 0.9659258262890683100, 0.0000000000000000000 ) ) ;
#1871 = CARTESIAN_POINT ( 'NONE',  ( -4.085923696263362700, 1.200000000000000400, 0.4200000000000010900 ) ) ;
#1872 = EDGE_LOOP ( 'NONE', ( #7173, #3330, #9926, #2510 ) ) ;
#1873 = DIRECTION ( 'NONE',  ( 0.2588190451025207900, 0.9659258262890683100, -0.0000000000000000000 ) ) ;
#1874 = VERTEX_POINT ( 'NONE', #3630 ) ;
#1875 = DIRECTION ( 'NONE',  ( 1.000000000000000000, 0.0000000000000000000, 0.0000000000000000000 ) ) ;
#1876 = AXIS2_PLACEMENT_3D ( 'NONE', #4796, #108, #897 ) ;
#1877 = DIRECTION ( 'NONE',  ( 0.0000000000000000000, 0.0000000000000000000, 1.000000000000000000 ) ) ;
#1878 = EDGE_CURVE ( 'NONE', #9523, #5790, #2167, .T. ) ;
#1879 =( LENGTH_UNIT ( ) NAMED_UNIT ( * ) SI_UNIT ( .MILLI., .METRE. ) );
#1880 = FACE_OUTER_BOUND ( 'NONE', #960, .T. ) ;
#1881 = EDGE_LOOP ( 'NONE', ( #2261, #8446, #3119, #7848 ) ) ;
#1882 = PLANE ( 'NONE',  #1919 ) ;
#1883 = LINE ( 'NONE', #3378, #7898 ) ;
#1884 = CARTESIAN_POINT ( 'NONE',  ( 4.640543740461574800, 0.2886868222461741500, 3.390000000000000600 ) ) ;
#1885 = CARTESIAN_POINT ( 'NONE',  ( 3.759999999999999800, 1.450000000000000200, -4.229999999999999500 ) ) ;
#1886 = DIRECTION ( 'NONE',  ( 0.2588190451025207900, 0.9659258262890683100, -0.0000000000000000000 ) ) ;
#1887 = ORIENTED_EDGE ( 'NONE', *, *, #9789, .T. ) ;
#1888 = DIRECTION ( 'NONE',  ( -1.000000000000000000, 0.0000000000000000000, 0.0000000000000000000 ) ) ;
#1889 = VECTOR ( 'NONE', #4473, 1000.000000000000000 ) ;
#1890 = LINE ( 'NONE', #1046, #7536 ) ;
#1891 = CARTESIAN_POINT ( 'NONE',  ( 3.760000000000004700, 1.450000000000000200, 6.412500000000001400 ) ) ;
#1892 = CARTESIAN_POINT ( 'NONE',  ( -5.202500000000000600, 0.2493910125649564100, 0.8500000000000009800 ) ) ;
#1893 = CYLINDRICAL_SURFACE ( 'NONE', #8742, 0.03521910652230526200 ) ;
#1894 = EDGE_CURVE ( 'NONE', #1536, #6905, #6487, .T. ) ;
#1895 = ADVANCED_FACE ( 'NONE', ( #6004 ), #3667, .T. ) ;
#1896 = CARTESIAN_POINT ( 'NONE',  ( 4.640543740461574800, 0.2886868222461744800, 4.660000000000001000 ) ) ;
#1897 = DIRECTION ( 'NONE',  ( 0.2588190451025243500, 0.9659258262890673100, 0.0000000000000000000 ) ) ;
#1898 = ORIENTED_EDGE ( 'NONE', *, *, #5377, .F. ) ;
#1899 = DIRECTION ( 'NONE',  ( 0.0000000000000000000, -0.0000000000000000000, -1.000000000000000000 ) ) ;
#1900 = ORIENTED_EDGE ( 'NONE', *, *, #436, .F. ) ;
#1901 = VECTOR ( 'NONE', #5651, 1000.000000000000000 ) ;
#1902 = FACE_OUTER_BOUND ( 'NONE', #7369, .T. ) ;
#1903 = EDGE_CURVE ( 'NONE', #6078, #7711, #2410, .T. ) ;
#1904 = ADVANCED_FACE ( 'NONE', ( #5525 ), #541, .F. ) ;
#1905 = DIRECTION ( 'NONE',  ( -0.0000000000000000000, -0.0000000000000000000, -1.000000000000000000 ) ) ;
#1906 = VECTOR ( 'NONE', #8975, 1000.000000000000000 ) ;
#1907 = PLANE ( 'NONE',  #3526 ) ;
#1908 = ORIENTED_EDGE ( 'NONE', *, *, #7702, .T. ) ;
#1909 = EDGE_CURVE ( 'NONE', #8805, #4284, #6238, .T. ) ;
#1910 = LINE ( 'NONE', #5623, #4612 ) ;
#1911 = DIRECTION ( 'NONE',  ( -1.000000000000000000, 0.0000000000000000000, 0.0000000000000000000 ) ) ;
#1912 = DIRECTION ( 'NONE',  ( 0.06975647374411746100, -0.9975640502598247500, 0.0000000000000000000 ) ) ;
#1913 = CARTESIAN_POINT ( 'NONE',  ( -4.085923696263362700, 1.164780893477695100, 2.120000000000000600 ) ) ;
#1914 = DIRECTION ( 'NONE',  ( 0.2588190451025207900, 0.9659258262890683100, -0.0000000000000000000 ) ) ;
#1915 = ORIENTED_EDGE ( 'NONE', *, *, #6930, .T. ) ;
#1916 = EDGE_LOOP ( 'NONE', ( #2016, #5461, #2103, #7002 ) ) ;
#1917 = CYLINDRICAL_SURFACE ( 'NONE', #2965, 0.2852191065223037600 ) ;
#1918 = CARTESIAN_POINT ( 'NONE',  ( -1.175000000000000500, 0.0000000000000000000, 1.654999999999999800 ) ) ;
#1919 = AXIS2_PLACEMENT_3D ( 'NONE', #7466, #3476, #5876 ) ;
#1920 = EDGE_LOOP ( 'NONE', ( #8185, #6297, #7290, #6032 ) ) ;
#1921 = DIRECTION ( 'NONE',  ( -1.000000000000000000, 0.0000000000000000000, 0.0000000000000000000 ) ) ;
#1922 = EDGE_CURVE ( 'NONE', #1087, #9983, #358, .T. ) ;
#1923 = VERTEX_POINT ( 'NONE', #9977 ) ;
#1924 = DIRECTION ( 'NONE',  ( -1.000000000000000000, 0.0000000000000000000, 0.0000000000000000000 ) ) ;
#1925 = ORIENTED_EDGE ( 'NONE', *, *, #8719, .F. ) ;
#1926 = CARTESIAN_POINT ( 'NONE',  ( -4.085923696263362700, 1.449999999999999300, -2.959999999999999500 ) ) ;
#1927 = VECTOR ( 'NONE', #2426, 1000.000000000000000 ) ;
#1928 = DIRECTION ( 'NONE',  ( 0.2588190451025207900, -0.9659258262890683100, 0.0000000000000000000 ) ) ;
#1929 = ORIENTED_EDGE ( 'NONE', *, *, #2292, .T. ) ;
#1930 = EDGE_CURVE ( 'NONE', #1297, #5520, #9287, .T. ) ;
#1931 = VECTOR ( 'NONE', #9960, 1000.000000000000000 ) ;
#1932 = EDGE_CURVE ( 'NONE', #1087, #2286, #6849, .T. ) ;
#1933 = PLANE ( 'NONE',  #9777 ) ;
#1934 = ORIENTED_EDGE ( 'NONE', *, *, #5323, .F. ) ;
#1935 = DIRECTION ( 'NONE',  ( 0.2588190451025207900, 0.9659258262890683100, -0.0000000000000000000 ) ) ;
#1936 = DIRECTION ( 'NONE',  ( -1.000000000000000000, 0.0000000000000000000, 0.0000000000000000000 ) ) ;
#1937 = VERTEX_POINT ( 'NONE', #2821 ) ;
#1938 = ADVANCED_FACE ( 'NONE', ( #7950 ), #4630, .F. ) ;
#1939 = CARTESIAN_POINT ( 'NONE',  ( -4.643000501140988900, 0.3238201367950973600, 2.120000000000000600 ) ) ;
#1940 = PLANE ( 'NONE',  #343 ) ;
#1941 = DIRECTION ( 'NONE',  ( 0.0000000000000000000, 0.0000000000000000000, 1.000000000000000000 ) ) ;
#1942 = VECTOR ( 'NONE', #756, 1000.000000000000000 ) ;
#1943 = SURFACE_STYLE_FILL_AREA ( #9522 ) ;
#1944 = CARTESIAN_POINT ( 'NONE',  ( 4.643000501140988900, 0.3238201367950973600, -5.929999999999999700 ) ) ;
#1945 = EDGE_LOOP ( 'NONE', ( #9796, #8086, #1977, #1625 ) ) ;
#1946 = AXIS2_PLACEMENT_3D ( 'NONE', #5727, #6496, #8222 ) ;
#1947 = EDGE_CURVE ( 'NONE', #8678, #7053, #3623, .T. ) ;
#1948 = EDGE_LOOP ( 'NONE', ( #3808, #7874, #2436, #2139 ) ) ;
#1949 = ADVANCED_FACE ( 'NONE', ( #3046 ), #8448, .F. ) ;
#1950 = CARTESIAN_POINT ( 'NONE',  ( 4.085923696263362700, 1.200000000000000600, 4.660000000000001000 ) ) ;
#1951 = ORIENTED_EDGE ( 'NONE', *, *, #4021, .T. ) ;
#1952 = DIRECTION ( 'NONE',  ( -1.000000000000000000, 6.653104299660455300E-016, -0.0000000000000000000 ) ) ;
#1953 = CARTESIAN_POINT ( 'NONE',  ( -4.119942740832083700, 1.173896268997162200, -5.500000000000000000 ) ) ;
#1954 = LINE ( 'NONE', #10027, #7970 ) ;
#1955 = ORIENTED_EDGE ( 'NONE', *, *, #7407, .F. ) ;
#1956 = DIRECTION ( 'NONE',  ( 0.0000000000000000000, 0.0000000000000000000, 1.000000000000000000 ) ) ;
#1957 = EDGE_CURVE ( 'NONE', #2412, #4481, #7697, .T. ) ;
#1958 = VERTEX_POINT ( 'NONE', #4406 ) ;
#1959 = ORIENTED_EDGE ( 'NONE', *, *, #8125, .F. ) ;
#1960 = FACE_OUTER_BOUND ( 'NONE', #9240, .T. ) ;
#1961 = VECTOR ( 'NONE', #6657, 1000.000000000000000 ) ;
#1962 = FILL_AREA_STYLE_COLOUR ( '', #6652 ) ;
#1963 = CARTESIAN_POINT ( 'NONE',  ( -4.085923696263362700, 1.200000000000000400, -4.229999999999999500 ) ) ;
#1964 = VERTEX_POINT ( 'NONE', #2857 ) ;
#1965 = ORIENTED_EDGE ( 'NONE', *, *, #5653, .F. ) ;
#1966 = CARTESIAN_POINT ( 'NONE',  ( -5.202500000000000600, 0.2493910125649564100, -1.689999999999999700 ) ) ;
#1967 = ORIENTED_EDGE ( 'NONE', *, *, #418, .F. ) ;
#1968 = PLANE ( 'NONE',  #5877 ) ;
#1969 = CARTESIAN_POINT ( 'NONE',  ( -4.361424197404348400, 1.238601030272792100, 3.390000000000000600 ) ) ;
#1970 = FACE_OUTER_BOUND ( 'NONE', #884, .T. ) ;
#1971 = CARTESIAN_POINT ( 'NONE',  ( -4.119942740832083700, 1.173896268997162200, 1.690000000000000600 ) ) ;
#1972 = VECTOR ( 'NONE', #8960, 1000.000000000000200 ) ;
#1973 = EDGE_CURVE ( 'NONE', #9354, #7964, #7339, .T. ) ;
#1974 = CARTESIAN_POINT ( 'NONE',  ( 5.202500000000000600, 0.2493910125649557200, 5.930000000000001500 ) ) ;
#1975 = AXIS2_PLACEMENT_3D ( 'NONE', #636, #5316, #9935 ) ;
#1976 = ORIENTED_EDGE ( 'NONE', *, *, #9860, .F. ) ;
#1977 = ORIENTED_EDGE ( 'NONE', *, *, #5231, .F. ) ;
#1978 = VECTOR ( 'NONE', #347, 1000.000000000000000 ) ;
#1979 = CYLINDRICAL_SURFACE ( 'NONE', #2888, 0.4000000000000001900 ) ;
#1980 = DIRECTION ( 'NONE',  ( -0.2588190451025243500, -0.9659258262890673100, 0.0000000000000000000 ) ) ;
#1981 = SURFACE_STYLE_USAGE ( .BOTH. , #3517 ) ;
#1982 = CIRCLE ( 'NONE', #162, 0.03521910652230526200 ) ;
#1983 = DIRECTION ( 'NONE',  ( -0.9659258262890683100, 0.2588190451025207900, 0.0000000000000000000 ) ) ;
#1984 = VERTEX_POINT ( 'NONE', #5266 ) ;
#1985 = ORIENTED_EDGE ( 'NONE', *, *, #8234, .F. ) ;
#1986 = PLANE ( 'NONE',  #7630 ) ;
#1987 = ORIENTED_EDGE ( 'NONE', *, *, #6265, .T. ) ;
#1988 = DIRECTION ( 'NONE',  ( -0.9975640502598247500, -0.06975647374411807200, 0.0000000000000000000 ) ) ;
#1989 = LINE ( 'NONE', #7933, #4572 ) ;
#1990 = VERTEX_POINT ( 'NONE', #2047 ) ;
#1991 = VECTOR ( 'NONE', #6603, 1000.000000000000000 ) ;
#1992 = EDGE_CURVE ( 'NONE', #8119, #2075, #6719, .T. ) ;
#1993 = CYLINDRICAL_SURFACE ( 'NONE', #9900, 0.4000000000000001900 ) ;
#1994 = EDGE_CURVE ( 'NONE', #8836, #6647, #10017, .T. ) ;
#1995 = ORIENTED_EDGE ( 'NONE', *, *, #4196, .F. ) ;
#1996 = ADVANCED_FACE ( 'NONE', ( #465 ), #5235, .F. ) ;
#1997 = VECTOR ( 'NONE', #1684, 1000.000000000000000 ) ;
#1998 = ORIENTED_EDGE ( 'NONE', *, *, #9008, .F. ) ;
#1999 = ORIENTED_EDGE ( 'NONE', *, *, #6479, .F. ) ;
#2000 = CARTESIAN_POINT ( 'NONE',  ( 3.759999999999999800, 1.450000000000000200, 4.230000000000001300 ) ) ;
#2001 = CYLINDRICAL_SURFACE ( 'NONE', #4868, 0.2852191065223054800 ) ;
#2002 = DIRECTION ( 'NONE',  ( -0.0000000000000000000, -0.0000000000000000000, -1.000000000000000000 ) ) ;
#2003 = CARTESIAN_POINT ( 'NONE',  ( -4.085923696263362700, 1.449999999999999300, 2.120000000000000600 ) ) ;
#2004 = AXIS2_PLACEMENT_3D ( 'NONE', #8760, #9529, #1705 ) ;
#2005 = ORIENTED_EDGE ( 'NONE', *, *, #6880, .T. ) ;
#2006 = EDGE_CURVE ( 'NONE', #8528, #8225, #5640, .T. ) ;
#2007 = DIRECTION ( 'NONE',  ( 0.06975647374411768400, 0.9975640502598248600, -0.0000000000000000000 ) ) ;
#2008 = CIRCLE ( 'NONE', #5385, 0.2852191065223054800 ) ;
#2009 = LINE ( 'NONE', #5767, #3849 ) ;
#2010 = ORIENTED_EDGE ( 'NONE', *, *, #9025, .F. ) ;
#2011 = CARTESIAN_POINT ( 'NONE',  ( 4.085923696263362700, 1.450000000000000000, -5.929999999999999700 ) ) ;
#2012 = ORIENTED_EDGE ( 'NONE', *, *, #3288, .T. ) ;
#2013 = EDGE_CURVE ( 'NONE', #6898, #6976, #6113, .T. ) ;
#2014 = DIRECTION ( 'NONE',  ( -1.000000000000000000, 0.0000000000000000000, 0.0000000000000000000 ) ) ;
#2015 = VECTOR ( 'NONE', #5874, 1000.000000000000000 ) ;
#2016 = ORIENTED_EDGE ( 'NONE', *, *, #9397, .T. ) ;
#2017 = EDGE_CURVE ( 'NONE', #1036, #9097, #3893, .T. ) ;
#2018 = VECTOR ( 'NONE', #4294, 1000.000000000000100 ) ;
#2019 = AXIS2_PLACEMENT_3D ( 'NONE', #8607, #7064, #2382 ) ;
#2020 = ORIENTED_EDGE ( 'NONE', *, *, #4739, .T. ) ;
#2021 = ORIENTED_EDGE ( 'NONE', *, *, #180, .F. ) ;
#2022 = FACE_OUTER_BOUND ( 'NONE', #7019, .T. ) ;
#2023 = PLANE ( 'NONE',  #4938 ) ;
#2024 = DIRECTION ( 'NONE',  ( 0.0000000000000000000, 0.0000000000000000000, 1.000000000000000000 ) ) ;
#2025 = PLANE ( 'NONE',  #1707 ) ;
#2026 = DIRECTION ( 'NONE',  ( 0.9659258262890673100, -0.2588190451025243500, 0.0000000000000000000 ) ) ;
#2027 = ORIENTED_EDGE ( 'NONE', *, *, #8207, .T. ) ;
#2028 = DIRECTION ( 'NONE',  ( -0.0000000000000000000, -0.0000000000000000000, -1.000000000000000000 ) ) ;
#2029 = EDGE_CURVE ( 'NONE', #3600, #3289, #1799, .T. ) ;
#2030 = AXIS2_PLACEMENT_3D ( 'NONE', #341, #3433, #9712 ) ;
#2031 = CARTESIAN_POINT ( 'NONE',  ( -4.085923696263362700, 1.164780893477695100, 4.230000000000001300 ) ) ;
#2032 = ORIENTED_EDGE ( 'NONE', *, *, #8626, .F. ) ;
#2033 = VECTOR ( 'NONE', #5369, 1000.000000000000000 ) ;
#2034 = DIRECTION ( 'NONE',  ( -0.2588190451025207900, 0.9659258262890683100, 0.0000000000000000000 ) ) ;
#2035 = ORIENTED_EDGE ( 'NONE', *, *, #4739, .F. ) ;
#2036 = EDGE_LOOP ( 'NONE', ( #4659, #2839, #2660, #7414 ) ) ;
#2037 = PRESENTATION_STYLE_ASSIGNMENT (( #15 ) ) ;
#2038 = ADVANCED_FACE ( 'NONE', ( #5516 ), #9176, .F. ) ;
#2039 = DIRECTION ( 'NONE',  ( -0.0000000000000000000, -0.0000000000000000000, -1.000000000000000000 ) ) ;
#2040 = EDGE_LOOP ( 'NONE', ( #9294, #6966, #5320, #1867 ) ) ;
#2041 = DIRECTION ( 'NONE',  ( -1.000000000000000000, 0.0000000000000000000, 0.0000000000000000000 ) ) ;
#2042 = EDGE_CURVE ( 'NONE', #8699, #4416, #10139, .T. ) ;
#2043 = DIRECTION ( 'NONE',  ( -1.000000000000000000, 0.0000000000000000000, 0.0000000000000000000 ) ) ;
#2044 = STYLED_ITEM ( 'NONE', ( #5914 ), #6231 ) ;
#2045 = EDGE_CURVE ( 'NONE', #2157, #6637, #5259, .T. ) ;
#2046 = CARTESIAN_POINT ( 'NONE',  ( 4.367500000000000600, 0.2500000000000000600, -0.4199999999999993700 ) ) ;
#2047 = CARTESIAN_POINT ( 'NONE',  ( -4.623104622025544500, 0.03929580968121797200, -5.929999999999999700 ) ) ;
#2048 = LINE ( 'NONE', #4278, #1811 ) ;
#2049 = DIRECTION ( 'NONE',  ( -0.0000000000000000000, -0.0000000000000000000, -1.000000000000000000 ) ) ;
#2050 = ORIENTED_EDGE ( 'NONE', *, *, #3412, .F. ) ;
#2051 = DIRECTION ( 'NONE',  ( 0.0000000000000000000, 0.0000000000000000000, 1.000000000000000000 ) ) ;
#2052 = ORIENTED_EDGE ( 'NONE', *, *, #9449, .T. ) ;
#2053 = AXIS2_PLACEMENT_3D ( 'NONE', #1744, #3220, #3282 ) ;
#2054 = EDGE_CURVE ( 'NONE', #6186, #7067, #9877, .T. ) ;
#2055 = CARTESIAN_POINT ( 'NONE',  ( 4.085923696263362700, 1.200000000000000600, 2.120000000000000600 ) ) ;
#2056 = VECTOR ( 'NONE', #4699, 1000.000000000000000 ) ;
#2057 = CARTESIAN_POINT ( 'NONE',  ( -4.643000501140988900, 0.3238201367950973600, -2.959999999999999500 ) ) ;
#2058 = ORIENTED_EDGE ( 'NONE', *, *, #6790, .F. ) ;
#2059 = FACE_OUTER_BOUND ( 'NONE', #4382, .T. ) ;
#2060 = CARTESIAN_POINT ( 'NONE',  ( -5.202500000000000600, 0.2493910125649564100, 4.660000000000001000 ) ) ;
#2061 = VERTEX_POINT ( 'NONE', #2217 ) ;
#2062 = ORIENTED_EDGE ( 'NONE', *, *, #3073, .F. ) ;
#2063 = EDGE_CURVE ( 'NONE', #1310, #2804, #4387, .T. ) ;
#2064 = VECTOR ( 'NONE', #2500, 1000.000000000000000 ) ;
#2065 = COLOUR_RGB ( '',0.7921568627450980000, 0.8196078431372548800, 0.9333333333333333500 ) ;
#2066 = DIRECTION ( 'NONE',  ( -0.0000000000000000000, -1.000000000000000000, -0.0000000000000000000 ) ) ;
#2067 = EDGE_LOOP ( 'NONE', ( #4834, #5105, #3070, #1259 ) ) ;
#2068 = VECTOR ( 'NONE', #7920, 1000.000000000000000 ) ;
#2069 = EDGE_CURVE ( 'NONE', #4849, #6579, #2287, .T. ) ;
#2070 =( NAMED_UNIT ( * ) SI_UNIT ( $, .STERADIAN. ) SOLID_ANGLE_UNIT ( ) );
#2071 = CARTESIAN_POINT ( 'NONE',  ( 3.759999999999999800, 1.450000000000000200, -2.119999999999999700 ) ) ;
#2072 = ORIENTED_EDGE ( 'NONE', *, *, #4373, .T. ) ;
#2073 = ORIENTED_EDGE ( 'NONE', *, *, #2842, .F. ) ;
#2074 = CARTESIAN_POINT ( 'NONE',  ( 5.202500000000000600, 0.2493910125649557200, -4.229999999999999500 ) ) ;
#2075 = VERTEX_POINT ( 'NONE', #592 ) ;
#2076 = CYLINDRICAL_SURFACE ( 'NONE', #8480, 0.03521910652230526200 ) ;
#2077 = AXIS2_PLACEMENT_3D ( 'NONE', #3681, #4552, #8399 ) ;
#2078 = CIRCLE ( 'NONE', #9263, 0.03521910652230526200 ) ;
#2079 = AXIS2_PLACEMENT_3D ( 'NONE', #2613, #909, #4122 ) ;
#2080 = EDGE_LOOP ( 'NONE', ( #1491, #4611, #1490, #1340 ) ) ;
#2081 = DIRECTION ( 'NONE',  ( -0.06975647374411952900, -0.9975640502598246400, 0.0000000000000000000 ) ) ;
#2082 = ORIENTED_EDGE ( 'NONE', *, *, #8783, .T. ) ;
#2083 = EDGE_CURVE ( 'NONE', #7664, #2378, #8322, .T. ) ;
#2084 = ORIENTED_EDGE ( 'NONE', *, *, #686, .T. ) ;
#2085 = FACE_OUTER_BOUND ( 'NONE', #6185, .T. ) ;
#2086 = LINE ( 'NONE', #7210, #9932 ) ;
#2087 = ADVANCED_FACE ( 'NONE', ( #228 ), #7090, .T. ) ;
#2088 = DIRECTION ( 'NONE',  ( -0.0000000000000000000, -0.0000000000000000000, -1.000000000000000000 ) ) ;
#2089 = VECTOR ( 'NONE', #7528, 1000.000000000000000 ) ;
#2090 = DIRECTION ( 'NONE',  ( -0.0000000000000000000, -0.0000000000000000000, -1.000000000000000000 ) ) ;
#2091 = CARTESIAN_POINT ( 'NONE',  ( 4.119942740832083700, 1.173896268997162200, -1.689999999999999700 ) ) ;
#2092 = DIRECTION ( 'NONE',  ( -0.0000000000000000000, -0.0000000000000000000, -1.000000000000000000 ) ) ;
#2093 = ORIENTED_EDGE ( 'NONE', *, *, #6399, .T. ) ;
#2094 = DIRECTION ( 'NONE',  ( -0.0000000000000000000, -0.0000000000000000000, -1.000000000000000000 ) ) ;
#2095 = ORIENTED_EDGE ( 'NONE', *, *, #1062, .T. ) ;
#2096 = ORIENTED_EDGE ( 'NONE', *, *, #9078, .T. ) ;
#2097 = DIRECTION ( 'NONE',  ( 0.0000000000000000000, 0.0000000000000000000, 1.000000000000000000 ) ) ;
#2098 = FACE_OUTER_BOUND ( 'NONE', #3290, .T. ) ;
#2099 = SURFACE_STYLE_FILL_AREA ( #5663 ) ;
#2100 = EDGE_CURVE ( 'NONE', #6358, #456, #4145, .T. ) ;
#2101 = PRESENTATION_LAYER_ASSIGNMENT (  '', '', ( #9329 ) ) ;
#2102 = DIRECTION ( 'NONE',  ( -1.000000000000000000, 0.0000000000000000000, 0.0000000000000000000 ) ) ;
#2103 = ORIENTED_EDGE ( 'NONE', *, *, #8327, .F. ) ;
#2104 = ORIENTED_EDGE ( 'NONE', *, *, #9090, .F. ) ;
#2105 = CARTESIAN_POINT ( 'NONE',  ( 4.643000501140988900, 0.3238201367950973600, -2.119999999999999700 ) ) ;
#2106 = CIRCLE ( 'NONE', #2858, 0.2852191065223050300 ) ;
#2107 = CLOSED_SHELL ( 'NONE', ( #5553, #3521, #1938, #7218, #3731, #3899, #2917, #2141, #8380, #5933, #2375, #2571, #8713, #5783 ) ) ;
#2108 = DIRECTION ( 'NONE',  ( -1.000000000000000000, 0.0000000000000000000, 0.0000000000000000000 ) ) ;
#2109 = DIRECTION ( 'NONE',  ( -4.170008355713482100E-016, 0.0000000000000000000, 1.000000000000000000 ) ) ;
#2110 = LINE ( 'NONE', #20, #5581 ) ;
#2111 = VECTOR ( 'NONE', #9622, 1000.000000000000000 ) ;
#2112 = DIRECTION ( 'NONE',  ( 1.000000000000000000, 6.653104299660446400E-016, 0.0000000000000000000 ) ) ;
#2113 = DIRECTION ( 'NONE',  ( -0.9659258262890683100, -0.2588190451025207900, 0.0000000000000000000 ) ) ;
#2114 = EDGE_LOOP ( 'NONE', ( #9514, #4411, #2218, #4321 ) ) ;
#2115 = VERTEX_POINT ( 'NONE', #695 ) ;
#2116 = EDGE_CURVE ( 'NONE', #9769, #4296, #9280, .T. ) ;
#2117 = VECTOR ( 'NONE', #5750, 1000.000000000000000 ) ;
#2118 = CIRCLE ( 'NONE', #2079, 0.2852191065223054800 ) ;
#2119 = EDGE_CURVE ( 'NONE', #8957, #72, #8083, .T. ) ;
#2120 = FACE_OUTER_BOUND ( 'NONE', #6574, .T. ) ;
#2121 = MANIFOLD_SOLID_BREP ( 'LPattern1[9]', #3350 ) ;
#2122 = ORIENTED_EDGE ( 'NONE', *, *, #10121, .F. ) ;
#2123 = DIRECTION ( 'NONE',  ( -1.000000000000000000, 0.0000000000000000000, 0.0000000000000000000 ) ) ;
#2124 = DIRECTION ( 'NONE',  ( 0.0000000000000000000, 1.000000000000000000, 0.0000000000000000000 ) ) ;
#2125 = DIRECTION ( 'NONE',  ( 0.2588190451025207900, 0.9659258262890683100, -0.0000000000000000000 ) ) ;
#2126 = ADVANCED_FACE ( 'NONE', ( #1438 ), #2414, .F. ) ;
#2127 = CARTESIAN_POINT ( 'NONE',  ( -4.623104622025544500, 0.03929580968121807600, 2.960000000000000900 ) ) ;
#2128 = VECTOR ( 'NONE', #4532, 1000.000000000000000 ) ;
#2129 = CARTESIAN_POINT ( 'NONE',  ( 4.643000501140988900, 0.3238201367950973600, -5.500000000000000000 ) ) ;
#2130 = FACE_OUTER_BOUND ( 'NONE', #5866, .T. ) ;
#2131 = DIRECTION ( 'NONE',  ( 0.06975647374411768400, 0.9975640502598248600, -0.0000000000000000000 ) ) ;
#2132 = DIRECTION ( 'NONE',  ( -0.0000000000000000000, -0.0000000000000000000, -1.000000000000000000 ) ) ;
#2133 = AXIS2_PLACEMENT_3D ( 'NONE', #8670, #7854, #5451 ) ;
#2134 = EDGE_CURVE ( 'NONE', #9922, #4494, #4015, .T. ) ;
#2135 = DIRECTION ( 'NONE',  ( -0.0000000000000000000, -0.0000000000000000000, -1.000000000000000000 ) ) ;
#2136 = VERTEX_POINT ( 'NONE', #6996 ) ;
#2137 = ORIENTED_EDGE ( 'NONE', *, *, #8234, .T. ) ;
#2138 = VECTOR ( 'NONE', #857, 1000.000000000000000 ) ;
#2139 = ORIENTED_EDGE ( 'NONE', *, *, #370, .T. ) ;
#2140 = FACE_OUTER_BOUND ( 'NONE', #9235, .T. ) ;
#2141 = ADVANCED_FACE ( 'NONE', ( #3264 ), #2343, .F. ) ;
#2142 = DIRECTION ( 'NONE',  ( 1.000000000000000000, 0.0000000000000000000, 0.0000000000000000000 ) ) ;
#2143 = PLANE ( 'NONE',  #1166 ) ;
#2144 = ORIENTED_EDGE ( 'NONE', *, *, #4295, .F. ) ;
#2145 = DIRECTION ( 'NONE',  ( -0.0000000000000000000, -0.0000000000000000000, -1.000000000000000000 ) ) ;
#2146 = AXIS2_PLACEMENT_3D ( 'NONE', #5707, #8096, #2448 ) ;
#2147 = VERTEX_POINT ( 'NONE', #4771 ) ;
#2148 = LINE ( 'NONE', #4827, #7439 ) ;
#2149 = AXIS2_PLACEMENT_3D ( 'NONE', #2955, #7530, #5281 ) ;
#2150 = ORIENTED_EDGE ( 'NONE', *, *, #7655, .F. ) ;
#2151 = ORIENTED_EDGE ( 'NONE', *, *, #3944, .F. ) ;
#2152 = DIRECTION ( 'NONE',  ( 0.0000000000000000000, 0.0000000000000000000, 1.000000000000000000 ) ) ;
#2153 = PLANE ( 'NONE',  #3649 ) ;
#2154 = VERTEX_POINT ( 'NONE', #8669 ) ;
#2155 = LINE ( 'NONE', #4866, #7688 ) ;
#2156 = CARTESIAN_POINT ( 'NONE',  ( -4.085923696263362700, 1.200000000000000400, -0.8499999999999992000 ) ) ;
#2157 = VERTEX_POINT ( 'NONE', #5576 ) ;
#2158 = CARTESIAN_POINT ( 'NONE',  ( -3.760000000000000200, 1.450000000000000200, 6.412500000000003200 ) ) ;
#2159 = EDGE_CURVE ( 'NONE', #6100, #6426, #3037, .T. ) ;
#2160 = EDGE_CURVE ( 'NONE', #8081, #5753, #1675, .T. ) ;
#2161 = ORIENTED_EDGE ( 'NONE', *, *, #1545, .F. ) ;
#2162 = AXIS2_PLACEMENT_3D ( 'NONE', #9579, #8912, #3345 ) ;
#2163 = CARTESIAN_POINT ( 'NONE',  ( 4.643000501140988900, 0.3238201367950973600, -0.4199999999999993700 ) ) ;
#2164 = DIRECTION ( 'NONE',  ( -0.9975640502598247500, 0.06975647374411816900, 0.0000000000000000000 ) ) ;
#2165 = CARTESIAN_POINT ( 'NONE',  ( -4.085923696263362700, 1.164780893477695100, -0.4199999999999993700 ) ) ;
#2166 = ORIENTED_EDGE ( 'NONE', *, *, #9915, .F. ) ;
#2167 = LINE ( 'NONE', #1293, #4510 ) ;
#2168 =( LENGTH_UNIT ( ) NAMED_UNIT ( * ) SI_UNIT ( .MILLI., .METRE. ) );
#2169 = EDGE_LOOP ( 'NONE', ( #3525, #8855, #8408, #8139 ) ) ;
#2170 = CARTESIAN_POINT ( 'NONE',  ( -4.085923696263362700, 1.200000000000000400, -0.4199999999999993700 ) ) ;
#2171 = DIRECTION ( 'NONE',  ( -0.0000000000000000000, -1.000000000000000000, -0.0000000000000000000 ) ) ;
#2172 = ADVANCED_FACE ( 'NONE', ( #8215 ), #3514, .F. ) ;
#2173 = CARTESIAN_POINT ( 'NONE',  ( -0.4300000000000000500, 0.0000000000000000000, 1.654999999999999800 ) ) ;
#2174 = EDGE_CURVE ( 'NONE', #4012, #772, #9043, .T. ) ;
#2175 = LINE ( 'NONE', #4980, #9666 ) ;
#2176 = DIRECTION ( 'NONE',  ( -0.9975640502598247500, -0.06975647374411816900, 0.0000000000000000000 ) ) ;
#2177 = CARTESIAN_POINT ( 'NONE',  ( -4.119942740832083700, 1.173896268997162200, 4.660000000000001000 ) ) ;
#2178 = EDGE_CURVE ( 'NONE', #8111, #2286, #9037, .T. ) ;
#2179 = ORIENTED_EDGE ( 'NONE', *, *, #91, .F. ) ;
#2180 = CARTESIAN_POINT ( 'NONE',  ( -3.759999999999999300, 1.450000000000000400, 2.960000000000000900 ) ) ;
#2181 = ORIENTED_EDGE ( 'NONE', *, *, #7888, .F. ) ;
#2182 = LINE ( 'NONE', #5191, #6631 ) ;
#2183 = FACE_OUTER_BOUND ( 'NONE', #7974, .T. ) ;
#2184 = CARTESIAN_POINT ( 'NONE',  ( -4.623104622025544500, 0.03929580968121797200, -2.959999999999999500 ) ) ;
#2185 = ORIENTED_EDGE ( 'NONE', *, *, #7325, .T. ) ;
#2186 = VECTOR ( 'NONE', #7191, 1000.000000000000100 ) ;
#2187 = AXIS2_PLACEMENT_3D ( 'NONE', #6219, #3877, #4529 ) ;
#2188 = EDGE_CURVE ( 'NONE', #1310, #4099, #6954, .T. ) ;
#2189 = ADVANCED_FACE ( 'NONE', ( #7449 ), #9655, .F. ) ;
#2190 = VERTEX_POINT ( 'NONE', #4040 ) ;
#2191 = DIRECTION ( 'NONE',  ( 1.000000000000000000, 0.0000000000000000000, 0.0000000000000000000 ) ) ;
#2192 =( NAMED_UNIT ( * ) PLANE_ANGLE_UNIT ( ) SI_UNIT ( $, .RADIAN. ) );
#2193 = CARTESIAN_POINT ( 'NONE',  ( 4.361424197404351100, 1.238601030272792600, 0.4200000000000010900 ) ) ;
#2194 = ORIENTED_EDGE ( 'NONE', *, *, #9883, .F. ) ;
#2195 = ORIENTED_EDGE ( 'NONE', *, *, #9103, .F. ) ;
#2196 = FACE_OUTER_BOUND ( 'NONE', #2040, .T. ) ;
#2197 = LINE ( 'NONE', #2683, #136 ) ;
#2198 = DIRECTION ( 'NONE',  ( 0.06975647374411768400, 0.9975640502598248600, -0.0000000000000000000 ) ) ;
#2199 = CIRCLE ( 'NONE', #4748, 0.2852191065223042000 ) ;
#2200 = CARTESIAN_POINT ( 'NONE',  ( 5.202500000000000600, 0.2493910125649557200, 2.960000000000000900 ) ) ;
#2201 = LINE ( 'NONE', #4265, #2942 ) ;
#2202 = PLANE ( 'NONE',  #6968 ) ;
#2203 = EDGE_LOOP ( 'NONE', ( #1594, #6639, #7897, #1747 ) ) ;
#2204 = CARTESIAN_POINT ( 'NONE',  ( 5.202500000000000600, 0.2493910125649557200, 4.660000000000001000 ) ) ;
#2205 = EDGE_CURVE ( 'NONE', #9017, #8586, #4871, .T. ) ;
#2206 = EDGE_LOOP ( 'NONE', ( #9076, #1831, #7400, #8194, #4275, #4467, #7541, #10117, #4426, #1985, #1965, #4093 ) ) ;
#2207 = LINE ( 'NONE', #1292, #10056 ) ;
#2208 = CYLINDRICAL_SURFACE ( 'NONE', #5497, 0.03521910652230526200 ) ;
#2209 = AXIS2_PLACEMENT_3D ( 'NONE', #1350, #2890, #4538 ) ;
#2210 = DIRECTION ( 'NONE',  ( 0.2588190451025207900, -0.9659258262890683100, 0.0000000000000000000 ) ) ;
#2211 = CARTESIAN_POINT ( 'NONE',  ( 4.640543740461574800, 0.2886868222461744800, -1.689999999999999700 ) ) ;
#2212 = VECTOR ( 'NONE', #2191, 1000.000000000000000 ) ;
#2213 = CARTESIAN_POINT ( 'NONE',  ( 4.640543740461574800, 0.2886868222461741500, -0.4199999999999993700 ) ) ;
#2214 = DIRECTION ( 'NONE',  ( 0.0000000000000000000, 0.0000000000000000000, 1.000000000000000000 ) ) ;
#2215 = CARTESIAN_POINT ( 'NONE',  ( -0.4300000000000000500, -0.0000000000000000000, -1.655000000000000200 ) ) ;
#2216 = ORIENTED_EDGE ( 'NONE', *, *, #2947, .T. ) ;
#2217 = CARTESIAN_POINT ( 'NONE',  ( -4.367500000000000600, 0.2500000000000000000, 2.120000000000000600 ) ) ;
#2218 = ORIENTED_EDGE ( 'NONE', *, *, #1236, .F. ) ;
#2219 = VECTOR ( 'NONE', #3262, 1000.000000000000000 ) ;
#2220 = CYLINDRICAL_SURFACE ( 'NONE', #3033, 0.2852191065223054800 ) ;
#2221 = DIRECTION ( 'NONE',  ( -0.2588190451025207900, 0.9659258262890683100, 0.0000000000000000000 ) ) ;
#2222 = DIRECTION ( 'NONE',  ( -0.9975640502598247500, -0.06975647374411816900, 0.0000000000000000000 ) ) ;
#2223 = EDGE_CURVE ( 'NONE', #8822, #1212, #1201, .T. ) ;
#2224 = ORIENTED_EDGE ( 'NONE', *, *, #5073, .F. ) ;
#2225 = VERTEX_POINT ( 'NONE', #4990 ) ;
#2226 = ORIENTED_EDGE ( 'NONE', *, *, #9785, .T. ) ;
#2227 = ORIENTED_EDGE ( 'NONE', *, *, #9051, .F. ) ;
#2228 = CARTESIAN_POINT ( 'NONE',  ( 5.202500000000000600, 0.2493910125649557200, -1.689999999999999700 ) ) ;
#2229 = ADVANCED_FACE ( 'NONE', ( #2400 ), #460, .T. ) ;
#2230 = VECTOR ( 'NONE', #8704, 1000.000000000000000 ) ;
#2231 = DIRECTION ( 'NONE',  ( 0.0000000000000000000, 0.0000000000000000000, 1.000000000000000000 ) ) ;
#2232 = ORIENTED_EDGE ( 'NONE', *, *, #6967, .F. ) ;
#2233 = CARTESIAN_POINT ( 'NONE',  ( -4.608981456572268900, 0.3147047612756303000, 4.230000000000001300 ) ) ;
#2234 = AXIS2_PLACEMENT_3D ( 'NONE', #2603, #4146, #9513 ) ;
#2235 = VECTOR ( 'NONE', #6314, 999.9999999999998900 ) ;
#2236 = ORIENTED_EDGE ( 'NONE', *, *, #2664, .T. ) ;
#2237 = DIRECTION ( 'NONE',  ( -0.2588190451025207900, 0.9659258262890683100, 0.0000000000000000000 ) ) ;
#2238 = VECTOR ( 'NONE', #1852, 1000.000000000000000 ) ;
#2239 = EDGE_CURVE ( 'NONE', #1072, #5729, #4380, .T. ) ;
#2240 = VECTOR ( 'NONE', #3935, 1000.000000000000100 ) ;
#2241 = PLANE ( 'NONE',  #444 ) ;
#2242 = AXIS2_PLACEMENT_3D ( 'NONE', #1286, #602, #2954 ) ;
#2243 = EDGE_CURVE ( 'NONE', #9134, #8769, #2155, .T. ) ;
#2244 = DIRECTION ( 'NONE',  ( -6.653104299660446400E-016, 1.000000000000000000, 0.0000000000000000000 ) ) ;
#2245 = DIRECTION ( 'NONE',  ( -0.0000000000000000000, -0.0000000000000000000, -1.000000000000000000 ) ) ;
#2246 = ADVANCED_FACE ( 'NONE', ( #2273 ), #8925, .F. ) ;
#2247 = VERTEX_POINT ( 'NONE', #8100 ) ;
#2248 = CARTESIAN_POINT ( 'NONE',  ( 5.202500000000000600, 0.2493910125649557200, -4.229999999999999500 ) ) ;
#2249 =( NAMED_UNIT ( * ) PLANE_ANGLE_UNIT ( ) SI_UNIT ( $, .RADIAN. ) );
#2250 = LINE ( 'NONE', #570, #6194 ) ;
#2251 = VECTOR ( 'NONE', #3295, 1000.000000000000000 ) ;
#2252 = CARTESIAN_POINT ( 'NONE',  ( -4.640543740461573900, 0.2886868222461744200, 2.120000000000000600 ) ) ;
#2253 = UNCERTAINTY_MEASURE_WITH_UNIT (LENGTH_MEASURE( 1.000000000000000100E-005 ), #48, 'distance_accuracy_value', 'NONE');
#2254 = EDGE_CURVE ( 'NONE', #5787, #2704, #8672, .T. ) ;
#2255 = EDGE_CURVE ( 'NONE', #2827, #9781, #2532, .T. ) ;
#2256 = VECTOR ( 'NONE', #2903, 1000.000000000000000 ) ;
#2257 = VERTEX_POINT ( 'NONE', #145 ) ;
#2258 = VECTOR ( 'NONE', #2428, 1000.000000000000000 ) ;
#2259 = CARTESIAN_POINT ( 'NONE',  ( 5.202500000000000600, 0.2493910125649557200, -2.959999999999999500 ) ) ;
#2260 = CARTESIAN_POINT ( 'NONE',  ( -3.759999999999999300, 1.200000000000000200, 3.390000000000000600 ) ) ;
#2261 = ORIENTED_EDGE ( 'NONE', *, *, #4720, .T. ) ;
#2262 = ORIENTED_EDGE ( 'NONE', *, *, #7783, .T. ) ;
#2263 = CARTESIAN_POINT ( 'NONE',  ( -4.085923696263362700, 1.164780893477695100, -0.4199999999999993700 ) ) ;
#2264 = VERTEX_POINT ( 'NONE', #182 ) ;
#2265 = EDGE_CURVE ( 'NONE', #22, #1822, #6709, .T. ) ;
#2266 = LINE ( 'NONE', #2395, #445 ) ;
#2267 = DIRECTION ( 'NONE',  ( -0.0000000000000000000, -0.0000000000000000000, -1.000000000000000000 ) ) ;
#2268 = PLANE ( 'NONE',  #5746 ) ;
#2269 = ORIENTED_EDGE ( 'NONE', *, *, #7629, .F. ) ;
#2270 = DIRECTION ( 'NONE',  ( -0.0000000000000000000, -0.0000000000000000000, -1.000000000000000000 ) ) ;
#2271 = DIRECTION ( 'NONE',  ( -1.000000000000000000, 0.0000000000000000000, 0.0000000000000000000 ) ) ;
#2272 = ORIENTED_EDGE ( 'NONE', *, *, #8053, .F. ) ;
#2273 = FACE_OUTER_BOUND ( 'NONE', #5662, .T. ) ;
#2274 = DIRECTION ( 'NONE',  ( -0.06975647374411952900, -0.9975640502598246400, 0.0000000000000000000 ) ) ;
#2275 = CARTESIAN_POINT ( 'NONE',  ( -3.760000000000000200, 1.450000000000000200, 6.412500000000003200 ) ) ;
#2276 = EDGE_CURVE ( 'NONE', #3258, #9134, #1428, .T. ) ;
#2277 = ADVANCED_FACE ( 'NONE', ( #3256 ), #1692, .F. ) ;
#2278 = DIRECTION ( 'NONE',  ( 0.0000000000000000000, 0.0000000000000000000, 1.000000000000000000 ) ) ;
#2279 = EDGE_LOOP ( 'NONE', ( #7289, #8128, #7677, #193 ) ) ;
#2280 = AXIS2_PLACEMENT_3D ( 'NONE', #7793, #7096, #6284 ) ;
#2281 = ORIENTED_EDGE ( 'NONE', *, *, #1588, .F. ) ;
#2282 = CARTESIAN_POINT ( 'NONE',  ( 4.643000501140988900, 0.3238201367950973600, -4.229999999999999500 ) ) ;
#2283 = EDGE_CURVE ( 'NONE', #6165, #2257, #3507, .T. ) ;
#2284 = MECHANICAL_DESIGN_GEOMETRIC_PRESENTATION_REPRESENTATION (  '', ( #5485 ), #1559 ) ;
#2285 = DIRECTION ( 'NONE',  ( -4.057832692343407400E-016, 0.0000000000000000000, -1.000000000000000000 ) ) ;
#2286 = VERTEX_POINT ( 'NONE', #7955 ) ;
#2287 = LINE ( 'NONE', #5409, #5996 ) ;
#2288 = EDGE_LOOP ( 'NONE', ( #3894, #2181, #3482, #9586 ) ) ;
#2289 = CARTESIAN_POINT ( 'NONE',  ( 5.185060881563971200, -2.641625050904819800E-019, 4.660000000000001000 ) ) ;
#2290 = ADVANCED_FACE ( 'NONE', ( #8208 ), #285, .F. ) ;
#2291 = CARTESIAN_POINT ( 'NONE',  ( 4.085923696263362700, 1.164780893477695100, 3.390000000000000600 ) ) ;
#2292 = EDGE_CURVE ( 'NONE', #1827, #6055, #6610, .T. ) ;
#2293 = DIRECTION ( 'NONE',  ( -0.0000000000000000000, -1.000000000000000000, -0.0000000000000000000 ) ) ;
#2294 = LINE ( 'NONE', #9719, #4640 ) ;
#2295 = ORIENTED_EDGE ( 'NONE', *, *, #3512, .T. ) ;
#2296 = PLANE ( 'NONE',  #6003 ) ;
#2297 = CARTESIAN_POINT ( 'NONE',  ( -0.4300000000000000500, 0.0000000000000000000, 1.784999999999999700 ) ) ;
#2298 = APPLICATION_CONTEXT ( 'automotive_design' ) ;
#2299 = ORIENTED_EDGE ( 'NONE', *, *, #8638, .T. ) ;
#2300 = FACE_OUTER_BOUND ( 'NONE', #1544, .T. ) ;
#2301 = VECTOR ( 'NONE', #7987, 1000.000000000000200 ) ;
#2302 = DIRECTION ( 'NONE',  ( 0.06975647374411768400, 0.9975640502598248600, -0.0000000000000000000 ) ) ;
#2303 = VERTEX_POINT ( 'NONE', #9516 ) ;
#2304 = LINE ( 'NONE', #505, #5283 ) ;
#2305 = CARTESIAN_POINT ( 'NONE',  ( -4.085923696263362700, 1.164780893477695100, 5.930000000000001500 ) ) ;
#2306 = CARTESIAN_POINT ( 'NONE',  ( -4.361424197404348400, 1.238601030272792100, 4.660000000000001000 ) ) ;
#2307 = EDGE_CURVE ( 'NONE', #6078, #3924, #6345, .T. ) ;
#2308 = DIRECTION ( 'NONE',  ( -6.653104299660455300E-016, -1.000000000000000000, 0.0000000000000000000 ) ) ;
#2309 = ORIENTED_EDGE ( 'NONE', *, *, #3336, .F. ) ;
#2310 = ORIENTED_EDGE ( 'NONE', *, *, #2409, .F. ) ;
#2311 = EDGE_CURVE ( 'NONE', #9368, #10030, #9518, .T. ) ;
#2312 = CYLINDRICAL_SURFACE ( 'NONE', #7838, 0.03521910652230526200 ) ;
#2313 = CARTESIAN_POINT ( 'NONE',  ( 4.119942740832083700, 1.173896268997162200, 5.930000000000001500 ) ) ;
#2314 = CARTESIAN_POINT ( 'NONE',  ( 0.4299999999999998800, 0.1000000000000002600, -1.655000000000000200 ) ) ;
#2315 = EDGE_LOOP ( 'NONE', ( #8310, #2347, #3123, #5378 ) ) ;
#2316 = ORIENTED_EDGE ( 'NONE', *, *, #2586, .F. ) ;
#2317 = AXIS2_PLACEMENT_3D ( 'NONE', #7024, #6406, #1073 ) ;
#2318 = ORIENTED_EDGE ( 'NONE', *, *, #5987, .T. ) ;
#2319 = AXIS2_PLACEMENT_3D ( 'NONE', #3726, #9999, #5347 ) ;
#2320 = FACE_OUTER_BOUND ( 'NONE', #8437, .T. ) ;
#2321 = EDGE_CURVE ( 'NONE', #9430, #8586, #5139, .T. ) ;
#2322 = VECTOR ( 'NONE', #4590, 1000.000000000000000 ) ;
#2323 = DIRECTION ( 'NONE',  ( -1.000000000000000000, -6.653104299660446400E-016, 0.0000000000000000000 ) ) ;
#2324 = CARTESIAN_POINT ( 'NONE',  ( 4.085923696263362700, 1.200000000000000600, 4.660000000000001000 ) ) ;
#2325 = ORIENTED_EDGE ( 'NONE', *, *, #759, .T. ) ;
#2326 = ORIENTED_EDGE ( 'NONE', *, *, #6222, .T. ) ;
#2327 = LINE ( 'NONE', #9374, #1358 ) ;
#2328 = CIRCLE ( 'NONE', #4086, 0.03521910652230526200 ) ;
#2329 = LINE ( 'NONE', #2465, #9091 ) ;
#2330 = SURFACE_SIDE_STYLE ('',( #2099 ) ) ;
#2331 = CARTESIAN_POINT ( 'NONE',  ( -2.760000000000000200, 2.649999999999998600, -5.412500000000003200 ) ) ;
#2332 = ORIENTED_EDGE ( 'NONE', *, *, #4512, .T. ) ;
#2333 = VERTEX_POINT ( 'NONE', #1135 ) ;
#2334 = ADVANCED_FACE ( 'NONE', ( #7197 ), #9009, .F. ) ;
#2335 = LINE ( 'NONE', #6934, #6428 ) ;
#2336 = ORIENTED_EDGE ( 'NONE', *, *, #5893, .T. ) ;
#2337 = CARTESIAN_POINT ( 'NONE',  ( -4.623104622025544500, 0.03929580968121797200, -5.500000000000000000 ) ) ;
#2338 = CARTESIAN_POINT ( 'NONE',  ( -5.185060881563971200, -2.641625050904819800E-019, -5.500000000000000000 ) ) ;
#2339 = VECTOR ( 'NONE', #1980, 1000.000000000000000 ) ;
#2340 = CARTESIAN_POINT ( 'NONE',  ( -4.085923696263362700, 1.164780893477695100, 5.500000000000001800 ) ) ;
#2341 = FACE_OUTER_BOUND ( 'NONE', #1390, .T. ) ;
#2342 = DIRECTION ( 'NONE',  ( 0.0000000000000000000, 0.0000000000000000000, 1.000000000000000000 ) ) ;
#2343 = PLANE ( 'NONE',  #9813 ) ;
#2344 = ORIENTED_EDGE ( 'NONE', *, *, #1018, .T. ) ;
#2345 = EDGE_LOOP ( 'NONE', ( #8617, #1289 ) ) ;
#2346 = CIRCLE ( 'NONE', #1294, 0.03521910652230526200 ) ;
#2347 = ORIENTED_EDGE ( 'NONE', *, *, #2531, .F. ) ;
#2348 = CARTESIAN_POINT ( 'NONE',  ( 4.643000501140988900, 0.3238201367950973600, 5.930000000000001500 ) ) ;
#2349 = AXIS2_PLACEMENT_3D ( 'NONE', #5703, #6366, #7186 ) ;
#2350 = EDGE_CURVE ( 'NONE', #9702, #6333, #5875, .T. ) ;
#2351 = LINE ( 'NONE', #6483, #181 ) ;
#2352 = DIRECTION ( 'NONE',  ( 0.0000000000000000000, 0.0000000000000000000, 1.000000000000000000 ) ) ;
#2353 = FILL_AREA_STYLE ('',( #7900 ) ) ;
#2354 = EDGE_CURVE ( 'NONE', #4099, #5195, #8074, .T. ) ;
#2355 = AXIS2_PLACEMENT_3D ( 'NONE', #4005, #4948, #5643 ) ;
#2356 = ORIENTED_EDGE ( 'NONE', *, *, #9617, .F. ) ;
#2357 = ORIENTED_EDGE ( 'NONE', *, *, #8502, .T. ) ;
#2358 = DIRECTION ( 'NONE',  ( 0.0000000000000000000, 0.0000000000000000000, 1.000000000000000000 ) ) ;
#2359 = CARTESIAN_POINT ( 'NONE',  ( -4.085923696263362700, 1.164780893477695100, 0.8500000000000009800 ) ) ;
#2360 = CARTESIAN_POINT ( 'NONE',  ( 5.202500000000000600, 0.2493910125649557200, -4.229999999999999500 ) ) ;
#2361 = CIRCLE ( 'NONE', #3620, 0.2852191065223054800 ) ;
#2362 = FACE_OUTER_BOUND ( 'NONE', #7391, .T. ) ;
#2363 = DIRECTION ( 'NONE',  ( 1.000000000000000000, 0.0000000000000000000, -0.0000000000000000000 ) ) ;
#2364 = ORIENTED_EDGE ( 'NONE', *, *, #9211, .T. ) ;
#2365 = LINE ( 'NONE', #7458, #6796 ) ;
#2366 = ORIENTED_EDGE ( 'NONE', *, *, #5267, .T. ) ;
#2367 = ORIENTED_EDGE ( 'NONE', *, *, #9532, .T. ) ;
#2368 = EDGE_CURVE ( 'NONE', #462, #7486, #213, .T. ) ;
#2369 = PRESENTATION_STYLE_ASSIGNMENT (( #5070 ) ) ;
#2370 = EDGE_CURVE ( 'NONE', #3552, #6579, #7079, .T. ) ;
#2371 = CARTESIAN_POINT ( 'NONE',  ( -4.361424197404348400, 1.238601030272792100, 5.930000000000001500 ) ) ;
#2372 = LINE ( 'NONE', #8794, #7415 ) ;
#2373 = CARTESIAN_POINT ( 'NONE',  ( -3.759999999999999300, 1.450000000000000400, 2.120000000000000600 ) ) ;
#2374 = DIRECTION ( 'NONE',  ( 0.9975640502598247500, -0.06975647374411816900, 0.0000000000000000000 ) ) ;
#2375 = ADVANCED_FACE ( 'NONE', ( #8792 ), #349, .T. ) ;
#2376 = ADVANCED_BREP_SHAPE_REPRESENTATION ( 'DWP20', ( #6978, #6674, #4843, #453, #5813, #7997, #9620, #1085, #8315, #8490, #2121, #837, #6231, #5246, #709, #87, #5562, #9169, #9794, #8066, #4022, #1561, #4471, #1584 ), #9670 ) ;
#2377 = CARTESIAN_POINT ( 'NONE',  ( 4.640543740461574800, 0.2886868222461741500, -1.689999999999999700 ) ) ;
#2378 = VERTEX_POINT ( 'NONE', #581 ) ;
#2379 = DIRECTION ( 'NONE',  ( -0.0000000000000000000, -0.0000000000000000000, -1.000000000000000000 ) ) ;
#2380 = VECTOR ( 'NONE', #9242, 1000.000000000000000 ) ;
#2381 = ORIENTED_EDGE ( 'NONE', *, *, #2780, .T. ) ;
#2382 = DIRECTION ( 'NONE',  ( 1.000000000000000000, 0.0000000000000000000, -0.0000000000000000000 ) ) ;
#2383 = CIRCLE ( 'NONE', #3018, 0.2852191065223050300 ) ;
#2384 = AXIS2_PLACEMENT_3D ( 'NONE', #3154, #5656, #7906 ) ;
#2385 = EDGE_CURVE ( 'NONE', #5747, #8630, #8555, .T. ) ;
#2386 = DIRECTION ( 'NONE',  ( 0.0000000000000000000, 0.0000000000000000000, 1.000000000000000000 ) ) ;
#2387 = EDGE_LOOP ( 'NONE', ( #2594, #4985, #1802, #6110 ) ) ;
#2388 = ORIENTED_EDGE ( 'NONE', *, *, #5629, .T. ) ;
#2389 = LINE ( 'NONE', #6272, #5381 ) ;
#2390 = ADVANCED_FACE ( 'NONE', ( #6837 ), #10023, .F. ) ;
#2391 = ORIENTED_EDGE ( 'NONE', *, *, #3073, .T. ) ;
#2392 = ORIENTED_EDGE ( 'NONE', *, *, #6851, .F. ) ;
#2393 = CARTESIAN_POINT ( 'NONE',  ( -4.643000501140988900, 0.3238201367950973600, -3.389999999999999200 ) ) ;
#2394 = DIRECTION ( 'NONE',  ( -1.000000000000000000, 0.0000000000000000000, 0.0000000000000000000 ) ) ;
#2395 = CARTESIAN_POINT ( 'NONE',  ( -3.591350998357130600, 2.649999999999998600, -6.412500000000001400 ) ) ;
#2396 = ORIENTED_EDGE ( 'NONE', *, *, #10152, .T. ) ;
#2397 = VERTEX_POINT ( 'NONE', #6075 ) ;
#2398 = EDGE_CURVE ( 'NONE', #4329, #5379, #6223, .T. ) ;
#2399 = ORIENTED_EDGE ( 'NONE', *, *, #5909, .T. ) ;
#2400 = FACE_OUTER_BOUND ( 'NONE', #2639, .T. ) ;
#2401 = EDGE_LOOP ( 'NONE', ( #2930, #5717, #310, #9301 ) ) ;
#2402 = ORIENTED_EDGE ( 'NONE', *, *, #6510, .T. ) ;
#2403 = DIRECTION ( 'NONE',  ( 0.9659258262890683100, 0.2588190451025207900, -0.0000000000000000000 ) ) ;
#2404 = CARTESIAN_POINT ( 'NONE',  ( -4.361424197404348400, 1.238601030272792100, -3.389999999999999200 ) ) ;
#2405 = CARTESIAN_POINT ( 'NONE',  ( 4.085923696263362700, 1.200000000000000600, 5.500000000000001800 ) ) ;
#2406 = VERTEX_POINT ( 'NONE', #3783 ) ;
#2407 = DIRECTION ( 'NONE',  ( 1.000000000000000000, -6.653104299660446400E-016, -0.0000000000000000000 ) ) ;
#2408 = DIRECTION ( 'NONE',  ( -0.2588190451025243500, -0.9659258262890673100, 0.0000000000000000000 ) ) ;
#2409 = EDGE_CURVE ( 'NONE', #5832, #4095, #8426, .T. ) ;
#2410 = LINE ( 'NONE', #5250, #4273 ) ;
#2411 =( NAMED_UNIT ( * ) SI_UNIT ( $, .STERADIAN. ) SOLID_ANGLE_UNIT ( ) );
#2412 = VERTEX_POINT ( 'NONE', #723 ) ;
#2413 = PRESENTATION_LAYER_ASSIGNMENT (  '', '', ( #7824 ) ) ;
#2414 = PLANE ( 'NONE',  #4384 ) ;
#2415 = EDGE_CURVE ( 'NONE', #7976, #848, #4009, .T. ) ;
#2416 = CIRCLE ( 'NONE', #3268, 0.03521910652230526200 ) ;
#2417 = VECTOR ( 'NONE', #8471, 1000.000000000000000 ) ;
#2418 = DIRECTION ( 'NONE',  ( -1.734723475976807100E-015, -1.000000000000000000, 0.0000000000000000000 ) ) ;
#2419 = ORIENTED_EDGE ( 'NONE', *, *, #7797, .T. ) ;
#2420 = ORIENTED_EDGE ( 'NONE', *, *, #5511, .T. ) ;
#2421 = PLANE ( 'NONE',  #2649 ) ;
#2422 = DIRECTION ( 'NONE',  ( -1.000000000000000000, 0.0000000000000000000, 0.0000000000000000000 ) ) ;
#2423 = AXIS2_PLACEMENT_3D ( 'NONE', #6622, #1202, #1100 ) ;
#2424 = ADVANCED_FACE ( 'NONE', ( #949 ), #99, .F. ) ;
#2425 =( LENGTH_UNIT ( ) NAMED_UNIT ( * ) SI_UNIT ( .MILLI., .METRE. ) );
#2426 = DIRECTION ( 'NONE',  ( 1.000000000000000000, 6.653104299660446400E-016, 0.0000000000000000000 ) ) ;
#2427 = CARTESIAN_POINT ( 'NONE',  ( -3.759999999999999300, 1.450000000000000400, 3.390000000000000600 ) ) ;
#2428 = DIRECTION ( 'NONE',  ( 0.9975640502598247500, 0.06975647374411816900, -0.0000000000000000000 ) ) ;
#2429 = ORIENTED_EDGE ( 'NONE', *, *, #6082, .T. ) ;
#2430 = EDGE_CURVE ( 'NONE', #8971, #7078, #4620, .T. ) ;
#2431 = VECTOR ( 'NONE', #7413, 1000.000000000000000 ) ;
#2432 = PRESENTATION_LAYER_ASSIGNMENT (  '', '', ( #2044 ) ) ;
#2433 = VECTOR ( 'NONE', #3580, 1000.000000000000000 ) ;
#2434 = ORIENTED_EDGE ( 'NONE', *, *, #3550, .F. ) ;
#2435 = ORIENTED_EDGE ( 'NONE', *, *, #9432, .F. ) ;
#2436 = ORIENTED_EDGE ( 'NONE', *, *, #7554, .F. ) ;
#2437 = DIRECTION ( 'NONE',  ( -0.2588190451025207900, 0.9659258262890683100, 0.0000000000000000000 ) ) ;
#2438 = CARTESIAN_POINT ( 'NONE',  ( 4.643000501140988900, 0.3238201367950973600, -5.500000000000000000 ) ) ;
#2439 = FACE_OUTER_BOUND ( 'NONE', #4760, .T. ) ;
#2440 = CIRCLE ( 'NONE', #4132, 0.2852191065223050300 ) ;
#2441 = DIRECTION ( 'NONE',  ( -1.000000000000000000, 0.0000000000000000000, 0.0000000000000000000 ) ) ;
#2442 = FACE_OUTER_BOUND ( 'NONE', #2169, .T. ) ;
#2443 = ADVANCED_FACE ( 'NONE', ( #2671 ), #10006, .T. ) ;
#2444 = PLANE ( 'NONE',  #998 ) ;
#2445 = VECTOR ( 'NONE', #8221, 1000.000000000000000 ) ;
#2446 = PLANE ( 'NONE',  #1876 ) ;
#2447 = EDGE_CURVE ( 'NONE', #8474, #5794, #8313, .T. ) ;
#2448 = DIRECTION ( 'NONE',  ( -1.000000000000000000, 0.0000000000000000000, 0.0000000000000000000 ) ) ;
#2449 = EDGE_CURVE ( 'NONE', #9919, #948, #7941, .T. ) ;
#2450 = VERTEX_POINT ( 'NONE', #8599 ) ;
#2451 = ORIENTED_EDGE ( 'NONE', *, *, #6119, .T. ) ;
#2452 = CARTESIAN_POINT ( 'NONE',  ( 4.085923696263362700, 1.450000000000000000, 4.660000000000001000 ) ) ;
#2453 = ORIENTED_EDGE ( 'NONE', *, *, #509, .F. ) ;
#2454 = VECTOR ( 'NONE', #2131, 999.9999999999998900 ) ;
#2455 = CIRCLE ( 'NONE', #9012, 0.2852191065223054800 ) ;
#2456 = LINE ( 'NONE', #10040, #6397 ) ;
#2457 = DIRECTION ( 'NONE',  ( -0.0000000000000000000, -0.0000000000000000000, -1.000000000000000000 ) ) ;
#2458 = DIRECTION ( 'NONE',  ( 6.653104299660446400E-016, 1.000000000000000000, -0.0000000000000000000 ) ) ;
#2459 = ORIENTED_EDGE ( 'NONE', *, *, #7668, .F. ) ;
#2460 = ORIENTED_EDGE ( 'NONE', *, *, #3523, .F. ) ;
#2461 = EDGE_CURVE ( 'NONE', #6361, #4416, #7932, .T. ) ;
#2462 = ORIENTED_EDGE ( 'NONE', *, *, #4161, .T. ) ;
#2463 = CARTESIAN_POINT ( 'NONE',  ( 3.759999999999999300, 1.200000000000000200, 5.930000000000001500 ) ) ;
#2464 = FACE_OUTER_BOUND ( 'NONE', #402, .T. ) ;
#2465 = CARTESIAN_POINT ( 'NONE',  ( -3.759999999999999300, 1.200000000000000200, -1.689999999999999700 ) ) ;
#2466 = DIRECTION ( 'NONE',  ( -0.2588190451025207900, 0.9659258262890683100, -0.0000000000000000000 ) ) ;
#2467 = VECTOR ( 'NONE', #3712, 1000.000000000000000 ) ;
#2468 = DIRECTION ( 'NONE',  ( -0.06975647374411768400, -0.9975640502598248600, 0.0000000000000000000 ) ) ;
#2469 = CARTESIAN_POINT ( 'NONE',  ( -4.085923696263362700, 1.164780893477695100, 0.8500000000000009800 ) ) ;
#2470 = SURFACE_STYLE_FILL_AREA ( #9204 ) ;
#2471 = CLOSED_SHELL ( 'NONE', ( #2971, #5153, #7398, #8427, #9376, #4605, #8635, #7025, #5314, #6488, #2902, #8572, #9089, #7074 ) ) ;
#2472 = ORIENTED_EDGE ( 'NONE', *, *, #7322, .T. ) ;
#2473 = LINE ( 'NONE', #8258, #6057 ) ;
#2474 = ORIENTED_EDGE ( 'NONE', *, *, #1195, .T. ) ;
#2475 = EDGE_CURVE ( 'NONE', #8418, #8206, #825, .T. ) ;
#2476 = CIRCLE ( 'NONE', #4774, 0.03521910652230526200 ) ;
#2477 = VECTOR ( 'NONE', #2466, 1000.000000000000100 ) ;
#2478 = CARTESIAN_POINT ( 'NONE',  ( -4.640543740461573900, 0.2886868222461744200, -0.4199999999999993700 ) ) ;
#2479 = AXIS2_PLACEMENT_3D ( 'NONE', #1688, #996, #2487 ) ;
#2480 = DIRECTION ( 'NONE',  ( 1.734723475976807100E-015, 1.000000000000000000, 0.0000000000000000000 ) ) ;
#2481 = EDGE_LOOP ( 'NONE', ( #2878, #4628, #9147, #1303 ) ) ;
#2482 = AXIS2_PLACEMENT_3D ( 'NONE', #1288, #9896, #9937 ) ;
#2483 = VERTEX_POINT ( 'NONE', #2932 ) ;
#2484 = DIRECTION ( 'NONE',  ( -1.000000000000000000, -0.0000000000000000000, -0.0000000000000000000 ) ) ;
#2485 = DIRECTION ( 'NONE',  ( -0.0000000000000000000, -0.0000000000000000000, -1.000000000000000000 ) ) ;
#2486 = CARTESIAN_POINT ( 'NONE',  ( -3.759999999999999300, 1.450000000000000400, 0.8500000000000009800 ) ) ;
#2487 = DIRECTION ( 'NONE',  ( 1.000000000000000000, 0.0000000000000000000, 0.0000000000000000000 ) ) ;
#2488 = VECTOR ( 'NONE', #2966, 1000.000000000000000 ) ;
#2489 = ORIENTED_EDGE ( 'NONE', *, *, #5879, .T. ) ;
#2490 = PLANE ( 'NONE',  #4542 ) ;
#2491 = ORIENTED_EDGE ( 'NONE', *, *, #623, .F. ) ;
#2492 = CARTESIAN_POINT ( 'NONE',  ( 4.640543740461574800, 0.2886868222461741500, -3.389999999999999200 ) ) ;
#2493 = FACE_OUTER_BOUND ( 'NONE', #41, .T. ) ;
#2494 = CARTESIAN_POINT ( 'NONE',  ( 4.643000501140988900, 0.3238201367950973600, -4.229999999999999500 ) ) ;
#2495 = CARTESIAN_POINT ( 'NONE',  ( -4.643000501140988900, 0.3238201367950973600, 2.960000000000000900 ) ) ;
#2496 = AXIS2_PLACEMENT_3D ( 'NONE', #7314, #8145, #5882 ) ;
#2497 = EDGE_CURVE ( 'NONE', #325, #3759, #6334, .T. ) ;
#2498 = FACE_OUTER_BOUND ( 'NONE', #8288, .T. ) ;
#2499 = CARTESIAN_POINT ( 'NONE',  ( 3.759999999999999800, 1.450000000000000200, -4.659999999999999300 ) ) ;
#2500 = DIRECTION ( 'NONE',  ( -1.000000000000000000, 6.653104299660455300E-016, -0.0000000000000000000 ) ) ;
#2501 = DIRECTION ( 'NONE',  ( -0.0000000000000000000, 1.000000000000000000, -0.0000000000000000000 ) ) ;
#2502 = ORIENTED_EDGE ( 'NONE', *, *, #7433, .T. ) ;
#2503 = DIRECTION ( 'NONE',  ( 4.170008355713482100E-016, 0.0000000000000000000, -1.000000000000000000 ) ) ;
#2504 = LINE ( 'NONE', #6587, #563 ) ;
#2505 = DIRECTION ( 'NONE',  ( -0.0000000000000000000, -0.0000000000000000000, -1.000000000000000000 ) ) ;
#2506 = ORIENTED_EDGE ( 'NONE', *, *, #1089, .F. ) ;
#2507 = LINE ( 'NONE', #3918, #6450 ) ;
#2508 = DIRECTION ( 'NONE',  ( 0.0000000000000000000, 0.0000000000000000000, 1.000000000000000000 ) ) ;
#2509 = EDGE_CURVE ( 'NONE', #3349, #8392, #9872, .T. ) ;
#2510 = ORIENTED_EDGE ( 'NONE', *, *, #1930, .T. ) ;
#2511 = EDGE_CURVE ( 'NONE', #8598, #9905, #8917, .T. ) ;
#2512 = CARTESIAN_POINT ( 'NONE',  ( -4.623104622025544500, 0.03929580968121807600, -2.119999999999999700 ) ) ;
#2513 = ORIENTED_EDGE ( 'NONE', *, *, #1313, .T. ) ;
#2514 = DIRECTION ( 'NONE',  ( -0.0000000000000000000, 0.0000000000000000000, -1.000000000000000000 ) ) ;
#2515 = VERTEX_POINT ( 'NONE', #7946 ) ;
#2516 = DIRECTION ( 'NONE',  ( -1.000000000000000000, 0.0000000000000000000, -0.0000000000000000000 ) ) ;
#2517 = ORIENTED_EDGE ( 'NONE', *, *, #9693, .T. ) ;
#2518 = LINE ( 'NONE', #1540, #8908 ) ;
#2519 = CARTESIAN_POINT ( 'NONE',  ( 3.759999999999999800, 1.450000000000000200, 3.390000000000000600 ) ) ;
#2520 = DIRECTION ( 'NONE',  ( -1.000000000000000000, 0.0000000000000000000, 0.0000000000000000000 ) ) ;
#2521 = CARTESIAN_POINT ( 'NONE',  ( -5.202500000000000600, 0.2493910125649564100, 3.390000000000000600 ) ) ;
#2522 = CARTESIAN_POINT ( 'NONE',  ( -0.4300000000000000500, 0.1000000000000000100, -1.655000000000000200 ) ) ;
#2523 = CARTESIAN_POINT ( 'NONE',  ( 1.174999999999999600, 0.1000000000000002600, -1.655000000000000200 ) ) ;
#2524 = ORIENTED_EDGE ( 'NONE', *, *, #738, .T. ) ;
#2525 = CARTESIAN_POINT ( 'NONE',  ( 5.202500000000000600, 0.2493910125649557200, -2.959999999999999500 ) ) ;
#2526 = DIRECTION ( 'NONE',  ( -0.0000000000000000000, -0.0000000000000000000, -1.000000000000000000 ) ) ;
#2527 = AXIS2_PLACEMENT_3D ( 'NONE', #1885, #8916, #8946 ) ;
#2528 = AXIS2_PLACEMENT_3D ( 'NONE', #2803, #9081, #5199 ) ;
#2529 = ORIENTED_EDGE ( 'NONE', *, *, #1973, .F. ) ;
#2530 = DIRECTION ( 'NONE',  ( -0.9975640502598247500, -0.06975647374411807200, 0.0000000000000000000 ) ) ;
#2531 = EDGE_CURVE ( 'NONE', #7821, #450, #5867, .T. ) ;
#2532 = LINE ( 'NONE', #5715, #4755 ) ;
#2533 = DIRECTION ( 'NONE',  ( -0.06975647374411768400, -0.9975640502598248600, 0.0000000000000000000 ) ) ;
#2534 = DIRECTION ( 'NONE',  ( -0.06975647374411816900, 0.9975640502598247500, 0.0000000000000000000 ) ) ;
#2535 = ORIENTED_EDGE ( 'NONE', *, *, #4164, .F. ) ;
#2536 = PLANE ( 'NONE',  #8205 ) ;
#2537 = ORIENTED_EDGE ( 'NONE', *, *, #1721, .T. ) ;
#2538 = VERTEX_POINT ( 'NONE', #7914 ) ;
#2539 = DIRECTION ( 'NONE',  ( 1.000000000000000000, 6.653104299660446400E-016, 0.0000000000000000000 ) ) ;
#2540 = DIRECTION ( 'NONE',  ( -1.000000000000000000, -0.0000000000000000000, -0.0000000000000000000 ) ) ;
#2541 = VECTOR ( 'NONE', #1183, 1000.000000000000000 ) ;
#2542 = DIRECTION ( 'NONE',  ( -0.2588190451025207900, 0.9659258262890683100, -0.0000000000000000000 ) ) ;
#2543 = ORIENTED_EDGE ( 'NONE', *, *, #10121, .T. ) ;
#2544 = ORIENTED_EDGE ( 'NONE', *, *, #7111, .T. ) ;
#2545 = AXIS2_PLACEMENT_3D ( 'NONE', #9587, #214, #3351 ) ;
#2546 = AXIS2_PLACEMENT_3D ( 'NONE', #6205, #7638, #9985 ) ;
#2547 = DIRECTION ( 'NONE',  ( 1.000000000000000000, 0.0000000000000000000, 0.0000000000000000000 ) ) ;
#2548 = CARTESIAN_POINT ( 'NONE',  ( 4.623104622025544500, 0.03929580968121807600, -3.389999999999999200 ) ) ;
#2549 = VECTOR ( 'NONE', #9649, 1000.000000000000100 ) ;
#2550 = ORIENTED_EDGE ( 'NONE', *, *, #8910, .T. ) ;
#2551 = DIRECTION ( 'NONE',  ( -0.0000000000000000000, -0.0000000000000000000, -1.000000000000000000 ) ) ;
#2552 = CARTESIAN_POINT ( 'NONE',  ( -4.361424197404348400, 1.238601030272792100, 0.8500000000000009800 ) ) ;
#2553 = CARTESIAN_POINT ( 'NONE',  ( -4.119942740832083700, 1.173896268997162200, -2.119999999999999700 ) ) ;
#2554 = ADVANCED_FACE ( 'NONE', ( #7562 ), #9472, .F. ) ;
#2555 = CARTESIAN_POINT ( 'NONE',  ( -3.759999999999999300, 1.450000000000000400, 2.120000000000000600 ) ) ;
#2556 = ORIENTED_EDGE ( 'NONE', *, *, #8409, .T. ) ;
#2557 = DIRECTION ( 'NONE',  ( -0.06975647374411746100, 0.9975640502598247500, 0.0000000000000000000 ) ) ;
#2558 = CARTESIAN_POINT ( 'NONE',  ( 4.623104622025544500, 0.03929580968121807600, -4.229999999999999500 ) ) ;
#2559 = AXIS2_PLACEMENT_3D ( 'NONE', #8694, #4858, #7216 ) ;
#2560 = DIRECTION ( 'NONE',  ( 0.0000000000000000000, 0.0000000000000000000, -1.000000000000000000 ) ) ;
#2561 = LINE ( 'NONE', #9138, #8816 ) ;
#2562 = VECTOR ( 'NONE', #7190, 1000.000000000000000 ) ;
#2563 = CARTESIAN_POINT ( 'NONE',  ( -3.759999999999999300, 1.450000000000000400, 5.930000000000001500 ) ) ;
#2564 = ORIENTED_EDGE ( 'NONE', *, *, #5305, .F. ) ;
#2565 = LINE ( 'NONE', #5179, #486 ) ;
#2566 = EDGE_CURVE ( 'NONE', #4329, #9048, #5009, .T. ) ;
#2567 = AXIS2_PLACEMENT_3D ( 'NONE', #2762, #4988, #9688 ) ;
#2568 = CARTESIAN_POINT ( 'NONE',  ( -4.643000501140988900, 0.3238201367950973600, 5.500000000000001800 ) ) ;
#2569 = ORIENTED_EDGE ( 'NONE', *, *, #2916, .T. ) ;
#2570 = DIRECTION ( 'NONE',  ( 0.0000000000000000000, 0.0000000000000000000, 1.000000000000000000 ) ) ;
#2571 = ADVANCED_FACE ( 'NONE', ( #6828 ), #7884, .F. ) ;
#2572 = CARTESIAN_POINT ( 'NONE',  ( -3.759999999999999300, 1.450000000000000400, 4.660000000000001000 ) ) ;
#2573 =( NAMED_UNIT ( * ) PLANE_ANGLE_UNIT ( ) SI_UNIT ( $, .RADIAN. ) );
#2574 = ORIENTED_EDGE ( 'NONE', *, *, #5881, .F. ) ;
#2575 = ORIENTED_EDGE ( 'NONE', *, *, #9630, .T. ) ;
#2576 = CARTESIAN_POINT ( 'NONE',  ( -0.4299999999999999900, 0.1000000000000002600, -1.785000000000000100 ) ) ;
#2577 = LINE ( 'NONE', #3030, #2064 ) ;
#2578 = CYLINDRICAL_SURFACE ( 'NONE', #1824, 0.2852191065223054800 ) ;
#2579 = LINE ( 'NONE', #1653, #6262 ) ;
#2580 = CARTESIAN_POINT ( 'NONE',  ( 4.085923696263362700, 1.164780893477695100, -3.389999999999999200 ) ) ;
#2581 = AXIS2_PLACEMENT_3D ( 'NONE', #8136, #3404, #4220 ) ;
#2582 = EDGE_CURVE ( 'NONE', #5143, #4262, #1190, .T. ) ;
#2583 = AXIS2_PLACEMENT_3D ( 'NONE', #8114, #227, #4159 ) ;
#2584 = VERTEX_POINT ( 'NONE', #9404 ) ;
#2585 = ORIENTED_EDGE ( 'NONE', *, *, #7230, .T. ) ;
#2586 = EDGE_CURVE ( 'NONE', #3533, #3979, #5986, .T. ) ;
#2587 = VERTEX_POINT ( 'NONE', #6234 ) ;
#2588 = FACE_OUTER_BOUND ( 'NONE', #1729, .T. ) ;
#2589 = DIRECTION ( 'NONE',  ( 0.06975647374411807200, -0.9975640502598247500, 0.0000000000000000000 ) ) ;
#2590 = VECTOR ( 'NONE', #259, 1000.000000000000000 ) ;
#2591 = DIRECTION ( 'NONE',  ( -0.9659258262890683100, -0.2588190451025207900, 0.0000000000000000000 ) ) ;
#2592 = ORIENTED_EDGE ( 'NONE', *, *, #386, .F. ) ;
#2593 = DIRECTION ( 'NONE',  ( 1.000000000000000000, 0.0000000000000000000, -0.0000000000000000000 ) ) ;
#2594 = ORIENTED_EDGE ( 'NONE', *, *, #4886, .T. ) ;
#2595 = EDGE_LOOP ( 'NONE', ( #5137, #9821, #7050, #4410 ) ) ;
#2596 = DIRECTION ( 'NONE',  ( 1.000000000000000000, 6.653104299660446400E-016, 0.0000000000000000000 ) ) ;
#2597 = CARTESIAN_POINT ( 'NONE',  ( 5.202500000000000600, 0.2493910125649557200, 5.500000000000001800 ) ) ;
#2598 = AXIS2_PLACEMENT_3D ( 'NONE', #3120, #8614, #2221 ) ;
#2599 = CIRCLE ( 'NONE', #1551, 0.03521910652230526200 ) ;
#2600 = EDGE_CURVE ( 'NONE', #8424, #9682, #4493, .T. ) ;
#2601 = VECTOR ( 'NONE', #3881, 1000.000000000000000 ) ;
#2602 = CARTESIAN_POINT ( 'NONE',  ( 3.759999999999999800, 1.450000000000000200, -1.689999999999999700 ) ) ;
#2603 = CARTESIAN_POINT ( 'NONE',  ( 4.361424197404351100, 1.238601030272792600, 5.930000000000001500 ) ) ;
#2604 = DIRECTION ( 'NONE',  ( -0.0000000000000000000, -1.000000000000000000, -0.0000000000000000000 ) ) ;
#2605 = PLANE ( 'NONE',  #5418 ) ;
#2606 = ORIENTED_EDGE ( 'NONE', *, *, #8770, .F. ) ;
#2607 = EDGE_LOOP ( 'NONE', ( #7004, #3832, #7063, #1138, #2651, #6654, #3093, #9939, #6501, #4204, #3583, #4787 ) ) ;
#2608 = ORIENTED_EDGE ( 'NONE', *, *, #759, .F. ) ;
#2609 = CARTESIAN_POINT ( 'NONE',  ( -3.759999999999999300, 1.450000000000000400, -0.4199999999999993700 ) ) ;
#2610 = VECTOR ( 'NONE', #2210, 1000.000000000000100 ) ;
#2611 = ORIENTED_EDGE ( 'NONE', *, *, #436, .T. ) ;
#2612 = DIRECTION ( 'NONE',  ( -0.0000000000000000000, -0.0000000000000000000, -1.000000000000000000 ) ) ;
#2613 = CARTESIAN_POINT ( 'NONE',  ( 4.643000501140988900, 0.3238201367950973600, 2.120000000000000600 ) ) ;
#2614 = EDGE_CURVE ( 'NONE', #3887, #8424, #8195, .T. ) ;
#2615 = ADVANCED_FACE ( 'NONE', ( #3383 ), #171, .T. ) ;
#2616 = ORIENTED_EDGE ( 'NONE', *, *, #5149, .F. ) ;
#2617 = CARTESIAN_POINT ( 'NONE',  ( 4.640543740461574800, 0.2886868222461744800, -2.959999999999999500 ) ) ;
#2618 = CARTESIAN_POINT ( 'NONE',  ( -4.085923696263362700, 1.164780893477695100, 2.960000000000000900 ) ) ;
#2619 = FACE_OUTER_BOUND ( 'NONE', #142, .T. ) ;
#2620 = ORIENTED_EDGE ( 'NONE', *, *, #4624, .F. ) ;
#2621 = DIRECTION ( 'NONE',  ( -1.000000000000000000, 0.0000000000000000000, 0.0000000000000000000 ) ) ;
#2622 = LINE ( 'NONE', #7683, #536 ) ;
#2623 = DIRECTION ( 'NONE',  ( 0.2588190451025207900, -0.9659258262890683100, 0.0000000000000000000 ) ) ;
#2624 = VECTOR ( 'NONE', #4318, 1000.000000000000000 ) ;
#2625 = ORIENTED_EDGE ( 'NONE', *, *, #2368, .T. ) ;
#2626 = CARTESIAN_POINT ( 'NONE',  ( 3.759999999999999800, 1.450000000000000200, 4.660000000000001000 ) ) ;
#2627 = DIRECTION ( 'NONE',  ( 1.000000000000000000, 0.0000000000000000000, 0.0000000000000000000 ) ) ;
#2628 = VERTEX_POINT ( 'NONE', #4139 ) ;
#2629 = ADVANCED_FACE ( 'NONE', ( #2658 ), #1685, .F. ) ;
#2630 = VECTOR ( 'NONE', #8049, 1000.000000000000000 ) ;
#2631 = DIRECTION ( 'NONE',  ( 0.2588190451025207900, -0.9659258262890683100, 0.0000000000000000000 ) ) ;
#2632 = DIRECTION ( 'NONE',  ( -0.9975640502598247500, -0.06975647374411816900, 0.0000000000000000000 ) ) ;
#2633 = AXIS2_PLACEMENT_3D ( 'NONE', #6045, #9956, #8504 ) ;
#2634 = CIRCLE ( 'NONE', #3472, 0.03521910652230526200 ) ;
#2635 = DIRECTION ( 'NONE',  ( -1.000000000000000000, 0.0000000000000000000, 0.0000000000000000000 ) ) ;
#2636 = EDGE_CURVE ( 'NONE', #5143, #8267, #2389, .T. ) ;
#2637 = CARTESIAN_POINT ( 'NONE',  ( -3.759999999999999300, 1.200000000000000200, -3.389999999999999200 ) ) ;
#2638 = DIRECTION ( 'NONE',  ( -0.0000000000000000000, -0.0000000000000000000, -1.000000000000000000 ) ) ;
#2639 = EDGE_LOOP ( 'NONE', ( #4498, #5324, #4828, #8844 ) ) ;
#2640 = DIRECTION ( 'NONE',  ( 0.0000000000000000000, 0.0000000000000000000, 1.000000000000000000 ) ) ;
#2641 = VECTOR ( 'NONE', #3519, 1000.000000000000100 ) ;
#2642 = DIRECTION ( 'NONE',  ( 0.0000000000000000000, -1.000000000000000000, 0.0000000000000000000 ) ) ;
#2643 = ORIENTED_EDGE ( 'NONE', *, *, #7827, .T. ) ;
#2644 = DIRECTION ( 'NONE',  ( -0.06975647374411816900, 0.9975640502598247500, 0.0000000000000000000 ) ) ;
#2645 = LINE ( 'NONE', #1791, #3722 ) ;
#2646 = ORIENTED_EDGE ( 'NONE', *, *, #4936, .T. ) ;
#2647 = CARTESIAN_POINT ( 'NONE',  ( -5.185060881563971200, -2.641625050904819800E-019, -4.229999999999999500 ) ) ;
#2648 = ORIENTED_EDGE ( 'NONE', *, *, #1558, .T. ) ;
#2649 = AXIS2_PLACEMENT_3D ( 'NONE', #8002, #1670, #5550 ) ;
#2650 = FACE_OUTER_BOUND ( 'NONE', #8378, .T. ) ;
#2651 = ORIENTED_EDGE ( 'NONE', *, *, #2160, .F. ) ;
#2652 = FACE_OUTER_BOUND ( 'NONE', #1872, .T. ) ;
#2653 = CARTESIAN_POINT ( 'NONE',  ( 4.085923696263362700, 1.164780893477695100, 0.8500000000000009800 ) ) ;
#2654 = CARTESIAN_POINT ( 'NONE',  ( 3.759999999999999800, 1.450000000000000200, -0.4199999999999993700 ) ) ;
#2655 = ORIENTED_EDGE ( 'NONE', *, *, #6476, .T. ) ;
#2656 = ORIENTED_EDGE ( 'NONE', *, *, #5507, .F. ) ;
#2657 = PRODUCT_RELATED_PRODUCT_CATEGORY ( 'part', '', ( #300 ) ) ;
#2658 = FACE_OUTER_BOUND ( 'NONE', #2777, .T. ) ;
#2659 = ORIENTED_EDGE ( 'NONE', *, *, #1302, .T. ) ;
#2660 = ORIENTED_EDGE ( 'NONE', *, *, #8036, .F. ) ;
#2661 = EDGE_CURVE ( 'NONE', #1245, #9782, #5505, .T. ) ;
#2662 = ORIENTED_EDGE ( 'NONE', *, *, #6463, .T. ) ;
#2663 = DIRECTION ( 'NONE',  ( 1.000000000000000000, 6.653104299660446400E-016, 0.0000000000000000000 ) ) ;
#2664 = EDGE_CURVE ( 'NONE', #3687, #3381, #6947, .T. ) ;
#2665 = DIRECTION ( 'NONE',  ( 0.0000000000000000000, 0.0000000000000000000, 1.000000000000000000 ) ) ;
#2666 = EDGE_LOOP ( 'NONE', ( #6503, #2616, #8961, #5984, #8546, #3177, #3162, #7017, #9862, #1020, #2606, #7062 ) ) ;
#2667 = ADVANCED_FACE ( 'NONE', ( #1074 ), #337, .F. ) ;
#2668 = CARTESIAN_POINT ( 'NONE',  ( -5.202500000000000600, 0.2493910125649564100, 4.660000000000001000 ) ) ;
#2669 = CARTESIAN_POINT ( 'NONE',  ( -4.361424197404348400, 1.238601030272792100, 4.660000000000001000 ) ) ;
#2670 = ORIENTED_EDGE ( 'NONE', *, *, #2964, .F. ) ;
#2671 = FACE_OUTER_BOUND ( 'NONE', #6625, .T. ) ;
#2672 = CARTESIAN_POINT ( 'NONE',  ( 3.760000000000004700, 1.450000000000000200, 6.412500000000001400 ) ) ;
#2673 = ORIENTED_EDGE ( 'NONE', *, *, #3756, .T. ) ;
#2674 = ORIENTED_EDGE ( 'NONE', *, *, #686, .F. ) ;
#2675 = DIRECTION ( 'NONE',  ( -0.0000000000000000000, -0.0000000000000000000, -1.000000000000000000 ) ) ;
#2676 = STYLED_ITEM ( 'NONE', ( #6670 ), #8315 ) ;
#2677 = ORIENTED_EDGE ( 'NONE', *, *, #4034, .T. ) ;
#2678 = AXIS2_PLACEMENT_3D ( 'NONE', #493, #5865, #5992 ) ;
#2679 = EDGE_CURVE ( 'NONE', #8595, #8659, #4746, .T. ) ;
#2680 = CARTESIAN_POINT ( 'NONE',  ( -4.608981456572268900, 0.3147047612756303000, -0.8499999999999992000 ) ) ;
#2681 = FACE_OUTER_BOUND ( 'NONE', #8920, .T. ) ;
#2682 = ADVANCED_FACE ( 'NONE', ( #1648 ), #3299, .F. ) ;
#2683 = CARTESIAN_POINT ( 'NONE',  ( -5.202500000000000600, 0.2493910125649564100, 5.930000000000001500 ) ) ;
#2684 = DIRECTION ( 'NONE',  ( -0.0000000000000000000, -0.0000000000000000000, -1.000000000000000000 ) ) ;
#2685 = ORIENTED_EDGE ( 'NONE', *, *, #4686, .T. ) ;
#2686 = CARTESIAN_POINT ( 'NONE',  ( 3.759999999999999800, 1.450000000000000200, 1.690000000000000600 ) ) ;
#2687 = PLANE ( 'NONE',  #9917 ) ;
#2688 = ORIENTED_EDGE ( 'NONE', *, *, #4422, .F. ) ;
#2689 = AXIS2_PLACEMENT_3D ( 'NONE', #4944, #1723, #7220 ) ;
#2690 = AXIS2_PLACEMENT_3D ( 'NONE', #4895, #6508, #9645 ) ;
#2691 = ORIENTED_EDGE ( 'NONE', *, *, #4241, .F. ) ;
#2692 = LINE ( 'NONE', #2742, #10033 ) ;
#2693 = LINE ( 'NONE', #457, #9788 ) ;
#2694 = CARTESIAN_POINT ( 'NONE',  ( -3.759999999999999300, 1.200000000000000200, 5.930000000000001500 ) ) ;
#2695 = ORIENTED_EDGE ( 'NONE', *, *, #2205, .T. ) ;
#2696 = CARTESIAN_POINT ( 'NONE',  ( 3.759999999999999300, 1.200000000000000200, -2.119999999999999700 ) ) ;
#2697 = DIRECTION ( 'NONE',  ( -0.0000000000000000000, -0.0000000000000000000, -1.000000000000000000 ) ) ;
#2698 = CARTESIAN_POINT ( 'NONE',  ( -4.085923696263362700, 1.164780893477695100, 5.930000000000001500 ) ) ;
#2699 = CARTESIAN_POINT ( 'NONE',  ( -4.643000501140988900, 0.3238201367950973600, -2.119999999999999700 ) ) ;
#2700 = CLOSED_SHELL ( 'NONE', ( #4555, #5706, #1652, #8198, #9323, #8413, #9136, #8889, #5617, #8458, #9711, #5, #1528, #9890, #4323, #4621, #10007, #3999, #8003, #599, #9286, #8841, #9701, #961, #6076, #6783, #8080, #838, #926, #6543 ) ) ;
#2701 = PRESENTATION_LAYER_ASSIGNMENT (  '', '', ( #8299 ) ) ;
#2702 = EDGE_CURVE ( 'NONE', #6946, #6100, #1784, .T. ) ;
#2703 = VERTEX_POINT ( 'NONE', #8796 ) ;
#2704 = VERTEX_POINT ( 'NONE', #4064 ) ;
#2705 = DIRECTION ( 'NONE',  ( 0.9975640502598247500, 0.06975647374411816900, -0.0000000000000000000 ) ) ;
#2706 = EDGE_CURVE ( 'NONE', #5061, #4008, #2148, .T. ) ;
#2707 = AXIS2_PLACEMENT_3D ( 'NONE', #7912, #2403, #2437 ) ;
#2708 = FACE_OUTER_BOUND ( 'NONE', #2114, .T. ) ;
#2709 = DIRECTION ( 'NONE',  ( 4.057832692343406900E-016, 0.0000000000000000000, 1.000000000000000000 ) ) ;
#2710 = CARTESIAN_POINT ( 'NONE',  ( 4.085923696263362700, 1.200000000000000600, -4.229999999999999500 ) ) ;
#2711 = DIRECTION ( 'NONE',  ( 0.0000000000000000000, 0.0000000000000000000, 1.000000000000000000 ) ) ;
#2712 = ORIENTED_EDGE ( 'NONE', *, *, #5024, .F. ) ;
#2713 = ORIENTED_EDGE ( 'NONE', *, *, #6984, .F. ) ;
#2714 = ADVANCED_FACE ( 'NONE', ( #5749 ), #9569, .F. ) ;
#2715 = ORIENTED_EDGE ( 'NONE', *, *, #4295, .T. ) ;
#2716 = FACE_OUTER_BOUND ( 'NONE', #8518, .T. ) ;
#2717 = CIRCLE ( 'NONE', #5289, 0.03521910652230526200 ) ;
#2718 = EDGE_CURVE ( 'NONE', #5223, #1450, #5131, .T. ) ;
#2719 = EDGE_CURVE ( 'NONE', #1272, #8451, #3246, .T. ) ;
#2720 = ORIENTED_EDGE ( 'NONE', *, *, #422, .F. ) ;
#2721 = EDGE_LOOP ( 'NONE', ( #8616, #2435, #7861, #6134 ) ) ;
#2722 = VERTEX_POINT ( 'NONE', #2553 ) ;
#2723 = LINE ( 'NONE', #3012, #7754 ) ;
#2724 = ADVANCED_FACE ( 'NONE', ( #5616 ), #5635, .F. ) ;
#2725 = PLANE ( 'NONE',  #304 ) ;
#2726 = CARTESIAN_POINT ( 'NONE',  ( -3.759999999999999300, 1.200000000000000200, -1.689999999999999700 ) ) ;
#2727 = LINE ( 'NONE', #6547, #5456 ) ;
#2728 =( LENGTH_UNIT ( ) NAMED_UNIT ( * ) SI_UNIT ( .MILLI., .METRE. ) );
#2729 = DIRECTION ( 'NONE',  ( 6.653104299660446400E-016, 1.000000000000000000, -0.0000000000000000000 ) ) ;
#2730 = ORIENTED_EDGE ( 'NONE', *, *, #7451, .T. ) ;
#2731 = PLANE ( 'NONE',  #6955 ) ;
#2732 = EDGE_CURVE ( 'NONE', #4706, #4856, #3017, .T. ) ;
#2733 = ORIENTED_EDGE ( 'NONE', *, *, #5455, .T. ) ;
#2734 = CARTESIAN_POINT ( 'NONE',  ( -5.185060881563971200, -2.641625050904819800E-019, -0.4199999999999993700 ) ) ;
#2735 = EDGE_LOOP ( 'NONE', ( #913, #6572, #1208, #9652 ) ) ;
#2736 = LINE ( 'NONE', #9050, #9101 ) ;
#2737 = ORIENTED_EDGE ( 'NONE', *, *, #1589, .T. ) ;
#2738 = VERTEX_POINT ( 'NONE', #4978 ) ;
#2739 = LINE ( 'NONE', #8493, #2488 ) ;
#2740 = ORIENTED_EDGE ( 'NONE', *, *, #2307, .T. ) ;
#2741 = CARTESIAN_POINT ( 'NONE',  ( -4.085923696263362700, 1.164780893477695100, 5.930000000000001500 ) ) ;
#2742 = CARTESIAN_POINT ( 'NONE',  ( -3.760000000000000200, 1.200000000000000200, 6.412500000000003200 ) ) ;
#2743 = VECTOR ( 'NONE', #7624, 1000.000000000000000 ) ;
#2744 = STYLED_ITEM ( 'NONE', ( #8347 ), #453 ) ;
#2745 = DIRECTION ( 'NONE',  ( -0.2588190451025207900, 0.9659258262890683100, -0.0000000000000000000 ) ) ;
#2746 = DIRECTION ( 'NONE',  ( -1.000000000000000000, 0.0000000000000000000, 0.0000000000000000000 ) ) ;
#2747 = VECTOR ( 'NONE', #7810, 1000.000000000000000 ) ;
#2748 = DIRECTION ( 'NONE',  ( 1.000000000000000000, -6.653104299660455300E-016, 0.0000000000000000000 ) ) ;
#2749 = CARTESIAN_POINT ( 'NONE',  ( -5.202500000000000600, 0.2493910125649564100, 2.960000000000000900 ) ) ;
#2750 = ORIENTED_EDGE ( 'NONE', *, *, #9859, .F. ) ;
#2751 = DIRECTION ( 'NONE',  ( 0.0000000000000000000, 0.0000000000000000000, 1.000000000000000000 ) ) ;
#2752 = DIRECTION ( 'NONE',  ( 0.06975647374411746100, -0.9975640502598247500, 0.0000000000000000000 ) ) ;
#2753 = VECTOR ( 'NONE', #9914, 1000.000000000000000 ) ;
#2754 = ORIENTED_EDGE ( 'NONE', *, *, #8898, .T. ) ;
#2755 = EDGE_CURVE ( 'NONE', #939, #6186, #9145, .T. ) ;
#2756 = LINE ( 'NONE', #6573, #8774 ) ;
#2757 = AXIS2_PLACEMENT_3D ( 'NONE', #2478, #7979, #3925 ) ;
#2758 = DIRECTION ( 'NONE',  ( 0.9975640502598247500, 0.06975647374411816900, -0.0000000000000000000 ) ) ;
#2759 = DIRECTION ( 'NONE',  ( 0.9975640502598247500, 0.06975647374411816900, -0.0000000000000000000 ) ) ;
#2760 = CARTESIAN_POINT ( 'NONE',  ( 4.367500000000000600, 0.2500000000000000600, -3.389999999999999200 ) ) ;
#2761 = ORIENTED_EDGE ( 'NONE', *, *, #3007, .T. ) ;
#2762 = CARTESIAN_POINT ( 'NONE',  ( 4.640543740461574800, 0.2886868222461744800, -2.959999999999999500 ) ) ;
#2763 = ORIENTED_EDGE ( 'NONE', *, *, #2825, .T. ) ;
#2764 = VECTOR ( 'NONE', #7909, 1000.000000000000000 ) ;
#2765 = EDGE_LOOP ( 'NONE', ( #7222, #10052, #8903, #3906 ) ) ;
#2766 = MECHANICAL_DESIGN_GEOMETRIC_PRESENTATION_REPRESENTATION (  '', ( #6848 ), #9258 ) ;
#2767 = ADVANCED_FACE ( 'NONE', ( #9255 ), #1907, .F. ) ;
#2768 = CARTESIAN_POINT ( 'NONE',  ( -4.119942740832083700, 1.173896268997162200, -1.689999999999999700 ) ) ;
#2769 = CARTESIAN_POINT ( 'NONE',  ( -3.759999999999999300, 1.200000000000000200, -0.8499999999999992000 ) ) ;
#2770 = EDGE_CURVE ( 'NONE', #6358, #1376, #3880, .T. ) ;
#2771 = VERTEX_POINT ( 'NONE', #9005 ) ;
#2772 = AXIS2_PLACEMENT_3D ( 'NONE', #192, #7172, #8654 ) ;
#2773 = EDGE_CURVE ( 'NONE', #10137, #4194, #3138, .T. ) ;
#2774 = VERTEX_POINT ( 'NONE', #5051 ) ;
#2775 = CARTESIAN_POINT ( 'NONE',  ( -3.759999999999999300, 1.200000000000000200, 2.120000000000000600 ) ) ;
#2776 = VECTOR ( 'NONE', #2526, 1000.000000000000000 ) ;
#2777 = EDGE_LOOP ( 'NONE', ( #97, #588, #1578, #5975 ) ) ;
#2778 = VERTEX_POINT ( 'NONE', #4246 ) ;
#2779 = ORIENTED_EDGE ( 'NONE', *, *, #5507, .T. ) ;
#2780 = EDGE_CURVE ( 'NONE', #662, #9601, #1538, .T. ) ;
#2781 = VECTOR ( 'NONE', #9884, 1000.000000000000000 ) ;
#2782 = CARTESIAN_POINT ( 'NONE',  ( -4.640543740461573900, 0.2886868222461744200, 3.390000000000000600 ) ) ;
#2783 = EDGE_CURVE ( 'NONE', #6905, #8164, #2892, .T. ) ;
#2784 = ORIENTED_EDGE ( 'NONE', *, *, #3499, .F. ) ;
#2785 = DIRECTION ( 'NONE',  ( -0.0000000000000000000, -0.0000000000000000000, -1.000000000000000000 ) ) ;
#2786 = CARTESIAN_POINT ( 'NONE',  ( 4.085923696263362700, 1.200000000000000600, -2.959999999999999500 ) ) ;
#2787 = ORIENTED_EDGE ( 'NONE', *, *, #8009, .F. ) ;
#2788 = DIRECTION ( 'NONE',  ( -0.0000000000000000000, -0.0000000000000000000, -1.000000000000000000 ) ) ;
#2789 = CARTESIAN_POINT ( 'NONE',  ( 4.640543740461574800, 0.2886868222461744800, -0.4199999999999993700 ) ) ;
#2790 = LINE ( 'NONE', #6682, #8088 ) ;
#2791 = ORIENTED_EDGE ( 'NONE', *, *, #2614, .T. ) ;
#2792 = AXIS2_PLACEMENT_3D ( 'NONE', #3859, #4513, #4651 ) ;
#2793 = EDGE_CURVE ( 'NONE', #6637, #1520, #8419, .T. ) ;
#2794 = CARTESIAN_POINT ( 'NONE',  ( -4.640543740461573900, 0.2886868222461744200, -2.959999999999999500 ) ) ;
#2795 = EDGE_LOOP ( 'NONE', ( #2472, #4366, #5437, #8218 ) ) ;
#2796 = FACE_OUTER_BOUND ( 'NONE', #4215, .T. ) ;
#2797 = LINE ( 'NONE', #6087, #4163 ) ;
#2798 = EDGE_LOOP ( 'NONE', ( #2655, #8854, #9571, #7776 ) ) ;
#2799 = LINE ( 'NONE', #5021, #9669 ) ;
#2800 = DIRECTION ( 'NONE',  ( -6.653104299660455300E-016, -1.000000000000000000, 0.0000000000000000000 ) ) ;
#2801 = DIRECTION ( 'NONE',  ( -1.000000000000000000, -0.0000000000000000000, -0.0000000000000000000 ) ) ;
#2802 = CARTESIAN_POINT ( 'NONE',  ( 3.759999999999999800, 1.450000000000000200, -5.929999999999999700 ) ) ;
#2803 = CARTESIAN_POINT ( 'NONE',  ( -4.643000501140988900, 0.3238201367950973600, 0.4200000000000010900 ) ) ;
#2804 = VERTEX_POINT ( 'NONE', #7427 ) ;
#2805 = ORIENTED_EDGE ( 'NONE', *, *, #286, .F. ) ;
#2806 = VERTEX_POINT ( 'NONE', #2786 ) ;
#2807 = LINE ( 'NONE', #468, #992 ) ;
#2808 = CIRCLE ( 'NONE', #5730, 0.2852191065223050300 ) ;
#2809 = CARTESIAN_POINT ( 'NONE',  ( 3.759999999999999800, 1.450000000000000200, 0.4200000000000010900 ) ) ;
#2810 = EDGE_CURVE ( 'NONE', #2806, #6251, #9388, .T. ) ;
#2811 = AXIS2_PLACEMENT_3D ( 'NONE', #2653, #8890, #393 ) ;
#2812 = ADVANCED_FACE ( 'NONE', ( #3998 ), #9775, .F. ) ;
#2813 = DIRECTION ( 'NONE',  ( -0.0000000000000000000, -0.0000000000000000000, -1.000000000000000000 ) ) ;
#2814 = CARTESIAN_POINT ( 'NONE',  ( 4.640543740461574800, 0.2886868222461741500, 2.120000000000000600 ) ) ;
#2815 = CARTESIAN_POINT ( 'NONE',  ( -3.759999999999999300, 1.450000000000000400, 5.930000000000001500 ) ) ;
#2816 = CARTESIAN_POINT ( 'NONE',  ( -4.643000501140988900, 0.3238201367950973600, -0.8499999999999992000 ) ) ;
#2817 = EDGE_LOOP ( 'NONE', ( #5759, #3013, #4534, #4587 ) ) ;
#2818 = ORIENTED_EDGE ( 'NONE', *, *, #936, .F. ) ;
#2819 = ORIENTED_EDGE ( 'NONE', *, *, #9846, .T. ) ;
#2820 = CARTESIAN_POINT ( 'NONE',  ( -3.759999999999999300, 1.450000000000000400, 2.120000000000000600 ) ) ;
#2821 = CARTESIAN_POINT ( 'NONE',  ( 3.759999999999999300, 1.200000000000000200, -5.500000000000000000 ) ) ;
#2822 = LINE ( 'NONE', #540, #5439 ) ;
#2823 = CARTESIAN_POINT ( 'NONE',  ( -4.643000501140988900, 0.3238201367950973600, 2.120000000000000600 ) ) ;
#2824 = LINE ( 'NONE', #3491, #9566 ) ;
#2825 = EDGE_CURVE ( 'NONE', #7342, #9523, #6702, .T. ) ;
#2826 = AXIS2_PLACEMENT_3D ( 'NONE', #2331, #9435, #3164 ) ;
#2827 = VERTEX_POINT ( 'NONE', #8266 ) ;
#2828 = DIRECTION ( 'NONE',  ( -0.2588190451025207900, 0.9659258262890683100, -0.0000000000000000000 ) ) ;
#2829 = ORIENTED_EDGE ( 'NONE', *, *, #3131, .F. ) ;
#2830 = FACE_OUTER_BOUND ( 'NONE', #2893, .T. ) ;
#2831 = LINE ( 'NONE', #6522, #8613 ) ;
#2832 = DIRECTION ( 'NONE',  ( -0.0000000000000000000, -0.0000000000000000000, -1.000000000000000000 ) ) ;
#2833 = DIRECTION ( 'NONE',  ( 0.06975647374411746100, -0.9975640502598247500, 0.0000000000000000000 ) ) ;
#2834 = VECTOR ( 'NONE', #9028, 1000.000000000000000 ) ;
#2835 = FILL_AREA_STYLE ('',( #7544 ) ) ;
#2836 = CARTESIAN_POINT ( 'NONE',  ( -3.759999999999999300, 1.450000000000000400, -4.229999999999999500 ) ) ;
#2837 = DIRECTION ( 'NONE',  ( -0.0000000000000000000, -0.0000000000000000000, -1.000000000000000000 ) ) ;
#2838 = EDGE_LOOP ( 'NONE', ( #5251, #8927, #5929, #1174 ) ) ;
#2839 = ORIENTED_EDGE ( 'NONE', *, *, #1932, .F. ) ;
#2840 = LINE ( 'NONE', #6020, #4342 ) ;
#2841 = ORIENTED_EDGE ( 'NONE', *, *, #5523, .T. ) ;
#2842 = EDGE_CURVE ( 'NONE', #4320, #8581, #5000, .T. ) ;
#2843 = LINE ( 'NONE', #2874, #4825 ) ;
#2844 = ORIENTED_EDGE ( 'NONE', *, *, #8688, .T. ) ;
#2845 = EDGE_CURVE ( 'NONE', #4856, #9368, #8306, .T. ) ;
#2846 = DIRECTION ( 'NONE',  ( -1.000000000000000000, 0.0000000000000000000, 0.0000000000000000000 ) ) ;
#2847 = ORIENTED_EDGE ( 'NONE', *, *, #6591, .T. ) ;
#2848 = VERTEX_POINT ( 'NONE', #1871 ) ;
#2849 = FACE_OUTER_BOUND ( 'NONE', #2838, .T. ) ;
#2850 = EDGE_LOOP ( 'NONE', ( #4701, #7885, #8531, #9635 ) ) ;
#2851 = LINE ( 'NONE', #6521, #4693 ) ;
#2852 = CARTESIAN_POINT ( 'NONE',  ( -4.623104622025544500, 0.03929580968121797200, -5.500000000000000000 ) ) ;
#2853 = FACE_OUTER_BOUND ( 'NONE', #5141, .T. ) ;
#2854 = DIRECTION ( 'NONE',  ( -0.9975640502598247500, -0.06975647374411816900, 0.0000000000000000000 ) ) ;
#2855 = DIRECTION ( 'NONE',  ( 0.9975640502598247500, 0.06975647374411816900, -0.0000000000000000000 ) ) ;
#2856 = AXIS2_PLACEMENT_3D ( 'NONE', #9283, #2352, #7858 ) ;
#2857 = CARTESIAN_POINT ( 'NONE',  ( -3.759999999999999300, 1.200000000000000200, 4.230000000000001300 ) ) ;
#2858 = AXIS2_PLACEMENT_3D ( 'NONE', #8539, #9478, #5603 ) ;
#2859 = ORIENTED_EDGE ( 'NONE', *, *, #9213, .F. ) ;
#2860 = EDGE_CURVE ( 'NONE', #8392, #477, #3601, .T. ) ;
#2861 = ORIENTED_EDGE ( 'NONE', *, *, #1167, .F. ) ;
#2862 = LINE ( 'NONE', #9528, #3353 ) ;
#2863 = LINE ( 'NONE', #4155, #5345 ) ;
#2864 = CARTESIAN_POINT ( 'NONE',  ( -4.119942740832083700, 1.173896268997162200, -5.500000000000000000 ) ) ;
#2865 = CIRCLE ( 'NONE', #8235, 0.2852191065223054800 ) ;
#2866 = ADVANCED_FACE ( 'NONE', ( #84 ), #9716, .F. ) ;
#2867 = ORIENTED_EDGE ( 'NONE', *, *, #6541, .T. ) ;
#2868 = PLANE ( 'NONE',  #9427 ) ;
#2869 = ORIENTED_EDGE ( 'NONE', *, *, #9727, .T. ) ;
#2870 = DIRECTION ( 'NONE',  ( 0.0000000000000000000, -1.000000000000000000, 0.0000000000000000000 ) ) ;
#2871 = CIRCLE ( 'NONE', #9929, 0.2852191065223054800 ) ;
#2872 = CARTESIAN_POINT ( 'NONE',  ( -5.185060881563971200, -2.641625050904819800E-019, -5.929999999999999700 ) ) ;
#2873 = ORIENTED_EDGE ( 'NONE', *, *, #9350, .T. ) ;
#2874 = CARTESIAN_POINT ( 'NONE',  ( 3.759999999999999300, 1.200000000000000200, 2.120000000000000600 ) ) ;
#2875 = AXIS2_PLACEMENT_3D ( 'NONE', #4391, #9019, #9140 ) ;
#2876 = LINE ( 'NONE', #4688, #7180 ) ;
#2877 = CARTESIAN_POINT ( 'NONE',  ( 5.202500000000000600, 0.2493910125649557200, -3.389999999999999200 ) ) ;
#2878 = ORIENTED_EDGE ( 'NONE', *, *, #2054, .T. ) ;
#2879 = DIRECTION ( 'NONE',  ( 0.9975640502598247500, -0.06975647374411816900, 0.0000000000000000000 ) ) ;
#2880 = ORIENTED_EDGE ( 'NONE', *, *, #6017, .T. ) ;
#2881 = CIRCLE ( 'NONE', #8467, 0.03521910652230526200 ) ;
#2882 = CARTESIAN_POINT ( 'NONE',  ( -3.759999999999999300, 1.200000000000000200, 0.8500000000000009800 ) ) ;
#2883 = EDGE_CURVE ( 'NONE', #4629, #6056, #1779, .T. ) ;
#2884 = CARTESIAN_POINT ( 'NONE',  ( 4.119942740832083700, 1.173896268997162200, 4.660000000000001000 ) ) ;
#2885 = VERTEX_POINT ( 'NONE', #9867 ) ;
#2886 = DIRECTION ( 'NONE',  ( -1.000000000000000000, 0.0000000000000000000, 0.0000000000000000000 ) ) ;
#2887 = EDGE_CURVE ( 'NONE', #9358, #6908, #567, .T. ) ;
#2888 = AXIS2_PLACEMENT_3D ( 'NONE', #6993, #7712, #6180 ) ;
#2889 = DIRECTION ( 'NONE',  ( -2.284363386111990700E-016, 0.1391731009600657400, -0.9902680687415703600 ) ) ;
#2890 = DIRECTION ( 'NONE',  ( -0.0000000000000000000, 0.0000000000000000000, -1.000000000000000000 ) ) ;
#2891 = ORIENTED_EDGE ( 'NONE', *, *, #8143, .T. ) ;
#2892 = LINE ( 'NONE', #5902, #576 ) ;
#2893 = EDGE_LOOP ( 'NONE', ( #5675, #6048, #8283, #4511 ) ) ;
#2894 = ORIENTED_EDGE ( 'NONE', *, *, #8967, .T. ) ;
#2895 = CARTESIAN_POINT ( 'NONE',  ( 4.085923696263362700, 1.164780893477695100, -0.4199999999999993700 ) ) ;
#2896 = CARTESIAN_POINT ( 'NONE',  ( 5.185060881563971200, -2.641625050904819800E-019, -4.229999999999999500 ) ) ;
#2897 = VERTEX_POINT ( 'NONE', #7587 ) ;
#2898 = VECTOR ( 'NONE', #421, 1000.000000000000000 ) ;
#2899 = DIRECTION ( 'NONE',  ( -0.0000000000000000000, -0.0000000000000000000, -1.000000000000000000 ) ) ;
#2900 = CARTESIAN_POINT ( 'NONE',  ( -4.367500000000000600, 0.2500000000000000000, 0.4200000000000010900 ) ) ;
#2901 = EDGE_LOOP ( 'NONE', ( #2646, #7698, #7945, #6830 ) ) ;
#2902 = ADVANCED_FACE ( 'NONE', ( #3132 ), #8658, .F. ) ;
#2903 = DIRECTION ( 'NONE',  ( -4.057832692343406900E-016, 0.0000000000000000000, -1.000000000000000000 ) ) ;
#2904 = EDGE_CURVE ( 'NONE', #8162, #2247, #2383, .T. ) ;
#2905 = CARTESIAN_POINT ( 'NONE',  ( -0.4300000000000000500, 0.1000000000000000100, -1.655000000000000200 ) ) ;
#2906 = DIRECTION ( 'NONE',  ( -1.000000000000000000, 0.0000000000000000000, 0.0000000000000000000 ) ) ;
#2907 = ORIENTED_EDGE ( 'NONE', *, *, #3442, .T. ) ;
#2908 = EDGE_CURVE ( 'NONE', #9330, #1990, #4483, .T. ) ;
#2909 = ORIENTED_EDGE ( 'NONE', *, *, #5130, .T. ) ;
#2910 = FACE_OUTER_BOUND ( 'NONE', #9661, .T. ) ;
#2911 = ORIENTED_EDGE ( 'NONE', *, *, #7550, .T. ) ;
#2912 = DIRECTION ( 'NONE',  ( -0.9975640502598248600, 0.06975647374411768400, 0.0000000000000000000 ) ) ;
#2913 = CARTESIAN_POINT ( 'NONE',  ( -4.085923696263362700, 1.449999999999999300, 5.930000000000001500 ) ) ;
#2914 = CLOSED_SHELL ( 'NONE', ( #2682, #2334, #3680, #10058, #4673, #6224, #6838, #8726, #371, #2866, #324, #7761, #104, #9607 ) ) ;
#2915 = AXIS2_PLACEMENT_3D ( 'NONE', #3044, #3009, #9273 ) ;
#2916 = EDGE_CURVE ( 'NONE', #8619, #9254, #6584, .T. ) ;
#2917 = ADVANCED_FACE ( 'NONE', ( #2022 ), #8325, .F. ) ;
#2918 = CARTESIAN_POINT ( 'NONE',  ( -4.085923696263362700, 1.164780893477695100, -2.959999999999999500 ) ) ;
#2919 = DIRECTION ( 'NONE',  ( 0.06975647374411816900, 0.9975640502598247500, -0.0000000000000000000 ) ) ;
#2920 = CARTESIAN_POINT ( 'NONE',  ( 4.623104622025544500, 0.03929580968121807600, 2.120000000000000600 ) ) ;
#2921 = LINE ( 'NONE', #8429, #9779 ) ;
#2922 = VECTOR ( 'NONE', #176, 1000.000000000000000 ) ;
#2923 = VERTEX_POINT ( 'NONE', #6028 ) ;
#2924 = CYLINDRICAL_SURFACE ( 'NONE', #9473, 0.03521910652230526200 ) ;
#2925 = CARTESIAN_POINT ( 'NONE',  ( 5.202500000000000600, 0.2493910125649557200, 0.8500000000000009800 ) ) ;
#2926 = DIRECTION ( 'NONE',  ( -1.000000000000000000, -6.653104299660446400E-016, 0.0000000000000000000 ) ) ;
#2927 = ORIENTED_EDGE ( 'NONE', *, *, #9678, .F. ) ;
#2928 = LINE ( 'NONE', #8571, #860 ) ;
#2929 = SURFACE_STYLE_FILL_AREA ( #9305 ) ;
#2930 = ORIENTED_EDGE ( 'NONE', *, *, #5149, .T. ) ;
#2931 = EDGE_CURVE ( 'NONE', #752, #8845, #7924, .T. ) ;
#2932 = CARTESIAN_POINT ( 'NONE',  ( 4.367500000000000600, 0.2500000000000000600, -0.8499999999999992000 ) ) ;
#2933 = CARTESIAN_POINT ( 'NONE',  ( -2.760000000000000200, 2.599999999999998800, -5.012500000000002800 ) ) ;
#2934 = ORIENTED_EDGE ( 'NONE', *, *, #8355, .F. ) ;
#2935 = DIRECTION ( 'NONE',  ( 0.0000000000000000000, -1.000000000000000000, 0.0000000000000000000 ) ) ;
#2936 = DIRECTION ( 'NONE',  ( -0.9975640502598247500, -0.06975647374411816900, 0.0000000000000000000 ) ) ;
#2937 = VERTEX_POINT ( 'NONE', #6807 ) ;
#2938 = ORIENTED_EDGE ( 'NONE', *, *, #8175, .F. ) ;
#2939 = LINE ( 'NONE', #8989, #3066 ) ;
#2940 = FACE_OUTER_BOUND ( 'NONE', #273, .T. ) ;
#2941 = DIRECTION ( 'NONE',  ( -1.000000000000000000, 6.653104299660455300E-016, -0.0000000000000000000 ) ) ;
#2942 = VECTOR ( 'NONE', #8082, 1000.000000000000000 ) ;
#2943 = CARTESIAN_POINT ( 'NONE',  ( 4.623104622025544500, 0.03929580968121807600, 3.390000000000000600 ) ) ;
#2944 = PLANE ( 'NONE',  #8138 ) ;
#2945 = EDGE_LOOP ( 'NONE', ( #9102, #6606, #7819, #1746 ) ) ;
#2946 = ORIENTED_EDGE ( 'NONE', *, *, #1588, .T. ) ;
#2947 = EDGE_CURVE ( 'NONE', #5854, #9807, #2881, .T. ) ;
#2948 = AXIS2_PLACEMENT_3D ( 'NONE', #3072, #8568, #3857 ) ;
#2949 = ORIENTED_EDGE ( 'NONE', *, *, #3288, .F. ) ;
#2950 = VECTOR ( 'NONE', #2663, 1000.000000000000000 ) ;
#2951 = DIRECTION ( 'NONE',  ( 1.000000000000000000, -1.734723475976807100E-015, 0.0000000000000000000 ) ) ;
#2952 = ADVANCED_FACE ( 'NONE', ( #9135 ), #9984, .T. ) ;
#2953 = CARTESIAN_POINT ( 'NONE',  ( -4.361424197404348400, 1.238601030272792100, 0.8500000000000009800 ) ) ;
#2954 = DIRECTION ( 'NONE',  ( -1.000000000000000000, 0.0000000000000000000, 0.0000000000000000000 ) ) ;
#2955 = CARTESIAN_POINT ( 'NONE',  ( -4.643000501140988900, 0.3238201367950973600, 2.120000000000000600 ) ) ;
#2956 = DIRECTION ( 'NONE',  ( -1.000000000000000000, 0.0000000000000000000, 0.0000000000000000000 ) ) ;
#2957 = VERTEX_POINT ( 'NONE', #7560 ) ;
#2958 = CARTESIAN_POINT ( 'NONE',  ( 4.085923696263362700, 1.164780893477695100, 0.8500000000000009800 ) ) ;
#2959 = ORIENTED_EDGE ( 'NONE', *, *, #4867, .T. ) ;
#2960 = ORIENTED_EDGE ( 'NONE', *, *, #2447, .F. ) ;
#2961 = AXIS2_PLACEMENT_3D ( 'NONE', #3973, #4658, #3904 ) ;
#2962 = LINE ( 'NONE', #6750, #3096 ) ;
#2963 = VECTOR ( 'NONE', #1038, 1000.000000000000000 ) ;
#2964 = EDGE_CURVE ( 'NONE', #8098, #4296, #4740, .T. ) ;
#2965 = AXIS2_PLACEMENT_3D ( 'NONE', #2359, #7726, #1638 ) ;
#2966 = DIRECTION ( 'NONE',  ( -0.0000000000000000000, -0.0000000000000000000, -1.000000000000000000 ) ) ;
#2967 = DIRECTION ( 'NONE',  ( -0.0000000000000000000, -1.000000000000000000, -0.0000000000000000000 ) ) ;
#2968 = ORIENTED_EDGE ( 'NONE', *, *, #8551, .T. ) ;
#2969 = ORIENTED_EDGE ( 'NONE', *, *, #7178, .F. ) ;
#2970 = DIRECTION ( 'NONE',  ( -0.0000000000000000000, -0.0000000000000000000, -1.000000000000000000 ) ) ;
#2971 = ADVANCED_FACE ( 'NONE', ( #9863 ), #3662, .F. ) ;
#2972 = VECTOR ( 'NONE', #5166, 1000.000000000000000 ) ;
#2973 = CARTESIAN_POINT ( 'NONE',  ( -5.202500000000000600, 0.2493910125649564100, -2.119999999999999700 ) ) ;
#2974 = ORIENTED_EDGE ( 'NONE', *, *, #4423, .F. ) ;
#2975 = DIRECTION ( 'NONE',  ( -0.0000000000000000000, -0.0000000000000000000, -1.000000000000000000 ) ) ;
#2976 = CARTESIAN_POINT ( 'NONE',  ( 4.640543740461574800, 0.2886868222461741500, -4.659999999999999300 ) ) ;
#2977 = FACE_OUTER_BOUND ( 'NONE', #7493, .T. ) ;
#2978 = VECTOR ( 'NONE', #4225, 1000.000000000000000 ) ;
#2979 = CARTESIAN_POINT ( 'NONE',  ( 5.185060881563971200, -2.641625050904819800E-019, 4.230000000000001300 ) ) ;
#2980 = DIRECTION ( 'NONE',  ( -0.0000000000000000000, -1.000000000000000000, -0.0000000000000000000 ) ) ;
#2981 = ORIENTED_EDGE ( 'NONE', *, *, #216, .T. ) ;
#2982 = EDGE_CURVE ( 'NONE', #8225, #7814, #5738, .T. ) ;
#2983 = VECTOR ( 'NONE', #4365, 1000.000000000000000 ) ;
#2984 = LINE ( 'NONE', #60, #9845 ) ;
#2985 = EDGE_CURVE ( 'NONE', #8333, #9134, #5240, .T. ) ;
#2986 = ORIENTED_EDGE ( 'NONE', *, *, #7540, .F. ) ;
#2987 = LINE ( 'NONE', #7764, #8166 ) ;
#2988 = PLANE ( 'NONE',  #1807 ) ;
#2989 = CARTESIAN_POINT ( 'NONE',  ( 3.759999999999999800, 1.450000000000000200, -4.229999999999999500 ) ) ;
#2990 = CARTESIAN_POINT ( 'NONE',  ( 4.085923696263362700, 1.164780893477695100, -0.4199999999999993700 ) ) ;
#2991 = ORIENTED_EDGE ( 'NONE', *, *, #5653, .T. ) ;
#2992 = CARTESIAN_POINT ( 'NONE',  ( -3.759999999999999300, 1.450000000000000400, 5.930000000000001500 ) ) ;
#2993 = FACE_OUTER_BOUND ( 'NONE', #8671, .T. ) ;
#2994 = DIRECTION ( 'NONE',  ( 0.0000000000000000000, 0.0000000000000000000, 1.000000000000000000 ) ) ;
#2995 = DIRECTION ( 'NONE',  ( -0.0000000000000000000, -0.0000000000000000000, -1.000000000000000000 ) ) ;
#2996 = AXIS2_PLACEMENT_3D ( 'NONE', #6983, #647, #9264 ) ;
#2997 = EDGE_CURVE ( 'NONE', #542, #7356, #4125, .T. ) ;
#2998 = DIRECTION ( 'NONE',  ( 0.9659258262890683100, 0.2588190451025207900, -0.0000000000000000000 ) ) ;
#2999 = ORIENTED_EDGE ( 'NONE', *, *, #4256, .T. ) ;
#3000 = LINE ( 'NONE', #5444, #5968 ) ;
#3001 = ORIENTED_EDGE ( 'NONE', *, *, #3195, .T. ) ;
#3002 = PLANE ( 'NONE',  #6511 ) ;
#3003 = LINE ( 'NONE', #7016, #2747 ) ;
#3004 = DIRECTION ( 'NONE',  ( 1.734723475976807100E-015, 1.000000000000000000, 0.0000000000000000000 ) ) ;
#3005 = CARTESIAN_POINT ( 'NONE',  ( -4.085923696263362700, 1.164780893477695100, 2.960000000000000900 ) ) ;
#3006 = DIRECTION ( 'NONE',  ( 0.2588190451025243500, 0.9659258262890673100, 0.0000000000000000000 ) ) ;
#3007 = EDGE_CURVE ( 'NONE', #9299, #4723, #9631, .T. ) ;
#3008 = ADVANCED_FACE ( 'NONE', ( #8062 ), #7801, .F. ) ;
#3009 = DIRECTION ( 'NONE',  ( 0.0000000000000000000, 0.0000000000000000000, 1.000000000000000000 ) ) ;
#3010 = VERTEX_POINT ( 'NONE', #3807 ) ;
#3011 = DIRECTION ( 'NONE',  ( -0.2588190451025207900, 0.9659258262890683100, -0.0000000000000000000 ) ) ;
#3012 = CARTESIAN_POINT ( 'NONE',  ( -4.361424197404348400, 1.238601030272792100, 2.120000000000000600 ) ) ;
#3013 = ORIENTED_EDGE ( 'NONE', *, *, #8482, .F. ) ;
#3014 = AXIS2_PLACEMENT_3D ( 'NONE', #110, #3265, #4035 ) ;
#3015 = ORIENTED_EDGE ( 'NONE', *, *, #8840, .T. ) ;
#3016 = CARTESIAN_POINT ( 'NONE',  ( -5.185060881563971200, -2.641625050904819800E-019, 2.120000000000000600 ) ) ;
#3017 = CIRCLE ( 'NONE', #5868, 0.2852191065223050300 ) ;
#3018 = AXIS2_PLACEMENT_3D ( 'NONE', #5213, #9974, #4432 ) ;
#3019 = UNCERTAINTY_MEASURE_WITH_UNIT (LENGTH_MEASURE( 1.000000000000000100E-005 ), #9356, 'distance_accuracy_value', 'NONE');
#3020 = PLANE ( 'NONE',  #10073 ) ;
#3021 = DIRECTION ( 'NONE',  ( 1.734723475976807100E-015, 1.000000000000000000, 0.0000000000000000000 ) ) ;
#3022 = DIRECTION ( 'NONE',  ( 1.000000000000000000, 0.0000000000000000000, 0.0000000000000000000 ) ) ;
#3023 = ORIENTED_EDGE ( 'NONE', *, *, #5470, .F. ) ;
#3024 = VECTOR ( 'NONE', #2675, 1000.000000000000000 ) ;
#3025 = ADVANCED_FACE ( 'NONE', ( #7065 ), #4676, .F. ) ;
#3026 = ORIENTED_EDGE ( 'NONE', *, *, #7178, .T. ) ;
#3027 = CARTESIAN_POINT ( 'NONE',  ( -4.640543740461573900, 0.2886868222461744200, -5.500000000000000000 ) ) ;
#3028 = AXIS2_PLACEMENT_3D ( 'NONE', #1065, #6550, #274 ) ;
#3029 = EDGE_CURVE ( 'NONE', #6432, #3474, #818, .T. ) ;
#3030 = CARTESIAN_POINT ( 'NONE',  ( 3.759999999999999800, 1.450000000000000200, 1.690000000000000600 ) ) ;
#3031 = DIRECTION ( 'NONE',  ( 6.653104299660446400E-016, 1.000000000000000000, -0.0000000000000000000 ) ) ;
#3032 = ORIENTED_EDGE ( 'NONE', *, *, #1274, .F. ) ;
#3033 = AXIS2_PLACEMENT_3D ( 'NONE', #4287, #6717, #385 ) ;
#3034 = CARTESIAN_POINT ( 'NONE',  ( -4.640543740461573900, 0.2886868222461744200, 5.500000000000001800 ) ) ;
#3035 =( NAMED_UNIT ( * ) PLANE_ANGLE_UNIT ( ) SI_UNIT ( $, .RADIAN. ) );
#3036 = VERTEX_POINT ( 'NONE', #6124 ) ;
#3037 = LINE ( 'NONE', #83, #962 ) ;
#3038 = CARTESIAN_POINT ( 'NONE',  ( 4.119942740832083700, 1.173896268997162200, -0.4199999999999993700 ) ) ;
#3039 = ORIENTED_EDGE ( 'NONE', *, *, #7251, .F. ) ;
#3040 = ORIENTED_EDGE ( 'NONE', *, *, #9024, .T. ) ;
#3041 = DIRECTION ( 'NONE',  ( -0.0000000000000000000, -0.0000000000000000000, -1.000000000000000000 ) ) ;
#3042 = DIRECTION ( 'NONE',  ( -0.0000000000000000000, -0.0000000000000000000, -1.000000000000000000 ) ) ;
#3043 = CARTESIAN_POINT ( 'NONE',  ( 4.119942740832083700, 1.173896268997162200, 2.960000000000000900 ) ) ;
#3044 = CARTESIAN_POINT ( 'NONE',  ( -4.643000501140988900, 0.3238201367950973600, -5.500000000000000000 ) ) ;
#3045 = EDGE_CURVE ( 'NONE', #7418, #2587, #8186, .T. ) ;
#3046 = FACE_OUTER_BOUND ( 'NONE', #6177, .T. ) ;
#3047 = DIRECTION ( 'NONE',  ( 0.2588190451025207900, 0.9659258262890683100, -0.0000000000000000000 ) ) ;
#3048 = EDGE_CURVE ( 'NONE', #7279, #8727, #5860, .T. ) ;
#3049 = ORIENTED_EDGE ( 'NONE', *, *, #3607, .F. ) ;
#3050 = ORIENTED_EDGE ( 'NONE', *, *, #9675, .T. ) ;
#3051 = FACE_OUTER_BOUND ( 'NONE', #245, .T. ) ;
#3052 = CIRCLE ( 'NONE', #1432, 0.2852191065223042000 ) ;
#3053 = CARTESIAN_POINT ( 'NONE',  ( -3.760000000000000200, 1.450000000000000200, 6.412500000000003200 ) ) ;
#3054 = DIRECTION ( 'NONE',  ( 0.0000000000000000000, 0.0000000000000000000, 1.000000000000000000 ) ) ;
#3055 = STYLED_ITEM ( 'NONE', ( #431 ), #8066 ) ;
#3056 = EDGE_LOOP ( 'NONE', ( #3243, #7771, #1546, #459 ) ) ;
#3057 = VECTOR ( 'NONE', #3445, 1000.000000000000000 ) ;
#3058 = AXIS2_PLACEMENT_3D ( 'NONE', #2469, #1508, #9357 ) ;
#3059 = EDGE_CURVE ( 'NONE', #1072, #7124, #3374, .T. ) ;
#3060 = ORIENTED_EDGE ( 'NONE', *, *, #3905, .F. ) ;
#3061 = ADVANCED_FACE ( 'NONE', ( #1533 ), #7692, .F. ) ;
#3062 = DIRECTION ( 'NONE',  ( 0.9975640502598247500, -0.06975647374411816900, 0.0000000000000000000 ) ) ;
#3063 = ORIENTED_EDGE ( 'NONE', *, *, #8397, .F. ) ;
#3064 = ORIENTED_EDGE ( 'NONE', *, *, #471, .T. ) ;
#3065 = FACE_OUTER_BOUND ( 'NONE', #1483, .T. ) ;
#3066 = VECTOR ( 'NONE', #8181, 1000.000000000000100 ) ;
#3067 = CARTESIAN_POINT ( 'NONE',  ( 4.361424197404351100, 1.238601030272792600, 5.500000000000001800 ) ) ;
#3068 = VECTOR ( 'NONE', #1498, 1000.000000000000000 ) ;
#3069 = DIRECTION ( 'NONE',  ( -1.000000000000000000, 0.0000000000000000000, 0.0000000000000000000 ) ) ;
#3070 = ORIENTED_EDGE ( 'NONE', *, *, #2614, .F. ) ;
#3071 = ORIENTED_EDGE ( 'NONE', *, *, #8263, .F. ) ;
#3072 = CARTESIAN_POINT ( 'NONE',  ( 4.643000501140988900, 0.3238201367950973600, -0.4199999999999993700 ) ) ;
#3073 = EDGE_CURVE ( 'NONE', #6072, #852, #7320, .T. ) ;
#3074 = ORIENTED_EDGE ( 'NONE', *, *, #9533, .T. ) ;
#3075 = CARTESIAN_POINT ( 'NONE',  ( -4.119942740832083700, 1.173896268997162200, 5.930000000000001500 ) ) ;
#3076 = VECTOR ( 'NONE', #3561, 1000.000000000000000 ) ;
#3077 = ADVANCED_FACE ( 'NONE', ( #1299 ), #6161, .F. ) ;
#3078 =( NAMED_UNIT ( * ) SI_UNIT ( $, .STERADIAN. ) SOLID_ANGLE_UNIT ( ) );
#3079 = AXIS2_PLACEMENT_3D ( 'NONE', #4591, #7742, #2271 ) ;
#3080 = CARTESIAN_POINT ( 'NONE',  ( 4.085923696263362700, 1.164780893477695100, 0.8500000000000009800 ) ) ;
#3081 = CARTESIAN_POINT ( 'NONE',  ( -5.202500000000000600, 0.2493910125649564100, 4.230000000000001300 ) ) ;
#3082 = SURFACE_STYLE_FILL_AREA ( #7936 ) ;
#3083 = ORIENTED_EDGE ( 'NONE', *, *, #1092, .F. ) ;
#3084 = ORIENTED_EDGE ( 'NONE', *, *, #3316, .F. ) ;
#3085 = DIRECTION ( 'NONE',  ( -0.2588190451025243500, -0.9659258262890673100, 0.0000000000000000000 ) ) ;
#3086 = FACE_OUTER_BOUND ( 'NONE', #4996, .T. ) ;
#3087 = LINE ( 'NONE', #26, #2601 ) ;
#3088 = VECTOR ( 'NONE', #5655, 1000.000000000000000 ) ;
#3089 = AXIS2_PLACEMENT_3D ( 'NONE', #6368, #4032, #6274 ) ;
#3090 = CARTESIAN_POINT ( 'NONE',  ( 5.202500000000000600, 0.2493910125649557200, 5.930000000000001500 ) ) ;
#3091 = EDGE_CURVE ( 'NONE', #4629, #9456, #6818, .T. ) ;
#3092 = AXIS2_PLACEMENT_3D ( 'NONE', #5060, #7404, #6686 ) ;
#3093 = ORIENTED_EDGE ( 'NONE', *, *, #1214, .F. ) ;
#3094 = VERTEX_POINT ( 'NONE', #638 ) ;
#3095 = ORIENTED_EDGE ( 'NONE', *, *, #7511, .F. ) ;
#3096 = VECTOR ( 'NONE', #9046, 1000.000000000000100 ) ;
#3097 = CARTESIAN_POINT ( 'NONE',  ( -4.361424197404348400, 1.238601030272792100, 2.960000000000000900 ) ) ;
#3098 = LINE ( 'NONE', #6814, #9827 ) ;
#3099 = VERTEX_POINT ( 'NONE', #2193 ) ;
#3100 = DIRECTION ( 'NONE',  ( -0.0000000000000000000, -0.0000000000000000000, -1.000000000000000000 ) ) ;
#3101 = CLOSED_SHELL ( 'NONE', ( #9647, #2629, #7689, #4106, #6252, #6173, #154, #466, #5205, #774, #426, #8041, #7747, #5108 ) ) ;
#3102 = ORIENTED_EDGE ( 'NONE', *, *, #8768, .T. ) ;
#3103 = LINE ( 'NONE', #10108, #5708 ) ;
#3104 = EDGE_LOOP ( 'NONE', ( #2462, #9285, #4389, #6402 ) ) ;
#3105 = FACE_OUTER_BOUND ( 'NONE', #3774, .T. ) ;
#3106 = EDGE_CURVE ( 'NONE', #8544, #6908, #8410, .T. ) ;
#3107 = LINE ( 'NONE', #7713, #7529 ) ;
#3108 = EDGE_CURVE ( 'NONE', #5057, #6100, #2518, .T. ) ;
#3109 = DIRECTION ( 'NONE',  ( -0.0000000000000000000, -0.0000000000000000000, -1.000000000000000000 ) ) ;
#3110 = ORIENTED_EDGE ( 'NONE', *, *, #2307, .F. ) ;
#3111 = VERTEX_POINT ( 'NONE', #5591 ) ;
#3112 = DIRECTION ( 'NONE',  ( -0.0000000000000000000, -0.0000000000000000000, -1.000000000000000000 ) ) ;
#3113 = ADVANCED_FACE ( 'NONE', ( #2652 ), #3156, .F. ) ;
#3114 = LINE ( 'NONE', #879, #3709 ) ;
#3115 = COLOUR_RGB ( '',0.7921568627450980000, 0.8196078431372548800, 0.9333333333333333500 ) ;
#3116 = FILL_AREA_STYLE ('',( #6342 ) ) ;
#3117 = AXIS2_PLACEMENT_3D ( 'NONE', #3683, #6108, #9170 ) ;
#3118 = EDGE_CURVE ( 'NONE', #1254, #3414, #6328, .T. ) ;
#3119 = ORIENTED_EDGE ( 'NONE', *, *, #2017, .F. ) ;
#3120 = CARTESIAN_POINT ( 'NONE',  ( 4.119942740832083700, 1.173896268997162200, 0.8500000000000009800 ) ) ;
#3121 = LINE ( 'NONE', #2576, #9489 ) ;
#3122 = DIRECTION ( 'NONE',  ( 0.2588190451025207900, -0.9659258262890683100, 0.0000000000000000000 ) ) ;
#3123 = ORIENTED_EDGE ( 'NONE', *, *, #3965, .F. ) ;
#3124 = VECTOR ( 'NONE', #9338, 1000.000000000000000 ) ;
#3125 = ADVANCED_FACE ( 'NONE', ( #6090 ), #1063, .F. ) ;
#3126 = DIRECTION ( 'NONE',  ( 0.9975640502598247500, 0.06975647374411807200, 0.0000000000000000000 ) ) ;
#3127 = DIRECTION ( 'NONE',  ( 0.2588190451025207900, -0.9659258262890683100, 0.0000000000000000000 ) ) ;
#3128 = DIRECTION ( 'NONE',  ( 0.0000000000000000000, 0.0000000000000000000, 1.000000000000000000 ) ) ;
#3129 = ORIENTED_EDGE ( 'NONE', *, *, #5056, .T. ) ;
#3130 = EDGE_LOOP ( 'NONE', ( #1474, #6738, #3994, #890, #6816, #8277, #5744, #32, #6415, #2491, #2316, #3049 ) ) ;
#3131 = EDGE_CURVE ( 'NONE', #5607, #9782, #4857, .T. ) ;
#3132 = FACE_OUTER_BOUND ( 'NONE', #2945, .T. ) ;
#3133 = VERTEX_POINT ( 'NONE', #3223 ) ;
#3134 = DIRECTION ( 'NONE',  ( -0.2588190451025207900, 0.9659258262890683100, -0.0000000000000000000 ) ) ;
#3135 = CARTESIAN_POINT ( 'NONE',  ( -4.085923696263362700, 1.449999999999999300, 2.960000000000000900 ) ) ;
#3136 = CARTESIAN_POINT ( 'NONE',  ( -4.623104622025544500, 0.03929580968121807600, -4.659999999999999300 ) ) ;
#3137 = ORIENTED_EDGE ( 'NONE', *, *, #5073, .T. ) ;
#3138 = CIRCLE ( 'NONE', #1436, 0.03521910652230526200 ) ;
#3139 = DIRECTION ( 'NONE',  ( 0.0000000000000000000, 0.0000000000000000000, 1.000000000000000000 ) ) ;
#3140 = ORIENTED_EDGE ( 'NONE', *, *, #529, .T. ) ;
#3141 = MECHANICAL_DESIGN_GEOMETRIC_PRESENTATION_REPRESENTATION (  '', ( #9828 ), #9504 ) ;
#3142 = ORIENTED_EDGE ( 'NONE', *, *, #7893, .T. ) ;
#3143 = SURFACE_SIDE_STYLE ('',( #1547 ) ) ;
#3144 = EDGE_CURVE ( 'NONE', #7067, #2722, #1910, .T. ) ;
#3145 = AXIS2_PLACEMENT_3D ( 'NONE', #4103, #3434, #4171 ) ;
#3146 = ORIENTED_EDGE ( 'NONE', *, *, #6463, .F. ) ;
#3147 = VECTOR ( 'NONE', #2408, 1000.000000000000000 ) ;
#3148 = DIRECTION ( 'NONE',  ( 0.0000000000000000000, 0.0000000000000000000, 1.000000000000000000 ) ) ;
#3149 = ORIENTED_EDGE ( 'NONE', *, *, #2069, .T. ) ;
#3150 = DIRECTION ( 'NONE',  ( 0.0000000000000000000, 0.0000000000000000000, 1.000000000000000000 ) ) ;
#3151 = ORIENTED_EDGE ( 'NONE', *, *, #5965, .T. ) ;
#3152 = DIRECTION ( 'NONE',  ( -0.9659258262890683100, -0.2588190451025207900, 0.0000000000000000000 ) ) ;
#3153 = ADVANCED_FACE ( 'NONE', ( #2140 ), #9498, .F. ) ;
#3154 = CARTESIAN_POINT ( 'NONE',  ( 3.759999999999999800, 1.450000000000000200, 4.660000000000001000 ) ) ;
#3155 = FACE_OUTER_BOUND ( 'NONE', #3466, .T. ) ;
#3156 = PLANE ( 'NONE',  #7751 ) ;
#3157 = ORIENTED_EDGE ( 'NONE', *, *, #7129, .F. ) ;
#3158 =( GEOMETRIC_REPRESENTATION_CONTEXT ( 3 ) GLOBAL_UNCERTAINTY_ASSIGNED_CONTEXT ( ( #896 ) ) GLOBAL_UNIT_ASSIGNED_CONTEXT ( ( #2728, #8227, #9834 ) ) REPRESENTATION_CONTEXT ( 'NONE', 'WORKASPACE' ) );
#3159 = LINE ( 'NONE', #6888, #1942 ) ;
#3160 = CIRCLE ( 'NONE', #3721, 0.2852191065223042000 ) ;
#3161 = DIRECTION ( 'NONE',  ( -0.0000000000000000000, -0.0000000000000000000, -1.000000000000000000 ) ) ;
#3162 = ORIENTED_EDGE ( 'NONE', *, *, #1047, .F. ) ;
#3163 = LINE ( 'NONE', #2789, #8102 ) ;
#3164 = DIRECTION ( 'NONE',  ( 0.0000000000000000000, 0.0000000000000000000, 1.000000000000000000 ) ) ;
#3165 = CARTESIAN_POINT ( 'NONE',  ( -0.4300000000000000500, 0.1000000000000000100, 1.654999999999999800 ) ) ;
#3166 = ADVANCED_FACE ( 'NONE', ( #696 ), #7870, .T. ) ;
#3167 = DIRECTION ( 'NONE',  ( 0.9975640502598246400, -0.06975647374411952900, 0.0000000000000000000 ) ) ;
#3168 = ORIENTED_EDGE ( 'NONE', *, *, #5163, .F. ) ;
#3169 = CARTESIAN_POINT ( 'NONE',  ( -4.640543740461573900, 0.2886868222461744200, 2.120000000000000600 ) ) ;
#3170 =( NAMED_UNIT ( * ) PLANE_ANGLE_UNIT ( ) SI_UNIT ( $, .RADIAN. ) );
#3171 = EDGE_CURVE ( 'NONE', #5027, #6170, #6457, .T. ) ;
#3172 = CARTESIAN_POINT ( 'NONE',  ( 4.643000501140988900, 0.3238201367950973600, 0.8500000000000009800 ) ) ;
#3173 = ORIENTED_EDGE ( 'NONE', *, *, #1406, .F. ) ;
#3174 = ORIENTED_EDGE ( 'NONE', *, *, #5579, .F. ) ;
#3175 = EDGE_CURVE ( 'NONE', #414, #6069, #2266, .T. ) ;
#3176 = LINE ( 'NONE', #3608, #4786 ) ;
#3177 = ORIENTED_EDGE ( 'NONE', *, *, #3863, .F. ) ;
#3178 = CARTESIAN_POINT ( 'NONE',  ( -4.085923696263362700, 1.200000000000000400, 0.8500000000000009800 ) ) ;
#3179 = CARTESIAN_POINT ( 'NONE',  ( -5.202500000000000600, 0.2493910125649564100, -5.929999999999999700 ) ) ;
#3180 = ORIENTED_EDGE ( 'NONE', *, *, #7254, .T. ) ;
#3181 = VERTEX_POINT ( 'NONE', #880 ) ;
#3182 = MECHANICAL_DESIGN_GEOMETRIC_PRESENTATION_REPRESENTATION (  '', ( #2676 ), #3705 ) ;
#3183 = FACE_OUTER_BOUND ( 'NONE', #8051, .T. ) ;
#3184 = FACE_OUTER_BOUND ( 'NONE', #336, .T. ) ;
#3185 = EDGE_CURVE ( 'NONE', #4219, #5985, #4364, .T. ) ;
#3186 = FACE_OUTER_BOUND ( 'NONE', #9391, .T. ) ;
#3187 = CARTESIAN_POINT ( 'NONE',  ( -4.608981456572268900, 0.3147047612756303000, 2.120000000000000600 ) ) ;
#3188 = CARTESIAN_POINT ( 'NONE',  ( -4.608981456572268900, 0.3147047612756303000, 3.390000000000000600 ) ) ;
#3189 = CARTESIAN_POINT ( 'NONE',  ( -4.640543740461573900, 0.2886868222461744200, 5.930000000000001500 ) ) ;
#3190 = PLANE ( 'NONE',  #267 ) ;
#3191 = VERTEX_POINT ( 'NONE', #68 ) ;
#3192 = VERTEX_POINT ( 'NONE', #4016 ) ;
#3193 = LINE ( 'NONE', #7022, #1485 ) ;
#3194 = VECTOR ( 'NONE', #6839, 1000.000000000000000 ) ;
#3195 = EDGE_CURVE ( 'NONE', #885, #801, #5368, .T. ) ;
#3196 = DIRECTION ( 'NONE',  ( -0.0000000000000000000, -0.0000000000000000000, -1.000000000000000000 ) ) ;
#3197 = CARTESIAN_POINT ( 'NONE',  ( 5.202500000000000600, 0.2493910125649557200, 3.390000000000000600 ) ) ;
#3198 = DIRECTION ( 'NONE',  ( -0.0000000000000000000, -0.0000000000000000000, -1.000000000000000000 ) ) ;
#3199 = ORIENTED_EDGE ( 'NONE', *, *, #6281, .F. ) ;
#3200 = ORIENTED_EDGE ( 'NONE', *, *, #699, .T. ) ;
#3201 = ORIENTED_EDGE ( 'NONE', *, *, #6939, .T. ) ;
#3202 = DIRECTION ( 'NONE',  ( -0.2588190451025243500, -0.9659258262890673100, 0.0000000000000000000 ) ) ;
#3203 = FACE_OUTER_BOUND ( 'NONE', #7487, .T. ) ;
#3204 = FILL_AREA_STYLE ('',( #8732 ) ) ;
#3205 = LINE ( 'NONE', #9250, #8134 ) ;
#3206 = LINE ( 'NONE', #3197, #4818 ) ;
#3207 = ORIENTED_EDGE ( 'NONE', *, *, #8565, .T. ) ;
#3208 = VECTOR ( 'NONE', #7146, 1000.000000000000000 ) ;
#3209 = ORIENTED_EDGE ( 'NONE', *, *, #3853, .T. ) ;
#3210 = LINE ( 'NONE', #1737, #4335 ) ;
#3211 = EDGE_CURVE ( 'NONE', #3315, #9222, #8297, .T. ) ;
#3212 = CARTESIAN_POINT ( 'NONE',  ( 5.185060881563971200, -2.641625050904819800E-019, 2.120000000000000600 ) ) ;
#3213 = EDGE_CURVE ( 'NONE', #4416, #1677, #196, .T. ) ;
#3214 = AXIS2_PLACEMENT_3D ( 'NONE', #966, #5712, #1766 ) ;
#3215 = ADVANCED_FACE ( 'NONE', ( #9746 ), #3190, .T. ) ;
#3216 = DIRECTION ( 'NONE',  ( -0.0000000000000000000, 1.000000000000000000, -0.0000000000000000000 ) ) ;
#3217 = ORIENTED_EDGE ( 'NONE', *, *, #3456, .T. ) ;
#3218 = DIRECTION ( 'NONE',  ( 0.0000000000000000000, 0.0000000000000000000, 1.000000000000000000 ) ) ;
#3219 = SURFACE_SIDE_STYLE ('',( #3082 ) ) ;
#3220 = DIRECTION ( 'NONE',  ( -0.0000000000000000000, -0.0000000000000000000, -1.000000000000000000 ) ) ;
#3221 = LINE ( 'NONE', #7500, #7160 ) ;
#3222 = FACE_OUTER_BOUND ( 'NONE', #5661, .T. ) ;
#3223 = CARTESIAN_POINT ( 'NONE',  ( 4.085923696263362700, 1.450000000000000000, 2.120000000000000600 ) ) ;
#3224 = ORIENTED_EDGE ( 'NONE', *, *, #2223, .T. ) ;
#3225 = LINE ( 'NONE', #2228, #7298 ) ;
#3226 = ORIENTED_EDGE ( 'NONE', *, *, #5920, .T. ) ;
#3227 = EDGE_CURVE ( 'NONE', #5046, #3452, #2507, .T. ) ;
#3228 = FACE_OUTER_BOUND ( 'NONE', #1266, .T. ) ;
#3229 = EDGE_CURVE ( 'NONE', #3798, #1463, #1181, .T. ) ;
#3230 = CARTESIAN_POINT ( 'NONE',  ( -1.175000000000000500, 4.374037903435110200, -1.655000000000000200 ) ) ;
#3231 = VECTOR ( 'NONE', #3161, 1000.000000000000000 ) ;
#3232 = DIRECTION ( 'NONE',  ( -0.9902680687415703600, 0.1391731009600657400, 0.0000000000000000000 ) ) ;
#3233 = EDGE_LOOP ( 'NONE', ( #6836, #692, #8484, #3769 ) ) ;
#3234 = CARTESIAN_POINT ( 'NONE',  ( -0.4300000000000000500, 0.1000000000000002600, 1.654999999999999800 ) ) ;
#3235 = LINE ( 'NONE', #5403, #4736 ) ;
#3236 = ORIENTED_EDGE ( 'NONE', *, *, #190, .T. ) ;
#3237 = VECTOR ( 'NONE', #2542, 1000.000000000000100 ) ;
#3238 = CARTESIAN_POINT ( 'NONE',  ( 4.623104622025544500, 0.03929580968121807600, 4.660000000000001000 ) ) ;
#3239 = EDGE_CURVE ( 'NONE', #2628, #6346, #7429, .T. ) ;
#3240 = DIRECTION ( 'NONE',  ( -0.0000000000000000000, -0.0000000000000000000, -1.000000000000000000 ) ) ;
#3241 = DIRECTION ( 'NONE',  ( -0.0000000000000000000, -0.0000000000000000000, -1.000000000000000000 ) ) ;
#3242 = EDGE_LOOP ( 'NONE', ( #3823, #1572, #3328, #3567 ) ) ;
#3243 = ORIENTED_EDGE ( 'NONE', *, *, #4180, .T. ) ;
#3244 = DIRECTION ( 'NONE',  ( -0.9975640502598248600, 0.06975647374411768400, 0.0000000000000000000 ) ) ;
#3245 = ORIENTED_EDGE ( 'NONE', *, *, #5417, .F. ) ;
#3246 = LINE ( 'NONE', #3400, #9507 ) ;
#3247 = ORIENTED_EDGE ( 'NONE', *, *, #4207, .T. ) ;
#3248 = PLANE ( 'NONE',  #147 ) ;
#3249 = CARTESIAN_POINT ( 'NONE',  ( 3.759999999999999300, 1.200000000000000200, 0.4200000000000010900 ) ) ;
#3250 = ORIENTED_EDGE ( 'NONE', *, *, #234, .F. ) ;
#3251 = ORIENTED_EDGE ( 'NONE', *, *, #670, .T. ) ;
#3252 = DIRECTION ( 'NONE',  ( -0.0000000000000000000, -0.0000000000000000000, -1.000000000000000000 ) ) ;
#3253 = PRESENTATION_LAYER_ASSIGNMENT (  '', '', ( #2744 ) ) ;
#3254 = CARTESIAN_POINT ( 'NONE',  ( 4.640543740461574800, 0.2886868222461741500, -2.959999999999999500 ) ) ;
#3255 = ORIENTED_EDGE ( 'NONE', *, *, #2254, .T. ) ;
#3256 = FACE_OUTER_BOUND ( 'NONE', #1555, .T. ) ;
#3257 = AXIS2_PLACEMENT_3D ( 'NONE', #7031, #1557, #1593 ) ;
#3258 = VERTEX_POINT ( 'NONE', #261 ) ;
#3259 = CARTESIAN_POINT ( 'NONE',  ( -4.119942740832083700, 1.173896268997162200, -0.4199999999999993700 ) ) ;
#3260 = CARTESIAN_POINT ( 'NONE',  ( -4.085923696263362700, 1.164780893477695100, 0.4200000000000010900 ) ) ;
#3261 = ADVANCED_FACE ( 'NONE', ( #1770 ), #1527, .F. ) ;
#3262 = DIRECTION ( 'NONE',  ( -0.0000000000000000000, 1.000000000000000000, -0.0000000000000000000 ) ) ;
#3263 = ORIENTED_EDGE ( 'NONE', *, *, #6092, .T. ) ;
#3264 = FACE_OUTER_BOUND ( 'NONE', #6330, .T. ) ;
#3265 = DIRECTION ( 'NONE',  ( 6.653104299660446400E-016, 1.000000000000000000, -0.0000000000000000000 ) ) ;
#3266 = DIRECTION ( 'NONE',  ( -4.170008355713481600E-016, 0.0000000000000000000, 1.000000000000000000 ) ) ;
#3267 = VERTEX_POINT ( 'NONE', #7286 ) ;
#3268 = AXIS2_PLACEMENT_3D ( 'NONE', #8601, #9477, #106 ) ;
#3269 = ORIENTED_EDGE ( 'NONE', *, *, #9520, .F. ) ;
#3270 = DIRECTION ( 'NONE',  ( -1.000000000000000000, -0.0000000000000000000, 2.306813132947882000E-016 ) ) ;
#3271 = CARTESIAN_POINT ( 'NONE',  ( -4.361424197404348400, 1.238601030272792100, 2.120000000000000600 ) ) ;
#3272 = EDGE_CURVE ( 'NONE', #9014, #5888, #9129, .T. ) ;
#3273 = AXIS2_PLACEMENT_3D ( 'NONE', #3699, #2951, #6803 ) ;
#3274 = COLOUR_RGB ( '',0.2509803921568627400, 0.2509803921568627400, 0.2509803921568627400 ) ;
#3275 = CARTESIAN_POINT ( 'NONE',  ( -5.202500000000000600, 0.2493910125649564100, -4.229999999999999500 ) ) ;
#3276 = VERTEX_POINT ( 'NONE', #5690 ) ;
#3277 = SURFACE_STYLE_FILL_AREA ( #5429 ) ;
#3278 = ORIENTED_EDGE ( 'NONE', *, *, #6665, .F. ) ;
#3279 = CARTESIAN_POINT ( 'NONE',  ( 4.643000501140988900, 0.3238201367950973600, 5.930000000000001500 ) ) ;
#3280 = CARTESIAN_POINT ( 'NONE',  ( 4.085923696263362700, 1.164780893477695100, 0.4200000000000010900 ) ) ;
#3281 = CARTESIAN_POINT ( 'NONE',  ( 4.640543740461574800, 0.2886868222461744800, 4.660000000000001000 ) ) ;
#3282 = DIRECTION ( 'NONE',  ( 1.000000000000000000, 0.0000000000000000000, 0.0000000000000000000 ) ) ;
#3283 = DIRECTION ( 'NONE',  ( -0.2588190451025243500, -0.9659258262890673100, 0.0000000000000000000 ) ) ;
#3284 = EDGE_CURVE ( 'NONE', #1520, #2333, #8534, .T. ) ;
#3285 = VECTOR ( 'NONE', #7746, 1000.000000000000000 ) ;
#3286 = STYLED_ITEM ( 'NONE', ( #1478 ), #5813 ) ;
#3287 = LINE ( 'NONE', #619, #1224 ) ;
#3288 = EDGE_CURVE ( 'NONE', #2333, #1830, #2756, .T. ) ;
#3289 = VERTEX_POINT ( 'NONE', #8084 ) ;
#3290 = EDGE_LOOP ( 'NONE', ( #3039, #6267, #5127, #9874, #9539, #5471, #2986, #5846, #7930, #9570, #6339, #7568 ) ) ;
#3291 = EDGE_LOOP ( 'NONE', ( #8090, #7336, #4111, #2399 ) ) ;
#3292 = CARTESIAN_POINT ( 'NONE',  ( -4.367500000000000600, 0.2500000000000000000, -5.500000000000000000 ) ) ;
#3293 = VERTEX_POINT ( 'NONE', #5726 ) ;
#3294 = ORIENTED_EDGE ( 'NONE', *, *, #4457, .F. ) ;
#3295 = DIRECTION ( 'NONE',  ( -0.9975640502598247500, -0.06975647374411807200, 0.0000000000000000000 ) ) ;
#3296 = CARTESIAN_POINT ( 'NONE',  ( 5.202500000000000600, 0.2493910125649557200, 4.230000000000001300 ) ) ;
#3297 = VECTOR ( 'NONE', #197, 1000.000000000000000 ) ;
#3298 = VECTOR ( 'NONE', #9392, 1000.000000000000000 ) ;
#3299 = PLANE ( 'NONE',  #3724 ) ;
#3300 = FACE_OUTER_BOUND ( 'NONE', #7183, .T. ) ;
#3301 = DIRECTION ( 'NONE',  ( 0.0000000000000000000, 0.0000000000000000000, 1.000000000000000000 ) ) ;
#3302 = FILL_AREA_STYLE ('',( #8064 ) ) ;
#3303 = EDGE_CURVE ( 'NONE', #127, #9523, #9248, .T. ) ;
#3304 = CARTESIAN_POINT ( 'NONE',  ( -1.175000000000000500, 0.0000000000000000000, 1.654999999999999800 ) ) ;
#3305 = SURFACE_STYLE_USAGE ( .BOTH. , #6514 ) ;
#3306 = EDGE_CURVE ( 'NONE', #9216, #7356, #1413, .T. ) ;
#3307 = ORIENTED_EDGE ( 'NONE', *, *, #1809, .T. ) ;
#3308 = VERTEX_POINT ( 'NONE', #5758 ) ;
#3309 = CARTESIAN_POINT ( 'NONE',  ( 5.202500000000000600, 0.2493910125649557200, 1.690000000000000600 ) ) ;
#3310 = ORIENTED_EDGE ( 'NONE', *, *, #7733, .F. ) ;
#3311 = PRESENTATION_STYLE_ASSIGNMENT (( #10048 ) ) ;
#3312 = VECTOR ( 'NONE', #2540, 1000.000000000000000 ) ;
#3313 = PLANE ( 'NONE',  #1108 ) ;
#3314 = AXIS2_PLACEMENT_3D ( 'NONE', #5033, #1145, #8149 ) ;
#3315 = VERTEX_POINT ( 'NONE', #4094 ) ;
#3316 = EDGE_CURVE ( 'NONE', #6432, #7597, #6204, .T. ) ;
#3317 = ADVANCED_FACE ( 'NONE', ( #9624 ), #8050, .T. ) ;
#3318 = ORIENTED_EDGE ( 'NONE', *, *, #9725, .T. ) ;
#3319 = DIRECTION ( 'NONE',  ( -1.000000000000000000, 6.653104299660455300E-016, -0.0000000000000000000 ) ) ;
#3320 = FACE_OUTER_BOUND ( 'NONE', #7800, .T. ) ;
#3321 = UNCERTAINTY_MEASURE_WITH_UNIT (LENGTH_MEASURE( 1.000000000000000100E-005 ), #4001, 'distance_accuracy_value', 'NONE');
#3322 = CYLINDRICAL_SURFACE ( 'NONE', #2162, 0.03521910652230526200 ) ;
#3323 = CARTESIAN_POINT ( 'NONE',  ( -3.759999999999999300, 1.450000000000000400, 4.660000000000001000 ) ) ;
#3324 = FACE_OUTER_BOUND ( 'NONE', #252, .T. ) ;
#3325 = CARTESIAN_POINT ( 'NONE',  ( 4.085923696263362700, 1.200000000000000600, -1.689999999999999700 ) ) ;
#3326 = EDGE_LOOP ( 'NONE', ( #2754, #6104, #4561, #4933 ) ) ;
#3327 = ORIENTED_EDGE ( 'NONE', *, *, #3870, .T. ) ;
#3328 = ORIENTED_EDGE ( 'NONE', *, *, #9800, .F. ) ;
#3329 = VECTOR ( 'NONE', #7068, 1000.000000000000000 ) ;
#3330 = ORIENTED_EDGE ( 'NONE', *, *, #5987, .F. ) ;
#3331 = FACE_OUTER_BOUND ( 'NONE', #8302, .T. ) ;
#3332 = ADVANCED_FACE ( 'NONE', ( #5609 ), #334, .F. ) ;
#3333 = DIRECTION ( 'NONE',  ( -1.734723475976807100E-015, -1.000000000000000000, 0.0000000000000000000 ) ) ;
#3334 = DIRECTION ( 'NONE',  ( -1.000000000000000000, 0.0000000000000000000, 0.0000000000000000000 ) ) ;
#3335 = DIRECTION ( 'NONE',  ( 0.0000000000000000000, 0.0000000000000000000, -1.000000000000000000 ) ) ;
#3336 = EDGE_CURVE ( 'NONE', #1376, #9083, #9022, .T. ) ;
#3337 = AXIS2_PLACEMENT_3D ( 'NONE', #2580, #3421, #5891 ) ;
#3338 = DIRECTION ( 'NONE',  ( -1.000000000000000000, 0.0000000000000000000, 0.0000000000000000000 ) ) ;
#3339 = CARTESIAN_POINT ( 'NONE',  ( 4.085923696263362700, 1.164780893477695100, 5.930000000000001500 ) ) ;
#3340 = DIRECTION ( 'NONE',  ( -1.000000000000000000, 6.653104299660455300E-016, -0.0000000000000000000 ) ) ;
#3341 = LINE ( 'NONE', #1793, #1997 ) ;
#3342 = EDGE_LOOP ( 'NONE', ( #3180, #2946, #5217, #1051, #7842, #6315, #1086, #1671, #6029, #5558, #4377, #6949 ) ) ;
#3343 =( NAMED_UNIT ( * ) PLANE_ANGLE_UNIT ( ) SI_UNIT ( $, .RADIAN. ) );
#3344 = VECTOR ( 'NONE', #10004, 1000.000000000000000 ) ;
#3345 = DIRECTION ( 'NONE',  ( -1.000000000000000000, 0.0000000000000000000, 0.0000000000000000000 ) ) ;
#3346 = FACE_OUTER_BOUND ( 'NONE', #611, .T. ) ;
#3347 = PLANE ( 'NONE',  #2355 ) ;
#3348 = CARTESIAN_POINT ( 'NONE',  ( -4.640543740461573900, 0.2886868222461744200, 0.4200000000000010900 ) ) ;
#3349 = VERTEX_POINT ( 'NONE', #1819 ) ;
#3350 = CLOSED_SHELL ( 'NONE', ( #7582, #6822, #9342, #6925, #9168, #6061, #8365, #1378, #3420, #8334, #5296, #7084, #1182, #614 ) ) ;
#3351 = DIRECTION ( 'NONE',  ( -1.000000000000000000, 0.0000000000000000000, 0.0000000000000000000 ) ) ;
#3352 = AXIS2_PLACEMENT_3D ( 'NONE', #5941, #2788, #1228 ) ;
#3353 = VECTOR ( 'NONE', #8924, 1000.000000000000000 ) ;
#3354 = VECTOR ( 'NONE', #3876, 1000.000000000000000 ) ;
#3355 = CARTESIAN_POINT ( 'NONE',  ( -1.175000000000000500, 0.1000000000000000100, -1.655000000000000200 ) ) ;
#3356 = CARTESIAN_POINT ( 'NONE',  ( -5.202500000000000600, 0.2493910125649564100, -5.500000000000000000 ) ) ;
#3357 = FACE_OUTER_BOUND ( 'NONE', #3371, .T. ) ;
#3358 = AXIS2_PLACEMENT_3D ( 'NONE', #8660, #4759, #7152 ) ;
#3359 = DIRECTION ( 'NONE',  ( 0.2588190451025243500, 0.9659258262890673100, 0.0000000000000000000 ) ) ;
#3360 = CARTESIAN_POINT ( 'NONE',  ( -4.608981456572268900, 0.3147047612756303000, -2.959999999999999500 ) ) ;
#3361 = DIRECTION ( 'NONE',  ( 0.06975647374411816900, 0.9975640502598247500, -0.0000000000000000000 ) ) ;
#3362 = ORIENTED_EDGE ( 'NONE', *, *, #8327, .T. ) ;
#3363 = CARTESIAN_POINT ( 'NONE',  ( -4.085923696263362700, 1.164780893477695100, -5.500000000000000000 ) ) ;
#3364 = ORIENTED_EDGE ( 'NONE', *, *, #3458, .T. ) ;
#3365 = LINE ( 'NONE', #8997, #3490 ) ;
#3366 = CARTESIAN_POINT ( 'NONE',  ( -3.759999999999999300, 1.200000000000000200, -4.229999999999999500 ) ) ;
#3367 = EDGE_CURVE ( 'NONE', #6051, #1112, #7549, .T. ) ;
#3368 = PLANE ( 'NONE',  #8037 ) ;
#3369 = EDGE_CURVE ( 'NONE', #8196, #3677, #9858, .T. ) ;
#3370 = DIRECTION ( 'NONE',  ( -0.0000000000000000000, -0.0000000000000000000, -1.000000000000000000 ) ) ;
#3371 = EDGE_LOOP ( 'NONE', ( #518, #7476, #8981, #8344 ) ) ;
#3372 = CARTESIAN_POINT ( 'NONE',  ( -4.623104622025544500, 0.03929580968121797200, 0.8500000000000009800 ) ) ;
#3373 = EDGE_LOOP ( 'NONE', ( #1716, #1660, #6201, #3307 ) ) ;
#3374 = CIRCLE ( 'NONE', #9508, 0.03521910652230526200 ) ;
#3375 = ADVANCED_FACE ( 'NONE', ( #5233 ), #9664, .F. ) ;
#3376 = CARTESIAN_POINT ( 'NONE',  ( 5.185060881563971200, -2.641625050904819800E-019, 1.690000000000000600 ) ) ;
#3377 = DIRECTION ( 'NONE',  ( -1.000000000000000000, 0.0000000000000000000, 0.0000000000000000000 ) ) ;
#3378 = CARTESIAN_POINT ( 'NONE',  ( -4.119942740832083700, 1.173896268997162200, -4.229999999999999500 ) ) ;
#3379 = DIRECTION ( 'NONE',  ( -0.0000000000000000000, -0.0000000000000000000, -1.000000000000000000 ) ) ;
#3380 = DIRECTION ( 'NONE',  ( 1.734723475976807100E-015, 1.000000000000000000, 0.0000000000000000000 ) ) ;
#3381 = VERTEX_POINT ( 'NONE', #1118 ) ;
#3382 = EDGE_CURVE ( 'NONE', #8659, #3315, #4116, .T. ) ;
#3383 = FACE_OUTER_BOUND ( 'NONE', #235, .T. ) ;
#3384 = DIRECTION ( 'NONE',  ( 0.0000000000000000000, -1.000000000000000000, 0.0000000000000000000 ) ) ;
#3385 = DIRECTION ( 'NONE',  ( 0.06975647374411746100, -0.9975640502598247500, 0.0000000000000000000 ) ) ;
#3386 = VERTEX_POINT ( 'NONE', #3461 ) ;
#3387 = DIRECTION ( 'NONE',  ( -0.9659258262890683100, -0.2588190451025207900, 0.0000000000000000000 ) ) ;
#3388 = ORIENTED_EDGE ( 'NONE', *, *, #339, .F. ) ;
#3389 = ORIENTED_EDGE ( 'NONE', *, *, #3756, .F. ) ;
#3390 = CARTESIAN_POINT ( 'NONE',  ( 4.119942740832083700, 1.173896268997162200, 4.660000000000001000 ) ) ;
#3391 = CARTESIAN_POINT ( 'NONE',  ( 4.367500000000000600, 0.2500000000000000600, -4.229999999999999500 ) ) ;
#3392 = DIRECTION ( 'NONE',  ( -0.0000000000000000000, -0.0000000000000000000, -1.000000000000000000 ) ) ;
#3393 = ORIENTED_EDGE ( 'NONE', *, *, #3610, .F. ) ;
#3394 = PLANE ( 'NONE',  #1120 ) ;
#3395 = ORIENTED_EDGE ( 'NONE', *, *, #3764, .T. ) ;
#3396 = AXIS2_PLACEMENT_3D ( 'NONE', #4580, #5427, #713 ) ;
#3397 = AXIS2_PLACEMENT_3D ( 'NONE', #3363, #9557, #4202 ) ;
#3398 = LINE ( 'NONE', #5017, #726 ) ;
#3399 = ORIENTED_EDGE ( 'NONE', *, *, #2013, .F. ) ;
#3400 = CARTESIAN_POINT ( 'NONE',  ( -4.361424197404348400, 1.238601030272792100, -0.4199999999999993700 ) ) ;
#3401 = DIRECTION ( 'NONE',  ( -0.0000000000000000000, -0.0000000000000000000, -1.000000000000000000 ) ) ;
#3402 = CARTESIAN_POINT ( 'NONE',  ( -4.119942740832083700, 1.173896268997162200, 4.230000000000001300 ) ) ;
#3403 = CARTESIAN_POINT ( 'NONE',  ( 4.361424197404351100, 1.238601030272792600, -0.4199999999999993700 ) ) ;
#3404 = DIRECTION ( 'NONE',  ( 0.06975647374411816900, 0.9975640502598247500, -0.0000000000000000000 ) ) ;
#3405 = EDGE_CURVE ( 'NONE', #903, #3258, #3365, .T. ) ;
#3406 = LINE ( 'NONE', #6301, #5040 ) ;
#3407 = LINE ( 'NONE', #4109, #9895 ) ;
#3408 = DIRECTION ( 'NONE',  ( 0.0000000000000000000, -0.0000000000000000000, -1.000000000000000000 ) ) ;
#3409 = DIRECTION ( 'NONE',  ( -6.653104299660455300E-016, -1.000000000000000000, 0.0000000000000000000 ) ) ;
#3410 = ORIENTED_EDGE ( 'NONE', *, *, #5563, .F. ) ;
#3411 = FACE_OUTER_BOUND ( 'NONE', #2345, .T. ) ;
#3412 = EDGE_CURVE ( 'NONE', #8496, #7773, #4603, .T. ) ;
#3413 = CARTESIAN_POINT ( 'NONE',  ( -3.760000000000000200, 2.649999999999998600, 6.243850998357133100 ) ) ;
#3414 = VERTEX_POINT ( 'NONE', #5112 ) ;
#3415 = ORIENTED_EDGE ( 'NONE', *, *, #4102, .F. ) ;
#3416 = LINE ( 'NONE', #9565, #383 ) ;
#3417 = VECTOR ( 'NONE', #5392, 1000.000000000000000 ) ;
#3418 = ORIENTED_EDGE ( 'NONE', *, *, #2810, .T. ) ;
#3419 = LINE ( 'NONE', #4901, #746 ) ;
#3420 = ADVANCED_FACE ( 'NONE', ( #5971 ), #9372, .F. ) ;
#3421 = DIRECTION ( 'NONE',  ( 0.0000000000000000000, 0.0000000000000000000, 1.000000000000000000 ) ) ;
#3422 = DIRECTION ( 'NONE',  ( -1.000000000000000000, 0.0000000000000000000, 0.0000000000000000000 ) ) ;
#3423 = DIRECTION ( 'NONE',  ( -0.0000000000000000000, -0.0000000000000000000, -1.000000000000000000 ) ) ;
#3424 = DIRECTION ( 'NONE',  ( -0.9659258262890683100, -0.2588190451025207900, 0.0000000000000000000 ) ) ;
#3425 = DIRECTION ( 'NONE',  ( -0.0000000000000000000, -0.0000000000000000000, -1.000000000000000000 ) ) ;
#3426 = EDGE_CURVE ( 'NONE', #1332, #3133, #5491, .T. ) ;
#3427 = EDGE_LOOP ( 'NONE', ( #8995, #5684, #4634, #3255 ) ) ;
#3428 = ORIENTED_EDGE ( 'NONE', *, *, #8677, .T. ) ;
#3429 = EDGE_CURVE ( 'NONE', #3293, #1687, #7669, .T. ) ;
#3430 = ORIENTED_EDGE ( 'NONE', *, *, #1080, .F. ) ;
#3431 = VECTOR ( 'NONE', #4922, 1000.000000000000000 ) ;
#3432 = ADVANCED_FACE ( 'NONE', ( #1291 ), #4991, .F. ) ;
#3433 = DIRECTION ( 'NONE',  ( 0.06975647374411807200, -0.9975640502598247500, 0.0000000000000000000 ) ) ;
#3434 = DIRECTION ( 'NONE',  ( -0.0000000000000000000, -0.0000000000000000000, -1.000000000000000000 ) ) ;
#3435 = CARTESIAN_POINT ( 'NONE',  ( -5.185060881563971200, -2.641625050904819800E-019, 0.4200000000000010900 ) ) ;
#3436 = EDGE_LOOP ( 'NONE', ( #2991, #802, #3625, #6469 ) ) ;
#3437 = EDGE_LOOP ( 'NONE', ( #6539, #2969, #9433, #5410 ) ) ;
#3438 = EDGE_LOOP ( 'NONE', ( #8673, #7205, #2608, #6439 ) ) ;
#3439 = DIRECTION ( 'NONE',  ( -0.0000000000000000000, -0.0000000000000000000, -1.000000000000000000 ) ) ;
#3440 = CARTESIAN_POINT ( 'NONE',  ( -0.4300000000000000500, 0.1000000000000002600, 1.784999999999999700 ) ) ;
#3441 = VECTOR ( 'NONE', #5400, 1000.000000000000000 ) ;
#3442 = EDGE_CURVE ( 'NONE', #6346, #1036, #7312, .T. ) ;
#3443 = LINE ( 'NONE', #4243, #4201 ) ;
#3444 = CARTESIAN_POINT ( 'NONE',  ( 3.591350998357129200, -4.336808689942017700E-016, -6.243850998357133100 ) ) ;
#3445 = DIRECTION ( 'NONE',  ( -0.0000000000000000000, -0.0000000000000000000, -1.000000000000000000 ) ) ;
#3446 = DIRECTION ( 'NONE',  ( -0.0000000000000000000, -0.0000000000000000000, -1.000000000000000000 ) ) ;
#3447 = DIRECTION ( 'NONE',  ( -0.9975640502598246400, 0.06975647374411952900, -0.0000000000000000000 ) ) ;
#3448 = CARTESIAN_POINT ( 'NONE',  ( 4.085923696263362700, 1.450000000000000000, 3.390000000000000600 ) ) ;
#3449 = ORIENTED_EDGE ( 'NONE', *, *, #6712, .T. ) ;
#3450 = DIRECTION ( 'NONE',  ( 0.9975640502598248600, 0.06975647374411747500, -0.0000000000000000000 ) ) ;
#3451 = EDGE_LOOP ( 'NONE', ( #8963, #9625, #6937, #4418 ) ) ;
#3452 = VERTEX_POINT ( 'NONE', #10054 ) ;
#3453 = CARTESIAN_POINT ( 'NONE',  ( -1.175000000000000500, 4.374037903435110200, 1.654999999999999800 ) ) ;
#3454 = LINE ( 'NONE', #454, #7277 ) ;
#3455 = FACE_OUTER_BOUND ( 'NONE', #1948, .T. ) ;
#3456 = EDGE_CURVE ( 'NONE', #6056, #6165, #810, .T. ) ;
#3457 = CARTESIAN_POINT ( 'NONE',  ( -4.643000501140988900, 0.3238201367950973600, -5.500000000000000000 ) ) ;
#3458 = EDGE_CURVE ( 'NONE', #8424, #3979, #9500, .T. ) ;
#3459 = ORIENTED_EDGE ( 'NONE', *, *, #2997, .F. ) ;
#3460 = EDGE_LOOP ( 'NONE', ( #178, #10143, #5659, #8657 ) ) ;
#3461 = CARTESIAN_POINT ( 'NONE',  ( 4.640543740461574800, 0.2886868222461741500, 4.660000000000001000 ) ) ;
#3462 = FACE_OUTER_BOUND ( 'NONE', #1419, .T. ) ;
#3463 = CIRCLE ( 'NONE', #8652, 0.2852191065223054800 ) ;
#3464 = FACE_OUTER_BOUND ( 'NONE', #8752, .T. ) ;
#3465 = CARTESIAN_POINT ( 'NONE',  ( 4.643000501140988900, 0.3238201367950973600, 2.120000000000000600 ) ) ;
#3466 = EDGE_LOOP ( 'NONE', ( #9034, #451, #1642, #4962 ) ) ;
#3467 = CARTESIAN_POINT ( 'NONE',  ( -0.4299999999999999900, 4.374037903435110200, -1.785000000000000100 ) ) ;
#3468 = AXIS2_PLACEMENT_3D ( 'NONE', #79, #5570, #7085 ) ;
#3469 = CARTESIAN_POINT ( 'NONE',  ( -4.643000501140988900, 0.3238201367950973600, 4.230000000000001300 ) ) ;
#3470 = EDGE_CURVE ( 'NONE', #6175, #848, #2876, .T. ) ;
#3471 = ADVANCED_FACE ( 'NONE', ( #4726 ), #1057, .T. ) ;
#3472 = AXIS2_PLACEMENT_3D ( 'NONE', #3465, #9741, #3500 ) ;
#3473 = PLANE ( 'NONE',  #6758 ) ;
#3474 = VERTEX_POINT ( 'NONE', #5435 ) ;
#3475 = DIRECTION ( 'NONE',  ( 0.0000000000000000000, 0.0000000000000000000, 1.000000000000000000 ) ) ;
#3476 = DIRECTION ( 'NONE',  ( 2.284363386111988300E-016, -0.1391731009600657400, 0.9902680687415702500 ) ) ;
#3477 = ORIENTED_EDGE ( 'NONE', *, *, #5375, .T. ) ;
#3478 = FACE_OUTER_BOUND ( 'NONE', #3506, .T. ) ;
#3479 = DIRECTION ( 'NONE',  ( -0.9975640502598247500, -0.06975647374411816900, 0.0000000000000000000 ) ) ;
#3480 = LINE ( 'NONE', #4792, #7169 ) ;
#3481 = ADVANCED_FACE ( 'NONE', ( #935 ), #5122, .T. ) ;
#3482 = ORIENTED_EDGE ( 'NONE', *, *, #7827, .F. ) ;
#3483 = CARTESIAN_POINT ( 'NONE',  ( 3.759999999999999300, 1.200000000000000200, -4.659999999999999300 ) ) ;
#3484 = CARTESIAN_POINT ( 'NONE',  ( 4.085923696263362700, 1.164780893477695100, 1.690000000000000600 ) ) ;
#3485 = DIRECTION ( 'NONE',  ( -0.0000000000000000000, -0.0000000000000000000, -1.000000000000000000 ) ) ;
#3486 = EDGE_CURVE ( 'NONE', #852, #315, #7054, .T. ) ;
#3487 = CIRCLE ( 'NONE', #7654, 0.03521910652230526200 ) ;
#3488 = EDGE_CURVE ( 'NONE', #6069, #1310, #3003, .T. ) ;
#3489 = ORIENTED_EDGE ( 'NONE', *, *, #6350, .T. ) ;
#3490 = VECTOR ( 'NONE', #6636, 1000.000000000000000 ) ;
#3491 = CARTESIAN_POINT ( 'NONE',  ( -4.367500000000000600, 0.2500000000000000000, 5.930000000000001500 ) ) ;
#3492 = CARTESIAN_POINT ( 'NONE',  ( -1.175000000000000500, -0.0000000000000000000, -1.655000000000000200 ) ) ;
#3493 = DIRECTION ( 'NONE',  ( 0.0000000000000000000, 0.0000000000000000000, 1.000000000000000000 ) ) ;
#3494 = ORIENTED_EDGE ( 'NONE', *, *, #6755, .T. ) ;
#3495 = VERTEX_POINT ( 'NONE', #790 ) ;
#3496 = VECTOR ( 'NONE', #7844, 1000.000000000000000 ) ;
#3497 = EDGE_CURVE ( 'NONE', #4356, #439, #10098, .T. ) ;
#3498 = ORIENTED_EDGE ( 'NONE', *, *, #1092, .T. ) ;
#3499 = EDGE_CURVE ( 'NONE', #5343, #2771, #7661, .T. ) ;
#3500 = DIRECTION ( 'NONE',  ( 1.000000000000000000, 0.0000000000000000000, 0.0000000000000000000 ) ) ;
#3501 = CARTESIAN_POINT ( 'NONE',  ( 4.623104622025544500, 0.03929580968121807600, 2.960000000000000900 ) ) ;
#3502 = ORIENTED_EDGE ( 'NONE', *, *, #9036, .F. ) ;
#3503 = CARTESIAN_POINT ( 'NONE',  ( -5.202500000000000600, 0.2493910125649564100, 0.8500000000000009800 ) ) ;
#3504 = CARTESIAN_POINT ( 'NONE',  ( -4.608981456572268900, 0.3147047612756303000, -4.659999999999999300 ) ) ;
#3505 = CARTESIAN_POINT ( 'NONE',  ( 4.085923696263362700, 1.450000000000000000, 4.230000000000001300 ) ) ;
#3506 = EDGE_LOOP ( 'NONE', ( #2715, #5486, #8260, #5898 ) ) ;
#3507 = CIRCLE ( 'NONE', #5399, 0.2852191065223054800 ) ;
#3508 = DIRECTION ( 'NONE',  ( -6.653104299660446400E-016, 1.000000000000000000, 0.0000000000000000000 ) ) ;
#3509 = ORIENTED_EDGE ( 'NONE', *, *, #7061, .T. ) ;
#3510 = CARTESIAN_POINT ( 'NONE',  ( -4.085923696263362700, 1.200000000000000400, 2.120000000000000600 ) ) ;
#3511 = AXIS2_PLACEMENT_3D ( 'NONE', #5203, #1280, #6936 ) ;
#3512 = EDGE_CURVE ( 'NONE', #5612, #6327, #1404, .T. ) ;
#3513 = ORIENTED_EDGE ( 'NONE', *, *, #9962, .T. ) ;
#3514 = CYLINDRICAL_SURFACE ( 'NONE', #4332, 0.03521910652230526200 ) ;
#3515 = DIRECTION ( 'NONE',  ( 1.000000000000000000, 6.653104299660446400E-016, 0.0000000000000000000 ) ) ;
#3516 = CARTESIAN_POINT ( 'NONE',  ( 4.085923696263362700, 1.164780893477695100, -3.389999999999999200 ) ) ;
#3517 = SURFACE_SIDE_STYLE ('',( #1943 ) ) ;
#3518 = ORIENTED_EDGE ( 'NONE', *, *, #1274, .T. ) ;
#3519 = DIRECTION ( 'NONE',  ( -0.2588190451025207900, 0.9659258262890683100, -0.0000000000000000000 ) ) ;
#3520 = ORIENTED_EDGE ( 'NONE', *, *, #7230, .F. ) ;
#3521 = ADVANCED_FACE ( 'NONE', ( #437 ), #3002, .F. ) ;
#3522 = CARTESIAN_POINT ( 'NONE',  ( 4.361424197404351100, 1.238601030272792600, 5.930000000000001500 ) ) ;
#3523 = EDGE_CURVE ( 'NONE', #549, #1335, #3986, .T. ) ;
#3524 = LINE ( 'NONE', #1429, #8223 ) ;
#3525 = ORIENTED_EDGE ( 'NONE', *, *, #6910, .F. ) ;
#3526 = AXIS2_PLACEMENT_3D ( 'NONE', #3503, #375, #3559 ) ;
#3527 = CARTESIAN_POINT ( 'NONE',  ( 5.202500000000000600, 0.2493910125649557200, 0.8500000000000009800 ) ) ;
#3528 = VECTOR ( 'NONE', #2505, 1000.000000000000000 ) ;
#3529 = CARTESIAN_POINT ( 'NONE',  ( -3.759999999999999300, 1.450000000000000400, -0.4199999999999993700 ) ) ;
#3530 = ORIENTED_EDGE ( 'NONE', *, *, #6621, .F. ) ;
#3531 = VECTOR ( 'NONE', #6847, 1000.000000000000100 ) ;
#3532 = DIRECTION ( 'NONE',  ( -1.000000000000000000, 0.0000000000000000000, 0.0000000000000000000 ) ) ;
#3533 = VERTEX_POINT ( 'NONE', #7703 ) ;
#3534 = AXIS2_PLACEMENT_3D ( 'NONE', #6198, #640, #1417 ) ;
#3535 = EDGE_CURVE ( 'NONE', #9971, #8333, #9243, .T. ) ;
#3536 = ORIENTED_EDGE ( 'NONE', *, *, #5593, .F. ) ;
#3537 = EDGE_LOOP ( 'NONE', ( #134, #4184, #5254, #1613 ) ) ;
#3538 = FACE_OUTER_BOUND ( 'NONE', #1582, .T. ) ;
#3539 = LINE ( 'NONE', #9367, #6640 ) ;
#3540 = LINE ( 'NONE', #8541, #9552 ) ;
#3541 = DIRECTION ( 'NONE',  ( -1.000000000000000000, 0.0000000000000000000, 0.0000000000000000000 ) ) ;
#3542 = CARTESIAN_POINT ( 'NONE',  ( -5.185060881563971200, -2.641625050904819800E-019, -0.4199999999999993700 ) ) ;
#3543 = ORIENTED_EDGE ( 'NONE', *, *, #698, .F. ) ;
#3544 = ORIENTED_EDGE ( 'NONE', *, *, #5323, .T. ) ;
#3545 = CARTESIAN_POINT ( 'NONE',  ( 3.759999999999999800, 1.450000000000000200, 3.390000000000000600 ) ) ;
#3546 = VERTEX_POINT ( 'NONE', #2404 ) ;
#3547 = PLANE ( 'NONE',  #3596 ) ;
#3548 = LINE ( 'NONE', #10011, #4189 ) ;
#3549 = VECTOR ( 'NONE', #333, 1000.000000000000000 ) ;
#3550 = EDGE_CURVE ( 'NONE', #4820, #6170, #5599, .T. ) ;
#3551 = EDGE_CURVE ( 'NONE', #5832, #5537, #3480, .T. ) ;
#3552 = VERTEX_POINT ( 'NONE', #851 ) ;
#3553 = EDGE_LOOP ( 'NONE', ( #6058, #4645, #9941, #9856, #5204, #7772, #9772, #7737, #9434, #5082, #7181, #7886 ) ) ;
#3554 = VECTOR ( 'NONE', #3439, 1000.000000000000000 ) ;
#3555 = LINE ( 'NONE', #6074, #1250 ) ;
#3556 = FACE_OUTER_BOUND ( 'NONE', #8741, .T. ) ;
#3557 = CARTESIAN_POINT ( 'NONE',  ( -1.175000000000000500, 0.0000000000000000000, 1.654999999999999800 ) ) ;
#3558 = SURFACE_STYLE_USAGE ( .BOTH. , #4304 ) ;
#3559 = DIRECTION ( 'NONE',  ( -0.06975647374411746100, 0.9975640502598247500, 0.0000000000000000000 ) ) ;
#3560 = PRESENTATION_LAYER_ASSIGNMENT (  '', '', ( #2676 ) ) ;
#3561 = DIRECTION ( 'NONE',  ( 0.0000000000000000000, -1.000000000000000000, 0.0000000000000000000 ) ) ;
#3562 = ORIENTED_EDGE ( 'NONE', *, *, #3582, .F. ) ;
#3563 = DIRECTION ( 'NONE',  ( -0.2588190451025207900, 0.9659258262890683100, -0.0000000000000000000 ) ) ;
#3564 = EDGE_LOOP ( 'NONE', ( #6240, #2620, #7434, #9021 ) ) ;
#3565 = EDGE_CURVE ( 'NONE', #6221, #5151, #1172, .T. ) ;
#3566 = LINE ( 'NONE', #9151, #1379 ) ;
#3567 = ORIENTED_EDGE ( 'NONE', *, *, #4731, .T. ) ;
#3568 = DIRECTION ( 'NONE',  ( 0.0000000000000000000, 0.0000000000000000000, 1.000000000000000000 ) ) ;
#3569 = CYLINDRICAL_SURFACE ( 'NONE', #8777, 0.03521910652230526200 ) ;
#3570 = VECTOR ( 'NONE', #7512, 1000.000000000000100 ) ;
#3571 = SURFACE_STYLE_USAGE ( .BOTH. , #6852 ) ;
#3572 = ORIENTED_EDGE ( 'NONE', *, *, #1725, .F. ) ;
#3573 = ADVANCED_FACE ( 'NONE', ( #5359 ), #8525, .T. ) ;
#3574 = LINE ( 'NONE', #4152, #9105 ) ;
#3575 = DIRECTION ( 'NONE',  ( -1.000000000000000000, 0.0000000000000000000, 0.0000000000000000000 ) ) ;
#3576 = ORIENTED_EDGE ( 'NONE', *, *, #670, .F. ) ;
#3577 = DIRECTION ( 'NONE',  ( -1.000000000000000000, 6.653104299660446400E-016, 0.0000000000000000000 ) ) ;
#3578 = CIRCLE ( 'NONE', #2856, 0.2852191065223054800 ) ;
#3579 = VECTOR ( 'NONE', #143, 1000.000000000000000 ) ;
#3580 = DIRECTION ( 'NONE',  ( -0.0000000000000000000, -0.0000000000000000000, -1.000000000000000000 ) ) ;
#3581 = DIRECTION ( 'NONE',  ( -1.734723475976807100E-015, -1.000000000000000000, 0.0000000000000000000 ) ) ;
#3582 = EDGE_CURVE ( 'NONE', #3036, #1231, #7420, .T. ) ;
#3583 = ORIENTED_EDGE ( 'NONE', *, *, #8691, .F. ) ;
#3584 = AXIS2_PLACEMENT_3D ( 'NONE', #2373, #2441, #3898 ) ;
#3585 = VECTOR ( 'NONE', #1818, 1000.000000000000000 ) ;
#3586 = VECTOR ( 'NONE', #7825, 1000.000000000000000 ) ;
#3587 = LINE ( 'NONE', #5633, #7788 ) ;
#3588 = EDGE_LOOP ( 'NONE', ( #6172, #3909, #8510, #1354 ) ) ;
#3589 = CARTESIAN_POINT ( 'NONE',  ( -5.185060881563971200, -2.641625050904819800E-019, 3.390000000000000600 ) ) ;
#3590 = CARTESIAN_POINT ( 'NONE',  ( -3.759999999999999300, 1.200000000000000200, 3.390000000000000600 ) ) ;
#3591 = DIRECTION ( 'NONE',  ( -0.0000000000000000000, -0.0000000000000000000, -1.000000000000000000 ) ) ;
#3592 = VECTOR ( 'NONE', #8933, 1000.000000000000000 ) ;
#3593 = VERTEX_POINT ( 'NONE', #7115 ) ;
#3594 = EDGE_CURVE ( 'NONE', #4506, #1605, #8290, .T. ) ;
#3595 = VECTOR ( 'NONE', #3283, 1000.000000000000000 ) ;
#3596 = AXIS2_PLACEMENT_3D ( 'NONE', #9142, #9763, #5109 ) ;
#3597 = CARTESIAN_POINT ( 'NONE',  ( 0.4299999999999998800, 0.1000000000000000100, 1.654999999999999800 ) ) ;
#3598 = CARTESIAN_POINT ( 'NONE',  ( 3.759999999999999300, 1.200000000000000200, 5.930000000000001500 ) ) ;
#3599 = VERTEX_POINT ( 'NONE', #1580 ) ;
#3600 = VERTEX_POINT ( 'NONE', #9502 ) ;
#3601 = LINE ( 'NONE', #9744, #3871 ) ;
#3602 =( GEOMETRIC_REPRESENTATION_CONTEXT ( 3 ) GLOBAL_UNCERTAINTY_ASSIGNED_CONTEXT ( ( #6053 ) ) GLOBAL_UNIT_ASSIGNED_CONTEXT ( ( #8833, #3343, #7266 ) ) REPRESENTATION_CONTEXT ( 'NONE', 'WORKASPACE' ) );
#3603 = DIRECTION ( 'NONE',  ( -0.0000000000000000000, -0.0000000000000000000, -1.000000000000000000 ) ) ;
#3604 = DIRECTION ( 'NONE',  ( 1.000000000000000000, -6.653104299660446400E-016, -0.0000000000000000000 ) ) ;
#3605 = DIRECTION ( 'NONE',  ( -0.0000000000000000000, -0.0000000000000000000, -1.000000000000000000 ) ) ;
#3606 = CARTESIAN_POINT ( 'NONE',  ( -0.4300000000000000500, 4.374037903435110200, -1.655000000000000200 ) ) ;
#3607 = EDGE_CURVE ( 'NONE', #931, #3533, #5113, .T. ) ;
#3608 = CARTESIAN_POINT ( 'NONE',  ( -4.608981456572268900, 0.3147047612756303000, -1.689999999999999700 ) ) ;
#3609 = PRESENTATION_LAYER_ASSIGNMENT (  '', '', ( #3286 ) ) ;
#3610 = EDGE_CURVE ( 'NONE', #9590, #3308, #923, .T. ) ;
#3611 = ORIENTED_EDGE ( 'NONE', *, *, #8691, .T. ) ;
#3612 = CARTESIAN_POINT ( 'NONE',  ( 4.367500000000000600, 0.2500000000000000600, -5.500000000000000000 ) ) ;
#3613 = PLANE ( 'NONE',  #5628 ) ;
#3614 = VECTOR ( 'NONE', #6681, 1000.000000000000000 ) ;
#3615 = ORIENTED_EDGE ( 'NONE', *, *, #6132, .F. ) ;
#3616 = CARTESIAN_POINT ( 'NONE',  ( 4.085923696263362700, 1.164780893477695100, -0.4199999999999993700 ) ) ;
#3617 = ORIENTED_EDGE ( 'NONE', *, *, #5430, .T. ) ;
#3618 = PLANE ( 'NONE',  #1290 ) ;
#3619 = DIRECTION ( 'NONE',  ( -0.0000000000000000000, 0.0000000000000000000, -1.000000000000000000 ) ) ;
#3620 = AXIS2_PLACEMENT_3D ( 'NONE', #6566, #5031, #1888 ) ;
#3621 = VERTEX_POINT ( 'NONE', #6435 ) ;
#3622 = EDGE_CURVE ( 'NONE', #9682, #510, #3587, .T. ) ;
#3623 = LINE ( 'NONE', #6741, #5884 ) ;
#3624 = ADVANCED_FACE ( 'NONE', ( #2130 ), #8765, .F. ) ;
#3625 = ORIENTED_EDGE ( 'NONE', *, *, #190, .F. ) ;
#3626 = CARTESIAN_POINT ( 'NONE',  ( 5.185060881563971200, -2.641625050904819800E-019, -3.389999999999999200 ) ) ;
#3627 = DIRECTION ( 'NONE',  ( -0.0000000000000000000, -0.0000000000000000000, -1.000000000000000000 ) ) ;
#3628 = ORIENTED_EDGE ( 'NONE', *, *, #8825, .T. ) ;
#3629 = CARTESIAN_POINT ( 'NONE',  ( -4.623104622025544500, 0.03929580968121807600, 0.8500000000000009800 ) ) ;
#3630 = CARTESIAN_POINT ( 'NONE',  ( -5.185060881563971200, -2.641625050904819800E-019, 2.960000000000000900 ) ) ;
#3631 = DIRECTION ( 'NONE',  ( -0.0000000000000000000, 1.000000000000000000, -0.0000000000000000000 ) ) ;
#3632 = VECTOR ( 'NONE', #1797, 1000.000000000000000 ) ;
#3633 = PRESENTATION_LAYER_ASSIGNMENT (  '', '', ( #711 ) ) ;
#3634 = VERTEX_POINT ( 'NONE', #1715 ) ;
#3635 = EDGE_CURVE ( 'NONE', #9509, #5223, #4842, .T. ) ;
#3636 = CARTESIAN_POINT ( 'NONE',  ( 4.643000501140988900, 0.3238201367950973600, -0.8499999999999992000 ) ) ;
#3637 = CARTESIAN_POINT ( 'NONE',  ( -5.202500000000000600, 0.2493910125649564100, 5.930000000000001500 ) ) ;
#3638 = CYLINDRICAL_SURFACE ( 'NONE', #3089, 0.2852191065223054800 ) ;
#3639 = LINE ( 'NONE', #6588, #6856 ) ;
#3640 = DIRECTION ( 'NONE',  ( 1.000000000000000000, 0.0000000000000000000, 0.0000000000000000000 ) ) ;
#3641 = ORIENTED_EDGE ( 'NONE', *, *, #561, .T. ) ;
#3642 = LINE ( 'NONE', #2672, #983 ) ;
#3643 = CARTESIAN_POINT ( 'NONE',  ( -2.760000000000000200, 2.599999999999998800, -5.412500000000003200 ) ) ;
#3644 = CARTESIAN_POINT ( 'NONE',  ( -4.623104622025544500, 0.03929580968121807600, 5.930000000000001500 ) ) ;
#3645 = CARTESIAN_POINT ( 'NONE',  ( -3.759999999999999300, 1.450000000000000400, -2.119999999999999700 ) ) ;
#3646 = ORIENTED_EDGE ( 'NONE', *, *, #7578, .T. ) ;
#3647 = ORIENTED_EDGE ( 'NONE', *, *, #5639, .F. ) ;
#3648 = ORIENTED_EDGE ( 'NONE', *, *, #8318, .F. ) ;
#3649 = AXIS2_PLACEMENT_3D ( 'NONE', #7619, #8407, #6189 ) ;
#3650 = LINE ( 'NONE', #2055, #1574 ) ;
#3651 = CYLINDRICAL_SURFACE ( 'NONE', #7483, 0.03521910652230526200 ) ;
#3652 = CARTESIAN_POINT ( 'NONE',  ( 0.4299999999999998800, 0.0000000000000000000, -1.655000000000000200 ) ) ;
#3653 = CARTESIAN_POINT ( 'NONE',  ( -3.759999999999999300, 1.200000000000000200, 5.930000000000001500 ) ) ;
#3654 = EDGE_LOOP ( 'NONE', ( #112, #7454, #3757, #4441 ) ) ;
#3655 = EDGE_CURVE ( 'NONE', #8333, #6722, #5723, .T. ) ;
#3656 = AXIS2_PLACEMENT_3D ( 'NONE', #721, #1455, #9371 ) ;
#3657 = PRODUCT_DEFINITION_CONTEXT ( 'detailed design', #2298, 'design' ) ;
#3658 = ADVANCED_FACE ( 'NONE', ( #1902 ), #4892, .F. ) ;
#3659 = DIRECTION ( 'NONE',  ( -0.0000000000000000000, -0.0000000000000000000, -1.000000000000000000 ) ) ;
#3660 = DIRECTION ( 'NONE',  ( 0.06975647374411816900, 0.9975640502598247500, -0.0000000000000000000 ) ) ;
#3661 = DIRECTION ( 'NONE',  ( -0.0000000000000000000, -0.0000000000000000000, -1.000000000000000000 ) ) ;
#3662 = PLANE ( 'NONE',  #6703 ) ;
#3663 = ORIENTED_EDGE ( 'NONE', *, *, #4359, .T. ) ;
#3664 = ORIENTED_EDGE ( 'NONE', *, *, #10062, .F. ) ;
#3665 = ORIENTED_EDGE ( 'NONE', *, *, #7626, .F. ) ;
#3666 = CARTESIAN_POINT ( 'NONE',  ( -4.085923696263362700, 1.164780893477695100, 4.660000000000001000 ) ) ;
#3667 = PLANE ( 'NONE',  #2209 ) ;
#3668 = LINE ( 'NONE', #8368, #8709 ) ;
#3669 = CARTESIAN_POINT ( 'NONE',  ( -3.759999999999999300, 1.200000000000000200, -0.8499999999999992000 ) ) ;
#3670 = FACE_OUTER_BOUND ( 'NONE', #9057, .T. ) ;
#3671 = EDGE_CURVE ( 'NONE', #4481, #3600, #6577, .T. ) ;
#3672 = AXIS2_PLACEMENT_3D ( 'NONE', #9059, #2024, #4375 ) ;
#3673 = CARTESIAN_POINT ( 'NONE',  ( -4.085923696263362700, 1.164780893477695100, -1.689999999999999700 ) ) ;
#3674 = ORIENTED_EDGE ( 'NONE', *, *, #4117, .F. ) ;
#3675 = EDGE_LOOP ( 'NONE', ( #9419, #943, #4369, #6373 ) ) ;
#3676 = DIRECTION ( 'NONE',  ( 0.0000000000000000000, 0.0000000000000000000, 1.000000000000000000 ) ) ;
#3677 = VERTEX_POINT ( 'NONE', #8865 ) ;
#3678 = LINE ( 'NONE', #2696, #8261 ) ;
#3679 = VECTOR ( 'NONE', #4340, 1000.000000000000000 ) ;
#3680 = ADVANCED_FACE ( 'NONE', ( #2993 ), #6687, .F. ) ;
#3681 = CARTESIAN_POINT ( 'NONE',  ( -4.085923696263362700, 1.164780893477695100, -0.8499999999999992000 ) ) ;
#3682 = CIRCLE ( 'NONE', #3818, 0.4000000000000001900 ) ;
#3683 = CARTESIAN_POINT ( 'NONE',  ( 4.085923696263362700, 1.164780893477695100, 5.930000000000001500 ) ) ;
#3684 = CARTESIAN_POINT ( 'NONE',  ( -3.759999999999999300, 1.200000000000000200, 4.230000000000001300 ) ) ;
#3685 = CARTESIAN_POINT ( 'NONE',  ( -4.640543740461573900, 0.2886868222461744200, 3.390000000000000600 ) ) ;
#3686 = ORIENTED_EDGE ( 'NONE', *, *, #2860, .T. ) ;
#3687 = VERTEX_POINT ( 'NONE', #4137 ) ;
#3688 = VERTEX_POINT ( 'NONE', #199 ) ;
#3689 = CYLINDRICAL_SURFACE ( 'NONE', #3314, 0.2852191065223037600 ) ;
#3690 = EDGE_CURVE ( 'NONE', #3989, #8296, #8766, .T. ) ;
#3691 = VECTOR ( 'NONE', #2604, 1000.000000000000000 ) ;
#3692 = EDGE_CURVE ( 'NONE', #2515, #8457, #5850, .T. ) ;
#3693 = CIRCLE ( 'NONE', #8109, 0.2852191065223054800 ) ;
#3694 = CARTESIAN_POINT ( 'NONE',  ( 4.623104622025544500, 0.03929580968121807600, 5.500000000000001800 ) ) ;
#3695 = PLANE ( 'NONE',  #7272 ) ;
#3696 = ORIENTED_EDGE ( 'NONE', *, *, #4563, .T. ) ;
#3697 = VERTEX_POINT ( 'NONE', #4209 ) ;
#3698 = DIRECTION ( 'NONE',  ( -0.0000000000000000000, -0.0000000000000000000, -1.000000000000000000 ) ) ;
#3699 = CARTESIAN_POINT ( 'NONE',  ( 3.759999999999999800, 1.450000000000000200, -0.4199999999999993700 ) ) ;
#3700 = CIRCLE ( 'NONE', #9031, 0.2852191065223042000 ) ;
#3701 = CARTESIAN_POINT ( 'NONE',  ( 4.085923696263362700, 1.164780893477695100, -2.959999999999999500 ) ) ;
#3702 = LINE ( 'NONE', #4749, #2477 ) ;
#3703 = CARTESIAN_POINT ( 'NONE',  ( 3.759999999999999300, 1.200000000000000200, 5.500000000000001800 ) ) ;
#3704 = CARTESIAN_POINT ( 'NONE',  ( 4.608981456572268000, 0.3147047612756303000, -5.500000000000000000 ) ) ;
#3705 =( GEOMETRIC_REPRESENTATION_CONTEXT ( 3 ) GLOBAL_UNCERTAINTY_ASSIGNED_CONTEXT ( ( #8799 ) ) GLOBAL_UNIT_ASSIGNED_CONTEXT ( ( #4010, #5543, #8775 ) ) REPRESENTATION_CONTEXT ( 'NONE', 'WORKASPACE' ) );
#3706 = CARTESIAN_POINT ( 'NONE',  ( -4.085923696263362700, 1.164780893477695100, 0.8500000000000009800 ) ) ;
#3707 = EDGE_CURVE ( 'NONE', #9601, #762, #2645, .T. ) ;
#3708 = ORIENTED_EDGE ( 'NONE', *, *, #2063, .T. ) ;
#3709 = VECTOR ( 'NONE', #2501, 1000.000000000000000 ) ;
#3710 = VECTOR ( 'NONE', #3797, 1000.000000000000000 ) ;
#3711 = LINE ( 'NONE', #2463, #8762 ) ;
#3712 = DIRECTION ( 'NONE',  ( -0.0000000000000000000, -0.0000000000000000000, -1.000000000000000000 ) ) ;
#3713 = CARTESIAN_POINT ( 'NONE',  ( -3.759999999999999300, 1.450000000000000400, 3.390000000000000600 ) ) ;
#3714 = ORIENTED_EDGE ( 'NONE', *, *, #1047, .T. ) ;
#3715 = DIRECTION ( 'NONE',  ( -0.0000000000000000000, -0.0000000000000000000, -1.000000000000000000 ) ) ;
#3716 = ADVANCED_FACE ( 'NONE', ( #558 ), #6318, .T. ) ;
#3717 = DIRECTION ( 'NONE',  ( 0.0000000000000000000, -1.000000000000000000, 0.0000000000000000000 ) ) ;
#3718 = CARTESIAN_POINT ( 'NONE',  ( -3.759999999999999300, 1.450000000000000400, -3.389999999999999200 ) ) ;
#3719 = FACE_OUTER_BOUND ( 'NONE', #1452, .T. ) ;
#3720 = CARTESIAN_POINT ( 'NONE',  ( 4.640543740461574800, 0.2886868222461741500, 5.930000000000001500 ) ) ;
#3721 = AXIS2_PLACEMENT_3D ( 'NONE', #2698, #3475, #9750 ) ;
#3722 = VECTOR ( 'NONE', #1755, 1000.000000000000000 ) ;
#3723 = DIRECTION ( 'NONE',  ( 0.06975647374411807200, -0.9975640502598247500, 0.0000000000000000000 ) ) ;
#3724 = AXIS2_PLACEMENT_3D ( 'NONE', #271, #8830, #2480 ) ;
#3725 = ORIENTED_EDGE ( 'NONE', *, *, #1525, .F. ) ;
#3726 = CARTESIAN_POINT ( 'NONE',  ( 1.174999999999999600, 4.374037903435110200, -1.655000000000000200 ) ) ;
#3727 = VECTOR ( 'NONE', #3717, 1000.000000000000000 ) ;
#3728 = CARTESIAN_POINT ( 'NONE',  ( 4.643000501140988900, 0.3238201367950973600, 4.660000000000001000 ) ) ;
#3729 = ORIENTED_EDGE ( 'NONE', *, *, #3486, .T. ) ;
#3730 = VECTOR ( 'NONE', #2967, 1000.000000000000000 ) ;
#3731 = ADVANCED_FACE ( 'NONE', ( #8651 ), #6196, .T. ) ;
#3732 = DIRECTION ( 'NONE',  ( -0.0000000000000000000, -0.0000000000000000000, -1.000000000000000000 ) ) ;
#3733 = EDGE_CURVE ( 'NONE', #4677, #10083, #6436, .T. ) ;
#3734 = CARTESIAN_POINT ( 'NONE',  ( -4.119942740832083700, 1.173896268997162200, 0.8500000000000009800 ) ) ;
#3735 = ORIENTED_EDGE ( 'NONE', *, *, #9325, .T. ) ;
#3736 = DIRECTION ( 'NONE',  ( -0.06975647374411768400, -0.9975640502598248600, 0.0000000000000000000 ) ) ;
#3737 = EDGE_CURVE ( 'NONE', #1097, #6186, #8404, .T. ) ;
#3738 =( GEOMETRIC_REPRESENTATION_CONTEXT ( 3 ) GLOBAL_UNCERTAINTY_ASSIGNED_CONTEXT ( ( #7868 ) ) GLOBAL_UNIT_ASSIGNED_CONTEXT ( ( #5766, #1024, #9567 ) ) REPRESENTATION_CONTEXT ( 'NONE', 'WORKASPACE' ) );
#3739 = CARTESIAN_POINT ( 'NONE',  ( 3.591350998357134600, -4.336808689942017700E-016, 6.243850998357132200 ) ) ;
#3740 = CARTESIAN_POINT ( 'NONE',  ( 3.591350998357134600, 2.649999999999998600, 6.243850998357132200 ) ) ;
#3741 = VERTEX_POINT ( 'NONE', #1025 ) ;
#3742 = VECTOR ( 'NONE', #957, 1000.000000000000000 ) ;
#3743 = DIRECTION ( 'NONE',  ( 0.0000000000000000000, 0.0000000000000000000, 1.000000000000000000 ) ) ;
#3744 = ORIENTED_EDGE ( 'NONE', *, *, #6350, .F. ) ;
#3745 = ORIENTED_EDGE ( 'NONE', *, *, #8783, .F. ) ;
#3746 = ORIENTED_EDGE ( 'NONE', *, *, #6727, .T. ) ;
#3747 = CARTESIAN_POINT ( 'NONE',  ( 4.643000501140988900, 0.3238201367950973600, 1.690000000000000600 ) ) ;
#3748 = ORIENTED_EDGE ( 'NONE', *, *, #2679, .F. ) ;
#3749 = VECTOR ( 'NONE', #7164, 999.9999999999998900 ) ;
#3750 = CARTESIAN_POINT ( 'NONE',  ( -5.185060881563971200, -2.641625050904819800E-019, 2.120000000000000600 ) ) ;
#3751 = DIRECTION ( 'NONE',  ( 0.9975640502598246400, -0.06975647374411952900, 0.0000000000000000000 ) ) ;
#3752 = CARTESIAN_POINT ( 'NONE',  ( 3.760000000000004700, 1.200000000000000200, 6.412500000000001400 ) ) ;
#3753 = EDGE_CURVE ( 'NONE', #6908, #5794, #4354, .T. ) ;
#3754 = SURFACE_STYLE_USAGE ( .BOTH. , #9274 ) ;
#3755 = PLANE ( 'NONE',  #7375 ) ;
#3756 = EDGE_CURVE ( 'NONE', #6248, #8119, #4105, .T. ) ;
#3757 = ORIENTED_EDGE ( 'NONE', *, *, #4213, .F. ) ;
#3758 = ORIENTED_EDGE ( 'NONE', *, *, #3863, .T. ) ;
#3759 = VERTEX_POINT ( 'NONE', #309 ) ;
#3760 = DIRECTION ( 'NONE',  ( 0.9975640502598246400, -0.06975647374411952900, 0.0000000000000000000 ) ) ;
#3761 = DIRECTION ( 'NONE',  ( -0.9659258262890683100, 0.2588190451025207900, 0.0000000000000000000 ) ) ;
#3762 = ORIENTED_EDGE ( 'NONE', *, *, #3059, .F. ) ;
#3763 = AXIS2_PLACEMENT_3D ( 'NONE', #7509, #2711, #9853 ) ;
#3764 = EDGE_CURVE ( 'NONE', #3386, #127, #4240, .T. ) ;
#3765 = PLANE ( 'NONE',  #1377 ) ;
#3766 = ADVANCED_FACE ( 'NONE', ( #2498 ), #9641, .F. ) ;
#3767 = LINE ( 'NONE', #703, #10028 ) ;
#3768 = DIRECTION ( 'NONE',  ( 0.0000000000000000000, 0.0000000000000000000, 1.000000000000000000 ) ) ;
#3769 = ORIENTED_EDGE ( 'NONE', *, *, #4687, .F. ) ;
#3770 = CARTESIAN_POINT ( 'NONE',  ( -3.759999999999999300, 1.200000000000000200, 3.390000000000000600 ) ) ;
#3771 = DIRECTION ( 'NONE',  ( -0.9659258262890683100, 0.2588190451025207900, 0.0000000000000000000 ) ) ;
#3772 = ORIENTED_EDGE ( 'NONE', *, *, #8985, .T. ) ;
#3773 = CARTESIAN_POINT ( 'NONE',  ( 4.361424197404351100, 1.238601030272792600, 0.8500000000000009800 ) ) ;
#3774 = EDGE_LOOP ( 'NONE', ( #1380, #9698, #6412, #3364 ) ) ;
#3775 =( NAMED_UNIT ( * ) SI_UNIT ( $, .STERADIAN. ) SOLID_ANGLE_UNIT ( ) );
#3776 = VECTOR ( 'NONE', #2833, 1000.000000000000200 ) ;
#3777 = FACE_OUTER_BOUND ( 'NONE', #7561, .T. ) ;
#3778 = DIRECTION ( 'NONE',  ( -0.0000000000000000000, -0.0000000000000000000, -1.000000000000000000 ) ) ;
#3779 = ORIENTED_EDGE ( 'NONE', *, *, #6313, .F. ) ;
#3780 = VECTOR ( 'NONE', #1451, 999.9999999999998900 ) ;
#3781 = CARTESIAN_POINT ( 'NONE',  ( -4.085923696263362700, 1.200000000000000400, 5.930000000000001500 ) ) ;
#3782 = EDGE_CURVE ( 'NONE', #3841, #3010, #2009, .T. ) ;
#3783 = CARTESIAN_POINT ( 'NONE',  ( 4.608981456572268000, 0.3147047612756303000, 1.690000000000000600 ) ) ;
#3784 = ADVANCED_FACE ( 'NONE', ( #4478 ), #8020, .F. ) ;
#3785 = AXIS2_PLACEMENT_3D ( 'NONE', #4186, #8739, #211 ) ;
#3786 = DIRECTION ( 'NONE',  ( 0.0000000000000000000, 0.0000000000000000000, 1.000000000000000000 ) ) ;
#3787 = DIRECTION ( 'NONE',  ( 0.0000000000000000000, 1.000000000000000000, 0.0000000000000000000 ) ) ;
#3788 = ORIENTED_EDGE ( 'NONE', *, *, #10062, .T. ) ;
#3789 = CARTESIAN_POINT ( 'NONE',  ( 4.085923696263362700, 1.164780893477695100, 3.390000000000000600 ) ) ;
#3790 = EDGE_LOOP ( 'NONE', ( #338, #5174, #1232, #5695, #1257, #263, #9806, #5818, #3209, #6693, #9446, #2911 ) ) ;
#3791 = ORIENTED_EDGE ( 'NONE', *, *, #3211, .T. ) ;
#3792 = VECTOR ( 'NONE', #2547, 1000.000000000000000 ) ;
#3793 = LINE ( 'NONE', #2973, #9797 ) ;
#3794 = LINE ( 'NONE', #1810, #4539 ) ;
#3795 = DIRECTION ( 'NONE',  ( -1.000000000000000000, 0.0000000000000000000, 0.0000000000000000000 ) ) ;
#3796 = CARTESIAN_POINT ( 'NONE',  ( 5.185060881563971200, -2.641625050904819800E-019, -5.929999999999999700 ) ) ;
#3797 = DIRECTION ( 'NONE',  ( -0.9975640502598246400, 0.06975647374411952900, -0.0000000000000000000 ) ) ;
#3798 = VERTEX_POINT ( 'NONE', #3557 ) ;
#3799 = ORIENTED_EDGE ( 'NONE', *, *, #6817, .T. ) ;
#3800 = EDGE_CURVE ( 'NONE', #707, #9259, #2372, .T. ) ;
#3801 = MECHANICAL_DESIGN_GEOMETRIC_PRESENTATION_REPRESENTATION (  '', ( #1137 ), #3738 ) ;
#3802 = ORIENTED_EDGE ( 'NONE', *, *, #5641, .F. ) ;
#3803 = VECTOR ( 'NONE', #6619, 1000.000000000000000 ) ;
#3804 = VECTOR ( 'NONE', #8021, 1000.000000000000000 ) ;
#3805 = DIRECTION ( 'NONE',  ( 0.06975647374411746100, -0.9975640502598247500, 0.0000000000000000000 ) ) ;
#3806 = FACE_OUTER_BOUND ( 'NONE', #5269, .T. ) ;
#3807 = CARTESIAN_POINT ( 'NONE',  ( -4.623104622025544500, 0.03929580968121797200, 3.390000000000000600 ) ) ;
#3808 = ORIENTED_EDGE ( 'NONE', *, *, #7593, .T. ) ;
#3809 = ORIENTED_EDGE ( 'NONE', *, *, #5160, .T. ) ;
#3810 = DIRECTION ( 'NONE',  ( 0.2588190451025207900, 0.9659258262890683100, -0.0000000000000000000 ) ) ;
#3811 = ORIENTED_EDGE ( 'NONE', *, *, #4903, .T. ) ;
#3812 =( NAMED_UNIT ( * ) SI_UNIT ( $, .STERADIAN. ) SOLID_ANGLE_UNIT ( ) );
#3813 = AXIS2_PLACEMENT_3D ( 'NONE', #5848, #6684, #7432 ) ;
#3814 = LINE ( 'NONE', #2668, #3554 ) ;
#3815 = LINE ( 'NONE', #1069, #5454 ) ;
#3816 = LINE ( 'NONE', #4172, #3804 ) ;
#3817 = EDGE_CURVE ( 'NONE', #463, #1110, #9117, .T. ) ;
#3818 = AXIS2_PLACEMENT_3D ( 'NONE', #1637, #4921, #226 ) ;
#3819 = EDGE_CURVE ( 'NONE', #4296, #9017, #2365, .T. ) ;
#3820 = VERTEX_POINT ( 'NONE', #6766 ) ;
#3821 = VECTOR ( 'NONE', #6386, 1000.000000000000000 ) ;
#3822 = DIRECTION ( 'NONE',  ( -0.0000000000000000000, -0.0000000000000000000, -1.000000000000000000 ) ) ;
#3823 = ORIENTED_EDGE ( 'NONE', *, *, #8190, .T. ) ;
#3824 = CARTESIAN_POINT ( 'NONE',  ( 4.085923696263362700, 1.164780893477695100, 4.230000000000001300 ) ) ;
#3825 = DIRECTION ( 'NONE',  ( 0.0000000000000000000, -0.0000000000000000000, -1.000000000000000000 ) ) ;
#3826 = ADVANCED_FACE ( 'NONE', ( #9365 ), #1933, .F. ) ;
#3827 = CIRCLE ( 'NONE', #7405, 0.4000000000000001900 ) ;
#3828 = CIRCLE ( 'NONE', #8553, 0.2852191065223050300 ) ;
#3829 = CARTESIAN_POINT ( 'NONE',  ( 3.759999999999999800, 1.450000000000000200, 0.8500000000000009800 ) ) ;
#3830 = ORIENTED_EDGE ( 'NONE', *, *, #198, .T. ) ;
#3831 = ORIENTED_EDGE ( 'NONE', *, *, #9547, .T. ) ;
#3832 = ORIENTED_EDGE ( 'NONE', *, *, #2029, .F. ) ;
#3833 = EDGE_CURVE ( 'NONE', #2257, #4124, #4835, .T. ) ;
#3834 = VECTOR ( 'NONE', #247, 1000.000000000000000 ) ;
#3835 = ORIENTED_EDGE ( 'NONE', *, *, #3442, .F. ) ;
#3836 = EDGE_CURVE ( 'NONE', #1640, #1984, #6310, .T. ) ;
#3837 = LINE ( 'NONE', #4713, #3344 ) ;
#3838 = FACE_OUTER_BOUND ( 'NONE', #2817, .T. ) ;
#3839 = CARTESIAN_POINT ( 'NONE',  ( 3.759999999999999800, 1.450000000000000200, -0.4199999999999993700 ) ) ;
#3840 = CARTESIAN_POINT ( 'NONE',  ( 4.361424197404351100, 1.238601030272792600, -0.4199999999999993700 ) ) ;
#3841 = VERTEX_POINT ( 'NONE', #3589 ) ;
#3842 = ADVANCED_FACE ( 'NONE', ( #2120 ), #2023, .F. ) ;
#3843 = ORIENTED_EDGE ( 'NONE', *, *, #6980, .F. ) ;
#3844 = CARTESIAN_POINT ( 'NONE',  ( -3.759999999999999300, 1.200000000000000200, 0.8500000000000009800 ) ) ;
#3845 = LINE ( 'NONE', #7791, #8163 ) ;
#3846 = LINE ( 'NONE', #1599, #4974 ) ;
#3847 = CARTESIAN_POINT ( 'NONE',  ( -2.760000000000000200, 2.649999999999998600, -5.412500000000003200 ) ) ;
#3848 = MECHANICAL_DESIGN_GEOMETRIC_PRESENTATION_REPRESENTATION (  '', ( #711 ), #4914 ) ;
#3849 = VECTOR ( 'NONE', #6546, 1000.000000000000000 ) ;
#3850 = DIRECTION ( 'NONE',  ( -0.2588190451025243500, -0.9659258262890673100, 0.0000000000000000000 ) ) ;
#3851 = CARTESIAN_POINT ( 'NONE',  ( -4.119942740832083700, 1.173896268997162200, 0.8500000000000009800 ) ) ;
#3852 = AXIS2_PLACEMENT_3D ( 'NONE', #3598, #6774, #9096 ) ;
#3853 = EDGE_CURVE ( 'NONE', #5612, #4307, #2634, .T. ) ;
#3854 = ORIENTED_EDGE ( 'NONE', *, *, #9561, .T. ) ;
#3855 = VERTEX_POINT ( 'NONE', #7396 ) ;
#3856 = ORIENTED_EDGE ( 'NONE', *, *, #4867, .F. ) ;
#3857 = DIRECTION ( 'NONE',  ( -1.000000000000000000, 0.0000000000000000000, 0.0000000000000000000 ) ) ;
#3858 = VECTOR ( 'NONE', #4055, 1000.000000000000000 ) ;
#3859 = CARTESIAN_POINT ( 'NONE',  ( 4.643000501140988900, 0.3238201367950973600, 0.4200000000000010900 ) ) ;
#3860 = PLANE ( 'NONE',  #6576 ) ;
#3861 = DIRECTION ( 'NONE',  ( 1.000000000000000000, 0.0000000000000000000, 0.0000000000000000000 ) ) ;
#3862 = DIRECTION ( 'NONE',  ( -1.000000000000000000, 0.0000000000000000000, 0.0000000000000000000 ) ) ;
#3863 = EDGE_CURVE ( 'NONE', #5382, #127, #9486, .T. ) ;
#3864 = CARTESIAN_POINT ( 'NONE',  ( 4.119942740832083700, 1.173896268997162200, -2.959999999999999500 ) ) ;
#3865 = VERTEX_POINT ( 'NONE', #9058 ) ;
#3866 = DIRECTION ( 'NONE',  ( 0.06975647374411807200, -0.9975640502598247500, 0.0000000000000000000 ) ) ;
#3867 = ORIENTED_EDGE ( 'NONE', *, *, #339, .T. ) ;
#3868 = AXIS2_PLACEMENT_3D ( 'NONE', #1632, #6347, #10102 ) ;
#3869 = ORIENTED_EDGE ( 'NONE', *, *, #4285, .F. ) ;
#3870 = EDGE_CURVE ( 'NONE', #7802, #1054, #70, .T. ) ;
#3871 = VECTOR ( 'NONE', #9805, 1000.000000000000000 ) ;
#3872 = AXIS2_PLACEMENT_3D ( 'NONE', #5861, #6531, #3359 ) ;
#3873 = CARTESIAN_POINT ( 'NONE',  ( -3.759999999999999300, 1.200000000000000200, 5.930000000000001500 ) ) ;
#3874 = EDGE_LOOP ( 'NONE', ( #6517, #5904, #9178, #7134 ) ) ;
#3875 = CARTESIAN_POINT ( 'NONE',  ( 4.119942740832083700, 1.173896268997162200, 0.4200000000000010900 ) ) ;
#3876 = DIRECTION ( 'NONE',  ( -0.9975640502598246400, 0.06975647374411952900, -0.0000000000000000000 ) ) ;
#3877 = DIRECTION ( 'NONE',  ( -6.653104299660446400E-016, 1.000000000000000000, 0.0000000000000000000 ) ) ;
#3878 = CARTESIAN_POINT ( 'NONE',  ( 4.085923696263362700, 1.164780893477695100, 3.390000000000000600 ) ) ;
#3879 = VERTEX_POINT ( 'NONE', #2156 ) ;
#3880 = LINE ( 'NONE', #5089, #3614 ) ;
#3881 = DIRECTION ( 'NONE',  ( -0.0000000000000000000, -0.0000000000000000000, -1.000000000000000000 ) ) ;
#3882 = MECHANICAL_DESIGN_GEOMETRIC_PRESENTATION_REPRESENTATION (  '', ( #8299 ), #598 ) ;
#3883 = ADVANCED_FACE ( 'NONE', ( #3357 ), #9153, .F. ) ;
#3884 = CARTESIAN_POINT ( 'NONE',  ( -3.759999999999999300, 1.450000000000000400, 4.660000000000001000 ) ) ;
#3885 = DIRECTION ( 'NONE',  ( 0.0000000000000000000, 0.0000000000000000000, 1.000000000000000000 ) ) ;
#3886 = ORIENTED_EDGE ( 'NONE', *, *, #2845, .F. ) ;
#3887 = VERTEX_POINT ( 'NONE', #674 ) ;
#3888 = AXIS2_PLACEMENT_3D ( 'NONE', #4574, #2124, #6871 ) ;
#3889 = CARTESIAN_POINT ( 'NONE',  ( 0.4299999999999999400, 0.1000000000000000100, -1.785000000000000100 ) ) ;
#3890 = PLANE ( 'NONE',  #7082 ) ;
#3891 = DIRECTION ( 'NONE',  ( -1.000000000000000000, 0.0000000000000000000, 0.0000000000000000000 ) ) ;
#3892 = VERTEX_POINT ( 'NONE', #8383 ) ;
#3893 = LINE ( 'NONE', #6666, #1210 ) ;
#3894 = ORIENTED_EDGE ( 'NONE', *, *, #10138, .T. ) ;
#3895 = ORIENTED_EDGE ( 'NONE', *, *, #2354, .F. ) ;
#3896 = FILL_AREA_STYLE_COLOUR ( '', #6408 ) ;
#3897 = DIRECTION ( 'NONE',  ( -1.000000000000000000, 0.0000000000000000000, 0.0000000000000000000 ) ) ;
#3898 = DIRECTION ( 'NONE',  ( 0.0000000000000000000, 0.0000000000000000000, 1.000000000000000000 ) ) ;
#3899 = ADVANCED_FACE ( 'NONE', ( #8396 ), #3765, .F. ) ;
#3900 = DIRECTION ( 'NONE',  ( 1.000000000000000000, 0.0000000000000000000, 0.0000000000000000000 ) ) ;
#3901 = DIRECTION ( 'NONE',  ( -1.734723475976807100E-015, -1.000000000000000000, 0.0000000000000000000 ) ) ;
#3902 = EDGE_CURVE ( 'NONE', #3267, #3192, #5221, .T. ) ;
#3903 = VECTOR ( 'NONE', #5942, 1000.000000000000000 ) ;
#3904 = DIRECTION ( 'NONE',  ( -1.000000000000000000, 0.0000000000000000000, 0.0000000000000000000 ) ) ;
#3905 = EDGE_CURVE ( 'NONE', #4896, #9677, #1163, .T. ) ;
#3906 = ORIENTED_EDGE ( 'NONE', *, *, #3622, .T. ) ;
#3907 = CARTESIAN_POINT ( 'NONE',  ( -4.643000501140988900, 0.3238201367950973600, 5.930000000000001500 ) ) ;
#3908 = DIRECTION ( 'NONE',  ( -0.0000000000000000000, -0.0000000000000000000, -1.000000000000000000 ) ) ;
#3909 = ORIENTED_EDGE ( 'NONE', *, *, #2265, .F. ) ;
#3910 = LINE ( 'NONE', #10111, #1820 ) ;
#3911 = LINE ( 'NONE', #7951, #7586 ) ;
#3912 = CARTESIAN_POINT ( 'NONE',  ( 0.4299999999999999400, 0.0000000000000000000, -1.785000000000000100 ) ) ;
#3913 = ORIENTED_EDGE ( 'NONE', *, *, #4670, .F. ) ;
#3914 = CIRCLE ( 'NONE', #8422, 0.03521910652230526200 ) ;
#3915 = AXIS2_PLACEMENT_3D ( 'NONE', #9298, #5365, #10090 ) ;
#3916 = EDGE_CURVE ( 'NONE', #165, #5035, #8644, .T. ) ;
#3917 = DIRECTION ( 'NONE',  ( -0.0000000000000000000, -0.0000000000000000000, -1.000000000000000000 ) ) ;
#3918 = CARTESIAN_POINT ( 'NONE',  ( 3.759999999999999800, 1.450000000000000200, -4.659999999999999300 ) ) ;
#3919 = EDGE_LOOP ( 'NONE', ( #4714, #1682, #8473, #4573 ) ) ;
#3920 = VECTOR ( 'NONE', #3011, 1000.000000000000100 ) ;
#3921 = ORIENTED_EDGE ( 'NONE', *, *, #6192, .F. ) ;
#3922 = LINE ( 'NONE', #5742, #256 ) ;
#3923 = ORIENTED_EDGE ( 'NONE', *, *, #9359, .T. ) ;
#3924 = VERTEX_POINT ( 'NONE', #7867 ) ;
#3925 = DIRECTION ( 'NONE',  ( 0.9975640502598247500, 0.06975647374411807200, 0.0000000000000000000 ) ) ;
#3926 = EDGE_CURVE ( 'NONE', #4013, #2722, #1278, .T. ) ;
#3927 = ORIENTED_EDGE ( 'NONE', *, *, #1395, .T. ) ;
#3928 = DIRECTION ( 'NONE',  ( -1.000000000000000000, -0.0000000000000000000, -0.0000000000000000000 ) ) ;
#3929 = VECTOR ( 'NONE', #6046, 1000.000000000000000 ) ;
#3930 = AXIS2_PLACEMENT_3D ( 'NONE', #3323, #5004, #1899 ) ;
#3931 = LINE ( 'NONE', #791, #2322 ) ;
#3932 = CARTESIAN_POINT ( 'NONE',  ( -5.185060881563971200, -2.641625050904819800E-019, -1.689999999999999700 ) ) ;
#3933 = ORIENTED_EDGE ( 'NONE', *, *, #5958, .T. ) ;
#3934 = ORIENTED_EDGE ( 'NONE', *, *, #5955, .T. ) ;
#3935 = DIRECTION ( 'NONE',  ( -0.1378445374916289200, 0.9808148484639890300, -0.1378445374916288900 ) ) ;
#3936 = EDGE_LOOP ( 'NONE', ( #9121, #4228, #8798, #2909 ) ) ;
#3937 = DIRECTION ( 'NONE',  ( -0.06975647374411952900, -0.9975640502598246400, 0.0000000000000000000 ) ) ;
#3938 = ORIENTED_EDGE ( 'NONE', *, *, #9762, .F. ) ;
#3939 = CIRCLE ( 'NONE', #282, 0.2852191065223050300 ) ;
#3940 = DIRECTION ( 'NONE',  ( 0.0000000000000000000, -1.000000000000000000, 0.0000000000000000000 ) ) ;
#3941 = LINE ( 'NONE', #7471, #8477 ) ;
#3942 = LINE ( 'NONE', #9864, #7131 ) ;
#3943 = DIRECTION ( 'NONE',  ( 0.9975640502598247500, -0.06975647374411816900, 0.0000000000000000000 ) ) ;
#3944 = EDGE_CURVE ( 'NONE', #2157, #5350, #3225, .T. ) ;
#3945 = DIRECTION ( 'NONE',  ( 1.000000000000000000, 0.0000000000000000000, 0.0000000000000000000 ) ) ;
#3946 = DIRECTION ( 'NONE',  ( -0.0000000000000000000, -0.0000000000000000000, -1.000000000000000000 ) ) ;
#3947 = EDGE_CURVE ( 'NONE', #952, #1605, #2987, .T. ) ;
#3948 = ORIENTED_EDGE ( 'NONE', *, *, #9846, .F. ) ;
#3949 = ORIENTED_EDGE ( 'NONE', *, *, #6479, .T. ) ;
#3950 = ADVANCED_FACE ( 'NONE', ( #7046 ), #5420, .F. ) ;
#3951 = VERTEX_POINT ( 'NONE', #737 ) ;
#3952 = CARTESIAN_POINT ( 'NONE',  ( -4.640543740461573900, 0.2886868222461744200, 4.660000000000001000 ) ) ;
#3953 = FACE_OUTER_BOUND ( 'NONE', #7137, .T. ) ;
#3954 = CARTESIAN_POINT ( 'NONE',  ( 4.085923696263362700, 1.200000000000000600, 1.690000000000000600 ) ) ;
#3955 = CARTESIAN_POINT ( 'NONE',  ( -4.361424197404348400, 1.238601030272792100, 5.930000000000001500 ) ) ;
#3956 = LINE ( 'NONE', #9982, #646 ) ;
#3957 = CARTESIAN_POINT ( 'NONE',  ( 4.119942740832083700, 1.173896268997162200, -4.229999999999999500 ) ) ;
#3958 = ORIENTED_EDGE ( 'NONE', *, *, #1604, .F. ) ;
#3959 = ORIENTED_EDGE ( 'NONE', *, *, #1136, .T. ) ;
#3960 = UNCERTAINTY_MEASURE_WITH_UNIT (LENGTH_MEASURE( 1.000000000000000100E-005 ), #7219, 'distance_accuracy_value', 'NONE');
#3961 = CYLINDRICAL_SURFACE ( 'NONE', #5522, 0.2852191065223037600 ) ;
#3962 = ORIENTED_EDGE ( 'NONE', *, *, #3817, .T. ) ;
#3963 = ORIENTED_EDGE ( 'NONE', *, *, #9899, .T. ) ;
#3964 = FACE_OUTER_BOUND ( 'NONE', #1233, .T. ) ;
#3965 = EDGE_CURVE ( 'NONE', #6217, #7821, #6073, .T. ) ;
#3966 = VECTOR ( 'NONE', #1040, 1000.000000000000000 ) ;
#3967 = ADVANCED_FACE ( 'NONE', ( #3975 ), #7006, .F. ) ;
#3968 = EDGE_CURVE ( 'NONE', #7157, #549, #9613, .T. ) ;
#3969 = EDGE_LOOP ( 'NONE', ( #3518, #1433, #5536, #3026 ) ) ;
#3970 = CARTESIAN_POINT ( 'NONE',  ( 3.759999999999999800, 1.450000000000000200, 5.930000000000001500 ) ) ;
#3971 = LINE ( 'NONE', #3391, #6433 ) ;
#3972 = VECTOR ( 'NONE', #2418, 1000.000000000000000 ) ;
#3973 = CARTESIAN_POINT ( 'NONE',  ( 4.085923696263362700, 1.164780893477695100, 1.690000000000000600 ) ) ;
#3974 = ORIENTED_EDGE ( 'NONE', *, *, #6613, .F. ) ;
#3975 = FACE_OUTER_BOUND ( 'NONE', #5129, .T. ) ;
#3976 = DIRECTION ( 'NONE',  ( 0.0000000000000000000, 0.0000000000000000000, 1.000000000000000000 ) ) ;
#3977 = AXIS2_PLACEMENT_3D ( 'NONE', #2340, #9407, #4732 ) ;
#3978 = EDGE_CURVE ( 'NONE', #5786, #4017, #1626, .T. ) ;
#3979 = VERTEX_POINT ( 'NONE', #7903 ) ;
#3980 = CARTESIAN_POINT ( 'NONE',  ( 4.085923696263362700, 1.450000000000000000, -2.959999999999999500 ) ) ;
#3981 = ORIENTED_EDGE ( 'NONE', *, *, #1344, .T. ) ;
#3982 = CARTESIAN_POINT ( 'NONE',  ( 5.185060881563971200, -2.641625050904819800E-019, -5.500000000000000000 ) ) ;
#3983 = LINE ( 'NONE', #6118, #4722 ) ;
#3984 = DIRECTION ( 'NONE',  ( -0.0000000000000000000, 1.000000000000000000, -0.0000000000000000000 ) ) ;
#3985 = PLANE ( 'NONE',  #6279 ) ;
#3986 = LINE ( 'NONE', #3230, #1634 ) ;
#3987 = ADVANCED_FACE ( 'NONE', ( #2493 ), #1893, .F. ) ;
#3988 = DIRECTION ( 'NONE',  ( 1.000000000000000000, -6.653104299660446400E-016, -0.0000000000000000000 ) ) ;
#3989 = VERTEX_POINT ( 'NONE', #4814 ) ;
#3990 = DIRECTION ( 'NONE',  ( 0.2588190451025207900, 0.9659258262890683100, -0.0000000000000000000 ) ) ;
#3991 = EDGE_CURVE ( 'NONE', #1693, #4706, #4977, .T. ) ;
#3992 = PLANE ( 'NONE',  #7236 ) ;
#3993 = LINE ( 'NONE', #3606, #3727 ) ;
#3994 = ORIENTED_EDGE ( 'NONE', *, *, #8107, .F. ) ;
#3995 = VECTOR ( 'NONE', #9681, 1000.000000000000000 ) ;
#3996 = DIRECTION ( 'NONE',  ( -0.0000000000000000000, -0.0000000000000000000, -1.000000000000000000 ) ) ;
#3997 = ORIENTED_EDGE ( 'NONE', *, *, #175, .F. ) ;
#3998 = FACE_OUTER_BOUND ( 'NONE', #2288, .T. ) ;
#3999 = ADVANCED_FACE ( 'NONE', ( #9004 ), #1606, .F. ) ;
#4000 = CARTESIAN_POINT ( 'NONE',  ( -3.759999999999999300, 1.450000000000000400, -5.929999999999999700 ) ) ;
#4001 =( LENGTH_UNIT ( ) NAMED_UNIT ( * ) SI_UNIT ( .MILLI., .METRE. ) );
#4002 = DIRECTION ( 'NONE',  ( 1.000000000000000000, 0.0000000000000000000, -0.0000000000000000000 ) ) ;
#4003 = MECHANICAL_DESIGN_GEOMETRIC_PRESENTATION_REPRESENTATION (  '', ( #7891 ), #9965 ) ;
#4004 = VERTEX_POINT ( 'NONE', #5654 ) ;
#4005 = CARTESIAN_POINT ( 'NONE',  ( 0.0000000000000000000, 0.0000000000000000000, 0.0000000000000000000 ) ) ;
#4006 = EDGE_CURVE ( 'NONE', #5985, #2115, #3711, .T. ) ;
#4007 = AXIS2_PLACEMENT_3D ( 'NONE', #7362, #8057, #5802 ) ;
#4008 = VERTEX_POINT ( 'NONE', #8712 ) ;
#4009 = LINE ( 'NONE', #6988, #4266 ) ;
#4010 =( LENGTH_UNIT ( ) NAMED_UNIT ( * ) SI_UNIT ( .MILLI., .METRE. ) );
#4011 = ORIENTED_EDGE ( 'NONE', *, *, #819, .F. ) ;
#4012 = VERTEX_POINT ( 'NONE', #8682 ) ;
#4013 = VERTEX_POINT ( 'NONE', #9553 ) ;
#4014 =( NAMED_UNIT ( * ) PLANE_ANGLE_UNIT ( ) SI_UNIT ( $, .RADIAN. ) );
#4015 = CIRCLE ( 'NONE', #3257, 0.2852191065223054800 ) ;
#4016 = CARTESIAN_POINT ( 'NONE',  ( 4.119942740832083700, 1.173896268997162200, -5.929999999999999700 ) ) ;
#4017 = VERTEX_POINT ( 'NONE', #7935 ) ;
#4018 = EDGE_CURVE ( 'NONE', #4124, #5350, #7651, .T. ) ;
#4019 = AXIS2_PLACEMENT_3D ( 'NONE', #6354, #1673, #8715 ) ;
#4020 = ORIENTED_EDGE ( 'NONE', *, *, #8067, .T. ) ;
#4021 = EDGE_CURVE ( 'NONE', #9905, #4896, #2865, .T. ) ;
#4022 = MANIFOLD_SOLID_BREP ( 'Pin 1 Mark', #586 ) ;
#4023 = FACE_OUTER_BOUND ( 'NONE', #8815, .T. ) ;
#4024 = COLOUR_RGB ( '',0.7921568627450980000, 0.8196078431372548800, 0.9333333333333333500 ) ;
#4025 = DIRECTION ( 'NONE',  ( -0.0000000000000000000, -0.0000000000000000000, -1.000000000000000000 ) ) ;
#4026 = ORIENTED_EDGE ( 'NONE', *, *, #1048, .F. ) ;
#4027 = DIRECTION ( 'NONE',  ( -0.0000000000000000000, -0.0000000000000000000, -1.000000000000000000 ) ) ;
#4028 = DIRECTION ( 'NONE',  ( -0.0000000000000000000, -0.0000000000000000000, -1.000000000000000000 ) ) ;
#4029 = PRODUCT_DEFINITION ( 'UNKNOWN', '', #6859, #3657 ) ;
#4030 = CARTESIAN_POINT ( 'NONE',  ( -3.759999999999999300, 1.200000000000000200, 0.8500000000000009800 ) ) ;
#4031 = ORIENTED_EDGE ( 'NONE', *, *, #3535, .T. ) ;
#4032 = DIRECTION ( 'NONE',  ( -0.0000000000000000000, -0.0000000000000000000, -1.000000000000000000 ) ) ;
#4033 = CARTESIAN_POINT ( 'NONE',  ( 4.085923696263362700, 1.200000000000000600, -0.4199999999999993700 ) ) ;
#4034 = EDGE_CURVE ( 'NONE', #7356, #5977, #799, .T. ) ;
#4035 = DIRECTION ( 'NONE',  ( -1.000000000000000000, 6.653104299660446400E-016, 0.0000000000000000000 ) ) ;
#4036 = FILL_AREA_STYLE ('',( #7221 ) ) ;
#4037 = EDGE_CURVE ( 'NONE', #8296, #1309, #1514, .T. ) ;
#4038 = LINE ( 'NONE', #4233, #4291 ) ;
#4039 = LINE ( 'NONE', #3067, #9907 ) ;
#4040 = CARTESIAN_POINT ( 'NONE',  ( 4.623104622025544500, 0.03929580968121807600, -0.8499999999999992000 ) ) ;
#4041 = ORIENTED_EDGE ( 'NONE', *, *, #3836, .F. ) ;
#4042 = DIRECTION ( 'NONE',  ( -1.000000000000000000, 0.0000000000000000000, 0.0000000000000000000 ) ) ;
#4043 = DIRECTION ( 'NONE',  ( -1.000000000000000000, 0.0000000000000000000, -0.0000000000000000000 ) ) ;
#4044 = ORIENTED_EDGE ( 'NONE', *, *, #2350, .T. ) ;
#4045 = ORIENTED_EDGE ( 'NONE', *, *, #10041, .T. ) ;
#4046 = AXIS2_PLACEMENT_3D ( 'NONE', #359, #293, #8918 ) ;
#4047 = VECTOR ( 'NONE', #2785, 1000.000000000000000 ) ;
#4048 = PRESENTATION_STYLE_ASSIGNMENT (( #615 ) ) ;
#4049 = FACE_OUTER_BOUND ( 'NONE', #3675, .T. ) ;
#4050 = EDGE_CURVE ( 'NONE', #289, #9026, #789, .T. ) ;
#4051 = ADVANCED_FACE ( 'NONE', ( #8159 ), #3248, .T. ) ;
#4052 =( LENGTH_UNIT ( ) NAMED_UNIT ( * ) SI_UNIT ( .MILLI., .METRE. ) );
#4053 = DIRECTION ( 'NONE',  ( -1.000000000000000000, 0.0000000000000000000, 0.0000000000000000000 ) ) ;
#4054 = CARTESIAN_POINT ( 'NONE',  ( -3.759999999999999300, 1.450000000000000400, 0.8500000000000009800 ) ) ;
#4055 = DIRECTION ( 'NONE',  ( 0.9975640502598247500, 0.06975647374411816900, -0.0000000000000000000 ) ) ;
#4056 = DIRECTION ( 'NONE',  ( -0.06975647374411746100, 0.9975640502598247500, 0.0000000000000000000 ) ) ;
#4057 = ORIENTED_EDGE ( 'NONE', *, *, #7189, .F. ) ;
#4058 = ORIENTED_EDGE ( 'NONE', *, *, #8369, .F. ) ;
#4059 = EDGE_LOOP ( 'NONE', ( #3151, #8693, #4531, #1009 ) ) ;
#4060 = CIRCLE ( 'NONE', #9465, 0.2852191065223050300 ) ;
#4061 = VECTOR ( 'NONE', #1861, 1000.000000000000000 ) ;
#4062 = EDGE_CURVE ( 'NONE', #6884, #5921, #7287, .T. ) ;
#4063 = AXIS2_PLACEMENT_3D ( 'NONE', #9221, #8440, #3021 ) ;
#4064 = CARTESIAN_POINT ( 'NONE',  ( -4.361424197404348400, 1.238601030272792100, 1.690000000000000600 ) ) ;
#4065 = ORIENTED_EDGE ( 'NONE', *, *, #5214, .F. ) ;
#4066 =( NAMED_UNIT ( * ) SI_UNIT ( $, .STERADIAN. ) SOLID_ANGLE_UNIT ( ) );
#4067 = AXIS2_PLACEMENT_3D ( 'NONE', #2129, #2028, #4402 ) ;
#4068 = ORIENTED_EDGE ( 'NONE', *, *, #6633, .F. ) ;
#4069 = DIRECTION ( 'NONE',  ( -1.000000000000000000, 0.0000000000000000000, 0.0000000000000000000 ) ) ;
#4070 = DIRECTION ( 'NONE',  ( 0.9975640502598247500, -0.06975647374411816900, 0.0000000000000000000 ) ) ;
#4071 = LINE ( 'NONE', #410, #1978 ) ;
#4072 = LINE ( 'NONE', #624, #6659 ) ;
#4073 = CARTESIAN_POINT ( 'NONE',  ( -4.085923696263362700, 1.200000000000000400, -5.929999999999999700 ) ) ;
#4074 = DIRECTION ( 'NONE',  ( 0.2588190451025207900, 0.9659258262890683100, -0.0000000000000000000 ) ) ;
#4075 = FACE_OUTER_BOUND ( 'NONE', #10122, .T. ) ;
#4076 = CARTESIAN_POINT ( 'NONE',  ( -4.085923696263362700, 1.449999999999999300, 3.390000000000000600 ) ) ;
#4077 = CARTESIAN_POINT ( 'NONE',  ( 3.759999999999999800, 1.450000000000000200, -4.659999999999999300 ) ) ;
#4078 = EDGE_LOOP ( 'NONE', ( #9252, #4671, #2791, #5237, #9139, #5548, #3686, #4570, #4363, #9717, #7701, #6785 ) ) ;
#4079 = ORIENTED_EDGE ( 'NONE', *, *, #283, .T. ) ;
#4080 = LINE ( 'NONE', #912, #3821 ) ;
#4081 = ORIENTED_EDGE ( 'NONE', *, *, #9010, .F. ) ;
#4082 = AXIS2_PLACEMENT_3D ( 'NONE', #2263, #8560, #6227 ) ;
#4083 = LINE ( 'NONE', #5751, #1991 ) ;
#4084 = EDGE_CURVE ( 'NONE', #2897, #3688, #5475, .T. ) ;
#4085 = LINE ( 'NONE', #7468, #2978 ) ;
#4086 = AXIS2_PLACEMENT_3D ( 'NONE', #8142, #548, #612 ) ;
#4087 = ORIENTED_EDGE ( 'NONE', *, *, #496, .T. ) ;
#4088 = CARTESIAN_POINT ( 'NONE',  ( 4.085923696263362700, 1.200000000000000600, -1.689999999999999700 ) ) ;
#4089 = UNCERTAINTY_MEASURE_WITH_UNIT (LENGTH_MEASURE( 1.000000000000000100E-005 ), #9849, 'distance_accuracy_value', 'NONE');
#4090 = CARTESIAN_POINT ( 'NONE',  ( 0.0000000000000000000, 0.1000000000000000100, 0.0000000000000000000 ) ) ;
#4091 = DIRECTION ( 'NONE',  ( 0.06975647374411746100, -0.9975640502598247500, 0.0000000000000000000 ) ) ;
#4092 = CIRCLE ( 'NONE', #2528, 0.03521910652230526200 ) ;
#4093 = ORIENTED_EDGE ( 'NONE', *, *, #2368, .F. ) ;
#4094 = CARTESIAN_POINT ( 'NONE',  ( 1.174999999999999600, 0.0000000000000000000, 1.654999999999999800 ) ) ;
#4095 = VERTEX_POINT ( 'NONE', #5075 ) ;
#4096 = CIRCLE ( 'NONE', #6031, 0.03521910652230526200 ) ;
#4097 = VECTOR ( 'NONE', #7309, 1000.000000000000000 ) ;
#4098 = VERTEX_POINT ( 'NONE', #4237 ) ;
#4099 = VERTEX_POINT ( 'NONE', #7353 ) ;
#4100 = CARTESIAN_POINT ( 'NONE',  ( -4.643000501140988900, 0.3238201367950973600, -2.959999999999999500 ) ) ;
#4101 = EDGE_CURVE ( 'NONE', #1416, #7361, #10089, .T. ) ;
#4102 = EDGE_CURVE ( 'NONE', #7894, #8390, #5582, .T. ) ;
#4103 = CARTESIAN_POINT ( 'NONE',  ( 4.085923696263362700, 1.164780893477695100, 2.120000000000000600 ) ) ;
#4104 = DIRECTION ( 'NONE',  ( -0.9975640502598247500, -0.06975647374411807200, 0.0000000000000000000 ) ) ;
#4105 = CIRCLE ( 'NONE', #8936, 0.03521910652230526200 ) ;
#4106 = ADVANCED_FACE ( 'NONE', ( #5956 ), #8959, .F. ) ;
#4107 = CARTESIAN_POINT ( 'NONE',  ( -3.759999999999999300, 1.450000000000000400, -5.500000000000000000 ) ) ;
#4108 = ORIENTED_EDGE ( 'NONE', *, *, #8009, .T. ) ;
#4109 = CARTESIAN_POINT ( 'NONE',  ( -0.4300000000000000500, 0.0000000000000000000, 1.654999999999999800 ) ) ;
#4110 = DIRECTION ( 'NONE',  ( 0.2588190451025207900, 0.9659258262890683100, -0.0000000000000000000 ) ) ;
#4111 = ORIENTED_EDGE ( 'NONE', *, *, #7071, .F. ) ;
#4112 = CYLINDRICAL_SURFACE ( 'NONE', #1659, 0.03521910652230526200 ) ;
#4113 = CARTESIAN_POINT ( 'NONE',  ( -3.759999999999999300, 1.200000000000000200, -0.4199999999999993700 ) ) ;
#4114 = EDGE_LOOP ( 'NONE', ( #9382, #4592, #7188, #1248 ) ) ;
#4115 = PRESENTATION_LAYER_ASSIGNMENT (  '', '', ( #4437 ) ) ;
#4116 = LINE ( 'NONE', #8926, #6694 ) ;
#4117 = EDGE_CURVE ( 'NONE', #7382, #5585, #1505, .T. ) ;
#4118 = DIRECTION ( 'NONE',  ( 0.2588190451025243500, 0.9659258262890673100, 0.0000000000000000000 ) ) ;
#4119 = ADVANCED_FACE ( 'NONE', ( #3838 ), #7813, .F. ) ;
#4120 = ORIENTED_EDGE ( 'NONE', *, *, #8143, .F. ) ;
#4121 = CARTESIAN_POINT ( 'NONE',  ( -0.4300000000000000500, 0.1000000000000000100, 1.784999999999999700 ) ) ;
#4122 = DIRECTION ( 'NONE',  ( 1.000000000000000000, 0.0000000000000000000, 0.0000000000000000000 ) ) ;
#4123 = ORIENTED_EDGE ( 'NONE', *, *, #1420, .T. ) ;
#4124 = VERTEX_POINT ( 'NONE', #4964 ) ;
#4125 = CIRCLE ( 'NONE', #6183, 0.2852191065223050300 ) ;
#4126 = DIRECTION ( 'NONE',  ( -0.0000000000000000000, -0.0000000000000000000, -1.000000000000000000 ) ) ;
#4127 = CARTESIAN_POINT ( 'NONE',  ( 0.4299999999999998800, 0.1000000000000000100, 1.654999999999999800 ) ) ;
#4128 = CARTESIAN_POINT ( 'NONE',  ( -4.643000501140988900, 0.3238201367950973600, 0.8500000000000009800 ) ) ;
#4129 = CARTESIAN_POINT ( 'NONE',  ( 4.643000501140988900, 0.3238201367950973600, -4.659999999999999300 ) ) ;
#4130 = EDGE_CURVE ( 'NONE', #9682, #3349, #4709, .T. ) ;
#4131 = ORIENTED_EDGE ( 'NONE', *, *, #5825, .T. ) ;
#4132 = AXIS2_PLACEMENT_3D ( 'NONE', #2895, #3676, #1207 ) ;
#4133 = ORIENTED_EDGE ( 'NONE', *, *, #3497, .F. ) ;
#4134 = CYLINDRICAL_SURFACE ( 'NONE', #821, 0.03521910652230526200 ) ;
#4135 = DIRECTION ( 'NONE',  ( -0.0000000000000000000, -0.0000000000000000000, -1.000000000000000000 ) ) ;
#4136 = ORIENTED_EDGE ( 'NONE', *, *, #2415, .T. ) ;
#4137 = CARTESIAN_POINT ( 'NONE',  ( -5.185060881563971200, -2.641625050904819800E-019, -4.229999999999999500 ) ) ;
#4138 = EDGE_LOOP ( 'NONE', ( #787, #5990, #36, #3395 ) ) ;
#4139 = CARTESIAN_POINT ( 'NONE',  ( -4.361424197404348400, 1.238601030272792100, -4.229999999999999500 ) ) ;
#4140 = CARTESIAN_POINT ( 'NONE',  ( 4.608981456572268000, 0.3147047612756303000, 5.930000000000001500 ) ) ;
#4141 = CARTESIAN_POINT ( 'NONE',  ( -4.623104622025544500, 0.03929580968121807600, 2.120000000000000600 ) ) ;
#4142 = ORIENTED_EDGE ( 'NONE', *, *, #2449, .T. ) ;
#4143 = ADVANCED_FACE ( 'NONE', ( #5211 ), #1986, .F. ) ;
#4144 = CARTESIAN_POINT ( 'NONE',  ( 3.759999999999999800, 1.450000000000000200, 2.120000000000000600 ) ) ;
#4145 = CIRCLE ( 'NONE', #130, 0.03521910652230526200 ) ;
#4146 = DIRECTION ( 'NONE',  ( -0.9659258262890683100, -0.2588190451025207900, 0.0000000000000000000 ) ) ;
#4147 = ORIENTED_EDGE ( 'NONE', *, *, #8123, .F. ) ;
#4148 = AXIS2_PLACEMENT_3D ( 'NONE', #4831, #5637, #6405 ) ;
#4149 = CARTESIAN_POINT ( 'NONE',  ( -4.643000501140988900, 0.3238201367950973600, 5.930000000000001500 ) ) ;
#4150 = EDGE_CURVE ( 'NONE', #2937, #542, #9836, .T. ) ;
#4151 =( GEOMETRIC_REPRESENTATION_CONTEXT ( 3 ) GLOBAL_UNCERTAINTY_ASSIGNED_CONTEXT ( ( #9979 ) ) GLOBAL_UNIT_ASSIGNED_CONTEXT ( ( #2168, #9295, #3775 ) ) REPRESENTATION_CONTEXT ( 'NONE', 'WORKASPACE' ) );
#4152 = CARTESIAN_POINT ( 'NONE',  ( -3.759999999999999300, 1.450000000000000400, 4.660000000000001000 ) ) ;
#4153 = VECTOR ( 'NONE', #4070, 1000.000000000000000 ) ;
#4154 = CARTESIAN_POINT ( 'NONE',  ( 3.759999999999999300, 1.200000000000000200, 1.690000000000000600 ) ) ;
#4155 = CARTESIAN_POINT ( 'NONE',  ( -4.119942740832083700, 1.173896268997162200, 0.8500000000000009800 ) ) ;
#4156 = ORIENTED_EDGE ( 'NONE', *, *, #822, .F. ) ;
#4157 = ADVANCED_FACE ( 'NONE', ( #1749 ), #3547, .F. ) ;
#4158 = CARTESIAN_POINT ( 'NONE',  ( -3.760000000000000200, 1.450000000000000200, -6.412500000000001400 ) ) ;
#4159 = DIRECTION ( 'NONE',  ( 1.000000000000000000, 0.0000000000000000000, 0.0000000000000000000 ) ) ;
#4160 = CARTESIAN_POINT ( 'NONE',  ( -4.643000501140988900, 0.3238201367950973600, 3.390000000000000600 ) ) ;
#4161 = EDGE_CURVE ( 'NONE', #3599, #9781, #59, .T. ) ;
#4162 = AXIS2_PLACEMENT_3D ( 'NONE', #4100, #5694, #985 ) ;
#4163 = VECTOR ( 'NONE', #6866, 1000.000000000000000 ) ;
#4164 = EDGE_CURVE ( 'NONE', #1708, #7279, #4453, .T. ) ;
#4165 = ORIENTED_EDGE ( 'NONE', *, *, #5090, .T. ) ;
#4166 = VECTOR ( 'NONE', #1914, 1000.000000000000100 ) ;
#4167 = CARTESIAN_POINT ( 'NONE',  ( -4.367500000000000600, 0.2500000000000000000, -3.389999999999999200 ) ) ;
#4168 = VERTEX_POINT ( 'NONE', #9991 ) ;
#4169 = ORIENTED_EDGE ( 'NONE', *, *, #8094, .F. ) ;
#4170 = ORIENTED_EDGE ( 'NONE', *, *, #3470, .T. ) ;
#4171 = DIRECTION ( 'NONE',  ( -1.000000000000000000, 0.0000000000000000000, 0.0000000000000000000 ) ) ;
#4172 = CARTESIAN_POINT ( 'NONE',  ( 4.640543740461574800, 0.2886868222461741500, -2.959999999999999500 ) ) ;
#4173 = VECTOR ( 'NONE', #3591, 1000.000000000000000 ) ;
#4174 = VECTOR ( 'NONE', #8311, 1000.000000000000000 ) ;
#4175 = ORIENTED_EDGE ( 'NONE', *, *, #5595, .F. ) ;
#4176 = COLOUR_RGB ( '',0.7921568627450980000, 0.8196078431372548800, 0.9333333333333333500 ) ;
#4177 = CARTESIAN_POINT ( 'NONE',  ( -4.085923696263362700, 1.449999999999999300, 4.230000000000001300 ) ) ;
#4178 = CARTESIAN_POINT ( 'NONE',  ( 4.119942740832083700, 1.173896268997162200, -4.659999999999999300 ) ) ;
#4179 = PRESENTATION_LAYER_ASSIGNMENT (  '', '', ( #4838 ) ) ;
#4180 = EDGE_CURVE ( 'NONE', #4195, #6361, #3107, .T. ) ;
#4181 =( NAMED_UNIT ( * ) PLANE_ANGLE_UNIT ( ) SI_UNIT ( $, .RADIAN. ) );
#4182 = CARTESIAN_POINT ( 'NONE',  ( 4.119942740832083700, 1.173896268997162200, 0.8500000000000009800 ) ) ;
#4183 = CARTESIAN_POINT ( 'NONE',  ( -4.085923696263362700, 1.449999999999999300, -1.689999999999999700 ) ) ;
#4184 = ORIENTED_EDGE ( 'NONE', *, *, #6689, .F. ) ;
#4185 = ORIENTED_EDGE ( 'NONE', *, *, #6492, .T. ) ;
#4186 = CARTESIAN_POINT ( 'NONE',  ( 0.0000000000000000000, 0.1000000000000000100, 0.0000000000000000000 ) ) ;
#4187 = EDGE_LOOP ( 'NONE', ( #172, #88, #200, #2295 ) ) ;
#4188 = CARTESIAN_POINT ( 'NONE',  ( 3.759999999999999800, 1.450000000000000200, -4.229999999999999500 ) ) ;
#4189 = VECTOR ( 'NONE', #5360, 1000.000000000000000 ) ;
#4190 = DIRECTION ( 'NONE',  ( -1.000000000000000000, 0.0000000000000000000, 0.0000000000000000000 ) ) ;
#4191 = VECTOR ( 'NONE', #372, 1000.000000000000000 ) ;
#4192 = CARTESIAN_POINT ( 'NONE',  ( 4.623104622025544500, 0.03929580968121807600, 3.390000000000000600 ) ) ;
#4193 = DIRECTION ( 'NONE',  ( -0.0000000000000000000, -0.0000000000000000000, -1.000000000000000000 ) ) ;
#4194 = VERTEX_POINT ( 'NONE', #5447 ) ;
#4195 = VERTEX_POINT ( 'NONE', #9959 ) ;
#4196 = EDGE_CURVE ( 'NONE', #1366, #3181, #539, .T. ) ;
#4197 = ORIENTED_EDGE ( 'NONE', *, *, #8300, .F. ) ;
#4198 = CARTESIAN_POINT ( 'NONE',  ( -3.759999999999999300, 1.450000000000000400, -2.119999999999999700 ) ) ;
#4199 = LINE ( 'NONE', #238, #7753 ) ;
#4200 = CARTESIAN_POINT ( 'NONE',  ( 4.367500000000000600, 0.2500000000000000600, 5.930000000000001500 ) ) ;
#4201 = VECTOR ( 'NONE', #8793, 1000.000000000000000 ) ;
#4202 = DIRECTION ( 'NONE',  ( 1.000000000000000000, 0.0000000000000000000, -0.0000000000000000000 ) ) ;
#4203 = ORIENTED_EDGE ( 'NONE', *, *, #2321, .F. ) ;
#4204 = ORIENTED_EDGE ( 'NONE', *, *, #4886, .F. ) ;
#4205 = CARTESIAN_POINT ( 'NONE',  ( -3.759999999999999300, 1.450000000000000400, -1.689999999999999700 ) ) ;
#4206 = ORIENTED_EDGE ( 'NONE', *, *, #8968, .T. ) ;
#4207 = EDGE_CURVE ( 'NONE', #3741, #6286, #6066, .T. ) ;
#4208 = CYLINDRICAL_SURFACE ( 'NONE', #6596, 0.2852191065223054800 ) ;
#4209 = CARTESIAN_POINT ( 'NONE',  ( 4.361424197404351100, 1.238601030272792600, -4.659999999999999300 ) ) ;
#4210 = PLANE ( 'NONE',  #547 ) ;
#4211 = AXIS2_PLACEMENT_3D ( 'NONE', #938, #2458, #8810 ) ;
#4212 = CARTESIAN_POINT ( 'NONE',  ( -4.643000501140988900, 0.3238201367950973600, -3.389999999999999200 ) ) ;
#4213 = EDGE_CURVE ( 'NONE', #7977, #6051, #8513, .T. ) ;
#4214 = ADVANCED_FACE ( 'NONE', ( #6429 ), #303, .T. ) ;
#4215 = EDGE_LOOP ( 'NONE', ( #7728, #9457, #4830, #5819 ) ) ;
#4216 = AXIS2_PLACEMENT_3D ( 'NONE', #5367, #2270, #3897 ) ;
#4217 = CARTESIAN_POINT ( 'NONE',  ( 4.623104622025544500, 0.03929580968121807600, -5.500000000000000000 ) ) ;
#4218 = FACE_OUTER_BOUND ( 'NONE', #655, .T. ) ;
#4219 = VERTEX_POINT ( 'NONE', #8035 ) ;
#4220 = DIRECTION ( 'NONE',  ( -0.9975640502598247500, 0.06975647374411816900, 0.0000000000000000000 ) ) ;
#4221 = LINE ( 'NONE', #9659, #6178 ) ;
#4222 = CARTESIAN_POINT ( 'NONE',  ( -4.085923696263362700, 1.164780893477695100, 3.390000000000000600 ) ) ;
#4223 = LINE ( 'NONE', #2525, #6188 ) ;
#4224 = CARTESIAN_POINT ( 'NONE',  ( -5.202500000000000600, 0.2493910125649564100, -5.500000000000000000 ) ) ;
#4225 = DIRECTION ( 'NONE',  ( 4.170008355713482100E-016, 0.0000000000000000000, -1.000000000000000000 ) ) ;
#4226 = DIRECTION ( 'NONE',  ( -0.0000000000000000000, -0.0000000000000000000, -1.000000000000000000 ) ) ;
#4227 = DIRECTION ( 'NONE',  ( -1.000000000000000000, 0.0000000000000000000, 0.0000000000000000000 ) ) ;
#4228 = ORIENTED_EDGE ( 'NONE', *, *, #2398, .F. ) ;
#4229 = UNCERTAINTY_MEASURE_WITH_UNIT (LENGTH_MEASURE( 1.000000000000000100E-005 ), #7734, 'distance_accuracy_value', 'NONE');
#4230 = ADVANCED_FACE ( 'NONE', ( #3462 ), #3347, .T. ) ;
#4231 = CIRCLE ( 'NONE', #8140, 0.2852191065223050300 ) ;
#4232 = PRESENTATION_STYLE_ASSIGNMENT (( #1981 ) ) ;
#4233 = CARTESIAN_POINT ( 'NONE',  ( -4.623104622025544500, 0.03929580968121807600, -3.389999999999999200 ) ) ;
#4234 = ORIENTED_EDGE ( 'NONE', *, *, #4563, .F. ) ;
#4235 = VECTOR ( 'NONE', #6289, 1000.000000000000000 ) ;
#4236 = AXIS2_PLACEMENT_3D ( 'NONE', #5936, #8294, #8265 ) ;
#4237 = CARTESIAN_POINT ( 'NONE',  ( -3.759999999999999300, 1.200000000000000200, 5.930000000000001500 ) ) ;
#4238 = CARTESIAN_POINT ( 'NONE',  ( -5.185060881563971200, -2.641625050904819800E-019, 5.930000000000001500 ) ) ;
#4239 = CIRCLE ( 'NONE', #5771, 0.2852191065223050300 ) ;
#4240 = LINE ( 'NONE', #6580, #8046 ) ;
#4241 = EDGE_CURVE ( 'NONE', #2628, #443, #2351, .T. ) ;
#4242 = ORIENTED_EDGE ( 'NONE', *, *, #605, .F. ) ;
#4243 = CARTESIAN_POINT ( 'NONE',  ( -1.175000000000000500, -0.0000000000000000000, -1.655000000000000200 ) ) ;
#4244 = EDGE_CURVE ( 'NONE', #5329, #9299, #4223, .T. ) ;
#4245 = DIRECTION ( 'NONE',  ( 1.000000000000000000, 6.653104299660446400E-016, 0.0000000000000000000 ) ) ;
#4246 = CARTESIAN_POINT ( 'NONE',  ( 4.623104622025544500, 0.03929580968121807600, -1.689999999999999700 ) ) ;
#4247 = ORIENTED_EDGE ( 'NONE', *, *, #9789, .F. ) ;
#4248 = VECTOR ( 'NONE', #1610, 1000.000000000000000 ) ;
#4249 = CARTESIAN_POINT ( 'NONE',  ( 4.085923696263362700, 1.450000000000000000, -1.689999999999999700 ) ) ;
#4250 = DIRECTION ( 'NONE',  ( -1.000000000000000000, 0.0000000000000000000, 0.0000000000000000000 ) ) ;
#4251 = ORIENTED_EDGE ( 'NONE', *, *, #6621, .T. ) ;
#4252 = DIRECTION ( 'NONE',  ( -1.000000000000000000, 0.0000000000000000000, 0.0000000000000000000 ) ) ;
#4253 = CARTESIAN_POINT ( 'NONE',  ( -4.623104622025544500, 0.03929580968121807600, 4.230000000000001300 ) ) ;
#4254 = AXIS2_PLACEMENT_3D ( 'NONE', #4951, #8744, #3380 ) ;
#4255 = ORIENTED_EDGE ( 'NONE', *, *, #3707, .T. ) ;
#4256 = EDGE_CURVE ( 'NONE', #8390, #5762, #6558, .T. ) ;
#4257 = VECTOR ( 'NONE', #1225, 1000.000000000000000 ) ;
#4258 = DIRECTION ( 'NONE',  ( -0.0000000000000000000, 0.0000000000000000000, 1.000000000000000000 ) ) ;
#4259 = CARTESIAN_POINT ( 'NONE',  ( 0.0000000000000000000, 2.649999999999998600, 0.0000000000000000000 ) ) ;
#4260 = ORIENTED_EDGE ( 'NONE', *, *, #6612, .F. ) ;
#4261 = PLANE ( 'NONE',  #6091 ) ;
#4262 = VERTEX_POINT ( 'NONE', #8835 ) ;
#4263 = ADVANCED_FACE ( 'NONE', ( #7778 ), #2001, .T. ) ;
#4264 = VERTEX_POINT ( 'NONE', #8071 ) ;
#4265 = CARTESIAN_POINT ( 'NONE',  ( -3.759999999999999300, 1.200000000000000200, -5.500000000000000000 ) ) ;
#4266 = VECTOR ( 'NONE', #2245, 1000.000000000000000 ) ;
#4267 = ORIENTED_EDGE ( 'NONE', *, *, #2566, .T. ) ;
#4268 = EDGE_LOOP ( 'NONE', ( #8986, #1995, #3974, #574 ) ) ;
#4269 = PRESENTATION_LAYER_ASSIGNMENT (  '', '', ( #5665 ) ) ;
#4270 = VERTEX_POINT ( 'NONE', #4836 ) ;
#4271 = AXIS2_PLACEMENT_3D ( 'NONE', #3260, #7299, #2593 ) ;
#4272 = ORIENTED_EDGE ( 'NONE', *, *, #7647, .F. ) ;
#4273 = VECTOR ( 'NONE', #1318, 1000.000000000000000 ) ;
#4274 = ADVANCED_FACE ( 'NONE', ( #3346 ), #6299, .F. ) ;
#4275 = ORIENTED_EDGE ( 'NONE', *, *, #2702, .F. ) ;
#4276 = DIRECTION ( 'NONE',  ( 0.2588190451025207900, -0.9659258262890683100, 0.0000000000000000000 ) ) ;
#4277 = DIRECTION ( 'NONE',  ( -1.000000000000000000, 0.0000000000000000000, 0.0000000000000000000 ) ) ;
#4278 = CARTESIAN_POINT ( 'NONE',  ( -3.759999999999999300, 1.450000000000000400, -5.500000000000000000 ) ) ;
#4279 = DIRECTION ( 'NONE',  ( 1.000000000000000000, 0.0000000000000000000, -0.0000000000000000000 ) ) ;
#4280 =( NAMED_UNIT ( * ) SI_UNIT ( $, .STERADIAN. ) SOLID_ANGLE_UNIT ( ) );
#4281 = EDGE_CURVE ( 'NONE', #344, #462, #1384, .T. ) ;
#4282 = FACE_OUTER_BOUND ( 'NONE', #9319, .T. ) ;
#4283 = VECTOR ( 'NONE', #7475, 1000.000000000000200 ) ;
#4284 = VERTEX_POINT ( 'NONE', #1768 ) ;
#4285 = EDGE_CURVE ( 'NONE', #8024, #4491, #1270, .T. ) ;
#4286 = AXIS2_PLACEMENT_3D ( 'NONE', #3907, #6410, #5714 ) ;
#4287 = CARTESIAN_POINT ( 'NONE',  ( -4.643000501140988900, 0.3238201367950973600, -1.689999999999999700 ) ) ;
#4288 = ORIENTED_EDGE ( 'NONE', *, *, #5608, .T. ) ;
#4289 = DIRECTION ( 'NONE',  ( 6.653104299660446400E-016, 1.000000000000000000, -0.0000000000000000000 ) ) ;
#4290 = DIRECTION ( 'NONE',  ( 0.0000000000000000000, 0.0000000000000000000, 1.000000000000000000 ) ) ;
#4291 = VECTOR ( 'NONE', #294, 1000.000000000000000 ) ;
#4292 = ORIENTED_EDGE ( 'NONE', *, *, #7436, .T. ) ;
#4293 = VECTOR ( 'NONE', #2379, 1000.000000000000000 ) ;
#4294 = DIRECTION ( 'NONE',  ( -0.2588190451025207900, 0.9659258262890683100, -0.0000000000000000000 ) ) ;
#4295 = EDGE_CURVE ( 'NONE', #1357, #9702, #7038, .T. ) ;
#4296 = VERTEX_POINT ( 'NONE', #7226 ) ;
#4297 = EDGE_LOOP ( 'NONE', ( #5545, #3226, #9106, #6867 ) ) ;
#4298 = EDGE_CURVE ( 'NONE', #6870, #7846, #9604, .T. ) ;
#4299 = VECTOR ( 'NONE', #1785, 1000.000000000000000 ) ;
#4300 = CARTESIAN_POINT ( 'NONE',  ( -4.085923696263362700, 1.164780893477695100, -1.689999999999999700 ) ) ;
#4301 = CIRCLE ( 'NONE', #7564, 0.2852191065223042000 ) ;
#4302 = LINE ( 'NONE', #9023, #387 ) ;
#4303 = CARTESIAN_POINT ( 'NONE',  ( -4.085923696263362700, 1.200000000000000400, -2.119999999999999700 ) ) ;
#4304 = SURFACE_SIDE_STYLE ('',( #4554 ) ) ;
#4305 = CARTESIAN_POINT ( 'NONE',  ( -4.640543740461573900, 0.2886868222461744200, -3.389999999999999200 ) ) ;
#4306 = DIRECTION ( 'NONE',  ( -0.0000000000000000000, -0.0000000000000000000, -1.000000000000000000 ) ) ;
#4307 = VERTEX_POINT ( 'NONE', #6516 ) ;
#4308 = ADVANCED_FACE ( 'NONE', ( #2853 ), #2605, .T. ) ;
#4309 = ORIENTED_EDGE ( 'NONE', *, *, #7367, .T. ) ;
#4310 = CARTESIAN_POINT ( 'NONE',  ( 4.361424197404351100, 1.238601030272792600, -2.119999999999999700 ) ) ;
#4311 = AXIS2_PLACEMENT_3D ( 'NONE', #4431, #2090, #7627 ) ;
#4312 = FACE_OUTER_BOUND ( 'NONE', #7271, .T. ) ;
#4313 = EDGE_CURVE ( 'NONE', #5645, #5046, #6789, .T. ) ;
#4314 = VECTOR ( 'NONE', #4877, 1000.000000000000000 ) ;
#4315 = CARTESIAN_POINT ( 'NONE',  ( -4.119942740832083700, 1.173896268997162200, 5.930000000000001500 ) ) ;
#4316 = LINE ( 'NONE', #407, #6283 ) ;
#4317 = DIRECTION ( 'NONE',  ( -1.000000000000000000, 0.0000000000000000000, 0.0000000000000000000 ) ) ;
#4318 = DIRECTION ( 'NONE',  ( -0.0000000000000000000, -0.0000000000000000000, -1.000000000000000000 ) ) ;
#4319 = DIRECTION ( 'NONE',  ( -1.000000000000000000, 0.0000000000000000000, 0.0000000000000000000 ) ) ;
#4320 = VERTEX_POINT ( 'NONE', #4113 ) ;
#4321 = ORIENTED_EDGE ( 'NONE', *, *, #163, .T. ) ;
#4322 = CIRCLE ( 'NONE', #2077, 0.03521910652230526200 ) ;
#4323 = ADVANCED_FACE ( 'NONE', ( #9955, #1039 ), #6653, .T. ) ;
#4324 = CARTESIAN_POINT ( 'NONE',  ( -4.361424197404348400, 1.238601030272792100, 0.4200000000000010900 ) ) ;
#4325 = LINE ( 'NONE', #3781, #160 ) ;
#4326 = CARTESIAN_POINT ( 'NONE',  ( 4.119942740832083700, 1.173896268997162200, -1.689999999999999700 ) ) ;
#4327 = AXIS2_PLACEMENT_3D ( 'NONE', #1736, #8043, #7376 ) ;
#4328 = ORIENTED_EDGE ( 'NONE', *, *, #6788, .T. ) ;
#4329 = VERTEX_POINT ( 'NONE', #3510 ) ;
#4330 = DIRECTION ( 'NONE',  ( 0.9975640502598247500, -0.06975647374411816900, 0.0000000000000000000 ) ) ;
#4331 = VECTOR ( 'NONE', #9686, 1000.000000000000000 ) ;
#4332 = AXIS2_PLACEMENT_3D ( 'NONE', #1041, #7195, #5644 ) ;
#4333 = ORIENTED_EDGE ( 'NONE', *, *, #5214, .T. ) ;
#4334 = CARTESIAN_POINT ( 'NONE',  ( 3.759999999999999800, 1.450000000000000200, 2.120000000000000600 ) ) ;
#4335 = VECTOR ( 'NONE', #3984, 1000.000000000000000 ) ;
#4336 = FACE_OUTER_BOUND ( 'NONE', #7033, .T. ) ;
#4337 = ORIENTED_EDGE ( 'NONE', *, *, #5130, .F. ) ;
#4338 = LINE ( 'NONE', #8839, #3834 ) ;
#4339 = ORIENTED_EDGE ( 'NONE', *, *, #2511, .F. ) ;
#4340 = DIRECTION ( 'NONE',  ( -0.9975640502598247500, -0.06975647374411807200, 0.0000000000000000000 ) ) ;
#4341 = ORIENTED_EDGE ( 'NONE', *, *, #8069, .T. ) ;
#4342 = VECTOR ( 'NONE', #4463, 1000.000000000000000 ) ;
#4343 = FILL_AREA_STYLE ('',( #1962 ) ) ;
#4344 = AXIS2_PLACEMENT_3D ( 'NONE', #5104, #6604, #327 ) ;
#4345 = VECTOR ( 'NONE', #2801, 1000.000000000000000 ) ;
#4346 = CARTESIAN_POINT ( 'NONE',  ( 3.759999999999999800, 1.450000000000000200, -2.959999999999999500 ) ) ;
#4347 = EDGE_CURVE ( 'NONE', #1499, #9677, #1883, .T. ) ;
#4348 = PRESENTATION_LAYER_ASSIGNMENT (  '', '', ( #1137 ) ) ;
#4349 = PLANE ( 'NONE',  #6444 ) ;
#4350 = ORIENTED_EDGE ( 'NONE', *, *, #2755, .F. ) ;
#4351 = DIRECTION ( 'NONE',  ( -0.0000000000000000000, -0.0000000000000000000, -1.000000000000000000 ) ) ;
#4352 = ORIENTED_EDGE ( 'NONE', *, *, #7522, .F. ) ;
#4353 = FACE_OUTER_BOUND ( 'NONE', #9755, .T. ) ;
#4354 = LINE ( 'NONE', #8929, #2251 ) ;
#4355 = AXIS2_PLACEMENT_3D ( 'NONE', #5097, #5148, #317 ) ;
#4356 = VERTEX_POINT ( 'NONE', #353 ) ;
#4357 = DIRECTION ( 'NONE',  ( -4.170008355713481600E-016, 0.0000000000000000000, 1.000000000000000000 ) ) ;
#4358 = EDGE_LOOP ( 'NONE', ( #9897, #3562, #7515, #9833 ) ) ;
#4359 = EDGE_CURVE ( 'NONE', #4520, #3452, #432, .T. ) ;
#4360 = CARTESIAN_POINT ( 'NONE',  ( -4.085923696263362700, 1.164780893477695100, -1.689999999999999700 ) ) ;
#4361 = AXIS2_PLACEMENT_3D ( 'NONE', #6667, #2746, #1956 ) ;
#4362 = EDGE_CURVE ( 'NONE', #1605, #621, #1735, .T. ) ;
#4363 = ORIENTED_EDGE ( 'NONE', *, *, #6212, .T. ) ;
#4364 = LINE ( 'NONE', #7104, #5731 ) ;
#4365 = DIRECTION ( 'NONE',  ( -0.9975640502598247500, -0.06975647374411807200, 0.0000000000000000000 ) ) ;
#4366 = ORIENTED_EDGE ( 'NONE', *, *, #7783, .F. ) ;
#4367 = ORIENTED_EDGE ( 'NONE', *, *, #3272, .F. ) ;
#4368 = ORIENTED_EDGE ( 'NONE', *, *, #8898, .F. ) ;
#4369 = ORIENTED_EDGE ( 'NONE', *, *, #2311, .F. ) ;
#4370 = VECTOR ( 'NONE', #8655, 1000.000000000000000 ) ;
#4371 = EDGE_CURVE ( 'NONE', #6795, #9840, #4085, .T. ) ;
#4372 = ADVANCED_FACE ( 'NONE', ( #6542 ), #5776, .F. ) ;
#4373 = EDGE_CURVE ( 'NONE', #6248, #6647, #4444, .T. ) ;
#4374 = CARTESIAN_POINT ( 'NONE',  ( 4.623104622025544500, 0.03929580968121807600, -2.119999999999999700 ) ) ;
#4375 = DIRECTION ( 'NONE',  ( 1.000000000000000000, 0.0000000000000000000, 0.0000000000000000000 ) ) ;
#4376 = CARTESIAN_POINT ( 'NONE',  ( 3.759999999999999800, 1.450000000000000200, 2.120000000000000600 ) ) ;
#4377 = ORIENTED_EDGE ( 'NONE', *, *, #8450, .T. ) ;
#4378 = CARTESIAN_POINT ( 'NONE',  ( 4.608981456572268000, 0.3147047612756303000, -4.659999999999999300 ) ) ;
#4379 = ORIENTED_EDGE ( 'NONE', *, *, #3488, .T. ) ;
#4380 = LINE ( 'NONE', #6518, #9766 ) ;
#4381 = CARTESIAN_POINT ( 'NONE',  ( 3.759999999999999300, 1.200000000000000200, -2.959999999999999500 ) ) ;
#4382 = EDGE_LOOP ( 'NONE', ( #7565, #7835, #2720, #8016 ) ) ;
#4383 = CARTESIAN_POINT ( 'NONE',  ( 4.623104622025544500, 0.03929580968121807600, 0.8500000000000009800 ) ) ;
#4384 = AXIS2_PLACEMENT_3D ( 'NONE', #53, #800, #113 ) ;
#4385 = EDGE_CURVE ( 'NONE', #8769, #1231, #8503, .T. ) ;
#4386 = VERTEX_POINT ( 'NONE', #6593 ) ;
#4387 = LINE ( 'NONE', #7714, #4882 ) ;
#4388 = CARTESIAN_POINT ( 'NONE',  ( 3.759999999999999300, 1.200000000000000200, 5.930000000000001500 ) ) ;
#4389 = ORIENTED_EDGE ( 'NONE', *, *, #8519, .F. ) ;
#4390 = CARTESIAN_POINT ( 'NONE',  ( -4.085923696263362700, 1.164780893477695100, -4.229999999999999500 ) ) ;
#4391 = CARTESIAN_POINT ( 'NONE',  ( 4.085923696263362700, 1.164780893477695100, 2.120000000000000600 ) ) ;
#4392 = CYLINDRICAL_SURFACE ( 'NONE', #4581, 0.2852191065223054800 ) ;
#4393 = VERTEX_POINT ( 'NONE', #1104 ) ;
#4394 = CARTESIAN_POINT ( 'NONE',  ( 4.361424197404351100, 1.238601030272792600, -4.229999999999999500 ) ) ;
#4395 = EDGE_CURVE ( 'NONE', #7447, #952, #9469, .T. ) ;
#4396 = AXIS2_PLACEMENT_3D ( 'NONE', #6548, #10042, #5863 ) ;
#4397 = UNCERTAINTY_MEASURE_WITH_UNIT (LENGTH_MEASURE( 1.000000000000000100E-005 ), #8993, 'distance_accuracy_value', 'NONE');
#4398 = DIRECTION ( 'NONE',  ( -0.06975647374411816900, 0.9975640502598247500, 0.0000000000000000000 ) ) ;
#4399 = DIRECTION ( 'NONE',  ( 0.0000000000000000000, 0.0000000000000000000, 1.000000000000000000 ) ) ;
#4400 = DIRECTION ( 'NONE',  ( -0.9975640502598247500, 0.06975647374411816900, 0.0000000000000000000 ) ) ;
#4401 = CIRCLE ( 'NONE', #141, 0.03521910652230526200 ) ;
#4402 = DIRECTION ( 'NONE',  ( -1.000000000000000000, 0.0000000000000000000, 0.0000000000000000000 ) ) ;
#4403 = ORIENTED_EDGE ( 'NONE', *, *, #8379, .T. ) ;
#4404 = LINE ( 'NONE', #1971, #4166 ) ;
#4405 = CARTESIAN_POINT ( 'NONE',  ( -5.202500000000000600, 0.2493910125649564100, -4.229999999999999500 ) ) ;
#4406 = CARTESIAN_POINT ( 'NONE',  ( -4.361424197404348400, 1.238601030272792100, -2.959999999999999500 ) ) ;
#4407 = CARTESIAN_POINT ( 'NONE',  ( 4.119942740832083700, 1.173896268997162200, 2.120000000000000600 ) ) ;
#4408 = ORIENTED_EDGE ( 'NONE', *, *, #9931, .F. ) ;
#4409 = AXIS2_PLACEMENT_3D ( 'NONE', #9232, #1515, #7730 ) ;
#4410 = ORIENTED_EDGE ( 'NONE', *, *, #7872, .T. ) ;
#4411 = ORIENTED_EDGE ( 'NONE', *, *, #3091, .F. ) ;
#4412 = AXIS2_PLACEMENT_3D ( 'NONE', #6288, #6941, #1569 ) ;
#4413 = COLOUR_RGB ( '',0.7921568627450980000, 0.8196078431372548800, 0.9333333333333333500 ) ;
#4414 = ADVANCED_FACE ( 'NONE', ( #6417 ), #9654, .F. ) ;
#4415 = CARTESIAN_POINT ( 'NONE',  ( -3.759999999999999300, 1.200000000000000200, 4.660000000000001000 ) ) ;
#4416 = VERTEX_POINT ( 'NONE', #8174 ) ;
#4417 = ORIENTED_EDGE ( 'NONE', *, *, #2447, .T. ) ;
#4418 = ORIENTED_EDGE ( 'NONE', *, *, #3108, .T. ) ;
#4419 = LINE ( 'NONE', #5426, #6650 ) ;
#4420 = CARTESIAN_POINT ( 'NONE',  ( -4.119942740832083700, 1.173896268997162200, 3.390000000000000600 ) ) ;
#4421 = LINE ( 'NONE', #1926, #4061 ) ;
#4422 = EDGE_CURVE ( 'NONE', #5043, #2147, #3098, .T. ) ;
#4423 = EDGE_CURVE ( 'NONE', #6792, #4017, #9231, .T. ) ;
#4424 = DIRECTION ( 'NONE',  ( 1.000000000000000000, 0.0000000000000000000, 0.0000000000000000000 ) ) ;
#4425 = ORIENTED_EDGE ( 'NONE', *, *, #6675, .F. ) ;
#4426 = ORIENTED_EDGE ( 'NONE', *, *, #5056, .F. ) ;
#4427 = VECTOR ( 'NONE', #1873, 1000.000000000000100 ) ;
#4428 = VECTOR ( 'NONE', #2530, 1000.000000000000000 ) ;
#4429 = CIRCLE ( 'NONE', #2772, 0.2852191065223042000 ) ;
#4430 = CARTESIAN_POINT ( 'NONE',  ( 3.759999999999999800, 1.450000000000000200, 0.4200000000000010900 ) ) ;
#4431 = CARTESIAN_POINT ( 'NONE',  ( 4.643000501140988900, 0.3238201367950973600, -2.959999999999999500 ) ) ;
#4432 = DIRECTION ( 'NONE',  ( -1.000000000000000000, 0.0000000000000000000, 0.0000000000000000000 ) ) ;
#4433 = MECHANICAL_DESIGN_GEOMETRIC_PRESENTATION_REPRESENTATION (  '', ( #3055 ), #5521 ) ;
#4434 = DIRECTION ( 'NONE',  ( -0.0000000000000000000, -0.0000000000000000000, -1.000000000000000000 ) ) ;
#4435 = ORIENTED_EDGE ( 'NONE', *, *, #9432, .T. ) ;
#4436 = DIRECTION ( 'NONE',  ( -1.000000000000000000, 0.0000000000000000000, 0.0000000000000000000 ) ) ;
#4437 = STYLED_ITEM ( 'NONE', ( #8155 ), #7997 ) ;
#4438 = EDGE_LOOP ( 'NONE', ( #2325, #5239, #3746, #9668, #8778, #2084, #5500, #8605, #8141, #8820, #5960, #3696 ) ) ;
#4439 = EDGE_CURVE ( 'NONE', #9128, #1923, #6912, .T. ) ;
#4440 = VECTOR ( 'NONE', #6832, 1000.000000000000000 ) ;
#4441 = ORIENTED_EDGE ( 'NONE', *, *, #1604, .T. ) ;
#4442 = DIRECTION ( 'NONE',  ( -1.000000000000000000, 0.0000000000000000000, 0.0000000000000000000 ) ) ;
#4443 = LINE ( 'NONE', #8950, #9218 ) ;
#4444 = LINE ( 'NONE', #1884, #5201 ) ;
#4445 = ORIENTED_EDGE ( 'NONE', *, *, #4395, .F. ) ;
#4446 = ORIENTED_EDGE ( 'NONE', *, *, #1878, .T. ) ;
#4447 = CIRCLE ( 'NONE', #2678, 0.2852191065223054800 ) ;
#4448 = ORIENTED_EDGE ( 'NONE', *, *, #4018, .F. ) ;
#4449 = DIRECTION ( 'NONE',  ( -1.000000000000000000, 0.0000000000000000000, 0.0000000000000000000 ) ) ;
#4450 = ADVANCED_FACE ( 'NONE', ( #4336 ), #2268, .F. ) ;
#4451 = FACE_OUTER_BOUND ( 'NONE', #10103, .T. ) ;
#4452 = DIRECTION ( 'NONE',  ( 1.000000000000000000, 6.653104299660446400E-016, 0.0000000000000000000 ) ) ;
#4453 = LINE ( 'NONE', #3644, #9110 ) ;
#4454 = DIRECTION ( 'NONE',  ( -0.0000000000000000000, -0.0000000000000000000, -1.000000000000000000 ) ) ;
#4455 = CARTESIAN_POINT ( 'NONE',  ( -5.202500000000000600, 0.2493910125649564100, 3.390000000000000600 ) ) ;
#4456 = DIRECTION ( 'NONE',  ( -0.9659258262890683100, -0.2588190451025207900, 0.0000000000000000000 ) ) ;
#4457 = EDGE_CURVE ( 'NONE', #7382, #3951, #7278, .T. ) ;
#4458 = DIRECTION ( 'NONE',  ( -0.0000000000000000000, -0.0000000000000000000, -1.000000000000000000 ) ) ;
#4459 = AXIS2_PLACEMENT_3D ( 'NONE', #4533, #3885, #9251 ) ;
#4460 = ORIENTED_EDGE ( 'NONE', *, *, #3456, .F. ) ;
#4461 = CYLINDRICAL_SURFACE ( 'NONE', #4311, 0.2852191065223054800 ) ;
#4462 = LINE ( 'NONE', #187, #5481 ) ;
#4463 = DIRECTION ( 'NONE',  ( -0.9975640502598246400, 0.06975647374411952900, -0.0000000000000000000 ) ) ;
#4464 = CARTESIAN_POINT ( 'NONE',  ( -4.085923696263362700, 1.164780893477695100, 1.690000000000000600 ) ) ;
#4465 = PLANE ( 'NONE',  #2187 ) ;
#4466 = ADVANCED_FACE ( 'NONE', ( #2341 ), #2202, .F. ) ;
#4467 = ORIENTED_EDGE ( 'NONE', *, *, #1156, .F. ) ;
#4468 = DIRECTION ( 'NONE',  ( 0.0000000000000000000, 0.0000000000000000000, 1.000000000000000000 ) ) ;
#4469 = DIRECTION ( 'NONE',  ( 2.284363386111988300E-016, 0.1391731009600657400, 0.9902680687415702500 ) ) ;
#4470 = EDGE_CURVE ( 'NONE', #5912, #6898, #10079, .T. ) ;
#4471 = MANIFOLD_SOLID_BREP ( 'Boss-Extrude5', #7270 ) ;
#4472 = SURFACE_STYLE_USAGE ( .BOTH. , #498 ) ;
#4473 = DIRECTION ( 'NONE',  ( -0.0000000000000000000, -0.0000000000000000000, -1.000000000000000000 ) ) ;
#4474 = SURFACE_STYLE_FILL_AREA ( #2835 ) ;
#4475 = CARTESIAN_POINT ( 'NONE',  ( 4.085923696263362700, 1.164780893477695100, 4.660000000000001000 ) ) ;
#4476 = ORIENTED_EDGE ( 'NONE', *, *, #7522, .T. ) ;
#4477 = EDGE_CURVE ( 'NONE', #578, #4008, #8274, .T. ) ;
#4478 = FACE_OUTER_BOUND ( 'NONE', #103, .T. ) ;
#4479 = DIRECTION ( 'NONE',  ( 0.06975647374411816900, 0.9975640502598247500, -0.0000000000000000000 ) ) ;
#4480 = DIRECTION ( 'NONE',  ( -0.0000000000000000000, -0.0000000000000000000, -1.000000000000000000 ) ) ;
#4481 = VERTEX_POINT ( 'NONE', #5326 ) ;
#4482 = CARTESIAN_POINT ( 'NONE',  ( 3.759999999999999300, 1.450000000000000200, -6.412500000000003200 ) ) ;
#4483 = LINE ( 'NONE', #1386, #10118 ) ;
#4484 = CARTESIAN_POINT ( 'NONE',  ( 3.759999999999999800, 1.450000000000000200, -2.959999999999999500 ) ) ;
#4485 = DIRECTION ( 'NONE',  ( 1.000000000000000000, 0.0000000000000000000, 0.0000000000000000000 ) ) ;
#4486 = CARTESIAN_POINT ( 'NONE',  ( -4.361424197404348400, 1.238601030272792100, -0.4199999999999993700 ) ) ;
#4487 = EDGE_CURVE ( 'NONE', #1218, #762, #7767, .T. ) ;
#4488 = CARTESIAN_POINT ( 'NONE',  ( -4.623104622025544500, 0.03929580968121807600, 3.390000000000000600 ) ) ;
#4489 = DIRECTION ( 'NONE',  ( 0.0000000000000000000, 1.000000000000000000, 0.0000000000000000000 ) ) ;
#4490 = EDGE_CURVE ( 'NONE', #1112, #8457, #5098, .T. ) ;
#4491 = VERTEX_POINT ( 'NONE', #5363 ) ;
#4492 = CARTESIAN_POINT ( 'NONE',  ( 4.640543740461574800, 0.2886868222461744800, -1.689999999999999700 ) ) ;
#4493 = LINE ( 'NONE', #3165, #9756 ) ;
#4494 = VERTEX_POINT ( 'NONE', #2548 ) ;
#4495 = ORIENTED_EDGE ( 'NONE', *, *, #2661, .T. ) ;
#4496 = DIRECTION ( 'NONE',  ( -0.0000000000000000000, -0.0000000000000000000, -1.000000000000000000 ) ) ;
#4497 = AXIS2_PLACEMENT_3D ( 'NONE', #4942, #1877, #4279 ) ;
#4498 = ORIENTED_EDGE ( 'NONE', *, *, #4490, .T. ) ;
#4499 = EDGE_CURVE ( 'NONE', #10135, #4356, #3828, .T. ) ;
#4500 = VECTOR ( 'NONE', #5816, 1000.000000000000000 ) ;
#4501 = ORIENTED_EDGE ( 'NONE', *, *, #9385, .T. ) ;
#4502 = ADVANCED_FACE ( 'NONE', ( #1157 ), #8121, .F. ) ;
#4503 = CARTESIAN_POINT ( 'NONE',  ( -1.175000000000000500, 4.374037903435110200, -1.655000000000000200 ) ) ;
#4504 = DIRECTION ( 'NONE',  ( -0.0000000000000000000, -0.0000000000000000000, -1.000000000000000000 ) ) ;
#4505 = DIRECTION ( 'NONE',  ( 0.2588190451025207900, -0.9659258262890683100, 0.0000000000000000000 ) ) ;
#4506 = VERTEX_POINT ( 'NONE', #6467 ) ;
#4507 = CLOSED_SHELL ( 'NONE', ( #3784, #656, #8536, #7300, #2246, #6159, #3113, #987, #4214, #8680, #8785, #2812, #9239, #4656 ) ) ;
#4508 =( NAMED_UNIT ( * ) PLANE_ANGLE_UNIT ( ) SI_UNIT ( $, .RADIAN. ) );
#4509 = DIRECTION ( 'NONE',  ( 1.000000000000000000, 0.0000000000000000000, 0.0000000000000000000 ) ) ;
#4510 = VECTOR ( 'NONE', #8389, 1000.000000000000100 ) ;
#4511 = ORIENTED_EDGE ( 'NONE', *, *, #7525, .T. ) ;
#4512 = EDGE_CURVE ( 'NONE', #8540, #5140, #779, .T. ) ;
#4513 = DIRECTION ( 'NONE',  ( -0.0000000000000000000, -0.0000000000000000000, -1.000000000000000000 ) ) ;
#4514 = ADVANCED_FACE ( 'NONE', ( #6179 ), #516, .F. ) ;
#4515 = DIRECTION ( 'NONE',  ( 1.000000000000000000, 6.653104299660446400E-016, 0.0000000000000000000 ) ) ;
#4516 = FACE_OUTER_BOUND ( 'NONE', #7083, .T. ) ;
#4517 = CARTESIAN_POINT ( 'NONE',  ( 3.759999999999999800, 1.450000000000000200, -0.4199999999999993700 ) ) ;
#4518 = LINE ( 'NONE', #2602, #6498 ) ;
#4519 = DIRECTION ( 'NONE',  ( -1.000000000000000000, 0.0000000000000000000, -0.0000000000000000000 ) ) ;
#4520 = VERTEX_POINT ( 'NONE', #6858 ) ;
#4521 = DIRECTION ( 'NONE',  ( -0.0000000000000000000, -0.0000000000000000000, -1.000000000000000000 ) ) ;
#4522 = CARTESIAN_POINT ( 'NONE',  ( 3.759999999999999800, 1.450000000000000200, -2.959999999999999500 ) ) ;
#4523 = UNCERTAINTY_MEASURE_WITH_UNIT (LENGTH_MEASURE( 1.000000000000000100E-005 ), #6312, 'distance_accuracy_value', 'NONE');
#4524 = AXIS2_PLACEMENT_3D ( 'NONE', #455, #7507, #6721 ) ;
#4525 = CIRCLE ( 'NONE', #1000, 0.03521910652230526200 ) ;
#4526 = CARTESIAN_POINT ( 'NONE',  ( 3.759999999999999300, 1.200000000000000200, 3.390000000000000600 ) ) ;
#4527 = DIRECTION ( 'NONE',  ( 1.000000000000000000, -6.653104299660446400E-016, -0.0000000000000000000 ) ) ;
#4528 = ORIENTED_EDGE ( 'NONE', *, *, #180, .T. ) ;
#4529 = DIRECTION ( 'NONE',  ( -1.000000000000000000, -6.653104299660446400E-016, 0.0000000000000000000 ) ) ;
#4530 = EDGE_CURVE ( 'NONE', #2584, #1254, #5468, .T. ) ;
#4531 = ORIENTED_EDGE ( 'NONE', *, *, #1957, .F. ) ;
#4532 = DIRECTION ( 'NONE',  ( -0.9975640502598247500, -0.06975647374411807200, 0.0000000000000000000 ) ) ;
#4533 = CARTESIAN_POINT ( 'NONE',  ( -4.643000501140988900, 0.3238201367950973600, 5.930000000000001500 ) ) ;
#4534 = ORIENTED_EDGE ( 'NONE', *, *, #6082, .F. ) ;
#4535 = ORIENTED_EDGE ( 'NONE', *, *, #7367, .F. ) ;
#4536 = VECTOR ( 'NONE', #1761, 1000.000000000000000 ) ;
#4537 = DIRECTION ( 'NONE',  ( -1.000000000000000000, 6.653104299660455300E-016, -0.0000000000000000000 ) ) ;
#4538 = DIRECTION ( 'NONE',  ( -1.000000000000000000, 0.0000000000000000000, 0.0000000000000000000 ) ) ;
#4539 = VECTOR ( 'NONE', #6601, 1000.000000000000000 ) ;
#4540 =( LENGTH_UNIT ( ) NAMED_UNIT ( * ) SI_UNIT ( .MILLI., .METRE. ) );
#4541 = LINE ( 'NONE', #5138, #2445 ) ;
#4542 = AXIS2_PLACEMENT_3D ( 'NONE', #964, #241, #8029 ) ;
#4543 = FILL_AREA_STYLE ('',( #9260 ) ) ;
#4544 = EDGE_CURVE ( 'NONE', #2778, #8542, #2736, .T. ) ;
#4545 = ORIENTED_EDGE ( 'NONE', *, *, #314, .T. ) ;
#4546 = ORIENTED_EDGE ( 'NONE', *, *, #3171, .T. ) ;
#4547 = EDGE_CURVE ( 'NONE', #3094, #8390, #2843, .T. ) ;
#4548 = CARTESIAN_POINT ( 'NONE',  ( -4.119942740832083700, 1.173896268997162200, 4.660000000000001000 ) ) ;
#4549 = ORIENTED_EDGE ( 'NONE', *, *, #7840, .F. ) ;
#4550 = VECTOR ( 'NONE', #3425, 1000.000000000000000 ) ;
#4551 = SURFACE_SIDE_STYLE ('',( #5165 ) ) ;
#4552 = DIRECTION ( 'NONE',  ( -0.0000000000000000000, -0.0000000000000000000, -1.000000000000000000 ) ) ;
#4553 = DIRECTION ( 'NONE',  ( -0.0000000000000000000, -0.0000000000000000000, -1.000000000000000000 ) ) ;
#4554 = SURFACE_STYLE_FILL_AREA ( #4343 ) ;
#4555 = ADVANCED_FACE ( 'NONE', ( #658 ), #1993, .F. ) ;
#4556 = CARTESIAN_POINT ( 'NONE',  ( -4.623104622025544500, 0.03929580968121797200, 3.390000000000000600 ) ) ;
#4557 = CARTESIAN_POINT ( 'NONE',  ( 3.759999999999999800, 1.450000000000000200, 2.120000000000000600 ) ) ;
#4558 = ORIENTED_EDGE ( 'NONE', *, *, #8300, .T. ) ;
#4559 = ORIENTED_EDGE ( 'NONE', *, *, #9484, .F. ) ;
#4560 = DIRECTION ( 'NONE',  ( -1.000000000000000000, 0.0000000000000000000, 0.0000000000000000000 ) ) ;
#4561 = ORIENTED_EDGE ( 'NONE', *, *, #5178, .F. ) ;
#4562 = CIRCLE ( 'NONE', #6060, 0.03521910652230526200 ) ;
#4563 = EDGE_CURVE ( 'NONE', #2247, #2397, #8861, .T. ) ;
#4564 = FACE_OUTER_BOUND ( 'NONE', #7600, .T. ) ;
#4565 = CARTESIAN_POINT ( 'NONE',  ( -4.085923696263362700, 1.449999999999999300, -2.119999999999999700 ) ) ;
#4566 = EDGE_CURVE ( 'NONE', #6656, #2483, #525, .T. ) ;
#4567 = FACE_OUTER_BOUND ( 'NONE', #9530, .T. ) ;
#4568 = CARTESIAN_POINT ( 'NONE',  ( 4.640543740461574800, 0.2886868222461744800, 2.120000000000000600 ) ) ;
#4569 = EDGE_LOOP ( 'NONE', ( #10016, #2010, #535, #1804 ) ) ;
#4570 = ORIENTED_EDGE ( 'NONE', *, *, #9162, .T. ) ;
#4571 = ADVANCED_FACE ( 'NONE', ( #4577 ), #487, .F. ) ;
#4572 = VECTOR ( 'NONE', #10070, 1000.000000000000000 ) ;
#4573 = ORIENTED_EDGE ( 'NONE', *, *, #4636, .T. ) ;
#4574 = CARTESIAN_POINT ( 'NONE',  ( -2.760000000000000200, 2.599999999999998800, -5.412500000000003200 ) ) ;
#4575 = VECTOR ( 'NONE', #9418, 1000.000000000000000 ) ;
#4576 = DIRECTION ( 'NONE',  ( 0.0000000000000000000, 0.0000000000000000000, -1.000000000000000000 ) ) ;
#4577 = FACE_OUTER_BOUND ( 'NONE', #8250, .T. ) ;
#4578 = CARTESIAN_POINT ( 'NONE',  ( 4.623104622025544500, 0.03929580968121807600, 4.660000000000001000 ) ) ;
#4579 = CARTESIAN_POINT ( 'NONE',  ( 4.623104622025544500, 0.03929580968121807600, 2.960000000000000900 ) ) ;
#4580 = CARTESIAN_POINT ( 'NONE',  ( 4.643000501140988900, 0.3238201367950973600, 0.4200000000000010900 ) ) ;
#4581 = AXIS2_PLACEMENT_3D ( 'NONE', #7401, #2697, #8973 ) ;
#4582 = EDGE_CURVE ( 'NONE', #2774, #6470, #7027, .T. ) ;
#4583 = CARTESIAN_POINT ( 'NONE',  ( -4.623104622025544500, 0.03929580968121797200, 4.660000000000001000 ) ) ;
#4584 = FACE_OUTER_BOUND ( 'NONE', #3537, .T. ) ;
#4585 = ORIENTED_EDGE ( 'NONE', *, *, #3978, .F. ) ;
#4586 = CARTESIAN_POINT ( 'NONE',  ( -0.4299999999999999900, -0.0000000000000000000, -1.785000000000000100 ) ) ;
#4587 = ORIENTED_EDGE ( 'NONE', *, *, #9090, .T. ) ;
#4588 = LINE ( 'NONE', #878, #919 ) ;
#4589 = DIRECTION ( 'NONE',  ( 0.0000000000000000000, 0.0000000000000000000, 1.000000000000000000 ) ) ;
#4590 = DIRECTION ( 'NONE',  ( -0.9975640502598247500, -0.06975647374411807200, 0.0000000000000000000 ) ) ;
#4591 = CARTESIAN_POINT ( 'NONE',  ( -4.085923696263362700, 1.164780893477695100, 3.390000000000000600 ) ) ;
#4592 = ORIENTED_EDGE ( 'NONE', *, *, #7011, .F. ) ;
#4593 = CARTESIAN_POINT ( 'NONE',  ( -4.085923696263362700, 1.449999999999999300, -0.8499999999999992000 ) ) ;
#4594 = CARTESIAN_POINT ( 'NONE',  ( 4.623104622025544500, 0.03929580968121807600, -3.389999999999999200 ) ) ;
#4595 = CARTESIAN_POINT ( 'NONE',  ( 4.361424197404351100, 1.238601030272792600, 5.500000000000001800 ) ) ;
#4596 = LINE ( 'NONE', #5792, #2630 ) ;
#4597 = DIRECTION ( 'NONE',  ( 0.0000000000000000000, 0.0000000000000000000, -1.000000000000000000 ) ) ;
#4598 = VECTOR ( 'NONE', #3333, 1000.000000000000000 ) ;
#4599 = AXIS2_PLACEMENT_3D ( 'NONE', #1480, #8524, #7007 ) ;
#4600 = VECTOR ( 'NONE', #6891, 1000.000000000000000 ) ;
#4601 = DIRECTION ( 'NONE',  ( -1.000000000000000000, 0.0000000000000000000, 0.0000000000000000000 ) ) ;
#4602 = VERTEX_POINT ( 'NONE', #5446 ) ;
#4603 = LINE ( 'NONE', #1154, #2018 ) ;
#4604 = DIRECTION ( 'NONE',  ( -0.0000000000000000000, -0.0000000000000000000, -1.000000000000000000 ) ) ;
#4605 = ADVANCED_FACE ( 'NONE', ( #5085 ), #8403, .F. ) ;
#4606 = EDGE_CURVE ( 'NONE', #9173, #7594, #9818, .T. ) ;
#4607 = DIRECTION ( 'NONE',  ( 0.0000000000000000000, 1.000000000000000000, 0.0000000000000000000 ) ) ;
#4608 = EDGE_LOOP ( 'NONE', ( #4255, #8952, #1002, #2381 ) ) ;
#4609 = CLOSED_SHELL ( 'NONE', ( #7816, #1949, #9537, #4829, #2229, #1904, #7136, #8129, #3987, #9801, #1607, #269, #6585, #1895 ) ) ;
#4610 = SURFACE_SIDE_STYLE ('',( #755 ) ) ;
#4611 = ORIENTED_EDGE ( 'NONE', *, *, #1558, .F. ) ;
#4612 = VECTOR ( 'NONE', #3990, 1000.000000000000100 ) ;
#4613 = APPLICATION_CONTEXT ( 'automotive_design' ) ;
#4614 = VERTEX_POINT ( 'NONE', #6241 ) ;
#4615 = CARTESIAN_POINT ( 'NONE',  ( -3.760000000000000200, 1.200000000000000200, 6.412500000000003200 ) ) ;
#4616 = DIRECTION ( 'NONE',  ( -0.9975640502598247500, -0.06975647374411807200, 0.0000000000000000000 ) ) ;
#4617 = DIRECTION ( 'NONE',  ( -0.0000000000000000000, -0.0000000000000000000, -1.000000000000000000 ) ) ;
#4618 = DIRECTION ( 'NONE',  ( -0.0000000000000000000, -0.0000000000000000000, -1.000000000000000000 ) ) ;
#4619 = EDGE_LOOP ( 'NONE', ( #8562, #4350, #9339, #3050 ) ) ;
#4620 = CIRCLE ( 'NONE', #2792, 0.03521910652230526200 ) ;
#4621 = ADVANCED_FACE ( 'NONE', ( #4564 ), #1979, .F. ) ;
#4622 = PLANE ( 'NONE',  #8228 ) ;
#4623 = DIRECTION ( 'NONE',  ( -0.0000000000000000000, -0.0000000000000000000, -1.000000000000000000 ) ) ;
#4624 = EDGE_CURVE ( 'NONE', #3381, #9905, #6169, .T. ) ;
#4625 = CARTESIAN_POINT ( 'NONE',  ( -0.4300000000000000500, -0.0000000000000000000, -1.655000000000000200 ) ) ;
#4626 = ORIENTED_EDGE ( 'NONE', *, *, #2887, .F. ) ;
#4627 = EDGE_CURVE ( 'NONE', #5787, #752, #2723, .T. ) ;
#4628 = ORIENTED_EDGE ( 'NONE', *, *, #4636, .F. ) ;
#4629 = VERTEX_POINT ( 'NONE', #1530 ) ;
#4630 = CYLINDRICAL_SURFACE ( 'NONE', #5652, 0.03521910652230526200 ) ;
#4631 = CARTESIAN_POINT ( 'NONE',  ( -4.608981456572268900, 0.3147047612756303000, 4.660000000000001000 ) ) ;
#4632 = ORIENTED_EDGE ( 'NONE', *, *, #5896, .F. ) ;
#4633 = DIRECTION ( 'NONE',  ( -0.0000000000000000000, 1.000000000000000000, -0.0000000000000000000 ) ) ;
#4634 = ORIENTED_EDGE ( 'NONE', *, *, #4627, .F. ) ;
#4635 = CARTESIAN_POINT ( 'NONE',  ( -4.085923696263362700, 1.449999999999999300, -3.389999999999999200 ) ) ;
#4636 = EDGE_CURVE ( 'NONE', #10072, #7067, #4072, .T. ) ;
#4637 = PLANE ( 'NONE',  #6007 ) ;
#4638 = DIRECTION ( 'NONE',  ( -0.0000000000000000000, -0.0000000000000000000, -1.000000000000000000 ) ) ;
#4639 = CARTESIAN_POINT ( 'NONE',  ( -4.367500000000000600, 0.2500000000000000000, -2.119999999999999700 ) ) ;
#4640 = VECTOR ( 'NONE', #2759, 1000.000000000000000 ) ;
#4641 = DIRECTION ( 'NONE',  ( 1.000000000000000000, 0.0000000000000000000, -0.0000000000000000000 ) ) ;
#4642 = ORIENTED_EDGE ( 'NONE', *, *, #8567, .T. ) ;
#4643 = CARTESIAN_POINT ( 'NONE',  ( 4.119942740832083700, 1.173896268997162200, -0.4199999999999993700 ) ) ;
#4644 = DIRECTION ( 'NONE',  ( -0.2588190451025207900, -0.9659258262890683100, 0.0000000000000000000 ) ) ;
#4645 = ORIENTED_EDGE ( 'NONE', *, *, #7643, .T. ) ;
#4646 = CIRCLE ( 'NONE', #7491, 0.03521910652230526200 ) ;
#4647 = CYLINDRICAL_SURFACE ( 'NONE', #6181, 0.03521910652230526200 ) ;
#4648 = ORIENTED_EDGE ( 'NONE', *, *, #1465, .F. ) ;
#4649 = LINE ( 'NONE', #6710, #8342 ) ;
#4650 = AXIS2_PLACEMENT_3D ( 'NONE', #9253, #6260, #2231 ) ;
#4651 = DIRECTION ( 'NONE',  ( 1.000000000000000000, 0.0000000000000000000, 0.0000000000000000000 ) ) ;
#4652 = PLANE ( 'NONE',  #9578 ) ;
#4653 = CARTESIAN_POINT ( 'NONE',  ( -3.591350998357130100, -4.336808689942017700E-016, -6.243850998357132200 ) ) ;
#4654 = ORIENTED_EDGE ( 'NONE', *, *, #951, .F. ) ;
#4655 = PLANE ( 'NONE',  #2317 ) ;
#4656 = ADVANCED_FACE ( 'NONE', ( #10068 ), #5339, .F. ) ;
#4657 = DIRECTION ( 'NONE',  ( -0.0000000000000000000, -0.0000000000000000000, -1.000000000000000000 ) ) ;
#4658 = DIRECTION ( 'NONE',  ( -0.0000000000000000000, 0.0000000000000000000, -1.000000000000000000 ) ) ;
#4659 = ORIENTED_EDGE ( 'NONE', *, *, #2178, .T. ) ;
#4660 = ORIENTED_EDGE ( 'NONE', *, *, #9969, .F. ) ;
#4661 = DIRECTION ( 'NONE',  ( 4.170008355713481600E-016, 0.0000000000000000000, -1.000000000000000000 ) ) ;
#4662 = FACE_OUTER_BOUND ( 'NONE', #6255, .T. ) ;
#4663 = DIRECTION ( 'NONE',  ( 0.0000000000000000000, 1.000000000000000000, 0.0000000000000000000 ) ) ;
#4664 = LINE ( 'NONE', #4945, #494 ) ;
#4665 = MECHANICAL_DESIGN_GEOMETRIC_PRESENTATION_REPRESENTATION (  '', ( #7824 ), #4864 ) ;
#4666 = CARTESIAN_POINT ( 'NONE',  ( -4.361424197404348400, 1.238601030272792100, -3.389999999999999200 ) ) ;
#4667 = CARTESIAN_POINT ( 'NONE',  ( 3.759999999999999800, 1.450000000000000200, -2.119999999999999700 ) ) ;
#4668 = ORIENTED_EDGE ( 'NONE', *, *, #6035, .F. ) ;
#4669 = EDGE_LOOP ( 'NONE', ( #6171, #3174, #1998, #7849 ) ) ;
#4670 = EDGE_CURVE ( 'NONE', #1830, #2136, #8006, .T. ) ;
#4671 = ORIENTED_EDGE ( 'NONE', *, *, #5641, .T. ) ;
#4672 = CIRCLE ( 'NONE', #4955, 0.03521910652230526200 ) ;
#4673 = ADVANCED_FACE ( 'NONE', ( #9575 ), #4208, .T. ) ;
#4674 = LINE ( 'NONE', #6321, #4930 ) ;
#4675 = CARTESIAN_POINT ( 'NONE',  ( 0.4299999999999999400, 0.1000000000000002600, -1.785000000000000100 ) ) ;
#4676 = PLANE ( 'NONE',  #9830 ) ;
#4677 = VERTEX_POINT ( 'NONE', #5674 ) ;
#4678 = DIRECTION ( 'NONE',  ( 0.2588190451025207900, 0.9659258262890683100, -0.0000000000000000000 ) ) ;
#4679 = DIRECTION ( 'NONE',  ( 1.000000000000000000, -6.653104299660455300E-016, 0.0000000000000000000 ) ) ;
#4680 = ORIENTED_EDGE ( 'NONE', *, *, #8123, .T. ) ;
#4681 = VERTEX_POINT ( 'NONE', #4076 ) ;
#4682 = AXIS2_PLACEMENT_3D ( 'NONE', #8328, #5253, #2926 ) ;
#4683 = FACE_OUTER_BOUND ( 'NONE', #9942, .T. ) ;
#4684 = LINE ( 'NONE', #2726, #6041 ) ;
#4685 = FACE_OUTER_BOUND ( 'NONE', #3436, .T. ) ;
#4686 = EDGE_CURVE ( 'NONE', #3865, #8676, #899, .T. ) ;
#4687 = EDGE_CURVE ( 'NONE', #3865, #3315, #6054, .T. ) ;
#4688 = CARTESIAN_POINT ( 'NONE',  ( -4.640543740461573900, 0.2886868222461744200, -5.929999999999999700 ) ) ;
#4689 = CARTESIAN_POINT ( 'NONE',  ( 4.643000501140988900, 0.3238201367950973600, 3.390000000000000600 ) ) ;
#4690 = ORIENTED_EDGE ( 'NONE', *, *, #1356, .T. ) ;
#4691 = CARTESIAN_POINT ( 'NONE',  ( -5.202500000000000600, 0.2493910125649564100, -0.4199999999999993700 ) ) ;
#4692 = ORIENTED_EDGE ( 'NONE', *, *, #4021, .F. ) ;
#4693 = VECTOR ( 'NONE', #1808, 1000.000000000000000 ) ;
#4694 = ORIENTED_EDGE ( 'NONE', *, *, #1109, .F. ) ;
#4695 = DIRECTION ( 'NONE',  ( -0.0000000000000000000, -0.0000000000000000000, -1.000000000000000000 ) ) ;
#4696 = LINE ( 'NONE', #7706, #3441 ) ;
#4697 = VECTOR ( 'NONE', #284, 999.9999999999998900 ) ;
#4698 = ORIENTED_EDGE ( 'NONE', *, *, #7537, .F. ) ;
#4699 = DIRECTION ( 'NONE',  ( 1.000000000000000000, -6.653104299660446400E-016, -0.0000000000000000000 ) ) ;
#4700 = CARTESIAN_POINT ( 'NONE',  ( 0.4299999999999998800, 0.0000000000000000000, 1.654999999999999800 ) ) ;
#4701 = ORIENTED_EDGE ( 'NONE', *, *, #4889, .T. ) ;
#4702 = VERTEX_POINT ( 'NONE', #4947 ) ;
#4703 = EDGE_CURVE ( 'NONE', #8024, #4819, #1370, .T. ) ;
#4704 = VECTOR ( 'NONE', #4319, 1000.000000000000000 ) ;
#4705 = VERTEX_POINT ( 'NONE', #1101 ) ;
#4706 = VERTEX_POINT ( 'NONE', #8032 ) ;
#4707 = CARTESIAN_POINT ( 'NONE',  ( 4.085923696263362700, 1.164780893477695100, 3.390000000000000600 ) ) ;
#4708 = VECTOR ( 'NONE', #2879, 1000.000000000000000 ) ;
#4709 = LINE ( 'NONE', #7170, #4345 ) ;
#4710 = CARTESIAN_POINT ( 'NONE',  ( -2.760000000000000200, 2.599999999999998800, -5.412500000000003200 ) ) ;
#4711 = DIRECTION ( 'NONE',  ( 0.9975640502598248600, 0.06975647374411747500, -0.0000000000000000000 ) ) ;
#4712 = ORIENTED_EDGE ( 'NONE', *, *, #3535, .F. ) ;
#4713 = CARTESIAN_POINT ( 'NONE',  ( -4.361424197404348400, 1.238601030272792100, 3.390000000000000600 ) ) ;
#4714 = ORIENTED_EDGE ( 'NONE', *, *, #3144, .T. ) ;
#4715 = LINE ( 'NONE', #8075, #2117 ) ;
#4716 = LINE ( 'NONE', #3275, #6794 ) ;
#4717 = DIRECTION ( 'NONE',  ( -1.734723475976807100E-015, -1.000000000000000000, 0.0000000000000000000 ) ) ;
#4718 = ORIENTED_EDGE ( 'NONE', *, *, #2178, .F. ) ;
#4719 = CARTESIAN_POINT ( 'NONE',  ( 4.085923696263362700, 1.164780893477695100, -1.689999999999999700 ) ) ;
#4720 = EDGE_CURVE ( 'NONE', #6458, #5974, #5689, .T. ) ;
#4721 = ORIENTED_EDGE ( 'NONE', *, *, #1261, .F. ) ;
#4722 = VECTOR ( 'NONE', #10104, 1000.000000000000000 ) ;
#4723 = VERTEX_POINT ( 'NONE', #2492 ) ;
#4724 = CARTESIAN_POINT ( 'NONE',  ( -4.085923696263362700, 1.200000000000000400, 3.390000000000000600 ) ) ;
#4725 = CARTESIAN_POINT ( 'NONE',  ( 5.202500000000000600, 0.2493910125649557200, -2.959999999999999500 ) ) ;
#4726 = FACE_OUTER_BOUND ( 'NONE', #1836, .T. ) ;
#4727 = CARTESIAN_POINT ( 'NONE',  ( -3.759999999999999300, 1.450000000000000400, -1.689999999999999700 ) ) ;
#4728 = ADVANCED_FACE ( 'NONE', ( #5932 ), #5023, .T. ) ;
#4729 = CARTESIAN_POINT ( 'NONE',  ( 4.085923696263362700, 1.200000000000000600, -2.119999999999999700 ) ) ;
#4730 = DIRECTION ( 'NONE',  ( 0.0000000000000000000, -1.000000000000000000, 0.0000000000000000000 ) ) ;
#4731 = EDGE_CURVE ( 'NONE', #5921, #4393, #3815, .T. ) ;
#4732 = DIRECTION ( 'NONE',  ( 1.000000000000000000, 0.0000000000000000000, 0.0000000000000000000 ) ) ;
#4733 = DIRECTION ( 'NONE',  ( 1.000000000000000000, 0.0000000000000000000, 0.0000000000000000000 ) ) ;
#4734 = ORIENTED_EDGE ( 'NONE', *, *, #7921, .T. ) ;
#4735 = AXIS2_PLACEMENT_3D ( 'NONE', #6892, #5405, #2176 ) ;
#4736 = VECTOR ( 'NONE', #4623, 1000.000000000000000 ) ;
#4737 = EDGE_LOOP ( 'NONE', ( #6992, #5407, #390, #5734, #7495, #9499, #9997, #8803, #8272, #8650, #7632, #9177 ) ) ;
#4738 = CARTESIAN_POINT ( 'NONE',  ( -2.760000000000000200, 2.599999999999998800, -5.412500000000003200 ) ) ;
#4739 = EDGE_CURVE ( 'NONE', #7080, #5101, #9945, .T. ) ;
#4740 = CIRCLE ( 'NONE', #8292, 0.2852191065223054800 ) ;
#4741 = AXIS2_PLACEMENT_3D ( 'NONE', #2291, #5552, #843 ) ;
#4742 = CARTESIAN_POINT ( 'NONE',  ( 4.640543740461574800, 0.2886868222461744800, 3.390000000000000600 ) ) ;
#4743 = ORIENTED_EDGE ( 'NONE', *, *, #331, .F. ) ;
#4744 = CARTESIAN_POINT ( 'NONE',  ( 4.643000501140988900, 0.3238201367950973600, -0.8499999999999992000 ) ) ;
#4745 = ORIENTED_EDGE ( 'NONE', *, *, #2042, .F. ) ;
#4746 = LINE ( 'NONE', #8127, #3742 ) ;
#4747 = CARTESIAN_POINT ( 'NONE',  ( 4.361424197404351100, 1.238601030272792600, 4.660000000000001000 ) ) ;
#4748 = AXIS2_PLACEMENT_3D ( 'NONE', #5376, #2214, #7710 ) ;
#4749 = CARTESIAN_POINT ( 'NONE',  ( 4.361424197404351100, 1.238601030272792600, 0.8500000000000009800 ) ) ;
#4750 = DIRECTION ( 'NONE',  ( -1.000000000000000000, 0.0000000000000000000, 0.0000000000000000000 ) ) ;
#4751 = EDGE_LOOP ( 'NONE', ( #7247, #2194, #5615, #4379 ) ) ;
#4752 = CARTESIAN_POINT ( 'NONE',  ( -4.085923696263362700, 1.164780893477695100, -2.119999999999999700 ) ) ;
#4753 = ORIENTED_EDGE ( 'NONE', *, *, #6192, .T. ) ;
#4754 = ORIENTED_EDGE ( 'NONE', *, *, #8219, .T. ) ;
#4755 = VECTOR ( 'NONE', #3379, 1000.000000000000000 ) ;
#4756 = VERTEX_POINT ( 'NONE', #7268 ) ;
#4757 = ORIENTED_EDGE ( 'NONE', *, *, #5377, .T. ) ;
#4758 = CARTESIAN_POINT ( 'NONE',  ( -4.367500000000000600, 0.2500000000000000000, 4.660000000000001000 ) ) ;
#4759 = DIRECTION ( 'NONE',  ( -0.9975640502598248600, 0.06975647374411768400, 0.0000000000000000000 ) ) ;
#4760 = EDGE_LOOP ( 'NONE', ( #5556, #6190, #9870, #3867 ) ) ;
#4761 = DIRECTION ( 'NONE',  ( -0.0000000000000000000, -0.0000000000000000000, -1.000000000000000000 ) ) ;
#4762 = CARTESIAN_POINT ( 'NONE',  ( 4.361424197404351100, 1.238601030272792600, -5.929999999999999700 ) ) ;
#4763 = CARTESIAN_POINT ( 'NONE',  ( -0.4300000000000000500, 0.0000000000000000000, 1.784999999999999700 ) ) ;
#4764 =( NAMED_UNIT ( * ) SI_UNIT ( $, .STERADIAN. ) SOLID_ANGLE_UNIT ( ) );
#4765 = ADVANCED_FACE ( 'NONE', ( #1722 ), #3322, .F. ) ;
#4766 = CARTESIAN_POINT ( 'NONE',  ( 4.623104622025544500, 0.03929580968121807600, -5.500000000000000000 ) ) ;
#4767 = EDGE_CURVE ( 'NONE', #4320, #8540, #3555, .T. ) ;
#4768 = FACE_OUTER_BOUND ( 'NONE', #2387, .T. ) ;
#4769 = EDGE_CURVE ( 'NONE', #8206, #165, #1486, .T. ) ;
#4770 = ORIENTED_EDGE ( 'NONE', *, *, #163, .F. ) ;
#4771 = CARTESIAN_POINT ( 'NONE',  ( -3.759999999999999300, 1.450000000000000400, -5.929999999999999700 ) ) ;
#4772 = CARTESIAN_POINT ( 'NONE',  ( 4.085923696263362700, 1.164780893477695100, -2.959999999999999500 ) ) ;
#4773 = DIRECTION ( 'NONE',  ( 0.0000000000000000000, 0.0000000000000000000, 1.000000000000000000 ) ) ;
#4774 = AXIS2_PLACEMENT_3D ( 'NONE', #7899, #7960, #5647 ) ;
#4775 = ORIENTED_EDGE ( 'NONE', *, *, #6313, .T. ) ;
#4776 = AXIS2_PLACEMENT_3D ( 'NONE', #4689, #9505, #7981 ) ;
#4777 = EDGE_CURVE ( 'NONE', #2, #289, #3956, .T. ) ;
#4778 = ADVANCED_FACE ( 'NONE', ( #8733 ), #5878, .F. ) ;
#4779 = ORIENTED_EDGE ( 'NONE', *, *, #314, .F. ) ;
#4780 = SURFACE_STYLE_USAGE ( .BOTH. , #8753 ) ;
#4781 = FILL_AREA_STYLE_COLOUR ( '', #5680 ) ;
#4782 = DIRECTION ( 'NONE',  ( -0.9659258262890683100, 0.2588190451025207900, 0.0000000000000000000 ) ) ;
#4783 = DIRECTION ( 'NONE',  ( -6.653104299660455300E-016, -1.000000000000000000, 0.0000000000000000000 ) ) ;
#4784 = ORIENTED_EDGE ( 'NONE', *, *, #5993, .F. ) ;
#4785 = LINE ( 'NONE', #9732, #9061 ) ;
#4786 = VECTOR ( 'NONE', #9111, 1000.000000000000000 ) ;
#4787 = ORIENTED_EDGE ( 'NONE', *, *, #9119, .F. ) ;
#4788 = LINE ( 'NONE', #1624, #2068 ) ;
#4789 = ORIENTED_EDGE ( 'NONE', *, *, #2006, .T. ) ;
#4790 = ORIENTED_EDGE ( 'NONE', *, *, #471, .F. ) ;
#4791 = ORIENTED_EDGE ( 'NONE', *, *, #4244, .T. ) ;
#4792 = CARTESIAN_POINT ( 'NONE',  ( -4.085923696263362700, 1.449999999999999300, -5.500000000000000000 ) ) ;
#4793 = CARTESIAN_POINT ( 'NONE',  ( -3.759999999999999300, 1.200000000000000200, 2.120000000000000600 ) ) ;
#4794 = CIRCLE ( 'NONE', #1571, 0.4000000000000001900 ) ;
#4795 = VECTOR ( 'NONE', #7075, 1000.000000000000100 ) ;
#4796 = CARTESIAN_POINT ( 'NONE',  ( -4.640543740461573900, 0.2886868222461744200, -2.959999999999999500 ) ) ;
#4797 = DIRECTION ( 'NONE',  ( 0.0000000000000000000, 0.0000000000000000000, -1.000000000000000000 ) ) ;
#4798 =( NAMED_UNIT ( * ) PLANE_ANGLE_UNIT ( ) SI_UNIT ( $, .RADIAN. ) );
#4799 = ORIENTED_EDGE ( 'NONE', *, *, #6377, .T. ) ;
#4800 = ORIENTED_EDGE ( 'NONE', *, *, #3833, .T. ) ;
#4801 = EDGE_LOOP ( 'NONE', ( #7459, #929, #5913, #8643 ) ) ;
#4802 = LINE ( 'NONE', #8268, #6395 ) ;
#4803 = VECTOR ( 'NONE', #1251, 1000.000000000000000 ) ;
#4804 = VECTOR ( 'NONE', #6093, 1000.000000000000000 ) ;
#4805 = EDGE_CURVE ( 'NONE', #7124, #9217, #7504, .T. ) ;
#4806 = DIRECTION ( 'NONE',  ( 1.000000000000000000, 0.0000000000000000000, 0.0000000000000000000 ) ) ;
#4807 = CARTESIAN_POINT ( 'NONE',  ( -3.759999999999999300, 1.200000000000000200, 1.690000000000000600 ) ) ;
#4808 = EDGE_CURVE ( 'NONE', #6327, #2406, #8491, .T. ) ;
#4809 = AXIS2_PLACEMENT_3D ( 'NONE', #2494, #6446, #4906 ) ;
#4810 = VERTEX_POINT ( 'NONE', #10021 ) ;
#4811 = ORIENTED_EDGE ( 'NONE', *, *, #9119, .T. ) ;
#4812 = CARTESIAN_POINT ( 'NONE',  ( -4.643000501140988900, 0.3238201367950973600, 0.8500000000000009800 ) ) ;
#4813 = VERTEX_POINT ( 'NONE', #5396 ) ;
#4814 = CARTESIAN_POINT ( 'NONE',  ( 3.759999999999999800, 1.450000000000000200, 2.960000000000000900 ) ) ;
#4815 = DIRECTION ( 'NONE',  ( -0.2588190451025207900, -0.9659258262890683100, 0.0000000000000000000 ) ) ;
#4816 = LINE ( 'NONE', #4615, #6291 ) ;
#4817 = DIRECTION ( 'NONE',  ( 0.9975640502598246400, -0.06975647374411952900, 0.0000000000000000000 ) ) ;
#4818 = VECTOR ( 'NONE', #6400, 1000.000000000000000 ) ;
#4819 = VERTEX_POINT ( 'NONE', #10091 ) ;
#4820 = VERTEX_POINT ( 'NONE', #417 ) ;
#4821 = AXIS2_PLACEMENT_3D ( 'NONE', #8391, #3568, #9068 ) ;
#4822 = FACE_OUTER_BOUND ( 'NONE', #1256, .T. ) ;
#4823 = ORIENTED_EDGE ( 'NONE', *, *, #7510, .F. ) ;
#4824 = EDGE_CURVE ( 'NONE', #8970, #8971, #8377, .T. ) ;
#4825 = VECTOR ( 'NONE', #8370, 1000.000000000000000 ) ;
#4826 = EDGE_CURVE ( 'NONE', #489, #2804, #4816, .T. ) ;
#4827 = CARTESIAN_POINT ( 'NONE',  ( 0.4299999999999999400, 4.374037903435110200, -1.785000000000000100 ) ) ;
#4828 = ORIENTED_EDGE ( 'NONE', *, *, #7192, .F. ) ;
#4829 = ADVANCED_FACE ( 'NONE', ( #9335 ), #685, .F. ) ;
#4830 = ORIENTED_EDGE ( 'NONE', *, *, #1325, .F. ) ;
#4831 = CARTESIAN_POINT ( 'NONE',  ( 3.759999999999999300, 1.200000000000000200, -6.412500000000003200 ) ) ;
#4832 = CYLINDRICAL_SURFACE ( 'NONE', #4776, 0.03521910652230526200 ) ;
#4833 = ORIENTED_EDGE ( 'NONE', *, *, #3512, .F. ) ;
#4834 = ORIENTED_EDGE ( 'NONE', *, *, #2586, .T. ) ;
#4835 = LINE ( 'NONE', #4374, #5483 ) ;
#4836 = CARTESIAN_POINT ( 'NONE',  ( -0.4299999999999999900, 0.1000000000000002600, -1.785000000000000100 ) ) ;
#4837 = AXIS2_PLACEMENT_3D ( 'NONE', #4772, #5583, #7199 ) ;
#4838 = STYLED_ITEM ( 'NONE', ( #2369 ), #6978 ) ;
#4839 = LINE ( 'NONE', #6620, #804 ) ;
#4840 = DIRECTION ( 'NONE',  ( 0.0000000000000000000, 0.0000000000000000000, 1.000000000000000000 ) ) ;
#4841 = DIRECTION ( 'NONE',  ( -0.06975647374411768400, -0.9975640502598248600, 0.0000000000000000000 ) ) ;
#4842 = LINE ( 'NONE', #954, #678 ) ;
#4843 = MANIFOLD_SOLID_BREP ( 'LPattern1[2]', #9277 ) ;
#4844 = DIRECTION ( 'NONE',  ( -0.0000000000000000000, -0.0000000000000000000, -1.000000000000000000 ) ) ;
#4845 = DIRECTION ( 'NONE',  ( 1.000000000000000000, -6.653104299660455300E-016, 0.0000000000000000000 ) ) ;
#4846 = ORIENTED_EDGE ( 'NONE', *, *, #1773, .T. ) ;
#4847 = ORIENTED_EDGE ( 'NONE', *, *, #8934, .F. ) ;
#4848 = EDGE_LOOP ( 'NONE', ( #3949, #1786, #3856, #6344 ) ) ;
#4849 = VERTEX_POINT ( 'NONE', #7052 ) ;
#4850 = EDGE_CURVE ( 'NONE', #229, #1309, #9219, .T. ) ;
#4851 = VECTOR ( 'NONE', #7967, 1000.000000000000000 ) ;
#4852 = AXIS2_PLACEMENT_3D ( 'NONE', #4484, #3409, #5099 ) ;
#4853 = CARTESIAN_POINT ( 'NONE',  ( 4.361424197404351100, 1.238601030272792600, -5.500000000000000000 ) ) ;
#4854 = CARTESIAN_POINT ( 'NONE',  ( 4.085923696263362700, 1.164780893477695100, -1.689999999999999700 ) ) ;
#4855 = ORIENTED_EDGE ( 'NONE', *, *, #6449, .T. ) ;
#4856 = VERTEX_POINT ( 'NONE', #6544 ) ;
#4857 = LINE ( 'NONE', #30, #2764 ) ;
#4858 = DIRECTION ( 'NONE',  ( -0.0000000000000000000, -0.0000000000000000000, -1.000000000000000000 ) ) ;
#4859 = CARTESIAN_POINT ( 'NONE',  ( -4.643000501140988900, 0.3238201367950973600, -0.4199999999999993700 ) ) ;
#4860 = EDGE_LOOP ( 'NONE', ( #4206, #4770, #4913, #1929 ) ) ;
#4861 = ADVANCED_FACE ( 'NONE', ( #6764 ), #3368, .F. ) ;
#4862 = CARTESIAN_POINT ( 'NONE',  ( 5.202500000000000600, 0.2493910125649557200, -0.4199999999999993700 ) ) ;
#4863 = DIRECTION ( 'NONE',  ( -0.0000000000000000000, -0.0000000000000000000, -1.000000000000000000 ) ) ;
#4864 =( GEOMETRIC_REPRESENTATION_CONTEXT ( 3 ) GLOBAL_UNCERTAINTY_ASSIGNED_CONTEXT ( ( #7604 ) ) GLOBAL_UNIT_ASSIGNED_CONTEXT ( ( #7442, #5133, #8886 ) ) REPRESENTATION_CONTEXT ( 'NONE', 'WORKASPACE' ) );
#4865 = ORIENTED_EDGE ( 'NONE', *, *, #2773, .F. ) ;
#4866 = CARTESIAN_POINT ( 'NONE',  ( 4.361424197404351100, 1.238601030272792600, -5.929999999999999700 ) ) ;
#4867 = EDGE_CURVE ( 'NONE', #7303, #6884, #1143, .T. ) ;
#4868 = AXIS2_PLACEMENT_3D ( 'NONE', #9515, #1656, #933 ) ;
#4869 = DIRECTION ( 'NONE',  ( -0.0000000000000000000, 1.000000000000000000, -0.0000000000000000000 ) ) ;
#4870 = ORIENTED_EDGE ( 'NONE', *, *, #8248, .F. ) ;
#4871 = LINE ( 'NONE', #3309, #3749 ) ;
#4872 = DIRECTION ( 'NONE',  ( -0.0000000000000000000, 0.0000000000000000000, -1.000000000000000000 ) ) ;
#4873 = CARTESIAN_POINT ( 'NONE',  ( -4.640543740461573900, 0.2886868222461744200, -4.229999999999999500 ) ) ;
#4874 = ORIENTED_EDGE ( 'NONE', *, *, #4975, .F. ) ;
#4875 = ORIENTED_EDGE ( 'NONE', *, *, #7525, .F. ) ;
#4876 = ADVANCED_FACE ( 'NONE', ( #9207 ), #1714, .F. ) ;
#4877 = DIRECTION ( 'NONE',  ( 0.9975640502598247500, -0.06975647374411816900, 0.0000000000000000000 ) ) ;
#4878 = ORIENTED_EDGE ( 'NONE', *, *, #7593, .F. ) ;
#4879 = DIRECTION ( 'NONE',  ( -0.0000000000000000000, -0.0000000000000000000, -1.000000000000000000 ) ) ;
#4880 = DIRECTION ( 'NONE',  ( 0.0000000000000000000, -1.000000000000000000, 0.0000000000000000000 ) ) ;
#4881 = DIRECTION ( 'NONE',  ( 1.000000000000000000, 0.0000000000000000000, -0.0000000000000000000 ) ) ;
#4882 = VECTOR ( 'NONE', #2980, 1000.000000000000000 ) ;
#4883 = CARTESIAN_POINT ( 'NONE',  ( -4.643000501140988900, 0.3238201367950973600, 4.660000000000001000 ) ) ;
#4884 = DIRECTION ( 'NONE',  ( -1.000000000000000000, 0.0000000000000000000, 0.0000000000000000000 ) ) ;
#4885 = ORIENTED_EDGE ( 'NONE', *, *, #4117, .T. ) ;
#4886 = EDGE_CURVE ( 'NONE', #6322, #3474, #2086, .T. ) ;
#4887 = AXIS2_PLACEMENT_3D ( 'NONE', #441, #5937, #4890 ) ;
#4888 = ORIENTED_EDGE ( 'NONE', *, *, #5434, .F. ) ;
#4889 = EDGE_CURVE ( 'NONE', #1463, #9173, #3443, .T. ) ;
#4890 = DIRECTION ( 'NONE',  ( 0.0000000000000000000, -0.0000000000000000000, 1.000000000000000000 ) ) ;
#4891 = FACE_OUTER_BOUND ( 'NONE', #7383, .T. ) ;
#4892 = PLANE ( 'NONE',  #4007 ) ;
#4893 = VERTEX_POINT ( 'NONE', #2749 ) ;
#4894 = DIRECTION ( 'NONE',  ( -0.0000000000000000000, -0.0000000000000000000, -1.000000000000000000 ) ) ;
#4895 = CARTESIAN_POINT ( 'NONE',  ( 4.640543740461574800, 0.2886868222461744800, -4.229999999999999500 ) ) ;
#4896 = VERTEX_POINT ( 'NONE', #5169 ) ;
#4897 = SURFACE_SIDE_STYLE ('',( #8338 ) ) ;
#4898 =( NAMED_UNIT ( * ) PLANE_ANGLE_UNIT ( ) SI_UNIT ( $, .RADIAN. ) );
#4899 = EDGE_CURVE ( 'NONE', #7358, #4893, #5313, .T. ) ;
#4900 = CARTESIAN_POINT ( 'NONE',  ( -4.085923696263362700, 1.200000000000000400, -4.229999999999999500 ) ) ;
#4901 = CARTESIAN_POINT ( 'NONE',  ( -4.119942740832083700, 1.173896268997162200, 2.120000000000000600 ) ) ;
#4902 = ORIENTED_EDGE ( 'NONE', *, *, #6742, .T. ) ;
#4903 = EDGE_CURVE ( 'NONE', #7597, #4702, #149, .T. ) ;
#4904 = LINE ( 'NONE', #7543, #732 ) ;
#4905 = FACE_OUTER_BOUND ( 'NONE', #2206, .T. ) ;
#4906 = DIRECTION ( 'NONE',  ( -1.000000000000000000, 0.0000000000000000000, 0.0000000000000000000 ) ) ;
#4907 = ORIENTED_EDGE ( 'NONE', *, *, #8069, .F. ) ;
#4908 = LINE ( 'NONE', #1319, #246 ) ;
#4909 = DIRECTION ( 'NONE',  ( 0.06975647374411816900, 0.9975640502598247500, -0.0000000000000000000 ) ) ;
#4910 = ORIENTED_EDGE ( 'NONE', *, *, #9996, .T. ) ;
#4911 = CARTESIAN_POINT ( 'NONE',  ( -4.119942740832083700, 1.173896268997162200, -2.959999999999999500 ) ) ;
#4912 = ORIENTED_EDGE ( 'NONE', *, *, #9065, .T. ) ;
#4913 = ORIENTED_EDGE ( 'NONE', *, *, #9947, .F. ) ;
#4914 =( GEOMETRIC_REPRESENTATION_CONTEXT ( 3 ) GLOBAL_UNCERTAINTY_ASSIGNED_CONTEXT ( ( #6353 ) ) GLOBAL_UNIT_ASSIGNED_CONTEXT ( ( #5720, #2573, #2070 ) ) REPRESENTATION_CONTEXT ( 'NONE', 'WORKASPACE' ) );
#4915 = CARTESIAN_POINT ( 'NONE',  ( 4.361424197404351100, 1.238601030272792600, 3.390000000000000600 ) ) ;
#4916 = VECTOR ( 'NONE', #4135, 1000.000000000000000 ) ;
#4917 = CIRCLE ( 'NONE', #590, 0.2852191065223042000 ) ;
#4918 = VECTOR ( 'NONE', #4110, 1000.000000000000100 ) ;
#4919 = EDGE_CURVE ( 'NONE', #4614, #6898, #4684, .T. ) ;
#4920 = DIRECTION ( 'NONE',  ( -1.000000000000000000, 0.0000000000000000000, 0.0000000000000000000 ) ) ;
#4921 = DIRECTION ( 'NONE',  ( 0.0000000000000000000, 1.000000000000000000, 0.0000000000000000000 ) ) ;
#4922 = DIRECTION ( 'NONE',  ( -0.0000000000000000000, -0.0000000000000000000, -1.000000000000000000 ) ) ;
#4923 = DIRECTION ( 'NONE',  ( -0.9975640502598246400, 0.06975647374411952900, -0.0000000000000000000 ) ) ;
#4924 = CARTESIAN_POINT ( 'NONE',  ( -3.759999999999999300, 1.200000000000000200, -3.389999999999999200 ) ) ;
#4925 = ORIENTED_EDGE ( 'NONE', *, *, #8077, .T. ) ;
#4926 = EDGE_LOOP ( 'NONE', ( #7901, #6979, #1496, #3224 ) ) ;
#4927 = EDGE_LOOP ( 'NONE', ( #3428, #9560, #920, #4799 ) ) ;
#4928 = VECTOR ( 'NONE', #9938, 1000.000000000000000 ) ;
#4929 = CARTESIAN_POINT ( 'NONE',  ( 4.367500000000000600, 0.2500000000000000600, -2.119999999999999700 ) ) ;
#4930 = VECTOR ( 'NONE', #8714, 1000.000000000000100 ) ;
#4931 = CARTESIAN_POINT ( 'NONE',  ( 3.759999999999999300, 1.200000000000000200, -4.229999999999999500 ) ) ;
#4932 = AXIS2_PLACEMENT_3D ( 'NONE', #4517, #8603, #5508 ) ;
#4933 = ORIENTED_EDGE ( 'NONE', *, *, #4805, .T. ) ;
#4934 = DIRECTION ( 'NONE',  ( 0.2588190451025207900, -0.9659258262890683100, 0.0000000000000000000 ) ) ;
#4935 = EDGE_LOOP ( 'NONE', ( #2357, #521, #9949, #2388 ) ) ;
#4936 = EDGE_CURVE ( 'NONE', #107, #4195, #9452, .T. ) ;
#4937 = ADVANCED_FACE ( 'NONE', ( #8255 ), #9802, .F. ) ;
#4938 = AXIS2_PLACEMENT_3D ( 'NONE', #7424, #4398, #5208 ) ;
#4939 = ORIENTED_EDGE ( 'NONE', *, *, #5716, .F. ) ;
#4940 = DIRECTION ( 'NONE',  ( -1.000000000000000000, 0.0000000000000000000, 0.0000000000000000000 ) ) ;
#4941 = VECTOR ( 'NONE', #46, 1000.000000000000000 ) ;
#4942 = CARTESIAN_POINT ( 'NONE',  ( -1.175000000000000500, 0.1000000000000000100, 1.654999999999999800 ) ) ;
#4943 = FACE_OUTER_BOUND ( 'NONE', #1769, .T. ) ;
#4944 = CARTESIAN_POINT ( 'NONE',  ( -4.119942740832083700, 1.173896268997162200, 2.120000000000000600 ) ) ;
#4945 = CARTESIAN_POINT ( 'NONE',  ( 0.4299999999999999400, 0.0000000000000000000, -1.785000000000000100 ) ) ;
#4946 = CIRCLE ( 'NONE', #6325, 0.2852191065223042000 ) ;
#4947 = CARTESIAN_POINT ( 'NONE',  ( -5.202500000000000600, 0.2493910125649564100, 3.390000000000000600 ) ) ;
#4948 = DIRECTION ( 'NONE',  ( 0.0000000000000000000, -1.000000000000000000, 0.0000000000000000000 ) ) ;
#4949 = DIRECTION ( 'NONE',  ( -0.2588190451025207900, 0.9659258262890683100, -0.0000000000000000000 ) ) ;
#4950 = ORIENTED_EDGE ( 'NONE', *, *, #6015, .T. ) ;
#4951 = CARTESIAN_POINT ( 'NONE',  ( 3.759999999999999800, 1.450000000000000200, -1.689999999999999700 ) ) ;
#4952 = ORIENTED_EDGE ( 'NONE', *, *, #2239, .F. ) ;
#4953 = VECTOR ( 'NONE', #3122, 1000.000000000000100 ) ;
#4954 = ORIENTED_EDGE ( 'NONE', *, *, #2354, .T. ) ;
#4955 = AXIS2_PLACEMENT_3D ( 'NONE', #9290, #8417, #5391 ) ;
#4956 = CIRCLE ( 'NONE', #6590, 0.2852191065223042000 ) ;
#4957 = VECTOR ( 'NONE', #6726, 1000.000000000000000 ) ;
#4958 = ADVANCED_FACE ( 'NONE', ( #8363 ), #7387, .T. ) ;
#4959 = PLANE ( 'NONE',  #5255 ) ;
#4960 = CARTESIAN_POINT ( 'NONE',  ( -4.623104622025544500, 0.03929580968121807600, 5.930000000000001500 ) ) ;
#4961 = CARTESIAN_POINT ( 'NONE',  ( 3.759999999999999300, 1.200000000000000200, -2.959999999999999500 ) ) ;
#4962 = ORIENTED_EDGE ( 'NONE', *, *, #4150, .T. ) ;
#4963 = VERTEX_POINT ( 'NONE', #635 ) ;
#4964 = CARTESIAN_POINT ( 'NONE',  ( 5.185060881563971200, -2.641625050904819800E-019, -2.119999999999999700 ) ) ;
#4965 = CARTESIAN_POINT ( 'NONE',  ( -4.640543740461573900, 0.2886868222461744200, -3.389999999999999200 ) ) ;
#4966 = FACE_OUTER_BOUND ( 'NONE', #8201, .T. ) ;
#4967 = VERTEX_POINT ( 'NONE', #1283 ) ;
#4968 = LINE ( 'NONE', #10001, #7020 ) ;
#4969 = VECTOR ( 'NONE', #1805, 1000.000000000000200 ) ;
#4970 = ORIENTED_EDGE ( 'NONE', *, *, #9738, .T. ) ;
#4971 = CARTESIAN_POINT ( 'NONE',  ( -0.4300000000000000500, -0.0000000000000000000, -1.655000000000000200 ) ) ;
#4972 = EDGE_CURVE ( 'NONE', #8746, #3892, #7623, .T. ) ;
#4973 = FACE_OUTER_BOUND ( 'NONE', #9192, .T. ) ;
#4974 = VECTOR ( 'NONE', #5458, 1000.000000000000000 ) ;
#4975 = EDGE_CURVE ( 'NONE', #10135, #3099, #1596, .T. ) ;
#4976 = DIRECTION ( 'NONE',  ( -0.0000000000000000000, -0.0000000000000000000, -1.000000000000000000 ) ) ;
#4977 = LINE ( 'NONE', #7725, #9236 ) ;
#4978 = CARTESIAN_POINT ( 'NONE',  ( 4.367500000000000600, 0.2500000000000000600, 0.4200000000000010900 ) ) ;
#4979 = DIRECTION ( 'NONE',  ( 1.000000000000000000, -6.653104299660455300E-016, 0.0000000000000000000 ) ) ;
#4980 = CARTESIAN_POINT ( 'NONE',  ( 4.119942740832083700, 1.173896268997162200, 5.930000000000001500 ) ) ;
#4981 = DIRECTION ( 'NONE',  ( 0.0000000000000000000, 1.000000000000000000, 0.0000000000000000000 ) ) ;
#4982 = EDGE_LOOP ( 'NONE', ( #253, #4337, #9506, #6367 ) ) ;
#4983 = DIRECTION ( 'NONE',  ( 1.000000000000000000, 0.0000000000000000000, 0.0000000000000000000 ) ) ;
#4984 = CARTESIAN_POINT ( 'NONE',  ( -4.119942740832083700, 1.173896268997162200, -5.500000000000000000 ) ) ;
#4985 = ORIENTED_EDGE ( 'NONE', *, *, #3029, .F. ) ;
#4986 = CARTESIAN_POINT ( 'NONE',  ( 1.174999999999999600, 4.374037903435110200, 1.654999999999999800 ) ) ;
#4987 = FACE_OUTER_BOUND ( 'NONE', #55, .T. ) ;
#4988 = DIRECTION ( 'NONE',  ( -0.06975647374411952900, -0.9975640502598246400, 0.0000000000000000000 ) ) ;
#4989 = ORIENTED_EDGE ( 'NONE', *, *, #8653, .T. ) ;
#4990 = CARTESIAN_POINT ( 'NONE',  ( -3.759999999999999300, 1.200000000000000200, 5.500000000000001800 ) ) ;
#4991 = CYLINDRICAL_SURFACE ( 'NONE', #9970, 0.03521910652230526200 ) ;
#4992 = AXIS2_PLACEMENT_3D ( 'NONE', #7406, #3450, #8982 ) ;
#4993 = EDGE_CURVE ( 'NONE', #5729, #9217, #5078, .T. ) ;
#4994 = CARTESIAN_POINT ( 'NONE',  ( -4.085923696263362700, 1.164780893477695100, -0.8499999999999992000 ) ) ;
#4995 = UNCERTAINTY_MEASURE_WITH_UNIT (LENGTH_MEASURE( 1.000000000000000100E-005 ), #4540, 'distance_accuracy_value', 'NONE');
#4996 = EDGE_LOOP ( 'NONE', ( #1441, #9584, #8779, #5007 ) ) ;
#4997 = CARTESIAN_POINT ( 'NONE',  ( -4.361424197404348400, 1.238601030272792100, -0.8499999999999992000 ) ) ;
#4998 = CARTESIAN_POINT ( 'NONE',  ( -0.4300000000000000500, 4.374037903435110200, 1.654999999999999800 ) ) ;
#4999 = ORIENTED_EDGE ( 'NONE', *, *, #2116, .T. ) ;
#5000 = LINE ( 'NONE', #3529, #3995 ) ;
#5001 = ADVANCED_FACE ( 'NONE', ( #6396 ), #4637, .F. ) ;
#5002 = DIRECTION ( 'NONE',  ( -0.0000000000000000000, -0.0000000000000000000, -1.000000000000000000 ) ) ;
#5003 = CARTESIAN_POINT ( 'NONE',  ( -3.759999999999999300, 1.450000000000000400, -2.959999999999999500 ) ) ;
#5004 = DIRECTION ( 'NONE',  ( 0.0000000000000000000, -1.000000000000000000, 0.0000000000000000000 ) ) ;
#5005 = DIRECTION ( 'NONE',  ( -0.0000000000000000000, -0.0000000000000000000, -1.000000000000000000 ) ) ;
#5006 = CARTESIAN_POINT ( 'NONE',  ( 4.361424197404351100, 1.238601030272792600, -0.4199999999999993700 ) ) ;
#5007 = ORIENTED_EDGE ( 'NONE', *, *, #8125, .T. ) ;
#5008 = VERTEX_POINT ( 'NONE', #7865 ) ;
#5009 = LINE ( 'NONE', #4793, #7327 ) ;
#5010 = CARTESIAN_POINT ( 'NONE',  ( -4.623104622025544500, 0.03929580968121797200, -2.119999999999999700 ) ) ;
#5011 = ORIENTED_EDGE ( 'NONE', *, *, #3523, .T. ) ;
#5012 = CARTESIAN_POINT ( 'NONE',  ( 3.759999999999999300, 1.200000000000000200, 0.8500000000000009800 ) ) ;
#5013 = CARTESIAN_POINT ( 'NONE',  ( -4.640543740461573900, 0.2886868222461744200, 2.120000000000000600 ) ) ;
#5014 = VERTEX_POINT ( 'NONE', #3027 ) ;
#5015 = DIRECTION ( 'NONE',  ( 0.9975640502598247500, 0.06975647374411816900, -0.0000000000000000000 ) ) ;
#5016 = DIRECTION ( 'NONE',  ( -0.0000000000000000000, -0.0000000000000000000, -1.000000000000000000 ) ) ;
#5017 = CARTESIAN_POINT ( 'NONE',  ( -3.759999999999999300, 1.200000000000000200, 4.660000000000001000 ) ) ;
#5018 = ORIENTED_EDGE ( 'NONE', *, *, #8551, .F. ) ;
#5019 = VECTOR ( 'NONE', #4618, 1000.000000000000000 ) ;
#5020 = DIRECTION ( 'NONE',  ( -0.0000000000000000000, -1.000000000000000000, -0.0000000000000000000 ) ) ;
#5021 = CARTESIAN_POINT ( 'NONE',  ( 4.085923696263362700, 1.200000000000000600, 5.930000000000001500 ) ) ;
#5022 = ORIENTED_EDGE ( 'NONE', *, *, #1992, .F. ) ;
#5023 = PLANE ( 'NONE',  #1635 ) ;
#5024 = EDGE_CURVE ( 'NONE', #5854, #680, #3087, .T. ) ;
#5025 = ORIENTED_EDGE ( 'NONE', *, *, #2985, .T. ) ;
#5026 = EDGE_CURVE ( 'NONE', #848, #9330, #9088, .T. ) ;
#5027 = VERTEX_POINT ( 'NONE', #7934 ) ;
#5028 = AXIS2_PLACEMENT_3D ( 'NONE', #7573, #4456, #6826 ) ;
#5029 = CARTESIAN_POINT ( 'NONE',  ( -4.085923696263362700, 1.449999999999999300, 0.4200000000000010900 ) ) ;
#5030 = PLANE ( 'NONE',  #543 ) ;
#5031 = DIRECTION ( 'NONE',  ( 0.0000000000000000000, 0.0000000000000000000, 1.000000000000000000 ) ) ;
#5032 = VECTOR ( 'NONE', #10012, 1000.000000000000000 ) ;
#5033 = CARTESIAN_POINT ( 'NONE',  ( -4.085923696263362700, 1.164780893477695100, 2.120000000000000600 ) ) ;
#5034 = DIRECTION ( 'NONE',  ( -0.0000000000000000000, 0.0000000000000000000, -1.000000000000000000 ) ) ;
#5035 = VERTEX_POINT ( 'NONE', #5586 ) ;
#5036 = CARTESIAN_POINT ( 'NONE',  ( -4.643000501140988900, 0.3238201367950973600, -5.929999999999999700 ) ) ;
#5037 = DIRECTION ( 'NONE',  ( -0.0000000000000000000, -0.0000000000000000000, -1.000000000000000000 ) ) ;
#5038 = CARTESIAN_POINT ( 'NONE',  ( -3.759999999999999300, 1.450000000000000400, -0.4199999999999993700 ) ) ;
#5039 = EDGE_CURVE ( 'NONE', #5520, #4386, #8976, .T. ) ;
#5040 = VECTOR ( 'NONE', #894, 1000.000000000000000 ) ;
#5041 = VECTOR ( 'NONE', #7304, 999.9999999999998900 ) ;
#5042 = EDGE_CURVE ( 'NONE', #2190, #287, #5814, .T. ) ;
#5043 = VERTEX_POINT ( 'NONE', #1741 ) ;
#5044 = VECTOR ( 'NONE', #7695, 1000.000000000000000 ) ;
#5045 = ORIENTED_EDGE ( 'NONE', *, *, #4371, .F. ) ;
#5046 = VERTEX_POINT ( 'NONE', #2499 ) ;
#5047 = EDGE_LOOP ( 'NONE', ( #7480, #8028, #1129, #2326 ) ) ;
#5048 = DIRECTION ( 'NONE',  ( -0.0000000000000000000, -0.0000000000000000000, -1.000000000000000000 ) ) ;
#5049 = VECTOR ( 'NONE', #4193, 1000.000000000000000 ) ;
#5050 = VECTOR ( 'NONE', #1327, 1000.000000000000000 ) ;
#5051 = CARTESIAN_POINT ( 'NONE',  ( 4.119942740832083700, 1.173896268997162200, 3.390000000000000600 ) ) ;
#5052 = EDGE_LOOP ( 'NONE', ( #7640, #3543, #7211, #3489 ) ) ;
#5053 = ADVANCED_FACE ( 'NONE', ( #2716 ), #2421, .F. ) ;
#5054 = DIRECTION ( 'NONE',  ( -0.0000000000000000000, -0.0000000000000000000, -1.000000000000000000 ) ) ;
#5055 = AXIS2_PLACEMENT_3D ( 'NONE', #6845, #603, #2854 ) ;
#5056 = EDGE_CURVE ( 'NONE', #680, #5970, #7130, .T. ) ;
#5057 = VERTEX_POINT ( 'NONE', #6352 ) ;
#5058 = CARTESIAN_POINT ( 'NONE',  ( 3.759999999999999300, 1.200000000000000200, 3.390000000000000600 ) ) ;
#5059 = ORIENTED_EDGE ( 'NONE', *, *, #6303, .F. ) ;
#5060 = CARTESIAN_POINT ( 'NONE',  ( 4.085923696263362700, 1.164780893477695100, -5.929999999999999700 ) ) ;
#5061 = VERTEX_POINT ( 'NONE', #7240 ) ;
#5062 = LINE ( 'NONE', #9439, #873 ) ;
#5063 = VECTOR ( 'NONE', #4678, 1000.000000000000100 ) ;
#5064 = DIRECTION ( 'NONE',  ( -0.0000000000000000000, -0.0000000000000000000, -1.000000000000000000 ) ) ;
#5065 = LINE ( 'NONE', #1050, #268 ) ;
#5066 = ADVANCED_FACE ( 'NONE', ( #5188 ), #5619, .T. ) ;
#5067 = DIRECTION ( 'NONE',  ( 0.0000000000000000000, -0.0000000000000000000, 1.000000000000000000 ) ) ;
#5068 = CARTESIAN_POINT ( 'NONE',  ( 3.759999999999999300, 1.200000000000000200, -0.4199999999999993700 ) ) ;
#5069 = EDGE_CURVE ( 'NONE', #6976, #165, #6651, .T. ) ;
#5070 = SURFACE_STYLE_USAGE ( .BOTH. , #8953 ) ;
#5071 = ORIENTED_EDGE ( 'NONE', *, *, #5955, .F. ) ;
#5072 = ORIENTED_EDGE ( 'NONE', *, *, #434, .T. ) ;
#5073 = EDGE_CURVE ( 'NONE', #5329, #7940, #9704, .T. ) ;
#5074 = VERTEX_POINT ( 'NONE', #1636 ) ;
#5075 = CARTESIAN_POINT ( 'NONE',  ( -4.361424197404348400, 1.238601030272792100, -5.500000000000000000 ) ) ;
#5076 = LINE ( 'NONE', #2925, #8358 ) ;
#5077 = CARTESIAN_POINT ( 'NONE',  ( 3.759999999999999300, 1.200000000000000200, -2.119999999999999700 ) ) ;
#5078 = CIRCLE ( 'NONE', #4412, 0.03521910652230526200 ) ;
#5079 = DIRECTION ( 'NONE',  ( -1.000000000000000000, 0.0000000000000000000, 0.0000000000000000000 ) ) ;
#5080 = FACE_OUTER_BOUND ( 'NONE', #506, .T. ) ;
#5081 = ORIENTED_EDGE ( 'NONE', *, *, #1845, .T. ) ;
#5082 = ORIENTED_EDGE ( 'NONE', *, *, #1017, .T. ) ;
#5083 = ORIENTED_EDGE ( 'NONE', *, *, #2239, .T. ) ;
#5084 = LINE ( 'NONE', #5132, #2339 ) ;
#5085 = FACE_OUTER_BOUND ( 'NONE', #1881, .T. ) ;
#5086 = VECTOR ( 'NONE', #9612, 1000.000000000000000 ) ;
#5087 = DIRECTION ( 'NONE',  ( -0.9975640502598248600, 0.06975647374411768400, 0.0000000000000000000 ) ) ;
#5088 = PLANE ( 'NONE',  #4236 ) ;
#5089 = CARTESIAN_POINT ( 'NONE',  ( 4.640543740461574800, 0.2886868222461741500, -4.229999999999999500 ) ) ;
#5090 = EDGE_CURVE ( 'NONE', #3474, #7358, #1359, .T. ) ;
#5091 = ORIENTED_EDGE ( 'NONE', *, *, #8077, .F. ) ;
#5092 = AXIS2_PLACEMENT_3D ( 'NONE', #6985, #649, #10092 ) ;
#5093 = CARTESIAN_POINT ( 'NONE',  ( 4.119942740832083700, 1.173896268997162200, 2.120000000000000600 ) ) ;
#5094 = DIRECTION ( 'NONE',  ( -0.0000000000000000000, -0.0000000000000000000, -1.000000000000000000 ) ) ;
#5095 = CIRCLE ( 'NONE', #7796, 0.2852191065223050300 ) ;
#5096 = ORIENTED_EDGE ( 'NONE', *, *, #5608, .F. ) ;
#5097 = CARTESIAN_POINT ( 'NONE',  ( -2.760000000000000200, 2.649999999999998600, -5.412500000000003200 ) ) ;
#5098 = CIRCLE ( 'NONE', #8879, 0.2852191065223054800 ) ;
#5099 = DIRECTION ( 'NONE',  ( 1.000000000000000000, -6.653104299660455300E-016, 0.0000000000000000000 ) ) ;
#5100 = CARTESIAN_POINT ( 'NONE',  ( -4.085923696263362700, 1.164780893477695100, 2.960000000000000900 ) ) ;
#5101 = VERTEX_POINT ( 'NONE', #2180 ) ;
#5102 = VECTOR ( 'NONE', #7066, 1000.000000000000000 ) ;
#5103 = CARTESIAN_POINT ( 'NONE',  ( -4.119942740832083700, 1.173896268997162200, 0.4200000000000010900 ) ) ;
#5104 = CARTESIAN_POINT ( 'NONE',  ( -3.759999999999999300, 1.450000000000000400, 3.390000000000000600 ) ) ;
#5105 = ORIENTED_EDGE ( 'NONE', *, *, #3458, .F. ) ;
#5106 = EDGE_CURVE ( 'NONE', #9354, #5035, #7014, .T. ) ;
#5107 = EDGE_CURVE ( 'NONE', #3495, #8117, #38, .T. ) ;
#5108 = ADVANCED_FACE ( 'NONE', ( #396 ), #3992, .F. ) ;
#5109 = DIRECTION ( 'NONE',  ( 0.0000000000000000000, -0.0000000000000000000, -1.000000000000000000 ) ) ;
#5110 = CARTESIAN_POINT ( 'NONE',  ( -3.591350998357130600, 2.649999999999998600, 6.243850998357133100 ) ) ;
#5111 = ORIENTED_EDGE ( 'NONE', *, *, #4777, .T. ) ;
#5112 = CARTESIAN_POINT ( 'NONE',  ( 3.759999999999999300, 1.200000000000000200, 4.230000000000001300 ) ) ;
#5113 = LINE ( 'NONE', #7882, #9847 ) ;
#5114 = EDGE_CURVE ( 'NONE', #6085, #4264, #887, .T. ) ;
#5115 = ADVANCED_FACE ( 'NONE', ( #4943 ), #2208, .F. ) ;
#5116 = ORIENTED_EDGE ( 'NONE', *, *, #6079, .F. ) ;
#5117 = EDGE_CURVE ( 'NONE', #6470, #8701, #5560, .T. ) ;
#5118 = DIRECTION ( 'NONE',  ( 0.0000000000000000000, -1.000000000000000000, 0.0000000000000000000 ) ) ;
#5119 = LINE ( 'NONE', #9882, #10100 ) ;
#5120 = DIRECTION ( 'NONE',  ( -0.0000000000000000000, -0.0000000000000000000, -1.000000000000000000 ) ) ;
#5121 = ORIENTED_EDGE ( 'NONE', *, *, #2116, .F. ) ;
#5122 = CYLINDRICAL_SURFACE ( 'NONE', #2948, 0.2852191065223054800 ) ;
#5123 = CARTESIAN_POINT ( 'NONE',  ( 4.361424197404351100, 1.238601030272792600, -2.119999999999999700 ) ) ;
#5124 = DIRECTION ( 'NONE',  ( -1.000000000000000000, -6.653104299660446400E-016, 0.0000000000000000000 ) ) ;
#5125 = DIRECTION ( 'NONE',  ( -0.0000000000000000000, -0.0000000000000000000, -1.000000000000000000 ) ) ;
#5126 = VERTEX_POINT ( 'NONE', #1186 ) ;
#5127 = ORIENTED_EDGE ( 'NONE', *, *, #4084, .F. ) ;
#5128 = CARTESIAN_POINT ( 'NONE',  ( -4.640543740461573900, 0.2886868222461744200, -1.689999999999999700 ) ) ;
#5129 = EDGE_LOOP ( 'NONE', ( #8862, #4087, #3854, #6125, #34, #7948, #7106, #8430, #2673, #871, #2730, #9063 ) ) ;
#5130 = EDGE_CURVE ( 'NONE', #6308, #2538, #6886, .T. ) ;
#5131 = CIRCLE ( 'NONE', #6897, 0.2852191065223042000 ) ;
#5132 = CARTESIAN_POINT ( 'NONE',  ( -4.361424197404348400, 1.238601030272792100, -5.500000000000000000 ) ) ;
#5133 =( NAMED_UNIT ( * ) PLANE_ANGLE_UNIT ( ) SI_UNIT ( $, .RADIAN. ) );
#5134 = ORIENTED_EDGE ( 'NONE', *, *, #4298, .F. ) ;
#5135 = CARTESIAN_POINT ( 'NONE',  ( 3.759999999999999800, 1.450000000000000200, 5.930000000000001500 ) ) ;
#5136 = ORIENTED_EDGE ( 'NONE', *, *, #2119, .F. ) ;
#5137 = ORIENTED_EDGE ( 'NONE', *, *, #1136, .F. ) ;
#5138 = CARTESIAN_POINT ( 'NONE',  ( 3.759999999999999300, 1.200000000000000200, -5.500000000000000000 ) ) ;
#5139 = LINE ( 'NONE', #320, #3024 ) ;
#5140 = VERTEX_POINT ( 'NONE', #8116 ) ;
#5141 = EDGE_LOOP ( 'NONE', ( #9795, #5111, #2367, #3201, #7201, #9831, #9293, #7443, #4328, #3831, #4912, #1709 ) ) ;
#5142 = AXIS2_PLACEMENT_3D ( 'NONE', #780, #6254, #2323 ) ;
#5143 = VERTEX_POINT ( 'NONE', #9665 ) ;
#5144 = CARTESIAN_POINT ( 'NONE',  ( 5.202500000000000600, 0.2493910125649557200, 4.660000000000001000 ) ) ;
#5145 = VERTEX_POINT ( 'NONE', #5006 ) ;
#5146 = EDGE_LOOP ( 'NONE', ( #6022, #4743, #5341, #8782 ) ) ;
#5147 = DIRECTION ( 'NONE',  ( -0.0000000000000000000, -1.000000000000000000, -0.0000000000000000000 ) ) ;
#5148 = DIRECTION ( 'NONE',  ( 0.0000000000000000000, 1.000000000000000000, 0.0000000000000000000 ) ) ;
#5149 = EDGE_CURVE ( 'NONE', #1822, #5515, #767, .T. ) ;
#5150 = LINE ( 'NONE', #9940, #5032 ) ;
#5151 = VERTEX_POINT ( 'NONE', #5834 ) ;
#5152 = AXIS2_PLACEMENT_3D ( 'NONE', #1458, #722, #5476 ) ;
#5153 = ADVANCED_FACE ( 'NONE', ( #512 ), #7957, .F. ) ;
#5154 = DIRECTION ( 'NONE',  ( -1.000000000000000000, 0.0000000000000000000, 0.0000000000000000000 ) ) ;
#5155 = CARTESIAN_POINT ( 'NONE',  ( -3.759999999999999300, 1.200000000000000200, -4.229999999999999500 ) ) ;
#5156 = LINE ( 'NONE', #430, #125 ) ;
#5157 = DIRECTION ( 'NONE',  ( -1.000000000000000000, 0.0000000000000000000, 0.0000000000000000000 ) ) ;
#5158 = EDGE_LOOP ( 'NONE', ( #4446, #1301, #8887, #2763 ) ) ;
#5159 = VECTOR ( 'NONE', #6229, 1000.000000000000000 ) ;
#5160 = EDGE_CURVE ( 'NONE', #2264, #7492, #2455, .T. ) ;
#5161 = ORIENTED_EDGE ( 'NONE', *, *, #4703, .F. ) ;
#5162 = ORIENTED_EDGE ( 'NONE', *, *, #3059, .T. ) ;
#5163 = EDGE_CURVE ( 'NONE', #7942, #5143, #2831, .T. ) ;
#5164 = CYLINDRICAL_SURFACE ( 'NONE', #4162, 0.2852191065223054800 ) ;
#5165 = SURFACE_STYLE_FILL_AREA ( #5440 ) ;
#5166 = DIRECTION ( 'NONE',  ( 0.1378445374916289500, 0.9808148484639890300, 0.1378445374916288900 ) ) ;
#5167 = LINE ( 'NONE', #3864, #3068 ) ;
#5168 = UNCERTAINTY_MEASURE_WITH_UNIT (LENGTH_MEASURE( 1.000000000000000100E-005 ), #1879, 'distance_accuracy_value', 'NONE');
#5169 = CARTESIAN_POINT ( 'NONE',  ( -4.367500000000000600, 0.2500000000000000000, -4.659999999999999300 ) ) ;
#5170 = DIRECTION ( 'NONE',  ( 1.000000000000000000, 0.0000000000000000000, 0.0000000000000000000 ) ) ;
#5171 = CARTESIAN_POINT ( 'NONE',  ( 5.202500000000000600, 0.2493910125649557200, 2.120000000000000600 ) ) ;
#5172 = CARTESIAN_POINT ( 'NONE',  ( 4.361424197404351100, 1.238601030272792600, 2.960000000000000900 ) ) ;
#5173 = ORIENTED_EDGE ( 'NONE', *, *, #5763, .F. ) ;
#5174 = ORIENTED_EDGE ( 'NONE', *, *, #8921, .T. ) ;
#5175 = ORIENTED_EDGE ( 'NONE', *, *, #7576, .F. ) ;
#5176 = CARTESIAN_POINT ( 'NONE',  ( 4.623104622025544500, 0.03929580968121807600, 0.8500000000000009800 ) ) ;
#5177 = CARTESIAN_POINT ( 'NONE',  ( -5.185060881563971200, -2.641625050904819800E-019, 5.930000000000001500 ) ) ;
#5178 = EDGE_CURVE ( 'NONE', #7124, #1297, #6533, .T. ) ;
#5179 = CARTESIAN_POINT ( 'NONE',  ( -3.759999999999999300, 1.200000000000000200, 0.8500000000000009800 ) ) ;
#5180 = LINE ( 'NONE', #977, #9082 ) ;
#5181 = DIRECTION ( 'NONE',  ( -0.0000000000000000000, -0.0000000000000000000, -1.000000000000000000 ) ) ;
#5182 = ORIENTED_EDGE ( 'NONE', *, *, #4606, .T. ) ;
#5183 = CARTESIAN_POINT ( 'NONE',  ( 4.623104622025544500, 0.03929580968121807600, 4.660000000000001000 ) ) ;
#5184 = ORIENTED_EDGE ( 'NONE', *, *, #8395, .F. ) ;
#5185 = DIRECTION ( 'NONE',  ( -1.000000000000000000, 0.0000000000000000000, 0.0000000000000000000 ) ) ;
#5186 = ORIENTED_EDGE ( 'NONE', *, *, #5358, .F. ) ;
#5187 = FACE_OUTER_BOUND ( 'NONE', #8554, .T. ) ;
#5188 = FACE_OUTER_BOUND ( 'NONE', #7036, .T. ) ;
#5189 = CARTESIAN_POINT ( 'NONE',  ( -5.202500000000000600, 0.2493910125649564100, -2.959999999999999500 ) ) ;
#5190 = PLANE ( 'NONE',  #7927 ) ;
#5191 = CARTESIAN_POINT ( 'NONE',  ( 4.085923696263362700, 1.450000000000000000, -4.229999999999999500 ) ) ;
#5192 = CYLINDRICAL_SURFACE ( 'NONE', #9787, 0.2852191065223050300 ) ;
#5193 = DIRECTION ( 'NONE',  ( -1.000000000000000000, 0.0000000000000000000, 0.0000000000000000000 ) ) ;
#5194 = AXIS2_PLACEMENT_3D ( 'NONE', #1966, #639, #4056 ) ;
#5195 = VERTEX_POINT ( 'NONE', #7438 ) ;
#5196 = ORIENTED_EDGE ( 'NONE', *, *, #1865, .T. ) ;
#5197 = AXIS2_PLACEMENT_3D ( 'NONE', #5600, #1583, #8724 ) ;
#5198 = ORIENTED_EDGE ( 'NONE', *, *, #7766, .F. ) ;
#5199 = DIRECTION ( 'NONE',  ( -1.000000000000000000, 0.0000000000000000000, 0.0000000000000000000 ) ) ;
#5200 = CYLINDRICAL_SURFACE ( 'NONE', #6, 0.03521910652230526200 ) ;
#5201 = VECTOR ( 'NONE', #5125, 1000.000000000000000 ) ;
#5202 = ORIENTED_EDGE ( 'NONE', *, *, #1787, .F. ) ;
#5203 = CARTESIAN_POINT ( 'NONE',  ( -4.119942740832083700, 1.173896268997162200, -0.4199999999999993700 ) ) ;
#5204 = ORIENTED_EDGE ( 'NONE', *, *, #5993, .T. ) ;
#5205 = ADVANCED_FACE ( 'NONE', ( #1013 ), #2220, .T. ) ;
#5206 = VECTOR ( 'NONE', #9600, 999.9999999999998900 ) ;
#5207 = EDGE_LOOP ( 'NONE', ( #4165, #8647, #3084, #6645 ) ) ;
#5208 = DIRECTION ( 'NONE',  ( -0.9975640502598247500, -0.06975647374411816900, 0.0000000000000000000 ) ) ;
#5209 = CARTESIAN_POINT ( 'NONE',  ( 4.643000501140988900, 0.3238201367950973600, -0.4199999999999993700 ) ) ;
#5210 = DIRECTION ( 'NONE',  ( -1.000000000000000000, 0.0000000000000000000, 0.0000000000000000000 ) ) ;
#5211 = FACE_OUTER_BOUND ( 'NONE', #641, .T. ) ;
#5212 = PLANE ( 'NONE',  #5055 ) ;
#5213 = CARTESIAN_POINT ( 'NONE',  ( 4.085923696263362700, 1.164780893477695100, -4.229999999999999500 ) ) ;
#5214 = EDGE_CURVE ( 'NONE', #450, #5151, #3941, .T. ) ;
#5215 = AXIS2_PLACEMENT_3D ( 'NONE', #3545, #2800, #458 ) ;
#5216 = CARTESIAN_POINT ( 'NONE',  ( 3.759999999999999800, 1.450000000000000200, -3.389999999999999200 ) ) ;
#5217 = ORIENTED_EDGE ( 'NONE', *, *, #2409, .T. ) ;
#5218 = CARTESIAN_POINT ( 'NONE',  ( -2.760000000000000200, 2.599999999999998800, -5.412500000000003200 ) ) ;
#5219 = CIRCLE ( 'NONE', #2053, 0.03521910652230526200 ) ;
#5220 = VECTOR ( 'NONE', #9627, 1000.000000000000100 ) ;
#5221 = LINE ( 'NONE', #6841, #8888 ) ;
#5222 = AXIS2_PLACEMENT_3D ( 'NONE', #1554, #2308, #8641 ) ;
#5223 = VERTEX_POINT ( 'NONE', #5029 ) ;
#5224 = DIRECTION ( 'NONE',  ( -0.0000000000000000000, -0.0000000000000000000, -1.000000000000000000 ) ) ;
#5225 = DIRECTION ( 'NONE',  ( -0.0000000000000000000, 0.0000000000000000000, -1.000000000000000000 ) ) ;
#5226 = DIRECTION ( 'NONE',  ( -0.9975640502598246400, 0.06975647374411952900, -0.0000000000000000000 ) ) ;
#5227 = CLOSED_SHELL ( 'NONE', ( #2390, #4119, #6273, #5670, #2952, #9934, #7505, #2126, #4765, #9438, #5479, #8935, #5419, #5066 ) ) ;
#5228 = EDGE_CURVE ( 'NONE', #7940, #1693, #2328, .T. ) ;
#5229 = AXIS2_PLACEMENT_3D ( 'NONE', #2920, #3660, #4400 ) ;
#5230 = VECTOR ( 'NONE', #3901, 1000.000000000000000 ) ;
#5231 = EDGE_CURVE ( 'NONE', #7276, #673, #7395, .T. ) ;
#5232 = ORIENTED_EDGE ( 'NONE', *, *, #8719, .T. ) ;
#5233 = FACE_OUTER_BOUND ( 'NONE', #7260, .T. ) ;
#5234 = DIRECTION ( 'NONE',  ( -0.0000000000000000000, -0.0000000000000000000, -1.000000000000000000 ) ) ;
#5235 = PLANE ( 'NONE',  #7731 ) ;
#5236 = DIRECTION ( 'NONE',  ( -0.0000000000000000000, -0.0000000000000000000, -1.000000000000000000 ) ) ;
#5237 = ORIENTED_EDGE ( 'NONE', *, *, #2600, .T. ) ;
#5238 = CARTESIAN_POINT ( 'NONE',  ( 4.623104622025544500, 0.03929580968121807600, -5.929999999999999700 ) ) ;
#5239 = ORIENTED_EDGE ( 'NONE', *, *, #5417, .T. ) ;
#5240 = LINE ( 'NONE', #3704, #7555 ) ;
#5241 = MECHANICAL_DESIGN_GEOMETRIC_PRESENTATION_REPRESENTATION (  '', ( #8576 ), #9085 ) ;
#5242 = EDGE_CURVE ( 'NONE', #2406, #5298, #7267, .T. ) ;
#5243 = CARTESIAN_POINT ( 'NONE',  ( 4.119942740832083700, 1.173896268997162200, -2.959999999999999500 ) ) ;
#5244 = ADVANCED_FACE ( 'NONE', ( #6156 ), #7602, .F. ) ;
#5245 = CARTESIAN_POINT ( 'NONE',  ( -3.760000000000000200, 1.450000000000000200, -6.412500000000001400 ) ) ;
#5246 = MANIFOLD_SOLID_BREP ( 'LPattern1[12]', #2914 ) ;
#5247 = CARTESIAN_POINT ( 'NONE',  ( -4.119942740832083700, 1.173896268997162200, 2.120000000000000600 ) ) ;
#5248 = ORIENTED_EDGE ( 'NONE', *, *, #9449, .F. ) ;
#5249 = PLANE ( 'NONE',  #6909 ) ;
#5250 = CARTESIAN_POINT ( 'NONE',  ( 3.759999999999999800, 1.450000000000000200, 3.390000000000000600 ) ) ;
#5251 = ORIENTED_EDGE ( 'NONE', *, *, #936, .T. ) ;
#5252 = VECTOR ( 'NONE', #5120, 1000.000000000000000 ) ;
#5253 = DIRECTION ( 'NONE',  ( -6.653104299660446400E-016, 1.000000000000000000, 0.0000000000000000000 ) ) ;
#5254 = ORIENTED_EDGE ( 'NONE', *, *, #8608, .F. ) ;
#5255 = AXIS2_PLACEMENT_3D ( 'NONE', #4259, #1076, #5067 ) ;
#5256 = ORIENTED_EDGE ( 'NONE', *, *, #2283, .T. ) ;
#5257 = EDGE_CURVE ( 'NONE', #7080, #4681, #7508, .T. ) ;
#5258 = ORIENTED_EDGE ( 'NONE', *, *, #8587, .F. ) ;
#5259 = LINE ( 'NONE', #4492, #718 ) ;
#5260 = ADVANCED_FACE ( 'NONE', ( #3556 ), #8569, .F. ) ;
#5261 = DIRECTION ( 'NONE',  ( -6.653104299660446400E-016, 1.000000000000000000, 0.0000000000000000000 ) ) ;
#5262 = ORIENTED_EDGE ( 'NONE', *, *, #2223, .F. ) ;
#5263 = CARTESIAN_POINT ( 'NONE',  ( -4.085923696263362700, 1.164780893477695100, 1.690000000000000600 ) ) ;
#5264 = EDGE_LOOP ( 'NONE', ( #5134, #9331, #7455, #1976, #11, #7682, #8869, #7112, #6876, #45, #7780, #183 ) ) ;
#5265 = EDGE_LOOP ( 'NONE', ( #6673, #9056, #5390, #9411 ) ) ;
#5266 = CARTESIAN_POINT ( 'NONE',  ( 3.759999999999999800, 1.450000000000000200, -5.929999999999999700 ) ) ;
#5267 = EDGE_CURVE ( 'NONE', #6722, #3036, #4060, .T. ) ;
#5268 = LINE ( 'NONE', #3440, #7209 ) ;
#5269 = EDGE_LOOP ( 'NONE', ( #892, #4874, #3146, #2968 ) ) ;
#5270 = AXIS2_PLACEMENT_3D ( 'NONE', #827, #4730, #8696 ) ;
#5271 = CARTESIAN_POINT ( 'NONE',  ( -4.085923696263362700, 1.164780893477695100, 0.4200000000000010900 ) ) ;
#5272 = DIRECTION ( 'NONE',  ( 0.0000000000000000000, 0.0000000000000000000, 1.000000000000000000 ) ) ;
#5273 = CARTESIAN_POINT ( 'NONE',  ( -2.760000000000000200, 2.649999999999998600, -5.012500000000002800 ) ) ;
#5274 = EDGE_CURVE ( 'NONE', #7077, #4967, #4325, .T. ) ;
#5275 = AXIS2_PLACEMENT_3D ( 'NONE', #8969, #8226, #5170 ) ;
#5276 = DIRECTION ( 'NONE',  ( -0.9659258262890683100, -0.2588190451025207900, 0.0000000000000000000 ) ) ;
#5277 = DIRECTION ( 'NONE',  ( -0.9975640502598246400, 0.06975647374411952900, -0.0000000000000000000 ) ) ;
#5278 = CARTESIAN_POINT ( 'NONE',  ( -4.643000501140988900, 0.3238201367950973600, -1.689999999999999700 ) ) ;
#5279 = CYLINDRICAL_SURFACE ( 'NONE', #8737, 0.03521910652230526200 ) ;
#5280 = SURFACE_STYLE_FILL_AREA ( #1099 ) ;
#5281 = DIRECTION ( 'NONE',  ( -1.000000000000000000, 0.0000000000000000000, 0.0000000000000000000 ) ) ;
#5282 = CLOSED_SHELL ( 'NONE', ( #3883, #9950, #6319, #4450, #3481, #5260, #8089, #3153, #9227, #4571, #3471, #553, #7864, #1704 ) ) ;
#5283 = VECTOR ( 'NONE', #3631, 1000.000000000000000 ) ;
#5284 = DIRECTION ( 'NONE',  ( 0.2588190451025207900, -0.9659258262890683100, 0.0000000000000000000 ) ) ;
#5285 = EDGE_LOOP ( 'NONE', ( #4559, #6527, #3927, #4870 ) ) ;
#5286 = EDGE_LOOP ( 'NONE', ( #3149, #8319, #2674, #155 ) ) ;
#5287 = DIRECTION ( 'NONE',  ( -0.2588190451025207900, 0.9659258262890683100, 0.0000000000000000000 ) ) ;
#5288 = ORIENTED_EDGE ( 'NONE', *, *, #3991, .T. ) ;
#5289 = AXIS2_PLACEMENT_3D ( 'NONE', #6767, #7690, #8385 ) ;
#5290 = LINE ( 'NONE', #2836, #7479 ) ;
#5291 = ORIENTED_EDGE ( 'NONE', *, *, #5257, .T. ) ;
#5292 = CARTESIAN_POINT ( 'NONE',  ( -4.643000501140988900, 0.3238201367950973600, 4.660000000000001000 ) ) ;
#5293 = DIRECTION ( 'NONE',  ( -0.0000000000000000000, -0.0000000000000000000, -1.000000000000000000 ) ) ;
#5294 = PLANE ( 'NONE',  #5542 ) ;
#5295 = CARTESIAN_POINT ( 'NONE',  ( 3.759999999999999300, 1.200000000000000200, 4.660000000000001000 ) ) ;
#5296 = ADVANCED_FACE ( 'NONE', ( #6901 ), #7995, .T. ) ;
#5297 = CARTESIAN_POINT ( 'NONE',  ( 4.085923696263362700, 1.164780893477695100, 5.930000000000001500 ) ) ;
#5298 = VERTEX_POINT ( 'NONE', #7116 ) ;
#5299 = ORIENTED_EDGE ( 'NONE', *, *, #1221, .F. ) ;
#5300 = DIRECTION ( 'NONE',  ( -0.06975647374411768400, -0.9975640502598248600, 0.0000000000000000000 ) ) ;
#5301 = VECTOR ( 'NONE', #3515, 1000.000000000000000 ) ;
#5302 = DIRECTION ( 'NONE',  ( -0.9975640502598246400, 0.06975647374411952900, -0.0000000000000000000 ) ) ;
#5303 = FACE_OUTER_BOUND ( 'NONE', #202, .T. ) ;
#5304 = VECTOR ( 'NONE', #7283, 1000.000000000000000 ) ;
#5305 = EDGE_CURVE ( 'NONE', #6528, #4602, #9577, .T. ) ;
#5306 = EDGE_CURVE ( 'NONE', #4262, #8836, #3206, .T. ) ;
#5307 = CARTESIAN_POINT ( 'NONE',  ( 4.367500000000000600, 0.2500000000000000600, 1.690000000000000600 ) ) ;
#5308 = CARTESIAN_POINT ( 'NONE',  ( 3.759999999999999800, 1.450000000000000200, 5.930000000000001500 ) ) ;
#5309 = ORIENTED_EDGE ( 'NONE', *, *, #6166, .F. ) ;
#5310 = ORIENTED_EDGE ( 'NONE', *, *, #221, .T. ) ;
#5311 = ORIENTED_EDGE ( 'NONE', *, *, #8921, .F. ) ;
#5312 = VECTOR ( 'NONE', #8063, 1000.000000000000000 ) ;
#5313 = LINE ( 'NONE', #6643, #3679 ) ;
#5314 = ADVANCED_FACE ( 'NONE', ( #4075 ), #9220, .T. ) ;
#5315 = LINE ( 'NONE', #3590, #7389 ) ;
#5316 = DIRECTION ( 'NONE',  ( 0.9659258262890683100, 0.2588190451025207900, -0.0000000000000000000 ) ) ;
#5317 = DIRECTION ( 'NONE',  ( 0.0000000000000000000, 0.0000000000000000000, 1.000000000000000000 ) ) ;
#5318 = AXIS2_PLACEMENT_3D ( 'NONE', #3053, #1470, #5488 ) ;
#5319 = CARTESIAN_POINT ( 'NONE',  ( -0.4300000000000000500, -0.0000000000000000000, -1.655000000000000200 ) ) ;
#5320 = ORIENTED_EDGE ( 'NONE', *, *, #7394, .F. ) ;
#5321 = AXIS2_PLACEMENT_3D ( 'NONE', #4300, #2051, #7552 ) ;
#5322 = VERTEX_POINT ( 'NONE', #7980 ) ;
#5323 = EDGE_CURVE ( 'NONE', #7873, #5490, #10057, .T. ) ;
#5324 = ORIENTED_EDGE ( 'NONE', *, *, #3692, .F. ) ;
#5325 = FACE_OUTER_BOUND ( 'NONE', #2666, .T. ) ;
#5326 = CARTESIAN_POINT ( 'NONE',  ( -4.085923696263362700, 1.200000000000000400, 3.390000000000000600 ) ) ;
#5327 = VECTOR ( 'NONE', #6923, 1000.000000000000000 ) ;
#5328 = VERTEX_POINT ( 'NONE', #3135 ) ;
#5329 = VERTEX_POINT ( 'NONE', #4725 ) ;
#5330 = LINE ( 'NONE', #7520, #6174 ) ;
#5331 = DIRECTION ( 'NONE',  ( 0.06975647374411746100, -0.9975640502598247500, 0.0000000000000000000 ) ) ;
#5332 = ORIENTED_EDGE ( 'NONE', *, *, #481, .F. ) ;
#5333 = CARTESIAN_POINT ( 'NONE',  ( 4.643000501140988900, 0.3238201367950973600, 4.660000000000001000 ) ) ;
#5334 = CARTESIAN_POINT ( 'NONE',  ( 4.085923696263362700, 1.164780893477695100, -4.229999999999999500 ) ) ;
#5335 = FACE_OUTER_BOUND ( 'NONE', #9820, .T. ) ;
#5336 = CARTESIAN_POINT ( 'NONE',  ( -3.759999999999999300, 1.450000000000000400, 3.390000000000000600 ) ) ;
#5337 = CARTESIAN_POINT ( 'NONE',  ( 4.085923696263362700, 1.450000000000000000, -0.8499999999999992000 ) ) ;
#5338 = PLANE ( 'NONE',  #8948 ) ;
#5339 = PLANE ( 'NONE',  #472 ) ;
#5340 = AXIS2_PLACEMENT_3D ( 'NONE', #628, #3761, #5349 ) ;
#5341 = ORIENTED_EDGE ( 'NONE', *, *, #633, .F. ) ;
#5342 = AXIS2_PLACEMENT_3D ( 'NONE', #237, #5701, #2635 ) ;
#5343 = VERTEX_POINT ( 'NONE', #2405 ) ;
#5344 = LINE ( 'NONE', #8645, #7775 ) ;
#5345 = VECTOR ( 'NONE', #972, 1000.000000000000100 ) ;
#5346 = VECTOR ( 'NONE', #2125, 1000.000000000000100 ) ;
#5347 = DIRECTION ( 'NONE',  ( -0.0000000000000000000, 0.0000000000000000000, -1.000000000000000000 ) ) ;
#5348 = DIRECTION ( 'NONE',  ( -0.1378445374916289200, -0.9808148484639890300, -0.1378445374916288900 ) ) ;
#5349 = DIRECTION ( 'NONE',  ( -0.2588190451025207900, -0.9659258262890683100, 0.0000000000000000000 ) ) ;
#5350 = VERTEX_POINT ( 'NONE', #889 ) ;
#5351 = AXIS2_PLACEMENT_3D ( 'NONE', #4994, #323, #3640 ) ;
#5352 = ADVANCED_FACE ( 'NONE', ( #4567 ), #5533, .F. ) ;
#5353 = CARTESIAN_POINT ( 'NONE',  ( 4.085923696263362700, 1.450000000000000000, -4.659999999999999300 ) ) ;
#5354 = EDGE_CURVE ( 'NONE', #5423, #3111, #3693, .T. ) ;
#5355 =( LENGTH_UNIT ( ) NAMED_UNIT ( * ) SI_UNIT ( .MILLI., .METRE. ) );
#5356 = CARTESIAN_POINT ( 'NONE',  ( 5.185060881563971200, -2.641625050904819800E-019, -2.959999999999999500 ) ) ;
#5357 = CARTESIAN_POINT ( 'NONE',  ( -4.640543740461573900, 0.2886868222461744200, -0.4199999999999993700 ) ) ;
#5358 = EDGE_CURVE ( 'NONE', #5897, #450, #9336, .T. ) ;
#5359 = FACE_OUTER_BOUND ( 'NONE', #10055, .T. ) ;
#5360 = DIRECTION ( 'NONE',  ( -0.0000000000000000000, -0.0000000000000000000, -1.000000000000000000 ) ) ;
#5361 = CARTESIAN_POINT ( 'NONE',  ( -5.202500000000000600, 0.2493910125649564100, 0.8500000000000009800 ) ) ;
#5362 = ORIENTED_EDGE ( 'NONE', *, *, #1845, .F. ) ;
#5363 = CARTESIAN_POINT ( 'NONE',  ( -3.760000000000000200, 1.450000000000000200, -6.412500000000001400 ) ) ;
#5364 = VECTOR ( 'NONE', #1363, 1000.000000000000000 ) ;
#5365 = DIRECTION ( 'NONE',  ( -1.000000000000000000, 0.0000000000000000000, 0.0000000000000000000 ) ) ;
#5366 = EDGE_LOOP ( 'NONE', ( #5196, #5650, #3572, #6538 ) ) ;
#5367 = CARTESIAN_POINT ( 'NONE',  ( -4.643000501140988900, 0.3238201367950973600, -4.229999999999999500 ) ) ;
#5368 = LINE ( 'NONE', #6357, #2258 ) ;
#5369 = DIRECTION ( 'NONE',  ( -1.000000000000000000, 0.0000000000000000000, 0.0000000000000000000 ) ) ;
#5370 = ADVANCED_FACE ( 'NONE', ( #3324 ), #4210, .F. ) ;
#5371 = CARTESIAN_POINT ( 'NONE',  ( 4.085923696263362700, 1.164780893477695100, 2.120000000000000600 ) ) ;
#5372 = DIRECTION ( 'NONE',  ( -0.2588190451025207900, -0.9659258262890683100, 0.0000000000000000000 ) ) ;
#5373 = DIRECTION ( 'NONE',  ( 0.0000000000000000000, 0.0000000000000000000, 1.000000000000000000 ) ) ;
#5374 = CARTESIAN_POINT ( 'NONE',  ( -3.591350998357130100, -4.336808689942017700E-016, 6.412500000000003200 ) ) ;
#5375 = EDGE_CURVE ( 'NONE', #477, #9173, #10069, .T. ) ;
#5376 = CARTESIAN_POINT ( 'NONE',  ( -4.085923696263362700, 1.164780893477695100, 4.660000000000001000 ) ) ;
#5377 = EDGE_CURVE ( 'NONE', #8542, #4124, #2727, .T. ) ;
#5378 = ORIENTED_EDGE ( 'NONE', *, *, #8262, .T. ) ;
#5379 = VERTEX_POINT ( 'NONE', #236 ) ;
#5380 = VERTEX_POINT ( 'NONE', #5803 ) ;
#5381 = VECTOR ( 'NONE', #7334, 1000.000000000000000 ) ;
#5382 = VERTEX_POINT ( 'NONE', #3296 ) ;
#5383 = ORIENTED_EDGE ( 'NONE', *, *, #3284, .F. ) ;
#5384 = CARTESIAN_POINT ( 'NONE',  ( -3.759999999999999300, 1.450000000000000400, 5.500000000000001800 ) ) ;
#5385 = AXIS2_PLACEMENT_3D ( 'NONE', #2348, #3148, #700 ) ;
#5386 = ORIENTED_EDGE ( 'NONE', *, *, #698, .T. ) ;
#5387 = VECTOR ( 'NONE', #8877, 1000.000000000000000 ) ;
#5388 = DIRECTION ( 'NONE',  ( 0.0000000000000000000, 0.0000000000000000000, 1.000000000000000000 ) ) ;
#5389 = ORIENTED_EDGE ( 'NONE', *, *, #1331, .F. ) ;
#5390 = ORIENTED_EDGE ( 'NONE', *, *, #881, .F. ) ;
#5391 = DIRECTION ( 'NONE',  ( -1.000000000000000000, 0.0000000000000000000, 0.0000000000000000000 ) ) ;
#5392 = DIRECTION ( 'NONE',  ( -0.0000000000000000000, -0.0000000000000000000, -1.000000000000000000 ) ) ;
#5393 = CARTESIAN_POINT ( 'NONE',  ( 3.759999999999999800, 1.450000000000000200, 3.390000000000000600 ) ) ;
#5394 = ORIENTED_EDGE ( 'NONE', *, *, #9281, .F. ) ;
#5395 = VERTEX_POINT ( 'NONE', #1026 ) ;
#5396 = CARTESIAN_POINT ( 'NONE',  ( -3.759999999999999300, 1.450000000000000400, 4.230000000000001300 ) ) ;
#5397 = STYLED_ITEM ( 'NONE', ( #4048 ), #87 ) ;
#5398 = DIRECTION ( 'NONE',  ( 0.0000000000000000000, -1.000000000000000000, 0.0000000000000000000 ) ) ;
#5399 = AXIS2_PLACEMENT_3D ( 'NONE', #2105, #8240, #354 ) ;
#5400 = DIRECTION ( 'NONE',  ( -0.2588190451025243500, -0.9659258262890673100, 0.0000000000000000000 ) ) ;
#5401 = CARTESIAN_POINT ( 'NONE',  ( -4.361424197404348400, 1.238601030272792100, -5.500000000000000000 ) ) ;
#5402 = ADVANCED_FACE ( 'NONE', ( #3455 ), #1756, .F. ) ;
#5403 = CARTESIAN_POINT ( 'NONE',  ( -4.623104622025544500, 0.03929580968121797200, 2.120000000000000600 ) ) ;
#5404 = VECTOR ( 'NONE', #3112, 1000.000000000000000 ) ;
#5405 = DIRECTION ( 'NONE',  ( -0.06975647374411816900, 0.9975640502598247500, 0.0000000000000000000 ) ) ;
#5406 = CARTESIAN_POINT ( 'NONE',  ( -5.185060881563971200, -2.641625050904819800E-019, -0.8499999999999992000 ) ) ;
#5407 = ORIENTED_EDGE ( 'NONE', *, *, #4006, .T. ) ;
#5408 = DIRECTION ( 'NONE',  ( 0.9975640502598247500, 0.06975647374411816900, -0.0000000000000000000 ) ) ;
#5409 = CARTESIAN_POINT ( 'NONE',  ( 4.623104622025544500, 0.03929580968121807600, -4.659999999999999300 ) ) ;
#5410 = ORIENTED_EDGE ( 'NONE', *, *, #3944, .T. ) ;
#5411 = DIRECTION ( 'NONE',  ( -0.0000000000000000000, -0.0000000000000000000, -1.000000000000000000 ) ) ;
#5412 = AXIS2_PLACEMENT_3D ( 'NONE', #8104, #1211, #9016 ) ;
#5413 = VECTOR ( 'NONE', #152, 1000.000000000000000 ) ;
#5414 = CARTESIAN_POINT ( 'NONE',  ( 4.119942740832083700, 1.173896268997162200, -4.229999999999999500 ) ) ;
#5415 = VERTEX_POINT ( 'NONE', #3435 ) ;
#5416 = VECTOR ( 'NONE', #6743, 1000.000000000000000 ) ;
#5417 = EDGE_CURVE ( 'NONE', #4520, #8486, #1487, .T. ) ;
#5418 = AXIS2_PLACEMENT_3D ( 'NONE', #9581, #8772, #244 ) ;
#5419 = ADVANCED_FACE ( 'NONE', ( #1970 ), #8165, .F. ) ;
#5420 = PLANE ( 'NONE',  #9120 ) ;
#5421 = CARTESIAN_POINT ( 'NONE',  ( 4.119942740832083700, 1.173896268997162200, -1.689999999999999700 ) ) ;
#5422 = ORIENTED_EDGE ( 'NONE', *, *, #2283, .F. ) ;
#5423 = VERTEX_POINT ( 'NONE', #3372 ) ;
#5424 = LINE ( 'NONE', #4205, #8241 ) ;
#5425 = VECTOR ( 'NONE', #1439, 1000.000000000000000 ) ;
#5426 = CARTESIAN_POINT ( 'NONE',  ( -4.119942740832083700, 1.173896268997162200, 4.230000000000001300 ) ) ;
#5427 = DIRECTION ( 'NONE',  ( 0.0000000000000000000, 0.0000000000000000000, 1.000000000000000000 ) ) ;
#5428 = VECTOR ( 'NONE', #781, 1000.000000000000000 ) ;
#5429 = FILL_AREA_STYLE ('',( #607 ) ) ;
#5430 = EDGE_CURVE ( 'NONE', #8845, #5685, #7744, .T. ) ;
#5431 = AXIS2_PLACEMENT_3D ( 'NONE', #3884, #676, #1510 ) ;
#5432 = ORIENTED_EDGE ( 'NONE', *, *, #3764, .F. ) ;
#5433 = ORIENTED_EDGE ( 'NONE', *, *, #6209, .F. ) ;
#5434 = EDGE_CURVE ( 'NONE', #5642, #8725, #7143, .T. ) ;
#5435 = CARTESIAN_POINT ( 'NONE',  ( -4.608981456572268900, 0.3147047612756303000, 2.960000000000000900 ) ) ;
#5436 = CARTESIAN_POINT ( 'NONE',  ( -4.085923696263362700, 1.164780893477695100, -2.959999999999999500 ) ) ;
#5437 = ORIENTED_EDGE ( 'NONE', *, *, #4499, .F. ) ;
#5438 = CARTESIAN_POINT ( 'NONE',  ( -4.085923696263362700, 1.164780893477695100, -5.500000000000000000 ) ) ;
#5439 = VECTOR ( 'NONE', #6001, 1000.000000000000000 ) ;
#5440 = FILL_AREA_STYLE ('',( #6235 ) ) ;
#5441 = DIRECTION ( 'NONE',  ( 0.9975640502598247500, 0.06975647374411816900, -0.0000000000000000000 ) ) ;
#5442 = DIRECTION ( 'NONE',  ( -0.0000000000000000000, -0.0000000000000000000, -1.000000000000000000 ) ) ;
#5443 = LINE ( 'NONE', #8923, #1972 ) ;
#5444 = CARTESIAN_POINT ( 'NONE',  ( -5.202500000000000600, 0.2493910125649564100, -2.959999999999999500 ) ) ;
#5445 = DIRECTION ( 'NONE',  ( -1.000000000000000000, 0.0000000000000000000, 0.0000000000000000000 ) ) ;
#5446 = CARTESIAN_POINT ( 'NONE',  ( -4.361424197404348400, 1.238601030272792100, 5.500000000000001800 ) ) ;
#5447 = CARTESIAN_POINT ( 'NONE',  ( -4.640543740461573900, 0.2886868222461744200, 4.230000000000001300 ) ) ;
#5448 = ORIENTED_EDGE ( 'NONE', *, *, #100, .T. ) ;
#5449 = CARTESIAN_POINT ( 'NONE',  ( -4.640543740461573900, 0.2886868222461744200, -1.689999999999999700 ) ) ;
#5450 = ORIENTED_EDGE ( 'NONE', *, *, #8565, .F. ) ;
#5451 = DIRECTION ( 'NONE',  ( -1.000000000000000000, 0.0000000000000000000, 0.0000000000000000000 ) ) ;
#5452 = LINE ( 'NONE', #1796, #6763 ) ;
#5453 = EDGE_CURVE ( 'NONE', #4819, #3181, #8008, .T. ) ;
#5454 = VECTOR ( 'NONE', #999, 1000.000000000000000 ) ;
#5455 = EDGE_CURVE ( 'NONE', #7940, #4723, #3816, .T. ) ;
#5456 = VECTOR ( 'NONE', #5842, 1000.000000000000000 ) ;
#5457 = CARTESIAN_POINT ( 'NONE',  ( 5.185060881563971200, -2.641625050904819800E-019, 2.960000000000000900 ) ) ;
#5458 = DIRECTION ( 'NONE',  ( -0.9975640502598246400, 0.06975647374411952900, -0.0000000000000000000 ) ) ;
#5459 = ORIENTED_EDGE ( 'NONE', *, *, #7092, .F. ) ;
#5460 = ORIENTED_EDGE ( 'NONE', *, *, #4544, .T. ) ;
#5461 = ORIENTED_EDGE ( 'NONE', *, *, #2254, .F. ) ;
#5462 = VECTOR ( 'NONE', #4633, 1000.000000000000000 ) ;
#5463 = VERTEX_POINT ( 'NONE', #991 ) ;
#5464 = ADVANCED_FACE ( 'NONE', ( #1726 ), #6662, .T. ) ;
#5465 = VECTOR ( 'NONE', #6569, 1000.000000000000000 ) ;
#5466 = DIRECTION ( 'NONE',  ( -1.000000000000000000, 0.0000000000000000000, -0.0000000000000000000 ) ) ;
#5467 = CARTESIAN_POINT ( 'NONE',  ( -4.623104622025544500, 0.03929580968121797200, 4.230000000000001300 ) ) ;
#5468 = LINE ( 'NONE', #589, #1023 ) ;
#5469 = AXIS2_PLACEMENT_3D ( 'NONE', #3706, #9196, #4509 ) ;
#5470 = EDGE_CURVE ( 'NONE', #4264, #1565, #9819, .T. ) ;
#5471 = ORIENTED_EDGE ( 'NONE', *, *, #3007, .F. ) ;
#5472 = DIRECTION ( 'NONE',  ( 1.000000000000000000, 0.0000000000000000000, 0.0000000000000000000 ) ) ;
#5473 = LINE ( 'NONE', #6969, #5206 ) ;
#5474 = ORIENTED_EDGE ( 'NONE', *, *, #6629, .F. ) ;
#5475 = CIRCLE ( 'NONE', #3337, 0.2852191065223050300 ) ;
#5476 = DIRECTION ( 'NONE',  ( -0.9975640502598247500, 0.06975647374411816900, 0.0000000000000000000 ) ) ;
#5477 = CARTESIAN_POINT ( 'NONE',  ( -0.4300000000000000500, 0.1000000000000000100, 1.784999999999999700 ) ) ;
#5478 = ORIENTED_EDGE ( 'NONE', *, *, #9996, .F. ) ;
#5479 = ADVANCED_FACE ( 'NONE', ( #1713 ), #9713, .T. ) ;
#5480 = VECTOR ( 'NONE', #9415, 1000.000000000000000 ) ;
#5481 = VECTOR ( 'NONE', #1696, 1000.000000000000000 ) ;
#5482 = CARTESIAN_POINT ( 'NONE',  ( -3.760000000000000200, 1.450000000000000200, 6.412500000000003200 ) ) ;
#5483 = VECTOR ( 'NONE', #5935, 1000.000000000000000 ) ;
#5484 = EDGE_CURVE ( 'NONE', #3951, #8970, #7635, .T. ) ;
#5485 = STYLED_ITEM ( 'NONE', ( #7538 ), #4022 ) ;
#5486 = ORIENTED_EDGE ( 'NONE', *, *, #8578, .F. ) ;
#5487 = LINE ( 'NONE', #6805, #435 ) ;
#5488 = DIRECTION ( 'NONE',  ( -1.000000000000000000, 0.0000000000000000000, 2.306813132947881000E-016 ) ) ;
#5489 = PLANE ( 'NONE',  #2280 ) ;
#5490 = VERTEX_POINT ( 'NONE', #9804 ) ;
#5491 = CIRCLE ( 'NONE', #1762, 0.2852191065223050300 ) ;
#5492 = CARTESIAN_POINT ( 'NONE',  ( -3.759999999999999300, 1.200000000000000200, -1.689999999999999700 ) ) ;
#5493 = CARTESIAN_POINT ( 'NONE',  ( 4.623104622025544500, 0.03929580968121807600, -4.229999999999999500 ) ) ;
#5494 = ORIENTED_EDGE ( 'NONE', *, *, #715, .T. ) ;
#5495 = CARTESIAN_POINT ( 'NONE',  ( -4.119942740832083700, 1.173896268997162200, -2.959999999999999500 ) ) ;
#5496 = CARTESIAN_POINT ( 'NONE',  ( -4.361424197404348400, 1.238601030272792100, -1.689999999999999700 ) ) ;
#5497 = AXIS2_PLACEMENT_3D ( 'NONE', #1543, #1612, #2123 ) ;
#5498 = DIRECTION ( 'NONE',  ( -1.000000000000000000, 0.0000000000000000000, 4.057832692343406900E-016 ) ) ;
#5499 = DIRECTION ( 'NONE',  ( 0.9975640502598247500, -0.06975647374411816900, 0.0000000000000000000 ) ) ;
#5500 = ORIENTED_EDGE ( 'NONE', *, *, #7114, .T. ) ;
#5501 = VECTOR ( 'NONE', #3100, 1000.000000000000000 ) ;
#5502 = EDGE_LOOP ( 'NONE', ( #6447, #9920, #2269, #1615 ) ) ;
#5503 = DIRECTION ( 'NONE',  ( 0.06975647374411746100, -0.9975640502598247500, 0.0000000000000000000 ) ) ;
#5504 = ORIENTED_EDGE ( 'NONE', *, *, #7893, .F. ) ;
#5505 = LINE ( 'NONE', #9614, #7185 ) ;
#5506 = CARTESIAN_POINT ( 'NONE',  ( -0.4299999999999999900, 0.1000000000000000100, -1.785000000000000100 ) ) ;
#5507 = EDGE_CURVE ( 'NONE', #9222, #7245, #1611, .T. ) ;
#5508 = DIRECTION ( 'NONE',  ( 1.000000000000000000, -6.653104299660455300E-016, 0.0000000000000000000 ) ) ;
#5509 = PLANE ( 'NONE',  #10120 ) ;
#5510 = VERTEX_POINT ( 'NONE', #8827 ) ;
#5511 = EDGE_CURVE ( 'NONE', #7492, #948, #3942, .T. ) ;
#5512 = DIRECTION ( 'NONE',  ( -0.0000000000000000000, -0.0000000000000000000, -1.000000000000000000 ) ) ;
#5513 = ORIENTED_EDGE ( 'NONE', *, *, #8878, .F. ) ;
#5514 = CARTESIAN_POINT ( 'NONE',  ( 4.623104622025544500, 0.03929580968121807600, 2.120000000000000600 ) ) ;
#5515 = VERTEX_POINT ( 'NONE', #2000 ) ;
#5516 = FACE_OUTER_BOUND ( 'NONE', #3056, .T. ) ;
#5517 = ORIENTED_EDGE ( 'NONE', *, *, #5958, .F. ) ;
#5518 = DIRECTION ( 'NONE',  ( -0.2588190451025243500, -0.9659258262890673100, 0.0000000000000000000 ) ) ;
#5519 = DIRECTION ( 'NONE',  ( 0.9975640502598247500, 0.06975647374411807200, 0.0000000000000000000 ) ) ;
#5520 = VERTEX_POINT ( 'NONE', #5998 ) ;
#5521 =( GEOMETRIC_REPRESENTATION_CONTEXT ( 3 ) GLOBAL_UNCERTAINTY_ASSIGNED_CONTEXT ( ( #1209 ) ) GLOBAL_UNIT_ASSIGNED_CONTEXT ( ( #7119, #7915, #4066 ) ) REPRESENTATION_CONTEXT ( 'NONE', 'WORKASPACE' ) );
#5522 = AXIS2_PLACEMENT_3D ( 'NONE', #3673, #9908, #2102 ) ;
#5523 = EDGE_CURVE ( 'NONE', #5794, #9466, #4316, .T. ) ;
#5524 = CARTESIAN_POINT ( 'NONE',  ( 4.361424197404351100, 1.238601030272792600, 5.930000000000001500 ) ) ;
#5525 = FACE_OUTER_BOUND ( 'NONE', #82, .T. ) ;
#5526 = CARTESIAN_POINT ( 'NONE',  ( -1.175000000000000500, -0.0000000000000000000, -1.655000000000000200 ) ) ;
#5527 = ORIENTED_EDGE ( 'NONE', *, *, #1787, .T. ) ;
#5528 = DIRECTION ( 'NONE',  ( -6.653104299660455300E-016, -1.000000000000000000, 0.0000000000000000000 ) ) ;
#5529 = LINE ( 'NONE', #2306, #1217 ) ;
#5530 = LINE ( 'NONE', #8402, #9172 ) ;
#5531 = ORIENTED_EDGE ( 'NONE', *, *, #3336, .T. ) ;
#5532 = LINE ( 'NONE', #577, #3 ) ;
#5533 = PLANE ( 'NONE',  #3358 ) ;
#5534 = AXIS2_PLACEMENT_3D ( 'NONE', #9045, #9911, #9878 ) ;
#5535 = AXIS2_PLACEMENT_3D ( 'NONE', #6292, #7142, #4817 ) ;
#5536 = ORIENTED_EDGE ( 'NONE', *, *, #2793, .F. ) ;
#5537 = VERTEX_POINT ( 'NONE', #5899 ) ;
#5538 = VECTOR ( 'NONE', #3127, 1000.000000000000100 ) ;
#5539 = LINE ( 'NONE', #1482, #5901 ) ;
#5540 = ORIENTED_EDGE ( 'NONE', *, *, #2982, .T. ) ;
#5541 = FACE_OUTER_BOUND ( 'NONE', #9995, .T. ) ;
#5542 = AXIS2_PLACEMENT_3D ( 'NONE', #8499, #8428, #5372 ) ;
#5543 =( NAMED_UNIT ( * ) PLANE_ANGLE_UNIT ( ) SI_UNIT ( $, .RADIAN. ) );
#5544 = PLANE ( 'NONE',  #1556 ) ;
#5545 = ORIENTED_EDGE ( 'NONE', *, *, #5773, .F. ) ;
#5546 = ORIENTED_EDGE ( 'NONE', *, *, #6064, .F. ) ;
#5547 = EDGE_CURVE ( 'NONE', #6656, #2885, #7880, .T. ) ;
#5548 = ORIENTED_EDGE ( 'NONE', *, *, #2509, .T. ) ;
#5549 = PRESENTATION_STYLE_ASSIGNMENT (( #6211 ) ) ;
#5550 = DIRECTION ( 'NONE',  ( -0.9975640502598247500, -0.06975647374411816900, 0.0000000000000000000 ) ) ;
#5551 = LINE ( 'NONE', #5830, #3431 ) ;
#5552 = DIRECTION ( 'NONE',  ( -0.0000000000000000000, 0.0000000000000000000, -1.000000000000000000 ) ) ;
#5553 = ADVANCED_FACE ( 'NONE', ( #5080 ), #6704, .F. ) ;
#5554 = DIRECTION ( 'NONE',  ( 0.9975640502598246400, -0.06975647374411952900, 0.0000000000000000000 ) ) ;
#5555 = CARTESIAN_POINT ( 'NONE',  ( 0.4299999999999998800, 0.0000000000000000000, 1.654999999999999800 ) ) ;
#5556 = ORIENTED_EDGE ( 'NONE', *, *, #2718, .T. ) ;
#5557 = ORIENTED_EDGE ( 'NONE', *, *, #346, .F. ) ;
#5558 = ORIENTED_EDGE ( 'NONE', *, *, #9815, .T. ) ;
#5559 = LINE ( 'NONE', #8095, #6168 ) ;
#5560 = LINE ( 'NONE', #124, #4550 ) ;
#5561 = FACE_OUTER_BOUND ( 'NONE', #7034, .T. ) ;
#5562 = MANIFOLD_SOLID_BREP ( 'LPattern1[15]', #4609 ) ;
#5563 = EDGE_CURVE ( 'NONE', #2885, #6421, #8979, .T. ) ;
#5564 = EDGE_CURVE ( 'NONE', #4270, #578, #5815, .T. ) ;
#5565 = DIRECTION ( 'NONE',  ( -1.000000000000000000, 0.0000000000000000000, 0.0000000000000000000 ) ) ;
#5566 = ORIENTED_EDGE ( 'NONE', *, *, #9617, .T. ) ;
#5567 = ORIENTED_EDGE ( 'NONE', *, *, #1443, .F. ) ;
#5568 = ADVANCED_FACE ( 'NONE', ( #8364 ), #5088, .F. ) ;
#5569 = ORIENTED_EDGE ( 'NONE', *, *, #8821, .F. ) ;
#5570 = DIRECTION ( 'NONE',  ( 0.0000000000000000000, -1.000000000000000000, 0.0000000000000000000 ) ) ;
#5571 = VECTOR ( 'NONE', #6660, 1000.000000000000000 ) ;
#5572 = CARTESIAN_POINT ( 'NONE',  ( 4.361424197404351100, 1.238601030272792600, -5.500000000000000000 ) ) ;
#5573 = PRESENTATION_STYLE_ASSIGNMENT (( #8824 ) ) ;
#5574 = DIRECTION ( 'NONE',  ( 1.734723475976807100E-015, 1.000000000000000000, 0.0000000000000000000 ) ) ;
#5575 = VECTOR ( 'NONE', #2828, 1000.000000000000100 ) ;
#5576 = CARTESIAN_POINT ( 'NONE',  ( 5.202500000000000600, 0.2493910125649557200, -1.689999999999999700 ) ) ;
#5577 = ORIENTED_EDGE ( 'NONE', *, *, #1156, .T. ) ;
#5578 = AXIS2_PLACEMENT_3D ( 'NONE', #8788, #4783, #4845 ) ;
#5579 = EDGE_CURVE ( 'NONE', #9262, #3289, #5315, .T. ) ;
#5580 = ORIENTED_EDGE ( 'NONE', *, *, #4582, .F. ) ;
#5581 = VECTOR ( 'NONE', #3241, 1000.000000000000000 ) ;
#5582 = LINE ( 'NONE', #2686, #8034 ) ;
#5583 = DIRECTION ( 'NONE',  ( -0.0000000000000000000, -0.0000000000000000000, -1.000000000000000000 ) ) ;
#5584 = CARTESIAN_POINT ( 'NONE',  ( 5.202500000000000600, 0.2493910125649557200, -5.929999999999999700 ) ) ;
#5585 = VERTEX_POINT ( 'NONE', #3527 ) ;
#5586 = CARTESIAN_POINT ( 'NONE',  ( -4.361424197404348400, 1.238601030272792100, -2.119999999999999700 ) ) ;
#5587 = DIRECTION ( 'NONE',  ( 1.000000000000000000, 6.653104299660446400E-016, 0.0000000000000000000 ) ) ;
#5588 = CARTESIAN_POINT ( 'NONE',  ( 4.367500000000000600, 0.2500000000000000600, -2.959999999999999500 ) ) ;
#5589 = FACE_OUTER_BOUND ( 'NONE', #9055, .T. ) ;
#5590 = FACE_OUTER_BOUND ( 'NONE', #7273, .T. ) ;
#5591 = CARTESIAN_POINT ( 'NONE',  ( -4.367500000000000600, 0.2500000000000000000, 0.8500000000000009800 ) ) ;
#5592 = ORIENTED_EDGE ( 'NONE', *, *, #10105, .F. ) ;
#5593 = EDGE_CURVE ( 'NONE', #5945, #443, #281, .T. ) ;
#5594 = VECTOR ( 'NONE', #6388, 999.9999999999998900 ) ;
#5595 = EDGE_CURVE ( 'NONE', #1070, #9430, #1133, .T. ) ;
#5596 = ORIENTED_EDGE ( 'NONE', *, *, #6044, .F. ) ;
#5597 = CIRCLE ( 'NONE', #3763, 0.2852191065223054800 ) ;
#5598 = DIRECTION ( 'NONE',  ( -1.000000000000000000, 0.0000000000000000000, 0.0000000000000000000 ) ) ;
#5599 = CIRCLE ( 'NONE', #531, 0.03521910652230526200 ) ;
#5600 = CARTESIAN_POINT ( 'NONE',  ( 3.759999999999999800, 1.450000000000000200, 0.8500000000000009800 ) ) ;
#5601 = DIRECTION ( 'NONE',  ( -1.734723475976807100E-015, -1.000000000000000000, 0.0000000000000000000 ) ) ;
#5602 = CARTESIAN_POINT ( 'NONE',  ( -4.361424197404348400, 1.238601030272792100, -5.500000000000000000 ) ) ;
#5603 = DIRECTION ( 'NONE',  ( -1.000000000000000000, 0.0000000000000000000, 0.0000000000000000000 ) ) ;
#5604 = ORIENTED_EDGE ( 'NONE', *, *, #605, .T. ) ;
#5605 = DIRECTION ( 'NONE',  ( 0.9975640502598247500, -0.06975647374411816900, 0.0000000000000000000 ) ) ;
#5606 = SURFACE_SIDE_STYLE ('',( #9692 ) ) ;
#5607 = VERTEX_POINT ( 'NONE', #5967 ) ;
#5608 = EDGE_CURVE ( 'NONE', #7673, #414, #8137, .T. ) ;
#5609 = FACE_OUTER_BOUND ( 'NONE', #9316, .T. ) ;
#5610 = AXIS2_PLACEMENT_3D ( 'NONE', #6360, #8633, #9470 ) ;
#5611 = CARTESIAN_POINT ( 'NONE',  ( -4.643000501140988900, 0.3238201367950973600, -5.500000000000000000 ) ) ;
#5612 = VERTEX_POINT ( 'NONE', #2814 ) ;
#5613 = PLANE ( 'NONE',  #6411 ) ;
#5614 = PLANE ( 'NONE',  #7030 ) ;
#5615 = ORIENTED_EDGE ( 'NONE', *, *, #9359, .F. ) ;
#5616 = FACE_OUTER_BOUND ( 'NONE', #7939, .T. ) ;
#5617 = ADVANCED_FACE ( 'NONE', ( #9210 ), #6026, .T. ) ;
#5618 = ORIENTED_EDGE ( 'NONE', *, *, #8878, .T. ) ;
#5619 = PLANE ( 'NONE',  #6716 ) ;
#5620 = DIRECTION ( 'NONE',  ( -0.0000000000000000000, -0.0000000000000000000, -1.000000000000000000 ) ) ;
#5621 = AXIS2_PLACEMENT_3D ( 'NONE', #8604, #2342, #8574 ) ;
#5622 = CARTESIAN_POINT ( 'NONE',  ( -4.640543740461573900, 0.2886868222461744200, -4.659999999999999300 ) ) ;
#5623 = CARTESIAN_POINT ( 'NONE',  ( -4.119942740832083700, 1.173896268997162200, -2.119999999999999700 ) ) ;
#5624 = PLANE ( 'NONE',  #1946 ) ;
#5625 = ORIENTED_EDGE ( 'NONE', *, *, #8578, .T. ) ;
#5626 = EDGE_CURVE ( 'NONE', #8725, #1990, #1361, .T. ) ;
#5627 = ORIENTED_EDGE ( 'NONE', *, *, #8840, .F. ) ;
#5628 = AXIS2_PLACEMENT_3D ( 'NONE', #4420, #1184, #7575 ) ;
#5629 = EDGE_CURVE ( 'NONE', #4284, #1450, #6157, .T. ) ;
#5630 = ORIENTED_EDGE ( 'NONE', *, *, #8740, .T. ) ;
#5631 = VECTOR ( 'NONE', #6448, 1000.000000000000000 ) ;
#5632 = ORIENTED_EDGE ( 'NONE', *, *, #575, .F. ) ;
#5633 = CARTESIAN_POINT ( 'NONE',  ( -0.4300000000000000500, 0.1000000000000000100, 1.654999999999999800 ) ) ;
#5634 = DIRECTION ( 'NONE',  ( -1.000000000000000000, 0.0000000000000000000, 0.0000000000000000000 ) ) ;
#5635 = PLANE ( 'NONE',  #4271 ) ;
#5636 = CARTESIAN_POINT ( 'NONE',  ( -4.085923696263362700, 1.449999999999999300, 0.8500000000000009800 ) ) ;
#5637 = DIRECTION ( 'NONE',  ( 0.9902680687415703600, -0.1391731009600657400, -4.018342143523311900E-016 ) ) ;
#5638 = ORIENTED_EDGE ( 'NONE', *, *, #3836, .T. ) ;
#5639 = EDGE_CURVE ( 'NONE', #8723, #9456, #2717, .T. ) ;
#5640 = LINE ( 'NONE', #3612, #6477 ) ;
#5641 = EDGE_CURVE ( 'NONE', #9084, #3887, #2456, .T. ) ;
#5642 = VERTEX_POINT ( 'NONE', #8442 ) ;
#5643 = DIRECTION ( 'NONE',  ( 0.0000000000000000000, -0.0000000000000000000, -1.000000000000000000 ) ) ;
#5644 = DIRECTION ( 'NONE',  ( -1.000000000000000000, 0.0000000000000000000, 0.0000000000000000000 ) ) ;
#5645 = VERTEX_POINT ( 'NONE', #5353 ) ;
#5646 = LINE ( 'NONE', #2338, #849 ) ;
#5647 = DIRECTION ( 'NONE',  ( 1.000000000000000000, 0.0000000000000000000, 0.0000000000000000000 ) ) ;
#5648 = DIRECTION ( 'NONE',  ( 0.9975640502598247500, -0.06975647374411816900, 0.0000000000000000000 ) ) ;
#5649 = AXIS2_PLACEMENT_3D ( 'NONE', #250, #9731, #8809 ) ;
#5650 = ORIENTED_EDGE ( 'NONE', *, *, #6930, .F. ) ;
#5651 = DIRECTION ( 'NONE',  ( 0.0000000000000000000, -1.000000000000000000, 0.0000000000000000000 ) ) ;
#5652 = AXIS2_PLACEMENT_3D ( 'NONE', #2958, #6095, #1388 ) ;
#5653 = EDGE_CURVE ( 'NONE', #7486, #3546, #4946, .T. ) ;
#5654 = CARTESIAN_POINT ( 'NONE',  ( 4.085923696263362700, 1.200000000000000600, 4.230000000000001300 ) ) ;
#5655 = DIRECTION ( 'NONE',  ( 4.170008355713482100E-016, 0.0000000000000000000, -1.000000000000000000 ) ) ;
#5656 = DIRECTION ( 'NONE',  ( 1.000000000000000000, -1.734723475976807100E-015, 0.0000000000000000000 ) ) ;
#5657 = CARTESIAN_POINT ( 'NONE',  ( 0.4299999999999999400, 4.374037903435110200, -1.785000000000000100 ) ) ;
#5658 = LINE ( 'NONE', #5887, #5049 ) ;
#5659 = ORIENTED_EDGE ( 'NONE', *, *, #7111, .F. ) ;
#5660 = FACE_OUTER_BOUND ( 'NONE', #2901, .T. ) ;
#5661 = EDGE_LOOP ( 'NONE', ( #8101, #824, #1868, #2451 ) ) ;
#5662 = EDGE_LOOP ( 'NONE', ( #54, #8356, #3762, #5083 ) ) ;
#5663 = FILL_AREA_STYLE ('',( #3896 ) ) ;
#5664 = DIRECTION ( 'NONE',  ( 1.000000000000000000, 0.0000000000000000000, 0.0000000000000000000 ) ) ;
#5665 = STYLED_ITEM ( 'NONE', ( #9001 ), #837 ) ;
#5666 = SURFACE_STYLE_FILL_AREA ( #1383 ) ;
#5667 = FACE_OUTER_BOUND ( 'NONE', #352, .T. ) ;
#5668 = DIRECTION ( 'NONE',  ( 0.9975640502598247500, 0.06975647374411816900, -0.0000000000000000000 ) ) ;
#5669 = CIRCLE ( 'NONE', #1703, 0.2852191065223042000 ) ;
#5670 = ADVANCED_FACE ( 'NONE', ( #6536 ), #7583, .F. ) ;
#5671 = CARTESIAN_POINT ( 'NONE',  ( 4.085923696263362700, 1.164780893477695100, 1.690000000000000600 ) ) ;
#5672 = SURFACE_STYLE_USAGE ( .BOTH. , #4897 ) ;
#5673 = CARTESIAN_POINT ( 'NONE',  ( -4.640543740461573900, 0.2886868222461744200, 4.660000000000001000 ) ) ;
#5674 = CARTESIAN_POINT ( 'NONE',  ( 0.4299999999999998800, 0.1000000000000000100, -1.655000000000000200 ) ) ;
#5675 = ORIENTED_EDGE ( 'NONE', *, *, #2887, .T. ) ;
#5676 = ORIENTED_EDGE ( 'NONE', *, *, #6222, .F. ) ;
#5677 = CARTESIAN_POINT ( 'NONE',  ( 4.643000501140988900, 0.3238201367950973600, 5.930000000000001500 ) ) ;
#5678 = EDGE_LOOP ( 'NONE', ( #1106, #5121, #7990, #1915 ) ) ;
#5679 = LINE ( 'NONE', #5216, #6520 ) ;
#5680 = COLOUR_RGB ( '',0.7921568627450980000, 0.8196078431372548800, 0.9333333333333333500 ) ;
#5681 = CARTESIAN_POINT ( 'NONE',  ( -4.085923696263362700, 1.164780893477695100, -5.929999999999999700 ) ) ;
#5682 = EDGE_CURVE ( 'NONE', #8895, #8718, #8852, .T. ) ;
#5683 = PRESENTATION_LAYER_ASSIGNMENT (  '', '', ( #8955 ) ) ;
#5684 = ORIENTED_EDGE ( 'NONE', *, *, #5791, .F. ) ;
#5685 = VERTEX_POINT ( 'NONE', #537 ) ;
#5686 = FILL_AREA_STYLE_COLOUR ( '', #9966 ) ;
#5687 = LINE ( 'NONE', #8131, #4427 ) ;
#5688 = PLANE ( 'NONE',  #7324 ) ;
#5689 = LINE ( 'NONE', #1844, #2963 ) ;
#5690 = CARTESIAN_POINT ( 'NONE',  ( 4.085923696263362700, 1.450000000000000000, 1.690000000000000600 ) ) ;
#5691 = EDGE_LOOP ( 'NONE', ( #9952, #8425, #2927, #1484 ) ) ;
#5692 = ORIENTED_EDGE ( 'NONE', *, *, #7733, .T. ) ;
#5693 = LINE ( 'NONE', #5183, #1492 ) ;
#5694 = DIRECTION ( 'NONE',  ( -0.0000000000000000000, -0.0000000000000000000, -1.000000000000000000 ) ) ;
#5695 = ORIENTED_EDGE ( 'NONE', *, *, #1725, .T. ) ;
#5696 = ORIENTED_EDGE ( 'NONE', *, *, #9414, .T. ) ;
#5697 = LINE ( 'NONE', #4666, #9826 ) ;
#5698 = EDGE_CURVE ( 'NONE', #5883, #687, #8479, .T. ) ;
#5699 = COLOUR_RGB ( '',0.7921568627450980000, 0.8196078431372548800, 0.9333333333333333500 ) ;
#5700 = EDGE_CURVE ( 'NONE', #7964, #7664, #8256, .T. ) ;
#5701 = DIRECTION ( 'NONE',  ( -0.0000000000000000000, -0.0000000000000000000, -1.000000000000000000 ) ) ;
#5702 = ORIENTED_EDGE ( 'NONE', *, *, #434, .F. ) ;
#5703 = CARTESIAN_POINT ( 'NONE',  ( -0.4299999999999999900, 0.1000000000000000100, -1.785000000000000100 ) ) ;
#5704 = ORIENTED_EDGE ( 'NONE', *, *, #1325, .T. ) ;
#5705 = DIRECTION ( 'NONE',  ( 0.0000000000000000000, 0.0000000000000000000, -1.000000000000000000 ) ) ;
#5706 = ADVANCED_FACE ( 'NONE', ( #5561 ), #7658, .F. ) ;
#5707 = CARTESIAN_POINT ( 'NONE',  ( 4.085923696263362700, 1.164780893477695100, -2.119999999999999700 ) ) ;
#5708 = VECTOR ( 'NONE', #4923, 1000.000000000000000 ) ;
#5709 = VERTEX_POINT ( 'NONE', #569 ) ;
#5710 = CARTESIAN_POINT ( 'NONE',  ( 4.608981456572268000, 0.3147047612756303000, -0.4199999999999993700 ) ) ;
#5711 = FACE_OUTER_BOUND ( 'NONE', #4569, .T. ) ;
#5712 = DIRECTION ( 'NONE',  ( 0.0000000000000000000, 0.0000000000000000000, 1.000000000000000000 ) ) ;
#5713 = VECTOR ( 'NONE', #6895, 1000.000000000000000 ) ;
#5714 = DIRECTION ( 'NONE',  ( -1.000000000000000000, 0.0000000000000000000, 0.0000000000000000000 ) ) ;
#5715 = CARTESIAN_POINT ( 'NONE',  ( -4.608981456572268900, 0.3147047612756303000, -5.500000000000000000 ) ) ;
#5716 = EDGE_CURVE ( 'NONE', #4098, #4012, #768, .T. ) ;
#5717 = ORIENTED_EDGE ( 'NONE', *, *, #6119, .F. ) ;
#5718 = VECTOR ( 'NONE', #6534, 1000.000000000000000 ) ;
#5719 = FACE_OUTER_BOUND ( 'NONE', #9029, .T. ) ;
#5720 =( LENGTH_UNIT ( ) NAMED_UNIT ( * ) SI_UNIT ( .MILLI., .METRE. ) );
#5721 = CARTESIAN_POINT ( 'NONE',  ( -5.202500000000000600, 0.2493910125649564100, -1.689999999999999700 ) ) ;
#5722 = DIRECTION ( 'NONE',  ( 0.9975640502598248600, 0.06975647374411747500, -0.0000000000000000000 ) ) ;
#5723 = LINE ( 'NONE', #4853, #8176 ) ;
#5724 = ADVANCED_FACE ( 'NONE', ( #6043 ), #5192, .T. ) ;
#5725 = ORIENTED_EDGE ( 'NONE', *, *, #522, .T. ) ;
#5726 = CARTESIAN_POINT ( 'NONE',  ( -4.119942740832083700, 1.173896268997162200, 4.660000000000001000 ) ) ;
#5727 = CARTESIAN_POINT ( 'NONE',  ( 5.202500000000000600, 0.2493910125649557200, -5.500000000000000000 ) ) ;
#5728 = LINE ( 'NONE', #4376, #3592 ) ;
#5729 = VERTEX_POINT ( 'NONE', #9249 ) ;
#5730 = AXIS2_PLACEMENT_3D ( 'NONE', #4719, #816, #6228 ) ;
#5731 = VECTOR ( 'NONE', #7174, 1000.000000000000000 ) ;
#5732 = DIRECTION ( 'NONE',  ( -0.0000000000000000000, -0.0000000000000000000, -1.000000000000000000 ) ) ;
#5733 = ADVANCED_FACE ( 'NONE', ( #398 ), #9123, .T. ) ;
#5734 = ORIENTED_EDGE ( 'NONE', *, *, #4213, .T. ) ;
#5735 = CARTESIAN_POINT ( 'NONE',  ( 3.759999999999999800, 1.450000000000000200, 2.960000000000000900 ) ) ;
#5736 = DIRECTION ( 'NONE',  ( -1.000000000000000000, 0.0000000000000000000, 0.0000000000000000000 ) ) ;
#5737 = ORIENTED_EDGE ( 'NONE', *, *, #3239, .T. ) ;
#5738 = CIRCLE ( 'NONE', #4599, 0.2852191065223054800 ) ;
#5739 = CARTESIAN_POINT ( 'NONE',  ( 5.202500000000000600, 0.2493910125649557200, 2.960000000000000900 ) ) ;
#5740 = DIRECTION ( 'NONE',  ( 0.0000000000000000000, 0.0000000000000000000, 1.000000000000000000 ) ) ;
#5741 = CARTESIAN_POINT ( 'NONE',  ( 4.623104622025544500, 0.03929580968121807600, -5.500000000000000000 ) ) ;
#5742 = CARTESIAN_POINT ( 'NONE',  ( 5.202500000000000600, 0.2493910125649557200, -5.500000000000000000 ) ) ;
#5743 = DIRECTION ( 'NONE',  ( 0.0000000000000000000, 0.0000000000000000000, 1.000000000000000000 ) ) ;
#5744 = ORIENTED_EDGE ( 'NONE', *, *, #4889, .F. ) ;
#5745 = EDGE_CURVE ( 'NONE', #1874, #8081, #1015, .T. ) ;
#5746 = AXIS2_PLACEMENT_3D ( 'NONE', #3038, #2998, #2237 ) ;
#5747 = VERTEX_POINT ( 'NONE', #9324 ) ;
#5748 = CARTESIAN_POINT ( 'NONE',  ( -4.640543740461573900, 0.2886868222461744200, 5.930000000000001500 ) ) ;
#5749 = FACE_OUTER_BOUND ( 'NONE', #1116, .T. ) ;
#5750 = DIRECTION ( 'NONE',  ( -1.734723475976807100E-015, -1.000000000000000000, 0.0000000000000000000 ) ) ;
#5751 = CARTESIAN_POINT ( 'NONE',  ( 4.608981456572268000, 0.3147047612756303000, -4.229999999999999500 ) ) ;
#5752 = PLANE ( 'NONE',  #399 ) ;
#5753 = VERTEX_POINT ( 'NONE', #28 ) ;
#5754 = CARTESIAN_POINT ( 'NONE',  ( -5.202500000000000600, 0.2493910125649564100, 4.660000000000001000 ) ) ;
#5755 = ORIENTED_EDGE ( 'NONE', *, *, #4899, .T. ) ;
#5756 = VERTEX_POINT ( 'NONE', #6290 ) ;
#5757 = COLOUR_RGB ( '',0.7921568627450980000, 0.8196078431372548800, 0.9333333333333333500 ) ;
#5758 = CARTESIAN_POINT ( 'NONE',  ( -4.367500000000000600, 0.2500000000000000000, 4.230000000000001300 ) ) ;
#5759 = ORIENTED_EDGE ( 'NONE', *, *, #6545, .T. ) ;
#5760 = EDGE_CURVE ( 'NONE', #9152, #5061, #1597, .T. ) ;
#5761 = AXIS2_PLACEMENT_3D ( 'NONE', #5493, #6193, #778 ) ;
#5762 = VERTEX_POINT ( 'NONE', #3954 ) ;
#5763 = EDGE_CURVE ( 'NONE', #1655, #4614, #2329, .T. ) ;
#5764 = DIRECTION ( 'NONE',  ( -0.0000000000000000000, -0.0000000000000000000, -1.000000000000000000 ) ) ;
#5765 = VECTOR ( 'NONE', #5054, 1000.000000000000000 ) ;
#5766 =( LENGTH_UNIT ( ) NAMED_UNIT ( * ) SI_UNIT ( .MILLI., .METRE. ) );
#5767 = CARTESIAN_POINT ( 'NONE',  ( -4.623104622025544500, 0.03929580968121807600, 3.390000000000000600 ) ) ;
#5768 = ORIENTED_EDGE ( 'NONE', *, *, #2385, .F. ) ;
#5769 = ADVANCED_FACE ( 'NONE', ( #4685 ), #7250, .T. ) ;
#5770 = CARTESIAN_POINT ( 'NONE',  ( 3.759999999999999800, 1.450000000000000200, -5.500000000000000000 ) ) ;
#5771 = AXIS2_PLACEMENT_3D ( 'NONE', #1412, #9318, #6153 ) ;
#5772 = DIRECTION ( 'NONE',  ( -1.000000000000000000, 0.0000000000000000000, 0.0000000000000000000 ) ) ;
#5773 = EDGE_CURVE ( 'NONE', #72, #8957, #3682, .T. ) ;
#5774 = VECTOR ( 'NONE', #3202, 1000.000000000000000 ) ;
#5775 = FACE_OUTER_BOUND ( 'NONE', #1308, .T. ) ;
#5776 = PLANE ( 'NONE',  #2567 ) ;
#5777 = CARTESIAN_POINT ( 'NONE',  ( 3.759999999999999300, 1.200000000000000200, -1.689999999999999700 ) ) ;
#5778 = ORIENTED_EDGE ( 'NONE', *, *, #2883, .F. ) ;
#5779 = LINE ( 'NONE', #8359, #6249 ) ;
#5780 = PLANE ( 'NONE',  #2527 ) ;
#5781 = DIRECTION ( 'NONE',  ( 0.9975640502598247500, -0.06975647374411816900, 0.0000000000000000000 ) ) ;
#5782 = CARTESIAN_POINT ( 'NONE',  ( 4.643000501140988900, 0.3238201367950973600, -4.659999999999999300 ) ) ;
#5783 = ADVANCED_FACE ( 'NONE', ( #1863 ), #6423, .T. ) ;
#5784 = CARTESIAN_POINT ( 'NONE',  ( -0.4300000000000000500, 4.374037903435110200, 1.654999999999999800 ) ) ;
#5785 = DIRECTION ( 'NONE',  ( 1.000000000000000000, 6.653104299660446400E-016, 0.0000000000000000000 ) ) ;
#5786 = VERTEX_POINT ( 'NONE', #6460 ) ;
#5787 = VERTEX_POINT ( 'NONE', #1672 ) ;
#5788 = FACE_OUTER_BOUND ( 'NONE', #5502, .T. ) ;
#5789 = CYLINDRICAL_SURFACE ( 'NONE', #6951, 0.03521910652230526200 ) ;
#5790 = VERTEX_POINT ( 'NONE', #7242 ) ;
#5791 = EDGE_CURVE ( 'NONE', #752, #107, #7996, .T. ) ;
#5792 = CARTESIAN_POINT ( 'NONE',  ( 4.640543740461574800, 0.2886868222461741500, -1.689999999999999700 ) ) ;
#5793 = DIRECTION ( 'NONE',  ( 0.0000000000000000000, 1.000000000000000000, 0.0000000000000000000 ) ) ;
#5794 = VERTEX_POINT ( 'NONE', #7139 ) ;
#5795 = ORIENTED_EDGE ( 'NONE', *, *, #699, .F. ) ;
#5796 = CARTESIAN_POINT ( 'NONE',  ( 3.759999999999999800, 1.450000000000000200, -1.689999999999999700 ) ) ;
#5797 = ORIENTED_EDGE ( 'NONE', *, *, #4062, .T. ) ;
#5798 = LINE ( 'NONE', #8213, #3929 ) ;
#5799 = VECTOR ( 'NONE', #8374, 1000.000000000000000 ) ;
#5800 = EDGE_CURVE ( 'NONE', #4810, #9084, #1352, .T. ) ;
#5801 = CARTESIAN_POINT ( 'NONE',  ( -2.760000000000000200, 2.599999999999998800, -5.812500000000003600 ) ) ;
#5802 = DIRECTION ( 'NONE',  ( -0.9975640502598247500, 0.06975647374411816900, 0.0000000000000000000 ) ) ;
#5803 = CARTESIAN_POINT ( 'NONE',  ( 4.367500000000000600, 0.2500000000000000600, -4.659999999999999300 ) ) ;
#5804 = AXIS2_PLACEMENT_3D ( 'NONE', #47, #1552, #7917 ) ;
#5805 = DIRECTION ( 'NONE',  ( -0.0000000000000000000, -0.0000000000000000000, -1.000000000000000000 ) ) ;
#5806 = ORIENTED_EDGE ( 'NONE', *, *, #6679, .F. ) ;
#5807 = VERTEX_POINT ( 'NONE', #4088 ) ;
#5808 = EDGE_CURVE ( 'NONE', #2848, #8718, #5180, .T. ) ;
#5809 = AXIS2_PLACEMENT_3D ( 'NONE', #9767, #9735, #5079 ) ;
#5810 = ORIENTED_EDGE ( 'NONE', *, *, #9675, .F. ) ;
#5811 = DIRECTION ( 'NONE',  ( 1.000000000000000000, -6.653104299660446400E-016, -0.0000000000000000000 ) ) ;
#5812 = DIRECTION ( 'NONE',  ( -0.0000000000000000000, -0.0000000000000000000, -1.000000000000000000 ) ) ;
#5813 = MANIFOLD_SOLID_BREP ( 'LPattern1[4]', #173 ) ;
#5814 = LINE ( 'NONE', #94, #4314 ) ;
#5815 = LINE ( 'NONE', #3467, #9453 ) ;
#5816 = DIRECTION ( 'NONE',  ( -1.734723475976807100E-015, -1.000000000000000000, 0.0000000000000000000 ) ) ;
#5817 = ORIENTED_EDGE ( 'NONE', *, *, #6148, .T. ) ;
#5818 = ORIENTED_EDGE ( 'NONE', *, *, #822, .T. ) ;
#5819 = ORIENTED_EDGE ( 'NONE', *, *, #6861, .F. ) ;
#5820 = DIRECTION ( 'NONE',  ( 1.000000000000000000, -0.0000000000000000000, -2.306813132947880500E-016 ) ) ;
#5821 = DIRECTION ( 'NONE',  ( -0.0000000000000000000, -0.0000000000000000000, -1.000000000000000000 ) ) ;
#5822 = DIRECTION ( 'NONE',  ( 0.2588190451025207900, 0.9659258262890683100, -0.0000000000000000000 ) ) ;
#5823 = VECTOR ( 'NONE', #9773, 999.9999999999998900 ) ;
#5824 = DIRECTION ( 'NONE',  ( 1.000000000000000000, 6.653104299660446400E-016, 0.0000000000000000000 ) ) ;
#5825 = EDGE_CURVE ( 'NONE', #3267, #8528, #4674, .T. ) ;
#5826 = AXIS2_PLACEMENT_3D ( 'NONE', #2158, #4469, #9229 ) ;
#5827 = ADVANCED_FACE ( 'NONE', ( #10060 ), #2687, .F. ) ;
#5828 = ORIENTED_EDGE ( 'NONE', *, *, #10075, .F. ) ;
#5829 = DIRECTION ( 'NONE',  ( 0.9659258262890673100, -0.2588190451025243500, 0.0000000000000000000 ) ) ;
#5830 = CARTESIAN_POINT ( 'NONE',  ( 4.640543740461574800, 0.2886868222461741500, -5.500000000000000000 ) ) ;
#5831 = FACE_OUTER_BOUND ( 'NONE', #10000, .T. ) ;
#5832 = VERTEX_POINT ( 'NONE', #8683 ) ;
#5833 = DIRECTION ( 'NONE',  ( 1.000000000000000000, 0.0000000000000000000, 0.0000000000000000000 ) ) ;
#5834 = CARTESIAN_POINT ( 'NONE',  ( -4.119942740832083700, 1.173896268997162200, -0.8499999999999992000 ) ) ;
#5835 = FACE_OUTER_BOUND ( 'NONE', #8507, .T. ) ;
#5836 = VERTEX_POINT ( 'NONE', #1150 ) ;
#5837 = EDGE_CURVE ( 'NONE', #9781, #6175, #1853, .T. ) ;
#5838 = VECTOR ( 'NONE', #6424, 999.9999999999998900 ) ;
#5839 = LINE ( 'NONE', #2314, #3586 ) ;
#5840 = EDGE_CURVE ( 'NONE', #8727, #7492, #2824, .T. ) ;
#5841 = CARTESIAN_POINT ( 'NONE',  ( 4.119942740832083700, 1.173896268997162200, 4.660000000000001000 ) ) ;
#5842 = DIRECTION ( 'NONE',  ( -0.0000000000000000000, -0.0000000000000000000, -1.000000000000000000 ) ) ;
#5843 = VECTOR ( 'NONE', #812, 1000.000000000000100 ) ;
#5844 = CARTESIAN_POINT ( 'NONE',  ( -3.759999999999999300, 1.450000000000000400, 0.4200000000000010900 ) ) ;
#5845 = DIRECTION ( 'NONE',  ( 0.9975640502598247500, 0.06975647374411807200, 0.0000000000000000000 ) ) ;
#5846 = ORIENTED_EDGE ( 'NONE', *, *, #1420, .F. ) ;
#5847 = DIRECTION ( 'NONE',  ( 1.000000000000000000, 0.0000000000000000000, -0.0000000000000000000 ) ) ;
#5848 = CARTESIAN_POINT ( 'NONE',  ( 4.085923696263362700, 1.164780893477695100, 4.230000000000001300 ) ) ;
#5849 = DIRECTION ( 'NONE',  ( -0.0000000000000000000, -0.0000000000000000000, -1.000000000000000000 ) ) ;
#5850 = LINE ( 'NONE', #8126, #9011 ) ;
#5851 = PLANE ( 'NONE',  #248 ) ;
#5852 = AXIS2_PLACEMENT_3D ( 'NONE', #7421, #401, #2748 ) ;
#5853 = EDGE_CURVE ( 'NONE', #315, #3386, #7005, .T. ) ;
#5854 = VERTEX_POINT ( 'NONE', #3360 ) ;
#5855 = DIRECTION ( 'NONE',  ( 0.0000000000000000000, -1.000000000000000000, 0.0000000000000000000 ) ) ;
#5856 = ORIENTED_EDGE ( 'NONE', *, *, #1535, .T. ) ;
#5857 = CARTESIAN_POINT ( 'NONE',  ( 4.367500000000000600, 0.2500000000000000600, 2.120000000000000600 ) ) ;
#5858 = FACE_OUTER_BOUND ( 'NONE', #4737, .T. ) ;
#5859 = ORIENTED_EDGE ( 'NONE', *, *, #3144, .F. ) ;
#5860 = CIRCLE ( 'NONE', #4459, 0.2852191065223054800 ) ;
#5861 = CARTESIAN_POINT ( 'NONE',  ( -4.361424197404348400, 1.238601030272792100, -1.689999999999999700 ) ) ;
#5862 = DIRECTION ( 'NONE',  ( 0.9659258262890673100, -0.2588190451025243500, 0.0000000000000000000 ) ) ;
#5863 = DIRECTION ( 'NONE',  ( -1.000000000000000000, -6.653104299660446400E-016, 0.0000000000000000000 ) ) ;
#5864 = ORIENTED_EDGE ( 'NONE', *, *, #9265, .T. ) ;
#5865 = DIRECTION ( 'NONE',  ( 0.0000000000000000000, 0.0000000000000000000, 1.000000000000000000 ) ) ;
#5866 = EDGE_LOOP ( 'NONE', ( #855, #2960, #1667, #9070 ) ) ;
#5867 = LINE ( 'NONE', #7117, #7815 ) ;
#5868 = AXIS2_PLACEMENT_3D ( 'NONE', #8231, #7397, #1936 ) ;
#5869 = EDGE_LOOP ( 'NONE', ( #1206, #2035, #6605, #8060 ) ) ;
#5870 = CARTESIAN_POINT ( 'NONE',  ( 4.119942740832083700, 1.173896268997162200, -2.959999999999999500 ) ) ;
#5871 = EDGE_LOOP ( 'NONE', ( #3758, #5432, #1265, #7877 ) ) ;
#5872 = CARTESIAN_POINT ( 'NONE',  ( 3.759999999999999800, 1.450000000000000200, -0.8499999999999992000 ) ) ;
#5873 = EDGE_LOOP ( 'NONE', ( #3544, #8073 ) ) ;
#5874 = DIRECTION ( 'NONE',  ( -0.0000000000000000000, -0.0000000000000000000, -1.000000000000000000 ) ) ;
#5875 = LINE ( 'NONE', #4253, #706 ) ;
#5876 = DIRECTION ( 'NONE',  ( 0.0000000000000000000, -0.9902680687415702500, -0.1391731009600657400 ) ) ;
#5877 = AXIS2_PLACEMENT_3D ( 'NONE', #5770, #8937, #4979 ) ;
#5878 = PLANE ( 'NONE',  #6383 ) ;
#5879 = EDGE_CURVE ( 'NONE', #3414, #4004, #5926, .T. ) ;
#5880 = ORIENTED_EDGE ( 'NONE', *, *, #7872, .F. ) ;
#5881 = EDGE_CURVE ( 'NONE', #4491, #3181, #8122, .T. ) ;
#5882 = DIRECTION ( 'NONE',  ( 1.000000000000000000, 0.0000000000000000000, 0.0000000000000000000 ) ) ;
#5883 = VERTEX_POINT ( 'NONE', #1815 ) ;
#5884 = VECTOR ( 'NONE', #8326, 1000.000000000000000 ) ;
#5885 = ADVANCED_FACE ( 'NONE', ( #3670 ), #3613, .F. ) ;
#5886 = CARTESIAN_POINT ( 'NONE',  ( 5.202500000000000600, 0.2493910125649557200, 1.690000000000000600 ) ) ;
#5887 = CARTESIAN_POINT ( 'NONE',  ( 4.085923696263362700, 1.200000000000000600, -4.229999999999999500 ) ) ;
#5888 = VERTEX_POINT ( 'NONE', #6608 ) ;
#5889 = CARTESIAN_POINT ( 'NONE',  ( 1.174999999999999600, 0.1000000000000000100, -1.655000000000000200 ) ) ;
#5890 = ORIENTED_EDGE ( 'NONE', *, *, #7288, .T. ) ;
#5891 = DIRECTION ( 'NONE',  ( -1.000000000000000000, 0.0000000000000000000, 0.0000000000000000000 ) ) ;
#5892 = CARTESIAN_POINT ( 'NONE',  ( -4.119942740832083700, 1.173896268997162200, -2.959999999999999500 ) ) ;
#5893 = EDGE_CURVE ( 'NONE', #1984, #10093, #8602, .T. ) ;
#5894 = VECTOR ( 'NONE', #1840, 1000.000000000000000 ) ;
#5895 = VECTOR ( 'NONE', #10002, 1000.000000000000100 ) ;
#5896 = EDGE_CURVE ( 'NONE', #9368, #5074, #6275, .T. ) ;
#5897 = VERTEX_POINT ( 'NONE', #661 ) ;
#5898 = ORIENTED_EDGE ( 'NONE', *, *, #9025, .T. ) ;
#5899 = CARTESIAN_POINT ( 'NONE',  ( -4.085923696263362700, 1.449999999999999300, -5.929999999999999700 ) ) ;
#5900 = FACE_OUTER_BOUND ( 'NONE', #6762, .T. ) ;
#5901 = VECTOR ( 'NONE', #3252, 1000.000000000000000 ) ;
#5902 = CARTESIAN_POINT ( 'NONE',  ( -4.623104622025544500, 0.03929580968121807600, 4.660000000000001000 ) ) ;
#5903 =( GEOMETRIC_REPRESENTATION_CONTEXT ( 3 ) GLOBAL_UNCERTAINTY_ASSIGNED_CONTEXT ( ( #2253 ) ) GLOBAL_UNIT_ASSIGNED_CONTEXT ( ( #48, #3170, #4764 ) ) REPRESENTATION_CONTEXT ( 'NONE', 'WORKASPACE' ) );
#5904 = ORIENTED_EDGE ( 'NONE', *, *, #1302, .F. ) ;
#5905 = LINE ( 'NONE', #2200, #3780 ) ;
#5906 = CARTESIAN_POINT ( 'NONE',  ( 5.202500000000000600, 0.2493910125649557200, 0.4200000000000010900 ) ) ;
#5907 = DIRECTION ( 'NONE',  ( 0.06975647374411807200, -0.9975640502598247500, 0.0000000000000000000 ) ) ;
#5908 = DIRECTION ( 'NONE',  ( 1.000000000000000000, 0.0000000000000000000, 0.0000000000000000000 ) ) ;
#5909 = EDGE_CURVE ( 'NONE', #7053, #6230, #9321, .T. ) ;
#5910 = DIRECTION ( 'NONE',  ( 1.000000000000000000, 0.0000000000000000000, 0.0000000000000000000 ) ) ;
#5911 = ORIENTED_EDGE ( 'NONE', *, *, #6265, .F. ) ;
#5912 = VERTEX_POINT ( 'NONE', #4303 ) ;
#5913 = ORIENTED_EDGE ( 'NONE', *, *, #7254, .F. ) ;
#5914 = PRESENTATION_STYLE_ASSIGNMENT (( #4472 ) ) ;
#5915 = LINE ( 'NONE', #7155, #4536 ) ;
#5916 = FACE_OUTER_BOUND ( 'NONE', #9360, .T. ) ;
#5917 = CARTESIAN_POINT ( 'NONE',  ( -3.759999999999999300, 1.200000000000000200, 1.690000000000000600 ) ) ;
#5918 = ORIENTED_EDGE ( 'NONE', *, *, #4547, .T. ) ;
#5919 = VERTEX_POINT ( 'NONE', #1435 ) ;
#5920 = EDGE_CURVE ( 'NONE', #72, #7418, #7616, .T. ) ;
#5921 = VERTEX_POINT ( 'NONE', #1829 ) ;
#5922 = CIRCLE ( 'NONE', #6191, 0.03521910652230526200 ) ;
#5923 = VECTOR ( 'NONE', #7256, 1000.000000000000000 ) ;
#5924 = AXIS2_PLACEMENT_3D ( 'NONE', #1171, #2644, #3479 ) ;
#5925 = DIRECTION ( 'NONE',  ( -0.0000000000000000000, -0.0000000000000000000, -1.000000000000000000 ) ) ;
#5926 = LINE ( 'NONE', #8848, #7499 ) ;
#5927 = DIRECTION ( 'NONE',  ( -0.0000000000000000000, -0.0000000000000000000, -1.000000000000000000 ) ) ;
#5928 = ORIENTED_EDGE ( 'NONE', *, *, #6939, .F. ) ;
#5929 = ORIENTED_EDGE ( 'NONE', *, *, #9479, .F. ) ;
#5930 = ORIENTED_EDGE ( 'NONE', *, *, #3118, .T. ) ;
#5931 = CYLINDRICAL_SURFACE ( 'NONE', #7625, 0.03521910652230526200 ) ;
#5932 = FACE_OUTER_BOUND ( 'NONE', #10134, .T. ) ;
#5933 = ADVANCED_FACE ( 'NONE', ( #3806 ), #2725, .F. ) ;
#5934 = VECTOR ( 'NONE', #1792, 1000.000000000000000 ) ;
#5935 = DIRECTION ( 'NONE',  ( 0.9975640502598247500, -0.06975647374411816900, 0.0000000000000000000 ) ) ;
#5936 = CARTESIAN_POINT ( 'NONE',  ( -4.623104622025544500, 0.03929580968121807600, -5.500000000000000000 ) ) ;
#5937 = DIRECTION ( 'NONE',  ( 0.0000000000000000000, 1.000000000000000000, 0.0000000000000000000 ) ) ;
#5938 = DIRECTION ( 'NONE',  ( -0.0000000000000000000, -0.0000000000000000000, -1.000000000000000000 ) ) ;
#5939 = EDGE_CURVE ( 'NONE', #5014, #7976, #3931, .T. ) ;
#5940 = ORIENTED_EDGE ( 'NONE', *, *, #1331, .T. ) ;
#5941 = CARTESIAN_POINT ( 'NONE',  ( 4.643000501140988900, 0.3238201367950973600, -1.689999999999999700 ) ) ;
#5942 = DIRECTION ( 'NONE',  ( -1.000000000000000000, 6.653104299660455300E-016, -0.0000000000000000000 ) ) ;
#5943 = ORIENTED_EDGE ( 'NONE', *, *, #373, .T. ) ;
#5944 = FACE_OUTER_BOUND ( 'NONE', #1347, .T. ) ;
#5945 = VERTEX_POINT ( 'NONE', #9568 ) ;
#5946 = CARTESIAN_POINT ( 'NONE',  ( -4.367500000000000600, 0.2500000000000000000, -1.689999999999999700 ) ) ;
#5947 = EDGE_LOOP ( 'NONE', ( #6455, #9179 ) ) ;
#5948 = FILL_AREA_STYLE_COLOUR ( '', #8992 ) ;
#5949 = AXIS2_PLACEMENT_3D ( 'NONE', #3172, #2278, #4733 ) ;
#5950 = FACE_OUTER_BOUND ( 'NONE', #7100, .T. ) ;
#5951 = ORIENTED_EDGE ( 'NONE', *, *, #4101, .T. ) ;
#5952 = DIRECTION ( 'NONE',  ( 0.0000000000000000000, 0.0000000000000000000, 1.000000000000000000 ) ) ;
#5953 = DIRECTION ( 'NONE',  ( -0.0000000000000000000, -0.0000000000000000000, -1.000000000000000000 ) ) ;
#5954 = LINE ( 'NONE', #8439, #7275 ) ;
#5955 = EDGE_CURVE ( 'NONE', #7673, #8024, #9442, .T. ) ;
#5956 = FACE_OUTER_BOUND ( 'NONE', #8301, .T. ) ;
#5957 = AXIS2_PLACEMENT_3D ( 'NONE', #4503, #4576, #5466 ) ;
#5958 = EDGE_CURVE ( 'NONE', #5140, #8630, #5065, .T. ) ;
#5959 = ORIENTED_EDGE ( 'NONE', *, *, #484, .F. ) ;
#5960 = ORIENTED_EDGE ( 'NONE', *, *, #2904, .T. ) ;
#5961 = LINE ( 'NONE', #2360, #8289 ) ;
#5962 = SURFACE_STYLE_FILL_AREA ( #2353 ) ;
#5963 = VECTOR ( 'NONE', #2293, 1000.000000000000000 ) ;
#5964 = PLANE ( 'NONE',  #3511 ) ;
#5965 = EDGE_CURVE ( 'NONE', #9722, #3600, #2078, .T. ) ;
#5966 = EDGE_CURVE ( 'NONE', #8743, #7486, #4421, .T. ) ;
#5967 = CARTESIAN_POINT ( 'NONE',  ( 4.367500000000000600, 0.2500000000000000600, 4.660000000000001000 ) ) ;
#5968 = VECTOR ( 'NONE', #10131, 1000.000000000000200 ) ;
#5969 = DIRECTION ( 'NONE',  ( -0.9975640502598246400, 0.06975647374411952900, -0.0000000000000000000 ) ) ;
#5970 = VERTEX_POINT ( 'NONE', #4965 ) ;
#5971 = FACE_OUTER_BOUND ( 'NONE', #3969, .T. ) ;
#5972 = DIRECTION ( 'NONE',  ( 1.000000000000000000, 0.0000000000000000000, 0.0000000000000000000 ) ) ;
#5973 = PLANE ( 'NONE',  #9394 ) ;
#5974 = VERTEX_POINT ( 'NONE', #297 ) ;
#5975 = ORIENTED_EDGE ( 'NONE', *, *, #6103, .T. ) ;
#5976 = AXIS2_PLACEMENT_3D ( 'NONE', #6811, #2094, #4436 ) ;
#5977 = VERTEX_POINT ( 'NONE', #1817 ) ;
#5978 = EDGE_CURVE ( 'NONE', #8581, #5747, #27, .T. ) ;
#5979 = VECTOR ( 'NONE', #5938, 1000.000000000000000 ) ;
#5980 = ADVANCED_FACE ( 'NONE', ( #9695 ), #8154, .F. ) ;
#5981 = CARTESIAN_POINT ( 'NONE',  ( -2.760000000000000200, 2.599999999999998800, -5.812500000000003600 ) ) ;
#5982 = DIRECTION ( 'NONE',  ( -0.0000000000000000000, -0.0000000000000000000, -1.000000000000000000 ) ) ;
#5983 = DIRECTION ( 'NONE',  ( -0.2588190451025207900, 0.9659258262890683100, 0.0000000000000000000 ) ) ;
#5984 = ORIENTED_EDGE ( 'NONE', *, *, #1878, .F. ) ;
#5985 = VERTEX_POINT ( 'NONE', #6609 ) ;
#5986 = LINE ( 'NONE', #9436, #9027 ) ;
#5987 = EDGE_CURVE ( 'NONE', #1708, #4386, #7374, .T. ) ;
#5988 = ORIENTED_EDGE ( 'NONE', *, *, #5700, .F. ) ;
#5989 = AXIS2_PLACEMENT_3D ( 'NONE', #7200, #251, #4043 ) ;
#5990 = ORIENTED_EDGE ( 'NONE', *, *, #2825, .F. ) ;
#5991 = CARTESIAN_POINT ( 'NONE',  ( -0.4300000000000000500, 0.1000000000000000100, 1.654999999999999800 ) ) ;
#5992 = DIRECTION ( 'NONE',  ( 1.000000000000000000, 0.0000000000000000000, 0.0000000000000000000 ) ) ;
#5993 = EDGE_CURVE ( 'NONE', #3741, #6030, #1587, .T. ) ;
#5994 = AXIS2_PLACEMENT_3D ( 'NONE', #7331, #5048, #7296 ) ;
#5995 = ORIENTED_EDGE ( 'NONE', *, *, #4371, .T. ) ;
#5996 = VECTOR ( 'NONE', #9312, 1000.000000000000000 ) ;
#5997 = ORIENTED_EDGE ( 'NONE', *, *, #5840, .T. ) ;
#5998 = CARTESIAN_POINT ( 'NONE',  ( -5.202500000000000600, 0.2493910125649564100, 5.500000000000001800 ) ) ;
#5999 = DIRECTION ( 'NONE',  ( -1.000000000000000000, 0.0000000000000000000, 0.0000000000000000000 ) ) ;
#6000 = ORIENTED_EDGE ( 'NONE', *, *, #7059, .T. ) ;
#6001 = DIRECTION ( 'NONE',  ( -1.000000000000000000, 6.653104299660455300E-016, -0.0000000000000000000 ) ) ;
#6002 = DIRECTION ( 'NONE',  ( -0.0000000000000000000, -0.0000000000000000000, -1.000000000000000000 ) ) ;
#6003 = AXIS2_PLACEMENT_3D ( 'NONE', #3889, #8627, #6259 ) ;
#6004 = FACE_OUTER_BOUND ( 'NONE', #8881, .T. ) ;
#6005 = CARTESIAN_POINT ( 'NONE',  ( 4.119942740832083700, 1.173896268997162200, 3.390000000000000600 ) ) ;
#6006 = ORIENTED_EDGE ( 'NONE', *, *, #6984, .T. ) ;
#6007 = AXIS2_PLACEMENT_3D ( 'NONE', #4747, #3152, #8620 ) ;
#6008 = CARTESIAN_POINT ( 'NONE',  ( 0.4299999999999998800, 0.0000000000000000000, -1.655000000000000200 ) ) ;
#6009 = DIRECTION ( 'NONE',  ( -0.0000000000000000000, -0.0000000000000000000, -1.000000000000000000 ) ) ;
#6010 = LINE ( 'NONE', #3356, #4283 ) ;
#6011 = ORIENTED_EDGE ( 'NONE', *, *, #1295, .F. ) ;
#6012 = LINE ( 'NONE', #9903, #3531 ) ;
#6013 = DIRECTION ( 'NONE',  ( -1.000000000000000000, 6.653104299660455300E-016, -0.0000000000000000000 ) ) ;
#6014 = ORIENTED_EDGE ( 'NONE', *, *, #7978, .F. ) ;
#6015 = EDGE_CURVE ( 'NONE', #9971, #3258, #5551, .T. ) ;
#6016 = ORIENTED_EDGE ( 'NONE', *, *, #4034, .F. ) ;
#6017 = EDGE_CURVE ( 'NONE', #2286, #5415, #5443, .T. ) ;
#6018 = FACE_OUTER_BOUND ( 'NONE', #8795, .T. ) ;
#6019 = CIRCLE ( 'NONE', #3396, 0.2852191065223054800 ) ;
#6020 = CARTESIAN_POINT ( 'NONE',  ( 4.640543740461574800, 0.2886868222461744800, -0.8499999999999992000 ) ) ;
#6021 = DIRECTION ( 'NONE',  ( 1.000000000000000000, -1.734723475976807100E-015, 0.0000000000000000000 ) ) ;
#6022 = ORIENTED_EDGE ( 'NONE', *, *, #7465, .T. ) ;
#6023 = PRESENTATION_STYLE_ASSIGNMENT (( #3305 ) ) ;
#6024 = ADVANCED_FACE ( 'NONE', ( #3186 ), #8188, .T. ) ;
#6025 = DIRECTION ( 'NONE',  ( -1.000000000000000000, 0.0000000000000000000, 0.0000000000000000000 ) ) ;
#6026 = PLANE ( 'NONE',  #5826 ) ;
#6027 = DIRECTION ( 'NONE',  ( -0.0000000000000000000, -0.0000000000000000000, -1.000000000000000000 ) ) ;
#6028 = CARTESIAN_POINT ( 'NONE',  ( 0.4299999999999999400, 0.0000000000000000000, -1.785000000000000100 ) ) ;
#6029 = ORIENTED_EDGE ( 'NONE', *, *, #6633, .T. ) ;
#6030 = VERTEX_POINT ( 'NONE', #1151 ) ;
#6031 = AXIS2_PLACEMENT_3D ( 'NONE', #5271, #4496, #4424 ) ;
#6032 = ORIENTED_EDGE ( 'NONE', *, *, #6997, .T. ) ;
#6033 = CARTESIAN_POINT ( 'NONE',  ( -3.759999999999999300, 1.450000000000000400, 2.960000000000000900 ) ) ;
#6034 = DIRECTION ( 'NONE',  ( 0.06975647374411746100, -0.9975640502598247500, 0.0000000000000000000 ) ) ;
#6035 = EDGE_CURVE ( 'NONE', #9598, #5043, #2201, .T. ) ;
#6036 = DIRECTION ( 'NONE',  ( -1.000000000000000000, 0.0000000000000000000, 0.0000000000000000000 ) ) ;
#6037 = ORIENTED_EDGE ( 'NONE', *, *, #7766, .T. ) ;
#6038 = DIRECTION ( 'NONE',  ( -0.0000000000000000000, -0.0000000000000000000, -1.000000000000000000 ) ) ;
#6039 = ORIENTED_EDGE ( 'NONE', *, *, #601, .T. ) ;
#6040 = CIRCLE ( 'NONE', #1311, 0.2852191065223050300 ) ;
#6041 = VECTOR ( 'NONE', #6678, 1000.000000000000000 ) ;
#6042 = DIRECTION ( 'NONE',  ( -0.0000000000000000000, -0.0000000000000000000, -1.000000000000000000 ) ) ;
#6043 = FACE_OUTER_BOUND ( 'NONE', #3373, .T. ) ;
#6044 = EDGE_CURVE ( 'NONE', #9254, #1245, #6642, .T. ) ;
#6045 = CARTESIAN_POINT ( 'NONE',  ( 4.643000501140988900, 0.3238201367950973600, 2.960000000000000900 ) ) ;
#6046 = DIRECTION ( 'NONE',  ( -1.000000000000000000, -0.0000000000000000000, 2.306813132947880500E-016 ) ) ;
#6047 = AXIS2_PLACEMENT_3D ( 'NONE', #550, #6819, #4485 ) ;
#6048 = ORIENTED_EDGE ( 'NONE', *, *, #3106, .F. ) ;
#6049 = EDGE_LOOP ( 'NONE', ( #2474, #10010, #720, #2733 ) ) ;
#6050 = AXIS2_PLACEMENT_3D ( 'NONE', #6461, #6495, #8789 ) ;
#6051 = VERTEX_POINT ( 'NONE', #4200 ) ;
#6052 = LINE ( 'NONE', #1812, #777 ) ;
#6053 = UNCERTAINTY_MEASURE_WITH_UNIT (LENGTH_MEASURE( 1.000000000000000100E-005 ), #8833, 'distance_accuracy_value', 'NONE');
#6054 = LINE ( 'NONE', #4986, #405 ) ;
#6055 = VERTEX_POINT ( 'NONE', #5077 ) ;
#6056 = VERTEX_POINT ( 'NONE', #6635 ) ;
#6057 = VECTOR ( 'NONE', #438, 1000.000000000000000 ) ;
#6058 = ORIENTED_EDGE ( 'NONE', *, *, #8608, .T. ) ;
#6059 = CARTESIAN_POINT ( 'NONE',  ( -4.643000501140988900, 0.3238201367950973600, 1.690000000000000600 ) ) ;
#6060 = AXIS2_PLACEMENT_3D ( 'NONE', #10024, #9912, #616 ) ;
#6061 = ADVANCED_FACE ( 'NONE', ( #8966 ), #9734, .F. ) ;
#6062 = VECTOR ( 'NONE', #5855, 1000.000000000000000 ) ;
#6063 = DIRECTION ( 'NONE',  ( -0.0000000000000000000, -0.0000000000000000000, -1.000000000000000000 ) ) ;
#6064 = EDGE_CURVE ( 'NONE', #3887, #3533, #4302, .T. ) ;
#6065 = CARTESIAN_POINT ( 'NONE',  ( 5.202500000000000600, 0.2493910125649557200, -5.500000000000000000 ) ) ;
#6066 = LINE ( 'NONE', #6311, #8285 ) ;
#6067 = EDGE_CURVE ( 'NONE', #6085, #6426, #627, .T. ) ;
#6068 = ORIENTED_EDGE ( 'NONE', *, *, #7978, .T. ) ;
#6069 = VERTEX_POINT ( 'NONE', #5110 ) ;
#6070 = LINE ( 'NONE', #9632, #5718 ) ;
#6071 = VECTOR ( 'NONE', #90, 1000.000000000000000 ) ;
#6072 = VERTEX_POINT ( 'NONE', #9765 ) ;
#6073 = CIRCLE ( 'NONE', #8609, 0.2852191065223054800 ) ;
#6074 = CARTESIAN_POINT ( 'NONE',  ( -3.759999999999999300, 1.200000000000000200, -0.4199999999999993700 ) ) ;
#6075 = CARTESIAN_POINT ( 'NONE',  ( 3.759999999999999800, 1.450000000000000200, -4.229999999999999500 ) ) ;
#6076 = ADVANCED_FACE ( 'NONE', ( #8468 ), #9792, .F. ) ;
#6077 = DIRECTION ( 'NONE',  ( 1.000000000000000000, 0.0000000000000000000, 0.0000000000000000000 ) ) ;
#6078 = VERTEX_POINT ( 'NONE', #7448 ) ;
#6079 = EDGE_CURVE ( 'NONE', #1923, #3951, #876, .T. ) ;
#6080 = FILL_AREA_STYLE_COLOUR ( '', #2065 ) ;
#6081 = DIRECTION ( 'NONE',  ( 0.0000000000000000000, 1.000000000000000000, 0.0000000000000000000 ) ) ;
#6082 = EDGE_CURVE ( 'NONE', #1937, #8371, #4541, .T. ) ;
#6083 = CARTESIAN_POINT ( 'NONE',  ( -3.759999999999999300, 1.450000000000000400, -0.8499999999999992000 ) ) ;
#6084 = VECTOR ( 'NONE', #1125, 1000.000000000000000 ) ;
#6085 = VERTEX_POINT ( 'NONE', #5892 ) ;
#6086 = LINE ( 'NONE', #4144, #1906 ) ;
#6087 = CARTESIAN_POINT ( 'NONE',  ( -4.361424197404348400, 1.238601030272792100, 1.690000000000000600 ) ) ;
#6088 = CARTESIAN_POINT ( 'NONE',  ( -4.367500000000000600, 0.2500000000000000000, -0.4199999999999993700 ) ) ;
#6089 = ORIENTED_EDGE ( 'NONE', *, *, #5563, .T. ) ;
#6090 = FACE_OUTER_BOUND ( 'NONE', #6152, .T. ) ;
#6091 = AXIS2_PLACEMENT_3D ( 'NONE', #4326, #6751, #5983 ) ;
#6092 = EDGE_CURVE ( 'NONE', #1335, #9447, #491, .T. ) ;
#6093 = DIRECTION ( 'NONE',  ( -0.0000000000000000000, -0.0000000000000000000, -1.000000000000000000 ) ) ;
#6094 = PLANE ( 'NONE',  #4409 ) ;
#6095 = DIRECTION ( 'NONE',  ( -0.0000000000000000000, -0.0000000000000000000, -1.000000000000000000 ) ) ;
#6096 = ORIENTED_EDGE ( 'NONE', *, *, #8172, .F. ) ;
#6097 = VECTOR ( 'NONE', #4306, 1000.000000000000000 ) ;
#6098 = DIRECTION ( 'NONE',  ( -0.0000000000000000000, -0.0000000000000000000, -1.000000000000000000 ) ) ;
#6099 = ORIENTED_EDGE ( 'NONE', *, *, #5026, .F. ) ;
#6100 = VERTEX_POINT ( 'NONE', #4167 ) ;
#6101 = SURFACE_STYLE_USAGE ( .BOTH. , #7808 ) ;
#6102 = ORIENTED_EDGE ( 'NONE', *, *, #91, .T. ) ;
#6103 = EDGE_CURVE ( 'NONE', #8418, #6976, #5424, .T. ) ;
#6104 = ORIENTED_EDGE ( 'NONE', *, *, #1930, .F. ) ;
#6105 = VECTOR ( 'NONE', #4761, 1000.000000000000000 ) ;
#6106 =( LENGTH_UNIT ( ) NAMED_UNIT ( * ) SI_UNIT ( .MILLI., .METRE. ) );
#6107 = ADVANCED_FACE ( 'NONE', ( #1960 ), #2025, .T. ) ;
#6108 = DIRECTION ( 'NONE',  ( -0.0000000000000000000, 0.0000000000000000000, -1.000000000000000000 ) ) ;
#6109 = CARTESIAN_POINT ( 'NONE',  ( -4.367500000000000600, 0.2500000000000000000, -0.8499999999999992000 ) ) ;
#6110 = ORIENTED_EDGE ( 'NONE', *, *, #8052, .T. ) ;
#6111 = VERTEX_POINT ( 'NONE', #5172 ) ;
#6112 = ORIENTED_EDGE ( 'NONE', *, *, #9265, .F. ) ;
#6113 = LINE ( 'NONE', #3645, #2541 ) ;
#6114 = ORIENTED_EDGE ( 'NONE', *, *, #1465, .T. ) ;
#6115 = AXIS2_PLACEMENT_3D ( 'NONE', #3339, #2638, #1720 ) ;
#6116 = CARTESIAN_POINT ( 'NONE',  ( -3.759999999999999300, 1.450000000000000400, 1.690000000000000600 ) ) ;
#6117 = ORIENTED_EDGE ( 'NONE', *, *, #305, .F. ) ;
#6118 = CARTESIAN_POINT ( 'NONE',  ( -3.759999999999999300, 1.200000000000000200, -5.500000000000000000 ) ) ;
#6119 = EDGE_CURVE ( 'NONE', #2584, #5515, #6994, .T. ) ;
#6120 = ADVANCED_FACE ( 'NONE', ( #3065 ), #1253, .F. ) ;
#6121 = CARTESIAN_POINT ( 'NONE',  ( -1.175000000000000500, 0.1000000000000002600, 1.654999999999999800 ) ) ;
#6122 = LINE ( 'NONE', #5602, #5404 ) ;
#6123 = FACE_OUTER_BOUND ( 'NONE', #6551, .T. ) ;
#6124 = CARTESIAN_POINT ( 'NONE',  ( 4.085923696263362700, 1.450000000000000000, -5.500000000000000000 ) ) ;
#6125 = ORIENTED_EDGE ( 'NONE', *, *, #4582, .T. ) ;
#6126 = CARTESIAN_POINT ( 'NONE',  ( 4.119942740832083700, 1.173896268997162200, 4.660000000000001000 ) ) ;
#6127 = ORIENTED_EDGE ( 'NONE', *, *, #7510, .T. ) ;
#6128 = EDGE_CURVE ( 'NONE', #6346, #8996, #2807, .T. ) ;
#6129 = LINE ( 'NONE', #4388, #7719 ) ;
#6130 = AXIS2_PLACEMENT_3D ( 'NONE', #8858, #8295, #7291 ) ;
#6131 = CIRCLE ( 'NONE', #2633, 0.2852191065223054800 ) ;
#6132 = EDGE_CURVE ( 'NONE', #9447, #578, #6382, .T. ) ;
#6133 = CARTESIAN_POINT ( 'NONE',  ( 4.640543740461574800, 0.2886868222461741500, 2.120000000000000600 ) ) ;
#6134 = ORIENTED_EDGE ( 'NONE', *, *, #7011, .T. ) ;
#6135 = VECTOR ( 'NONE', #1689, 1000.000000000000000 ) ;
#6136 = CARTESIAN_POINT ( 'NONE',  ( 1.174999999999999600, 0.1000000000000002600, -1.655000000000000200 ) ) ;
#6137 = PLANE ( 'NONE',  #5270 ) ;
#6138 = CARTESIAN_POINT ( 'NONE',  ( 3.759999999999999300, 1.200000000000000200, 0.8500000000000009800 ) ) ;
#6139 = CARTESIAN_POINT ( 'NONE',  ( -0.4300000000000000500, 0.0000000000000000000, 1.654999999999999800 ) ) ;
#6140 = DIRECTION ( 'NONE',  ( -0.0000000000000000000, -0.0000000000000000000, -1.000000000000000000 ) ) ;
#6141 = ORIENTED_EDGE ( 'NONE', *, *, #7643, .F. ) ;
#6142 = ORIENTED_EDGE ( 'NONE', *, *, #9325, .F. ) ;
#6143 = DIRECTION ( 'NONE',  ( -0.2588190451025243500, -0.9659258262890673100, 0.0000000000000000000 ) ) ;
#6144 = LINE ( 'NONE', #6705, #4916 ) ;
#6145 = LINE ( 'NONE', #5189, #1700 ) ;
#6146 = CIRCLE ( 'NONE', #357, 0.03521910652230526200 ) ;
#6147 = EDGE_CURVE ( 'NONE', #5756, #344, #6144, .T. ) ;
#6148 = EDGE_CURVE ( 'NONE', #8678, #4494, #8464, .T. ) ;
#6149 = CARTESIAN_POINT ( 'NONE',  ( 4.367500000000000600, 0.2500000000000000600, -5.929999999999999700 ) ) ;
#6150 = CARTESIAN_POINT ( 'NONE',  ( 4.361424197404351100, 1.238601030272792600, 2.120000000000000600 ) ) ;
#6151 = VERTEX_POINT ( 'NONE', #9671 ) ;
#6152 = EDGE_LOOP ( 'NONE', ( #988, #5596, #318, #1576 ) ) ;
#6153 = DIRECTION ( 'NONE',  ( -1.000000000000000000, 0.0000000000000000000, 0.0000000000000000000 ) ) ;
#6154 = LINE ( 'NONE', #8776, #7237 ) ;
#6155 = LINE ( 'NONE', #4579, #7372 ) ;
#6156 = FACE_OUTER_BOUND ( 'NONE', #9961, .T. ) ;
#6157 = LINE ( 'NONE', #2953, #150 ) ;
#6158 = CARTESIAN_POINT ( 'NONE',  ( 4.623104622025544500, 0.03929580968121807600, 0.8500000000000009800 ) ) ;
#6159 = ADVANCED_FACE ( 'NONE', ( #7982 ), #9060, .F. ) ;
#6160 = CARTESIAN_POINT ( 'NONE',  ( 4.640543740461574800, 0.2886868222461741500, -4.229999999999999500 ) ) ;
#6161 = PLANE ( 'NONE',  #5142 ) ;
#6162 = DIRECTION ( 'NONE',  ( 0.9975640502598247500, -0.06975647374411816900, 0.0000000000000000000 ) ) ;
#6163 = DIRECTION ( 'NONE',  ( -0.0000000000000000000, -0.0000000000000000000, -1.000000000000000000 ) ) ;
#6164 = MECHANICAL_DESIGN_GEOMETRIC_PRESENTATION_REPRESENTATION (  '', ( #6688 ), #8781 ) ;
#6165 = VERTEX_POINT ( 'NONE', #4929 ) ;
#6166 = EDGE_CURVE ( 'NONE', #1655, #5912, #3416, .T. ) ;
#6167 = ORIENTED_EDGE ( 'NONE', *, *, #911, .T. ) ;
#6168 = VECTOR ( 'NONE', #5811, 1000.000000000000000 ) ;
#6169 = LINE ( 'NONE', #9214, #8147 ) ;
#6170 = VERTEX_POINT ( 'NONE', #1826 ) ;
#6171 = ORIENTED_EDGE ( 'NONE', *, *, #2029, .T. ) ;
#6172 = ORIENTED_EDGE ( 'NONE', *, *, #9843, .T. ) ;
#6173 = ADVANCED_FACE ( 'NONE', ( #3538 ), #6735, .F. ) ;
#6174 = VECTOR ( 'NONE', #6700, 1000.000000000000000 ) ;
#6175 = VERTEX_POINT ( 'NONE', #8087 ) ;
#6176 = DIRECTION ( 'NONE',  ( 0.9659258262890673100, -0.2588190451025243500, 0.0000000000000000000 ) ) ;
#6177 = EDGE_LOOP ( 'NONE', ( #5081, #7003, #8707, #9226 ) ) ;
#6178 = VECTOR ( 'NONE', #2612, 1000.000000000000000 ) ;
#6179 = FACE_OUTER_BOUND ( 'NONE', #9550, .T. ) ;
#6180 = DIRECTION ( 'NONE',  ( 0.0000000000000000000, 0.0000000000000000000, 1.000000000000000000 ) ) ;
#6181 = AXIS2_PLACEMENT_3D ( 'NONE', #1913, #8939, #4250 ) ;
#6182 = DIRECTION ( 'NONE',  ( -0.9975640502598247500, -0.06975647374411807200, 0.0000000000000000000 ) ) ;
#6183 = AXIS2_PLACEMENT_3D ( 'NONE', #9364, #9288, #6225 ) ;
#6184 = FACE_OUTER_BOUND ( 'NONE', #8834, .T. ) ;
#6185 = EDGE_LOOP ( 'NONE', ( #9114, #3502, #2150, #841 ) ) ;
#6186 = VERTEX_POINT ( 'NONE', #5010 ) ;
#6187 = LINE ( 'NONE', #4526, #788 ) ;
#6188 = VECTOR ( 'NONE', #1727, 1000.000000000000000 ) ;
#6189 = DIRECTION ( 'NONE',  ( -0.06975647374411768400, -0.9975640502598248600, 0.0000000000000000000 ) ) ;
#6190 = ORIENTED_EDGE ( 'NONE', *, *, #5629, .F. ) ;
#6191 = AXIS2_PLACEMENT_3D ( 'NONE', #3666, #4434, #5972 ) ;
#6192 = EDGE_CURVE ( 'NONE', #4012, #8259, #9071, .T. ) ;
#6193 = DIRECTION ( 'NONE',  ( 0.06975647374411816900, 0.9975640502598247500, -0.0000000000000000000 ) ) ;
#6194 = VECTOR ( 'NONE', #9327, 1000.000000000000200 ) ;
#6195 = DIRECTION ( 'NONE',  ( -0.0000000000000000000, -0.0000000000000000000, -1.000000000000000000 ) ) ;
#6196 = CYLINDRICAL_SURFACE ( 'NONE', #7895, 0.2852191065223054800 ) ;
#6197 = AXIS2_PLACEMENT_3D ( 'NONE', #6617, #7212, #1095 ) ;
#6198 = CARTESIAN_POINT ( 'NONE',  ( -4.085923696263362700, 1.164780893477695100, 5.930000000000001500 ) ) ;
#6199 = DIRECTION ( 'NONE',  ( -1.000000000000000000, 0.0000000000000000000, 0.0000000000000000000 ) ) ;
#6200 = SURFACE_STYLE_USAGE ( .BOTH. , #716 ) ;
#6201 = ORIENTED_EDGE ( 'NONE', *, *, #2732, .F. ) ;
#6202 = ORIENTED_EDGE ( 'NONE', *, *, #1476, .F. ) ;
#6203 = CARTESIAN_POINT ( 'NONE',  ( 4.085923696263362700, 1.164780893477695100, 2.120000000000000600 ) ) ;
#6204 = CIRCLE ( 'NONE', #1306, 0.03521910652230526200 ) ;
#6205 = CARTESIAN_POINT ( 'NONE',  ( 4.085923696263362700, 1.164780893477695100, -2.959999999999999500 ) ) ;
#6206 = CARTESIAN_POINT ( 'NONE',  ( -4.623104622025544500, 0.03929580968121797200, 0.8500000000000009800 ) ) ;
#6207 = PLANE ( 'NONE',  #9580 ) ;
#6208 = ADVANCED_FACE ( 'NONE', ( #2196 ), #5164, .T. ) ;
#6209 = EDGE_CURVE ( 'NONE', #707, #4819, #8108, .T. ) ;
#6210 = ORIENTED_EDGE ( 'NONE', *, *, #4512, .F. ) ;
#6211 = SURFACE_STYLE_USAGE ( .BOTH. , #5606 ) ;
#6212 = EDGE_CURVE ( 'NONE', #5463, #2303, #1234, .T. ) ;
#6213 = ORIENTED_EDGE ( 'NONE', *, *, #9893, .F. ) ;
#6214 = ORIENTED_EDGE ( 'NONE', *, *, #5593, .T. ) ;
#6215 = VECTOR ( 'NONE', #312, 1000.000000000000000 ) ;
#6216 = CARTESIAN_POINT ( 'NONE',  ( -3.759999999999999300, 1.450000000000000400, -5.500000000000000000 ) ) ;
#6217 = VERTEX_POINT ( 'NONE', #9124 ) ;
#6218 = DIRECTION ( 'NONE',  ( -0.06975647374411816900, 0.9975640502598247500, 0.0000000000000000000 ) ) ;
#6219 = CARTESIAN_POINT ( 'NONE',  ( 3.759999999999999300, 1.200000000000000200, -1.689999999999999700 ) ) ;
#6220 = CARTESIAN_POINT ( 'NONE',  ( -4.640543740461573900, 0.2886868222461744200, -2.119999999999999700 ) ) ;
#6221 = VERTEX_POINT ( 'NONE', #637 ) ;
#6222 = EDGE_CURVE ( 'NONE', #2957, #903, #1699, .T. ) ;
#6223 = LINE ( 'NONE', #8570, #5019 ) ;
#6224 = ADVANCED_FACE ( 'NONE', ( #6018 ), #9155, .F. ) ;
#6225 = DIRECTION ( 'NONE',  ( -1.000000000000000000, 0.0000000000000000000, 0.0000000000000000000 ) ) ;
#6226 = ORIENTED_EDGE ( 'NONE', *, *, #9921, .T. ) ;
#6227 = DIRECTION ( 'NONE',  ( -1.000000000000000000, 0.0000000000000000000, 0.0000000000000000000 ) ) ;
#6228 = DIRECTION ( 'NONE',  ( -1.000000000000000000, 0.0000000000000000000, 0.0000000000000000000 ) ) ;
#6229 = DIRECTION ( 'NONE',  ( 1.000000000000000000, -6.653104299660446400E-016, -0.0000000000000000000 ) ) ;
#6230 = VERTEX_POINT ( 'NONE', #3626 ) ;
#6231 = MANIFOLD_SOLID_BREP ( 'LPattern1[11]', #2107 ) ;
#6232 = VECTOR ( 'NONE', #763, 1000.000000000000000 ) ;
#6233 = ORIENTED_EDGE ( 'NONE', *, *, #422, .T. ) ;
#6234 = CARTESIAN_POINT ( 'NONE',  ( -2.760000000000000200, 2.649999999999998600, -5.012500000000002800 ) ) ;
#6235 = FILL_AREA_STYLE_COLOUR ( '', #4413 ) ;
#6236 = AXIS2_PLACEMENT_3D ( 'NONE', #4738, #4663, #3976 ) ;
#6237 = CARTESIAN_POINT ( 'NONE',  ( -4.367500000000000600, 0.2500000000000000000, -5.500000000000000000 ) ) ;
#6238 = CIRCLE ( 'NONE', #5469, 0.2852191065223042000 ) ;
#6239 = DIRECTION ( 'NONE',  ( 1.000000000000000000, 0.0000000000000000000, 0.0000000000000000000 ) ) ;
#6240 = ORIENTED_EDGE ( 'NONE', *, *, #2511, .T. ) ;
#6241 = CARTESIAN_POINT ( 'NONE',  ( -3.759999999999999300, 1.200000000000000200, -1.689999999999999700 ) ) ;
#6242 = DIRECTION ( 'NONE',  ( 0.0000000000000000000, -0.0000000000000000000, -1.000000000000000000 ) ) ;
#6243 = AXIS2_PLACEMENT_3D ( 'NONE', #9241, #9208, #1459 ) ;
#6244 = PRESENTATION_STYLE_ASSIGNMENT (( #5672 ) ) ;
#6245 = PLANE ( 'NONE',  #910 ) ;
#6246 = FACE_OUTER_BOUND ( 'NONE', #3919, .T. ) ;
#6247 = DIRECTION ( 'NONE',  ( 0.06975647374411807200, -0.9975640502598247500, 0.0000000000000000000 ) ) ;
#6248 = VERTEX_POINT ( 'NONE', #9936 ) ;
#6249 = VECTOR ( 'NONE', #2007, 999.9999999999998900 ) ;
#6250 = EDGE_CURVE ( 'NONE', #6308, #4329, #9310, .T. ) ;
#6251 = VERTEX_POINT ( 'NONE', #1345 ) ;
#6252 = ADVANCED_FACE ( 'NONE', ( #1834 ), #2312, .F. ) ;
#6253 = CARTESIAN_POINT ( 'NONE',  ( 4.640543740461574800, 0.2886868222461741500, -0.4199999999999993700 ) ) ;
#6254 = DIRECTION ( 'NONE',  ( -6.653104299660446400E-016, 1.000000000000000000, 0.0000000000000000000 ) ) ;
#6255 = EDGE_LOOP ( 'NONE', ( #6480, #9904, #7437, #10 ) ) ;
#6256 = ORIENTED_EDGE ( 'NONE', *, *, #8688, .F. ) ;
#6257 = LINE ( 'NONE', #3734, #4173 ) ;
#6258 = VECTOR ( 'NONE', #9990, 1000.000000000000000 ) ;
#6259 = DIRECTION ( 'NONE',  ( 4.170008355713481600E-016, 0.0000000000000000000, -1.000000000000000000 ) ) ;
#6260 = DIRECTION ( 'NONE',  ( -1.000000000000000000, 0.0000000000000000000, 0.0000000000000000000 ) ) ;
#6261 = ORIENTED_EDGE ( 'NONE', *, *, #2350, .F. ) ;
#6262 = VECTOR ( 'NONE', #8734, 1000.000000000000000 ) ;
#6263 = PLANE ( 'NONE',  #10013 ) ;
#6264 = AXIS2_PLACEMENT_3D ( 'NONE', #5218, #9100, #7534 ) ;
#6265 = EDGE_CURVE ( 'NONE', #4099, #8024, #7235, .T. ) ;
#6266 = AXIS2_PLACEMENT_3D ( 'NONE', #65, #7243, #1743 ) ;
#6267 = ORIENTED_EDGE ( 'NONE', *, *, #9175, .F. ) ;
#6268 = ORIENTED_EDGE ( 'NONE', *, *, #6067, .T. ) ;
#6269 = EDGE_CURVE ( 'NONE', #3036, #1640, #254, .T. ) ;
#6270 = CARTESIAN_POINT ( 'NONE',  ( 3.759999999999999800, 1.450000000000000200, 0.8500000000000009800 ) ) ;
#6271 = ORIENTED_EDGE ( 'NONE', *, *, #2531, .T. ) ;
#6272 = CARTESIAN_POINT ( 'NONE',  ( 5.185060881563971200, -2.641625050904819800E-019, 3.390000000000000600 ) ) ;
#6273 = ADVANCED_FACE ( 'NONE', ( #4662 ), #9906, .F. ) ;
#6274 = DIRECTION ( 'NONE',  ( -1.000000000000000000, 0.0000000000000000000, 0.0000000000000000000 ) ) ;
#6275 = LINE ( 'NONE', #4522, #9199 ) ;
#6276 = FILL_AREA_STYLE_COLOUR ( '', #1235 ) ;
#6277 = ORIENTED_EDGE ( 'NONE', *, *, #4919, .T. ) ;
#6278 = EDGE_LOOP ( 'NONE', ( #3318, #3744, #7631, #7566 ) ) ;
#6279 = AXIS2_PLACEMENT_3D ( 'NONE', #4915, #3387, #8780 ) ;
#6280 = FACE_OUTER_BOUND ( 'NONE', #1282, .T. ) ;
#6281 = EDGE_CURVE ( 'NONE', #265, #8610, #6257, .T. ) ;
#6282 = VECTOR ( 'NONE', #7352, 1000.000000000000000 ) ;
#6283 = VECTOR ( 'NONE', #2752, 1000.000000000000200 ) ;
#6284 = DIRECTION ( 'NONE',  ( 1.000000000000000000, 0.0000000000000000000, -0.0000000000000000000 ) ) ;
#6285 = ORIENTED_EDGE ( 'NONE', *, *, #5453, .T. ) ;
#6286 = VERTEX_POINT ( 'NONE', #7558 ) ;
#6287 = VERTEX_POINT ( 'NONE', #9093 ) ;
#6288 = CARTESIAN_POINT ( 'NONE',  ( -4.643000501140988900, 0.3238201367950973600, 5.500000000000001800 ) ) ;
#6289 = DIRECTION ( 'NONE',  ( -0.0000000000000000000, -0.0000000000000000000, -1.000000000000000000 ) ) ;
#6290 = CARTESIAN_POINT ( 'NONE',  ( -3.759999999999999300, 1.200000000000000200, -2.959999999999999500 ) ) ;
#6291 = VECTOR ( 'NONE', #751, 1000.000000000000000 ) ;
#6292 = CARTESIAN_POINT ( 'NONE',  ( 4.640543740461574800, 0.2886868222461744800, -0.4199999999999993700 ) ) ;
#6293 = EDGE_CURVE ( 'NONE', #6287, #5762, #3650, .T. ) ;
#6294 = ORIENTED_EDGE ( 'NONE', *, *, #5024, .T. ) ;
#6295 = DIRECTION ( 'NONE',  ( -1.000000000000000000, 0.0000000000000000000, 0.0000000000000000000 ) ) ;
#6296 = LINE ( 'NONE', #4033, #4331 ) ;
#6297 = ORIENTED_EDGE ( 'NONE', *, *, #4547, .F. ) ;
#6298 = LINE ( 'NONE', #3178, #7765 ) ;
#6299 = CYLINDRICAL_SURFACE ( 'NONE', #4809, 0.03521910652230526200 ) ;
#6300 = VERTEX_POINT ( 'NONE', #8386 ) ;
#6301 = CARTESIAN_POINT ( 'NONE',  ( -5.202500000000000600, 0.2493910125649564100, -1.689999999999999700 ) ) ;
#6302 = ORIENTED_EDGE ( 'NONE', *, *, #10152, .F. ) ;
#6303 = EDGE_CURVE ( 'NONE', #9254, #5607, #7598, .T. ) ;
#6304 = ADVANCED_FACE ( 'NONE', ( #5788 ), #7869, .F. ) ;
#6305 = LINE ( 'NONE', #5588, #66 ) ;
#6306 = CIRCLE ( 'NONE', #9309, 0.2852191065223054800 ) ;
#6307 = DIRECTION ( 'NONE',  ( 0.0000000000000000000, 0.0000000000000000000, 1.000000000000000000 ) ) ;
#6308 = VERTEX_POINT ( 'NONE', #5247 ) ;
#6309 = AXIS2_PLACEMENT_3D ( 'NONE', #9406, #3139, #3900 ) ;
#6310 = LINE ( 'NONE', #7526, #1396 ) ;
#6311 = CARTESIAN_POINT ( 'NONE',  ( -4.608981456572268900, 0.3147047612756303000, 0.8500000000000009800 ) ) ;
#6312 =( LENGTH_UNIT ( ) NAMED_UNIT ( * ) SI_UNIT ( .MILLI., .METRE. ) );
#6313 = EDGE_CURVE ( 'NONE', #9152, #8595, #3910, .T. ) ;
#6314 = DIRECTION ( 'NONE',  ( 0.06975647374411768400, 0.9975640502598248600, -0.0000000000000000000 ) ) ;
#6315 = ORIENTED_EDGE ( 'NONE', *, *, #5939, .T. ) ;
#6316 = LINE ( 'NONE', #1600, #1901 ) ;
#6317 = FILL_AREA_STYLE ('',( #186 ) ) ;
#6318 = CYLINDRICAL_SURFACE ( 'NONE', #5994, 0.2852191065223050300 ) ;
#6319 = ADVANCED_FACE ( 'NONE', ( #6497 ), #4134, .F. ) ;
#6320 = DIRECTION ( 'NONE',  ( -1.000000000000000000, 6.653104299660446400E-016, 0.0000000000000000000 ) ) ;
#6321 = CARTESIAN_POINT ( 'NONE',  ( 4.119942740832083700, 1.173896268997162200, -5.500000000000000000 ) ) ;
#6322 = VERTEX_POINT ( 'NONE', #3097 ) ;
#6323 = CARTESIAN_POINT ( 'NONE',  ( -4.361424197404348400, 1.238601030272792100, -4.229999999999999500 ) ) ;
#6324 = DIRECTION ( 'NONE',  ( 1.000000000000000000, 0.0000000000000000000, -0.0000000000000000000 ) ) ;
#6325 = AXIS2_PLACEMENT_3D ( 'NONE', #675, #5388, #9892 ) ;
#6326 = LINE ( 'NONE', #2486, #2138 ) ;
#6327 = VERTEX_POINT ( 'NONE', #8557 ) ;
#6328 = LINE ( 'NONE', #917, #4248 ) ;
#6329 = CARTESIAN_POINT ( 'NONE',  ( -4.643000501140988900, 0.3238201367950973600, 0.4200000000000010900 ) ) ;
#6330 = EDGE_LOOP ( 'NONE', ( #8495, #4535, #2787, #545 ) ) ;
#6331 = CARTESIAN_POINT ( 'NONE',  ( 4.085923696263362700, 1.450000000000000000, -5.500000000000000000 ) ) ;
#6332 = DIRECTION ( 'NONE',  ( 0.9975640502598247500, 0.06975647374411816900, -0.0000000000000000000 ) ) ;
#6333 = VERTEX_POINT ( 'NONE', #5467 ) ;
#6334 = LINE ( 'NONE', #6363, #6599 ) ;
#6335 = DIRECTION ( 'NONE',  ( -0.0000000000000000000, -0.0000000000000000000, -1.000000000000000000 ) ) ;
#6336 = DIRECTION ( 'NONE',  ( -0.0000000000000000000, -1.000000000000000000, -0.0000000000000000000 ) ) ;
#6337 = EDGE_CURVE ( 'NONE', #566, #2703, #7822, .T. ) ;
#6338 = CARTESIAN_POINT ( 'NONE',  ( -0.4300000000000000500, 0.1000000000000000100, 1.654999999999999800 ) ) ;
#6339 = ORIENTED_EDGE ( 'NONE', *, *, #6492, .F. ) ;
#6340 = EDGE_CURVE ( 'NONE', #4168, #6432, #8545, .T. ) ;
#6341 = ORIENTED_EDGE ( 'NONE', *, *, #9606, .F. ) ;
#6342 = FILL_AREA_STYLE_COLOUR ( '', #5757 ) ;
#6343 = CARTESIAN_POINT ( 'NONE',  ( 5.202500000000000600, 0.2493910125649557200, -4.659999999999999300 ) ) ;
#6344 = ORIENTED_EDGE ( 'NONE', *, *, #6563, .T. ) ;
#6345 = LINE ( 'NONE', #3448, #9268 ) ;
#6346 = VERTEX_POINT ( 'NONE', #9326 ) ;
#6347 = DIRECTION ( 'NONE',  ( 1.000000000000000000, -0.0000000000000000000, 4.170008355713481600E-016 ) ) ;
#6348 = ORIENTED_EDGE ( 'NONE', *, *, #9146, .T. ) ;
#6349 = ORIENTED_EDGE ( 'NONE', *, *, #8355, .T. ) ;
#6350 = EDGE_CURVE ( 'NONE', #4810, #8944, #188, .T. ) ;
#6351 = CARTESIAN_POINT ( 'NONE',  ( 3.759999999999999800, 1.450000000000000200, 3.390000000000000600 ) ) ;
#6352 = CARTESIAN_POINT ( 'NONE',  ( -4.367500000000000600, 0.2500000000000000000, -2.959999999999999500 ) ) ;
#6353 = UNCERTAINTY_MEASURE_WITH_UNIT (LENGTH_MEASURE( 1.000000000000000100E-005 ), #5720, 'distance_accuracy_value', 'NONE');
#6354 = CARTESIAN_POINT ( 'NONE',  ( 4.085923696263362700, 1.164780893477695100, 4.230000000000001300 ) ) ;
#6355 = CARTESIAN_POINT ( 'NONE',  ( -0.4300000000000001600, 0.1000000000000002600, -1.655000000000000200 ) ) ;
#6356 = VECTOR ( 'NONE', #6002, 1000.000000000000000 ) ;
#6357 = CARTESIAN_POINT ( 'NONE',  ( -4.623104622025544500, 0.03929580968121807600, -2.959999999999999500 ) ) ;
#6358 = VERTEX_POINT ( 'NONE', #6160 ) ;
#6359 = VECTOR ( 'NONE', #5812, 1000.000000000000000 ) ;
#6360 = CARTESIAN_POINT ( 'NONE',  ( -4.085923696263362700, 1.164780893477695100, 4.660000000000001000 ) ) ;
#6361 = VERTEX_POINT ( 'NONE', #8585 ) ;
#6362 =( GEOMETRIC_REPRESENTATION_CONTEXT ( 3 ) GLOBAL_UNCERTAINTY_ASSIGNED_CONTEXT ( ( #9674 ) ) GLOBAL_UNIT_ASSIGNED_CONTEXT ( ( #1364, #2249, #6927 ) ) REPRESENTATION_CONTEXT ( 'NONE', 'WORKASPACE' ) );
#6363 = CARTESIAN_POINT ( 'NONE',  ( 4.119942740832083700, 1.173896268997162200, 2.120000000000000600 ) ) ;
#6364 = ADVANCED_FACE ( 'NONE', ( #452 ), #10146, .F. ) ;
#6365 = AXIS2_PLACEMENT_3D ( 'NONE', #6618, #8202, #4276 ) ;
#6366 = DIRECTION ( 'NONE',  ( 0.0000000000000000000, 0.0000000000000000000, -1.000000000000000000 ) ) ;
#6367 = ORIENTED_EDGE ( 'NONE', *, *, #9036, .T. ) ;
#6368 = CARTESIAN_POINT ( 'NONE',  ( -4.643000501140988900, 0.3238201367950973600, 3.390000000000000600 ) ) ;
#6369 = DIRECTION ( 'NONE',  ( -1.000000000000000000, 0.0000000000000000000, -0.0000000000000000000 ) ) ;
#6370 = CARTESIAN_POINT ( 'NONE',  ( 1.174999999999999600, 0.0000000000000000000, -1.655000000000000200 ) ) ;
#6371 = CARTESIAN_POINT ( 'NONE',  ( -3.759999999999999300, 1.450000000000000400, 1.690000000000000600 ) ) ;
#6372 = DIRECTION ( 'NONE',  ( -1.000000000000000000, 0.0000000000000000000, 0.0000000000000000000 ) ) ;
#6373 = ORIENTED_EDGE ( 'NONE', *, *, #5896, .T. ) ;
#6374 = LINE ( 'NONE', #4182, #2186 ) ;
#6375 = CARTESIAN_POINT ( 'NONE',  ( -4.643000501140988900, 0.3238201367950973600, 0.8500000000000009800 ) ) ;
#6376 = AXIS2_PLACEMENT_3D ( 'NONE', #9006, #3401, #7430 ) ;
#6377 = EDGE_CURVE ( 'NONE', #463, #6696, #9726, .T. ) ;
#6378 = CARTESIAN_POINT ( 'NONE',  ( -4.119942740832083700, 1.173896268997162200, 5.500000000000001800 ) ) ;
#6379 = ORIENTED_EDGE ( 'NONE', *, *, #3405, .F. ) ;
#6380 = ORIENTED_EDGE ( 'NONE', *, *, #8661, .T. ) ;
#6381 = EDGE_CURVE ( 'NONE', #6300, #4320, #3205, .T. ) ;
#6382 = LINE ( 'NONE', #4971, #13 ) ;
#6383 = AXIS2_PLACEMENT_3D ( 'NONE', #5058, #3508, #5124 ) ;
#6384 = VECTOR ( 'NONE', #3822, 1000.000000000000000 ) ;
#6385 = CYLINDRICAL_SURFACE ( 'NONE', #8047, 0.03521910652230526200 ) ;
#6386 = DIRECTION ( 'NONE',  ( -1.000000000000000000, 6.653104299660455300E-016, -0.0000000000000000000 ) ) ;
#6387 = VECTOR ( 'NONE', #4330, 1000.000000000000000 ) ;
#6388 = DIRECTION ( 'NONE',  ( 0.06975647374411768400, 0.9975640502598248600, -0.0000000000000000000 ) ) ;
#6389 = DIRECTION ( 'NONE',  ( 1.000000000000000000, -6.653104299660446400E-016, -0.0000000000000000000 ) ) ;
#6390 = PLANE ( 'NONE',  #4019 ) ;
#6391 = CARTESIAN_POINT ( 'NONE',  ( -5.202500000000000600, 0.2493910125649564100, -3.389999999999999200 ) ) ;
#6392 = ORIENTED_EDGE ( 'NONE', *, *, #3565, .F. ) ;
#6393 = ORIENTED_EDGE ( 'NONE', *, *, #575, .T. ) ;
#6394 = ORIENTED_EDGE ( 'NONE', *, *, #4731, .F. ) ;
#6395 = VECTOR ( 'NONE', #5147, 1000.000000000000000 ) ;
#6396 = FACE_OUTER_BOUND ( 'NONE', #5158, .T. ) ;
#6397 = VECTOR ( 'NONE', #1382, 1000.000000000000000 ) ;
#6398 = EDGE_CURVE ( 'NONE', #8822, #2937, #1124, .T. ) ;
#6399 = EDGE_CURVE ( 'NONE', #3276, #7894, #2577, .T. ) ;
#6400 = DIRECTION ( 'NONE',  ( -0.0000000000000000000, -0.0000000000000000000, -1.000000000000000000 ) ) ;
#6401 = DIRECTION ( 'NONE',  ( 0.0000000000000000000, -1.000000000000000000, 0.0000000000000000000 ) ) ;
#6402 = ORIENTED_EDGE ( 'NONE', *, *, #1443, .T. ) ;
#6403 = ORIENTED_EDGE ( 'NONE', *, *, #2732, .T. ) ;
#6404 = CARTESIAN_POINT ( 'NONE',  ( 4.085923696263362700, 1.164780893477695100, 2.960000000000000900 ) ) ;
#6405 = DIRECTION ( 'NONE',  ( 0.1391731009600657400, 0.9902680687415703600, 0.0000000000000000000 ) ) ;
#6406 = DIRECTION ( 'NONE',  ( 1.000000000000000000, 0.0000000000000000000, 0.0000000000000000000 ) ) ;
#6407 = VECTOR ( 'NONE', #6956, 1000.000000000000000 ) ;
#6408 = COLOUR_RGB ( '',0.7921568627450980000, 0.8196078431372548800, 0.9333333333333333500 ) ;
#6409 = CARTESIAN_POINT ( 'NONE',  ( 4.623104622025544500, 0.03929580968121807600, 2.120000000000000600 ) ) ;
#6410 = DIRECTION ( 'NONE',  ( -0.0000000000000000000, -0.0000000000000000000, -1.000000000000000000 ) ) ;
#6411 = AXIS2_PLACEMENT_3D ( 'NONE', #6418, #839, #1664 ) ;
#6412 = ORIENTED_EDGE ( 'NONE', *, *, #2600, .F. ) ;
#6413 = ORIENTED_EDGE ( 'NONE', *, *, #3229, .T. ) ;
#6414 = VECTOR ( 'NONE', #4527, 1000.000000000000000 ) ;
#6415 = ORIENTED_EDGE ( 'NONE', *, *, #1848, .F. ) ;
#6416 = LINE ( 'NONE', #3912, #1155 ) ;
#6417 = FACE_OUTER_BOUND ( 'NONE', #8498, .T. ) ;
#6418 = CARTESIAN_POINT ( 'NONE',  ( 4.361424197404351100, 1.238601030272792600, -1.689999999999999700 ) ) ;
#6419 = CARTESIAN_POINT ( 'NONE',  ( 3.759999999999999300, 1.200000000000000200, 0.4200000000000010900 ) ) ;
#6420 = ADVANCED_FACE ( 'NONE', ( #2439 ), #1917, .T. ) ;
#6421 = VERTEX_POINT ( 'NONE', #9527 ) ;
#6422 = ORIENTED_EDGE ( 'NONE', *, *, #3965, .T. ) ;
#6423 = PLANE ( 'NONE',  #8367 ) ;
#6424 = DIRECTION ( 'NONE',  ( 0.06975647374411768400, 0.9975640502598248600, -0.0000000000000000000 ) ) ;
#6425 = VECTOR ( 'NONE', #5005, 1000.000000000000000 ) ;
#6426 = VERTEX_POINT ( 'NONE', #7140 ) ;
#6427 = DIRECTION ( 'NONE',  ( 0.9975640502598248600, 0.06975647374411747500, -0.0000000000000000000 ) ) ;
#6428 = VECTOR ( 'NONE', #10035, 1000.000000000000000 ) ;
#6429 = FACE_OUTER_BOUND ( 'NONE', #989, .T. ) ;
#6430 = AXIS2_PLACEMENT_3D ( 'NONE', #8192, #8853, #9386 ) ;
#6431 = ORIENTED_EDGE ( 'NONE', *, *, #9606, .T. ) ;
#6432 = VERTEX_POINT ( 'NONE', #3188 ) ;
#6433 = VECTOR ( 'NONE', #3423, 1000.000000000000000 ) ;
#6434 = DIRECTION ( 'NONE',  ( -0.0000000000000000000, -0.0000000000000000000, -1.000000000000000000 ) ) ;
#6435 = CARTESIAN_POINT ( 'NONE',  ( 4.608981456572268000, 0.3147047612756303000, 0.8500000000000009800 ) ) ;
#6436 = LINE ( 'NONE', #1832, #6931 ) ;
#6437 = DIRECTION ( 'NONE',  ( 0.0000000000000000000, 0.0000000000000000000, 1.000000000000000000 ) ) ;
#6438 =( NAMED_UNIT ( * ) SI_UNIT ( $, .STERADIAN. ) SOLID_ANGLE_UNIT ( ) );
#6439 = ORIENTED_EDGE ( 'NONE', *, *, #7668, .T. ) ;
#6440 = CARTESIAN_POINT ( 'NONE',  ( -4.608981456572268900, 0.3147047612756303000, -3.389999999999999200 ) ) ;
#6441 = DIRECTION ( 'NONE',  ( 0.0000000000000000000, 0.0000000000000000000, 1.000000000000000000 ) ) ;
#6442 = ORIENTED_EDGE ( 'NONE', *, *, #5042, .T. ) ;
#6443 = EDGE_LOOP ( 'NONE', ( #2625, #863, #210, #697 ) ) ;
#6444 = AXIS2_PLACEMENT_3D ( 'NONE', #1198, #8168, #3532 ) ;
#6445 = VECTOR ( 'NONE', #7337, 1000.000000000000000 ) ;
#6446 = DIRECTION ( 'NONE',  ( -0.0000000000000000000, -0.0000000000000000000, -1.000000000000000000 ) ) ;
#6447 = ORIENTED_EDGE ( 'NONE', *, *, #8318, .T. ) ;
#6448 = DIRECTION ( 'NONE',  ( -0.0000000000000000000, -0.0000000000000000000, -1.000000000000000000 ) ) ;
#6449 = EDGE_CURVE ( 'NONE', #2722, #5912, #9771, .T. ) ;
#6450 = VECTOR ( 'NONE', #4717, 1000.000000000000000 ) ;
#6451 = ORIENTED_EDGE ( 'NONE', *, *, #1973, .T. ) ;
#6452 = CARTESIAN_POINT ( 'NONE',  ( -0.4300000000000000500, 0.1000000000000002600, 1.654999999999999800 ) ) ;
#6453 = DIRECTION ( 'NONE',  ( 1.000000000000000000, -0.0000000000000000000, -2.306813132947882500E-016 ) ) ;
#6454 = ORIENTED_EDGE ( 'NONE', *, *, #5682, .F. ) ;
#6455 = ORIENTED_EDGE ( 'NONE', *, *, #6712, .F. ) ;
#6456 = ORIENTED_EDGE ( 'NONE', *, *, #7699, .F. ) ;
#6457 = LINE ( 'NONE', #3957, #4370 ) ;
#6458 = VERTEX_POINT ( 'NONE', #5622 ) ;
#6459 = AXIS2_PLACEMENT_3D ( 'NONE', #1403, #2113, #7646 ) ;
#6460 = CARTESIAN_POINT ( 'NONE',  ( -4.367500000000000600, 0.2500000000000000000, -5.929999999999999700 ) ) ;
#6461 = CARTESIAN_POINT ( 'NONE',  ( 4.643000501140988900, 0.3238201367950973600, 4.230000000000001300 ) ) ;
#6462 = EDGE_CURVE ( 'NONE', #4756, #2738, #4588, .T. ) ;
#6463 = EDGE_CURVE ( 'NONE', #3621, #10135, #3702, .T. ) ;
#6464 = ORIENTED_EDGE ( 'NONE', *, *, #5978, .F. ) ;
#6465 = VECTOR ( 'NONE', #613, 1000.000000000000000 ) ;
#6466 = CARTESIAN_POINT ( 'NONE',  ( -0.4299999999999999900, 0.1000000000000000100, -1.785000000000000100 ) ) ;
#6467 = CARTESIAN_POINT ( 'NONE',  ( 5.185060881563971200, -2.641625050904819800E-019, 5.500000000000001800 ) ) ;
#6468 = DIRECTION ( 'NONE',  ( -1.000000000000000000, 0.0000000000000000000, 0.0000000000000000000 ) ) ;
#6469 = ORIENTED_EDGE ( 'NONE', *, *, #5966, .T. ) ;
#6470 = VERTEX_POINT ( 'NONE', #95 ) ;
#6471 = DIRECTION ( 'NONE',  ( -0.0000000000000000000, -0.0000000000000000000, -1.000000000000000000 ) ) ;
#6472 = ADVANCED_FACE ( 'NONE', ( #5325 ), #6390, .T. ) ;
#6473 = CARTESIAN_POINT ( 'NONE',  ( -4.640543740461573900, 0.2886868222461744200, 2.120000000000000600 ) ) ;
#6474 = CARTESIAN_POINT ( 'NONE',  ( -4.085923696263362700, 1.200000000000000400, -1.689999999999999700 ) ) ;
#6475 = ORIENTED_EDGE ( 'NONE', *, *, #8674, .F. ) ;
#6476 = EDGE_CURVE ( 'NONE', #9672, #6251, #1553, .T. ) ;
#6477 = VECTOR ( 'NONE', #4458, 1000.000000000000000 ) ;
#6478 = DIRECTION ( 'NONE',  ( 0.06975647374411768400, 0.9975640502598248600, -0.0000000000000000000 ) ) ;
#6479 = EDGE_CURVE ( 'NONE', #1054, #5322, #6938, .T. ) ;
#6480 = ORIENTED_EDGE ( 'NONE', *, *, #346, .T. ) ;
#6481 = DIRECTION ( 'NONE',  ( -0.0000000000000000000, -0.0000000000000000000, -1.000000000000000000 ) ) ;
#6482 = ORIENTED_EDGE ( 'NONE', *, *, #9075, .F. ) ;
#6483 = CARTESIAN_POINT ( 'NONE',  ( -4.361424197404348400, 1.238601030272792100, -4.229999999999999500 ) ) ;
#6484 = DIRECTION ( 'NONE',  ( -0.0000000000000000000, -0.0000000000000000000, -1.000000000000000000 ) ) ;
#6485 = DIRECTION ( 'NONE',  ( -0.0000000000000000000, -0.0000000000000000000, -1.000000000000000000 ) ) ;
#6486 = DIRECTION ( 'NONE',  ( -1.000000000000000000, 0.0000000000000000000, 0.0000000000000000000 ) ) ;
#6487 = LINE ( 'NONE', #2060, #844 ) ;
#6488 = ADVANCED_FACE ( 'NONE', ( #5835 ), #5688, .F. ) ;
#6489 = FILL_AREA_STYLE ('',( #1854 ) ) ;
#6490 = DIRECTION ( 'NONE',  ( 0.06975647374411768400, 0.9975640502598248600, -0.0000000000000000000 ) ) ;
#6491 = ORIENTED_EDGE ( 'NONE', *, *, #7686, .F. ) ;
#6492 = EDGE_CURVE ( 'NONE', #6251, #7533, #1982, .T. ) ;
#6493 = ORIENTED_EDGE ( 'NONE', *, *, #4285, .T. ) ;
#6494 = DIRECTION ( 'NONE',  ( -0.9975640502598246400, 0.06975647374411952900, -0.0000000000000000000 ) ) ;
#6495 = DIRECTION ( 'NONE',  ( -0.0000000000000000000, -0.0000000000000000000, -1.000000000000000000 ) ) ;
#6496 = DIRECTION ( 'NONE',  ( -0.9975640502598248600, 0.06975647374411768400, 0.0000000000000000000 ) ) ;
#6497 = FACE_OUTER_BOUND ( 'NONE', #7370, .T. ) ;
#6498 = VECTOR ( 'NONE', #3340, 1000.000000000000000 ) ;
#6499 = ORIENTED_EDGE ( 'NONE', *, *, #9008, .T. ) ;
#6500 = FACE_OUTER_BOUND ( 'NONE', #4801, .T. ) ;
#6501 = ORIENTED_EDGE ( 'NONE', *, *, #5090, .F. ) ;
#6502 = DIRECTION ( 'NONE',  ( -0.0000000000000000000, -0.0000000000000000000, -1.000000000000000000 ) ) ;
#6503 = ORIENTED_EDGE ( 'NONE', *, *, #7716, .F. ) ;
#6504 = ORIENTED_EDGE ( 'NONE', *, *, #6510, .F. ) ;
#6505 = CARTESIAN_POINT ( 'NONE',  ( -3.760000000000000200, 1.200000000000000200, -6.412500000000001400 ) ) ;
#6506 = AXIS2_PLACEMENT_3D ( 'NONE', #8977, #316, #4983 ) ;
#6507 = LINE ( 'NONE', #6206, #6384 ) ;
#6508 = DIRECTION ( 'NONE',  ( -0.06975647374411952900, -0.9975640502598246400, 0.0000000000000000000 ) ) ;
#6509 = LINE ( 'NONE', #8802, #6135 ) ;
#6510 = EDGE_CURVE ( 'NONE', #4681, #4168, #4429, .T. ) ;
#6511 = AXIS2_PLACEMENT_3D ( 'NONE', #6950, #2244, #8692 ) ;
#6512 = ADVANCED_FACE ( 'NONE', ( #3222 ), #158, .F. ) ;
#6513 = PLANE ( 'NONE',  #922 ) ;
#6514 = SURFACE_SIDE_STYLE ('',( #8702 ) ) ;
#6515 = ORIENTED_EDGE ( 'NONE', *, *, #5760, .T. ) ;
#6516 = CARTESIAN_POINT ( 'NONE',  ( 4.608981456572268000, 0.3147047612756303000, 2.120000000000000600 ) ) ;
#6517 = ORIENTED_EDGE ( 'NONE', *, *, #8934, .T. ) ;
#6518 = CARTESIAN_POINT ( 'NONE',  ( -4.608981456572268900, 0.3147047612756303000, 5.930000000000001500 ) ) ;
#6519 = EDGE_LOOP ( 'NONE', ( #3959, #3895, #6948, #3708 ) ) ;
#6520 = VECTOR ( 'NONE', #4537, 1000.000000000000000 ) ;
#6521 = CARTESIAN_POINT ( 'NONE',  ( 4.640543740461574800, 0.2886868222461744800, 0.8500000000000009800 ) ) ;
#6522 = CARTESIAN_POINT ( 'NONE',  ( 4.623104622025544500, 0.03929580968121807600, 3.390000000000000600 ) ) ;
#6523 = DIRECTION ( 'NONE',  ( 0.9975640502598247500, 0.06975647374411816900, -0.0000000000000000000 ) ) ;
#6524 = VECTOR ( 'NONE', #7293, 1000.000000000000000 ) ;
#6525 = CARTESIAN_POINT ( 'NONE',  ( -5.202500000000000600, 0.2493910125649564100, -0.4199999999999993700 ) ) ;
#6526 = AXIS2_PLACEMENT_3D ( 'NONE', #5782, #9918, #6628 ) ;
#6527 = ORIENTED_EDGE ( 'NONE', *, *, #3272, .T. ) ;
#6528 = VERTEX_POINT ( 'NONE', #3955 ) ;
#6529 = ADVANCED_FACE ( 'NONE', ( #7072 ), #8005, .F. ) ;
#6530 = ORIENTED_EDGE ( 'NONE', *, *, #2017, .T. ) ;
#6531 = DIRECTION ( 'NONE',  ( 0.9659258262890673100, -0.2588190451025243500, 0.0000000000000000000 ) ) ;
#6532 = FACE_OUTER_BOUND ( 'NONE', #8106, .T. ) ;
#6533 = LINE ( 'NONE', #5748, #4428 ) ;
#6534 = DIRECTION ( 'NONE',  ( -0.0000000000000000000, -0.0000000000000000000, -1.000000000000000000 ) ) ;
#6535 = DIRECTION ( 'NONE',  ( -0.0000000000000000000, -0.0000000000000000000, -1.000000000000000000 ) ) ;
#6536 = FACE_OUTER_BOUND ( 'NONE', #6554, .T. ) ;
#6537 = ORIENTED_EDGE ( 'NONE', *, *, #6863, .T. ) ;
#6538 = ORIENTED_EDGE ( 'NONE', *, *, #2497, .T. ) ;
#6539 = ORIENTED_EDGE ( 'NONE', *, *, #1295, .T. ) ;
#6540 = FACE_OUTER_BOUND ( 'NONE', #1916, .T. ) ;
#6541 = EDGE_CURVE ( 'NONE', #5709, #5753, #8656, .T. ) ;
#6542 = FACE_OUTER_BOUND ( 'NONE', #9928, .T. ) ;
#6543 = ADVANCED_FACE ( 'NONE', ( #7665 ), #7103, .T. ) ;
#6544 = CARTESIAN_POINT ( 'NONE',  ( 4.085923696263362700, 1.450000000000000000, -2.959999999999999500 ) ) ;
#6545 = EDGE_CURVE ( 'NONE', #10093, #7207, #8905, .T. ) ;
#6546 = DIRECTION ( 'NONE',  ( 0.9975640502598247500, 0.06975647374411816900, -0.0000000000000000000 ) ) ;
#6547 = CARTESIAN_POINT ( 'NONE',  ( 5.185060881563971200, -2.641625050904819800E-019, -1.689999999999999700 ) ) ;
#6548 = CARTESIAN_POINT ( 'NONE',  ( 3.759999999999999300, 1.200000000000000200, -5.500000000000000000 ) ) ;
#6549 = ORIENTED_EDGE ( 'NONE', *, *, #1790, .T. ) ;
#6550 = DIRECTION ( 'NONE',  ( -1.000000000000000000, 0.0000000000000000000, 0.0000000000000000000 ) ) ;
#6551 = EDGE_LOOP ( 'NONE', ( #4123, #9099, #1126, #5817 ) ) ;
#6552 = PLANE ( 'NONE',  #4497 ) ;
#6553 = FACE_OUTER_BOUND ( 'NONE', #6882, .T. ) ;
#6554 = EDGE_LOOP ( 'NONE', ( #2844, #8361, #1549, #7896 ) ) ;
#6555 = PLANE ( 'NONE',  #2581 ) ;
#6556 = LINE ( 'NONE', #10101, #3329 ) ;
#6557 = CARTESIAN_POINT ( 'NONE',  ( -3.759999999999999300, 1.450000000000000400, 3.390000000000000600 ) ) ;
#6558 = LINE ( 'NONE', #8738, #4097 ) ;
#6559 = CARTESIAN_POINT ( 'NONE',  ( 3.759999999999999800, 1.450000000000000200, -2.959999999999999500 ) ) ;
#6560 = DIRECTION ( 'NONE',  ( 0.2588190451025207900, -0.9659258262890683100, 0.0000000000000000000 ) ) ;
#6561 = AXIS2_PLACEMENT_3D ( 'NONE', #3878, #9558, #4884 ) ;
#6562 = DIRECTION ( 'NONE',  ( -1.000000000000000000, 0.0000000000000000000, 0.0000000000000000000 ) ) ;
#6563 = EDGE_CURVE ( 'NONE', #7303, #1054, #9743, .T. ) ;
#6564 = DIRECTION ( 'NONE',  ( 0.0000000000000000000, -0.0000000000000000000, -1.000000000000000000 ) ) ;
#6565 = CLOSED_SHELL ( 'NONE', ( #758, #4778, #2172, #4414, #4263, #3658, #5352, #7252, #7359, #6872, #7239, #4502, #3967, #8814 ) ) ;
#6566 = CARTESIAN_POINT ( 'NONE',  ( -4.643000501140988900, 0.3238201367950973600, -5.929999999999999700 ) ) ;
#6567 = LINE ( 'NONE', #1385, #10096 ) ;
#6568 = LINE ( 'NONE', #7069, #6071 ) ;
#6569 = DIRECTION ( 'NONE',  ( -0.0000000000000000000, -0.0000000000000000000, -1.000000000000000000 ) ) ;
#6570 = CARTESIAN_POINT ( 'NONE',  ( 4.361424197404351100, 1.238601030272792600, -4.229999999999999500 ) ) ;
#6571 = DIRECTION ( 'NONE',  ( 1.000000000000000000, 6.653104299660446400E-016, 0.0000000000000000000 ) ) ;
#6572 = ORIENTED_EDGE ( 'NONE', *, *, #9533, .F. ) ;
#6573 = CARTESIAN_POINT ( 'NONE',  ( 4.361424197404351100, 1.238601030272792600, -1.689999999999999700 ) ) ;
#6574 = EDGE_LOOP ( 'NONE', ( #1431, #3278, #1113, #8687 ) ) ;
#6575 = ORIENTED_EDGE ( 'NONE', *, *, #5700, .T. ) ;
#6576 = AXIS2_PLACEMENT_3D ( 'NONE', #5371, #1619, #8636 ) ;
#6577 = LINE ( 'NONE', #4724, #9975 ) ;
#6578 = AXIS2_PLACEMENT_3D ( 'NONE', #4129, #9599, #5833 ) ;
#6579 = VERTEX_POINT ( 'NONE', #9988 ) ;
#6580 = CARTESIAN_POINT ( 'NONE',  ( 4.640543740461574800, 0.2886868222461741500, 4.660000000000001000 ) ) ;
#6581 = DIRECTION ( 'NONE',  ( -0.0000000000000000000, -0.0000000000000000000, -1.000000000000000000 ) ) ;
#6582 = LINE ( 'NONE', #5374, #5364 ) ;
#6583 = EDGE_LOOP ( 'NONE', ( #5256, #1750, #9653, #3217 ) ) ;
#6584 = CIRCLE ( 'NONE', #9708, 0.03521910652230526200 ) ;
#6585 = ADVANCED_FACE ( 'NONE', ( #5858 ), #587, .F. ) ;
#6586 = DIRECTION ( 'NONE',  ( 1.000000000000000000, -6.653104299660446400E-016, -0.0000000000000000000 ) ) ;
#6587 = CARTESIAN_POINT ( 'NONE',  ( 4.119942740832083700, 1.173896268997162200, -3.389999999999999200 ) ) ;
#6588 = CARTESIAN_POINT ( 'NONE',  ( 0.4299999999999998800, 0.1000000000000000100, 1.654999999999999800 ) ) ;
#6589 = CARTESIAN_POINT ( 'NONE',  ( 4.119942740832083700, 1.173896268997162200, 2.960000000000000900 ) ) ;
#6590 = AXIS2_PLACEMENT_3D ( 'NONE', #3005, #3786, #10059 ) ;
#6591 = EDGE_CURVE ( 'NONE', #7157, #9447, #3993, .T. ) ;
#6592 = ORIENTED_EDGE ( 'NONE', *, *, #2497, .F. ) ;
#6593 = CARTESIAN_POINT ( 'NONE',  ( -5.185060881563971200, -2.641625050904819800E-019, 5.500000000000001800 ) ) ;
#6594 = CARTESIAN_POINT ( 'NONE',  ( 3.760000000000004700, 1.450000000000000200, 6.412500000000001400 ) ) ;
#6595 = EDGE_CURVE ( 'NONE', #9840, #9222, #5119, .T. ) ;
#6596 = AXIS2_PLACEMENT_3D ( 'NONE', #901, #5512, #7953 ) ;
#6597 = ORIENTED_EDGE ( 'NONE', *, *, #7059, .F. ) ;
#6598 = DIRECTION ( 'NONE',  ( -0.0000000000000000000, 1.000000000000000000, -0.0000000000000000000 ) ) ;
#6599 = VECTOR ( 'NONE', #7055, 1000.000000000000000 ) ;
#6600 = VERTEX_POINT ( 'NONE', #8401 ) ;
#6601 = DIRECTION ( 'NONE',  ( -0.0000000000000000000, -0.0000000000000000000, -1.000000000000000000 ) ) ;
#6602 = ADVANCED_FACE ( 'NONE', ( #7177 ), #2143, .F. ) ;
#6603 = DIRECTION ( 'NONE',  ( -0.0000000000000000000, -0.0000000000000000000, -1.000000000000000000 ) ) ;
#6604 = DIRECTION ( 'NONE',  ( -1.000000000000000000, 0.0000000000000000000, 0.0000000000000000000 ) ) ;
#6605 = ORIENTED_EDGE ( 'NONE', *, *, #9693, .F. ) ;
#6606 = ORIENTED_EDGE ( 'NONE', *, *, #2780, .F. ) ;
#6607 = ORIENTED_EDGE ( 'NONE', *, *, #2255, .T. ) ;
#6608 = CARTESIAN_POINT ( 'NONE',  ( -2.760000000000000200, 2.599999999999998800, -5.012500000000002800 ) ) ;
#6609 = CARTESIAN_POINT ( 'NONE',  ( 3.759999999999999300, 1.200000000000000200, 5.930000000000001500 ) ) ;
#6610 = LINE ( 'NONE', #5777, #583 ) ;
#6611 = ORIENTED_EDGE ( 'NONE', *, *, #2845, .T. ) ;
#6612 = EDGE_CURVE ( 'NONE', #7447, #4506, #8529, .T. ) ;
#6613 = EDGE_CURVE ( 'NONE', #489, #1366, #6582, .T. ) ;
#6614 = VECTOR ( 'NONE', #9067, 1000.000000000000000 ) ;
#6615 = DIRECTION ( 'NONE',  ( 0.9659258262890683100, 0.2588190451025207900, -0.0000000000000000000 ) ) ;
#6616 = VERTEX_POINT ( 'NONE', #2173 ) ;
#6617 = CARTESIAN_POINT ( 'NONE',  ( -4.643000501140988900, 0.3238201367950973600, -0.8499999999999992000 ) ) ;
#6618 = CARTESIAN_POINT ( 'NONE',  ( 4.361424197404351100, 1.238601030272792600, 2.120000000000000600 ) ) ;
#6619 = DIRECTION ( 'NONE',  ( -0.0000000000000000000, -0.0000000000000000000, -1.000000000000000000 ) ) ;
#6620 = CARTESIAN_POINT ( 'NONE',  ( -5.202500000000000600, 0.2493910125649564100, -4.659999999999999300 ) ) ;
#6621 = EDGE_CURVE ( 'NONE', #5195, #4819, #81, .T. ) ;
#6622 = CARTESIAN_POINT ( 'NONE',  ( -4.085923696263362700, 1.164780893477695100, 4.230000000000001300 ) ) ;
#6623 = FACE_OUTER_BOUND ( 'NONE', #9143, .T. ) ;
#6624 = CIRCLE ( 'NONE', #7213, 0.03521910652230526200 ) ;
#6625 = EDGE_LOOP ( 'NONE', ( #3611, #9759, #6504, #6037 ) ) ;
#6626 = PLANE ( 'NONE',  #4992 ) ;
#6627 = ORIENTED_EDGE ( 'NONE', *, *, #7876, .F. ) ;
#6628 = DIRECTION ( 'NONE',  ( 1.000000000000000000, 0.0000000000000000000, 0.0000000000000000000 ) ) ;
#6629 = EDGE_CURVE ( 'NONE', #4194, #1357, #9981, .T. ) ;
#6630 = DIRECTION ( 'NONE',  ( -0.0000000000000000000, -0.0000000000000000000, -1.000000000000000000 ) ) ;
#6631 = VECTOR ( 'NONE', #479, 1000.000000000000000 ) ;
#6632 = ORIENTED_EDGE ( 'NONE', *, *, #17, .T. ) ;
#6633 = EDGE_CURVE ( 'NONE', #8725, #7423, #932, .T. ) ;
#6634 = ADVANCED_FACE ( 'NONE', ( #329 ), #4112, .F. ) ;
#6635 = CARTESIAN_POINT ( 'NONE',  ( 4.367500000000000600, 0.2500000000000000600, -1.689999999999999700 ) ) ;
#6636 = DIRECTION ( 'NONE',  ( -0.9975640502598246400, 0.06975647374411952900, -0.0000000000000000000 ) ) ;
#6637 = VERTEX_POINT ( 'NONE', #2377 ) ;
#6638 = ORIENTED_EDGE ( 'NONE', *, *, #3091, .T. ) ;
#6639 = ORIENTED_EDGE ( 'NONE', *, *, #1048, .T. ) ;
#6640 = VECTOR ( 'NONE', #2198, 999.9999999999998900 ) ;
#6641 = VECTOR ( 'NONE', #6523, 1000.000000000000000 ) ;
#6642 = LINE ( 'NONE', #3390, #8711 ) ;
#6643 = CARTESIAN_POINT ( 'NONE',  ( -4.640543740461573900, 0.2886868222461744200, 2.960000000000000900 ) ) ;
#6644 = ORIENTED_EDGE ( 'NONE', *, *, #5978, .T. ) ;
#6645 = ORIENTED_EDGE ( 'NONE', *, *, #3029, .T. ) ;
#6646 = EDGE_CURVE ( 'NONE', #948, #4967, #1178, .T. ) ;
#6647 = VERTEX_POINT ( 'NONE', #7058 ) ;
#6648 = DIRECTION ( 'NONE',  ( -0.0000000000000000000, 1.000000000000000000, -0.0000000000000000000 ) ) ;
#6649 = CARTESIAN_POINT ( 'NONE',  ( 4.361424197404351100, 1.238601030272792600, -2.959999999999999500 ) ) ;
#6650 = VECTOR ( 'NONE', #8447, 1000.000000000000100 ) ;
#6651 = LINE ( 'NONE', #4198, #6282 ) ;
#6652 = COLOUR_RGB ( '',0.7921568627450980000, 0.8196078431372548800, 0.9333333333333333500 ) ;
#6653 = PLANE ( 'NONE',  #7828 ) ;
#6654 = ORIENTED_EDGE ( 'NONE', *, *, #5745, .F. ) ;
#6655 = ORIENTED_EDGE ( 'NONE', *, *, #4824, .F. ) ;
#6656 = VERTEX_POINT ( 'NONE', #6958 ) ;
#6657 = DIRECTION ( 'NONE',  ( -0.0000000000000000000, -0.0000000000000000000, -1.000000000000000000 ) ) ;
#6658 = LINE ( 'NONE', #5917, #1608 ) ;
#6659 = VECTOR ( 'NONE', #8463, 1000.000000000000000 ) ;
#6660 = DIRECTION ( 'NONE',  ( -0.0000000000000000000, 1.000000000000000000, -0.0000000000000000000 ) ) ;
#6661 = PLANE ( 'NONE',  #7681 ) ;
#6662 = CYLINDRICAL_SURFACE ( 'NONE', #9133, 0.2852191065223050300 ) ;
#6663 = EDGE_CURVE ( 'NONE', #3855, #885, #3000, .T. ) ;
#6664 =( GEOMETRIC_REPRESENTATION_CONTEXT ( 3 ) GLOBAL_UNCERTAINTY_ASSIGNED_CONTEXT ( ( #7102 ) ) GLOBAL_UNIT_ASSIGNED_CONTEXT ( ( #5355, #2192, #7659 ) ) REPRESENTATION_CONTEXT ( 'NONE', 'WORKASPACE' ) );
#6665 = EDGE_CURVE ( 'NONE', #9636, #1677, #3235, .T. ) ;
#6666 = CARTESIAN_POINT ( 'NONE',  ( -4.640543740461573900, 0.2886868222461744200, -4.229999999999999500 ) ) ;
#6667 = CARTESIAN_POINT ( 'NONE',  ( -1.175000000000000500, 0.1000000000000000100, -1.655000000000000200 ) ) ;
#6668 = FACE_OUTER_BOUND ( 'NONE', #6278, .T. ) ;
#6669 = ORIENTED_EDGE ( 'NONE', *, *, #9281, .T. ) ;
#6670 = PRESENTATION_STYLE_ASSIGNMENT (( #7095 ) ) ;
#6671 = VECTOR ( 'NONE', #3917, 1000.000000000000000 ) ;
#6672 = CARTESIAN_POINT ( 'NONE',  ( 4.361424197404351100, 1.238601030272792600, -0.8499999999999992000 ) ) ;
#6673 = ORIENTED_EDGE ( 'NONE', *, *, #1994, .T. ) ;
#6674 = MANIFOLD_SOLID_BREP ( 'LPattern1[1]', #2471 ) ;
#6675 = EDGE_CURVE ( 'NONE', #701, #7814, #9245, .T. ) ;
#6676 = VECTOR ( 'NONE', #10123, 1000.000000000000000 ) ;
#6677 = ORIENTED_EDGE ( 'NONE', *, *, #1589, .F. ) ;
#6678 = DIRECTION ( 'NONE',  ( -0.0000000000000000000, -0.0000000000000000000, -1.000000000000000000 ) ) ;
#6679 = EDGE_CURVE ( 'NONE', #8676, #8659, #684, .T. ) ;
#6680 = DIRECTION ( 'NONE',  ( 1.000000000000000000, -1.734723475976807100E-015, 0.0000000000000000000 ) ) ;
#6681 = DIRECTION ( 'NONE',  ( -0.0000000000000000000, -0.0000000000000000000, -1.000000000000000000 ) ) ;
#6682 = CARTESIAN_POINT ( 'NONE',  ( -1.175000000000000500, 0.0000000000000000000, 1.654999999999999800 ) ) ;
#6683 = ORIENTED_EDGE ( 'NONE', *, *, #5853, .T. ) ;
#6684 = DIRECTION ( 'NONE',  ( 0.0000000000000000000, 0.0000000000000000000, 1.000000000000000000 ) ) ;
#6685 = LINE ( 'NONE', #9125, #1889 ) ;
#6686 = DIRECTION ( 'NONE',  ( -1.000000000000000000, 0.0000000000000000000, 0.0000000000000000000 ) ) ;
#6687 = CYLINDRICAL_SURFACE ( 'NONE', #3145, 0.03521910652230526200 ) ;
#6688 = STYLED_ITEM ( 'NONE', ( #2037 ), #2121 ) ;
#6689 = EDGE_CURVE ( 'NONE', #7109, #9509, #6326, .T. ) ;
#6690 = ADVANCED_FACE ( 'NONE', ( #2650 ), #2446, .F. ) ;
#6691 = ORIENTED_EDGE ( 'NONE', *, *, #7032, .T. ) ;
#6692 = COLOUR_RGB ( '',0.7921568627450980000, 0.8196078431372548800, 0.9333333333333333500 ) ;
#6693 = ORIENTED_EDGE ( 'NONE', *, *, #834, .T. ) ;
#6694 = VECTOR ( 'NONE', #3493, 1000.000000000000000 ) ;
#6695 = DIRECTION ( 'NONE',  ( 1.000000000000000000, -6.653104299660446400E-016, -0.0000000000000000000 ) ) ;
#6696 = VERTEX_POINT ( 'NONE', #277 ) ;
#6697 = EDGE_LOOP ( 'NONE', ( #4170, #167, #7088, #8717 ) ) ;
#6698 = ORIENTED_EDGE ( 'NONE', *, *, #6834, .F. ) ;
#6699 = AXIS2_PLACEMENT_3D ( 'NONE', #1764, #240, #9576 ) ;
#6700 = DIRECTION ( 'NONE',  ( -0.0000000000000000000, -0.0000000000000000000, -1.000000000000000000 ) ) ;
#6701 = VERTEX_POINT ( 'NONE', #139 ) ;
#6702 = LINE ( 'NONE', #408, #5979 ) ;
#6703 = AXIS2_PLACEMENT_3D ( 'NONE', #7628, #9127, #8416 ) ;
#6704 = PLANE ( 'NONE',  #1575 ) ;
#6705 = CARTESIAN_POINT ( 'NONE',  ( -3.759999999999999300, 1.200000000000000200, -2.959999999999999500 ) ) ;
#6706 = ORIENTED_EDGE ( 'NONE', *, *, #984, .T. ) ;
#6707 = CARTESIAN_POINT ( 'NONE',  ( -4.085923696263362700, 1.449999999999999300, 2.120000000000000600 ) ) ;
#6708 = ORIENTED_EDGE ( 'NONE', *, *, #2475, .T. ) ;
#6709 = LINE ( 'NONE', #2452, #2776 ) ;
#6710 = CARTESIAN_POINT ( 'NONE',  ( 3.759999999999999300, 1.200000000000000200, -1.689999999999999700 ) ) ;
#6711 = AXIS2_PLACEMENT_3D ( 'NONE', #10150, #5498, #2709 ) ;
#6712 = EDGE_CURVE ( 'NONE', #2587, #7418, #8406, .T. ) ;
#6713 = EDGE_LOOP ( 'NONE', ( #8543, #2847, #6756, #2460 ) ) ;
#6714 = DIRECTION ( 'NONE',  ( -0.0000000000000000000, -0.0000000000000000000, -1.000000000000000000 ) ) ;
#6715 = VERTEX_POINT ( 'NONE', #8871 ) ;
#6716 = AXIS2_PLACEMENT_3D ( 'NONE', #7204, #258, #1924 ) ;
#6717 = DIRECTION ( 'NONE',  ( -0.0000000000000000000, -0.0000000000000000000, -1.000000000000000000 ) ) ;
#6718 = ORIENTED_EDGE ( 'NONE', *, *, #7787, .F. ) ;
#6719 = LINE ( 'NONE', #8373, #9395 ) ;
#6720 = DIRECTION ( 'NONE',  ( -0.2588190451025243500, -0.9659258262890673100, 0.0000000000000000000 ) ) ;
#6721 = DIRECTION ( 'NONE',  ( 1.000000000000000000, 0.0000000000000000000, 0.0000000000000000000 ) ) ;
#6722 = VERTEX_POINT ( 'NONE', #5572 ) ;
#6723 = DIRECTION ( 'NONE',  ( 1.000000000000000000, 0.0000000000000000000, 0.0000000000000000000 ) ) ;
#6724 = DIRECTION ( 'NONE',  ( 1.000000000000000000, 0.0000000000000000000, 0.0000000000000000000 ) ) ;
#6725 = ORIENTED_EDGE ( 'NONE', *, *, #3819, .F. ) ;
#6726 = DIRECTION ( 'NONE',  ( -0.0000000000000000000, 1.000000000000000000, -0.0000000000000000000 ) ) ;
#6727 = EDGE_CURVE ( 'NONE', #8486, #5027, #3487, .T. ) ;
#6728 = LINE ( 'NONE', #4310, #9657 ) ;
#6729 = EDGE_CURVE ( 'NONE', #2147, #5537, #1641, .T. ) ;
#6730 = ORIENTED_EDGE ( 'NONE', *, *, #3594, .T. ) ;
#6731 = PLANE ( 'NONE',  #5852 ) ;
#6732 = EDGE_LOOP ( 'NONE', ( #8606, #5810, #1697, #7234 ) ) ;
#6733 = DIRECTION ( 'NONE',  ( 4.057832692343407400E-016, -0.0000000000000000000, 1.000000000000000000 ) ) ;
#6734 = DIRECTION ( 'NONE',  ( 0.06975647374411768400, 0.9975640502598248600, -0.0000000000000000000 ) ) ;
#6735 = PLANE ( 'NONE',  #9398 ) ;
#6736 = LINE ( 'NONE', #7671, #1336 ) ;
#6737 = LINE ( 'NONE', #4862, #5041 ) ;
#6738 = ORIENTED_EDGE ( 'NONE', *, *, #9725, .F. ) ;
#6739 = VECTOR ( 'NONE', #1843, 1000.000000000000000 ) ;
#6740 = DIRECTION ( 'NONE',  ( -0.0000000000000000000, -0.0000000000000000000, -1.000000000000000000 ) ) ;
#6741 = CARTESIAN_POINT ( 'NONE',  ( 4.623104622025544500, 0.03929580968121807600, -2.959999999999999500 ) ) ;
#6742 = EDGE_CURVE ( 'NONE', #5145, #7773, #442, .T. ) ;
#6743 = DIRECTION ( 'NONE',  ( 1.000000000000000000, -6.653104299660446400E-016, -0.0000000000000000000 ) ) ;
#6744 = ORIENTED_EDGE ( 'NONE', *, *, #3369, .F. ) ;
#6745 = EDGE_LOOP ( 'NONE', ( #1541, #5433, #4026, #1005 ) ) ;
#6746 = ORIENTED_EDGE ( 'NONE', *, *, #9484, .T. ) ;
#6747 = VECTOR ( 'NONE', #9230, 1000.000000000000000 ) ;
#6748 = FACE_OUTER_BOUND ( 'NONE', #8304, .T. ) ;
#6749 = FACE_OUTER_BOUND ( 'NONE', #9445, .T. ) ;
#6750 = CARTESIAN_POINT ( 'NONE',  ( 4.361424197404351100, 1.238601030272792600, -4.659999999999999300 ) ) ;
#6751 = DIRECTION ( 'NONE',  ( 0.9659258262890683100, 0.2588190451025207900, -0.0000000000000000000 ) ) ;
#6752 = CLOSED_SHELL ( 'NONE', ( #9593, #7351, #2424, #4937, #7043, #813, #826, #4372, #2667, #4861, #5724, #2277, #8293, #8522 ) ) ;
#6753 = ORIENTED_EDGE ( 'NONE', *, *, #529, .F. ) ;
#6754 = CARTESIAN_POINT ( 'NONE',  ( 4.085923696263362700, 1.164780893477695100, 0.8500000000000009800 ) ) ;
#6755 = EDGE_CURVE ( 'NONE', #7533, #9922, #2504, .T. ) ;
#6756 = ORIENTED_EDGE ( 'NONE', *, *, #6092, .F. ) ;
#6757 = FACE_OUTER_BOUND ( 'NONE', #4438, .T. ) ;
#6758 = AXIS2_PLACEMENT_3D ( 'NONE', #7431, #5907, #5845 ) ;
#6759 = VECTOR ( 'NONE', #9554, 1000.000000000000000 ) ;
#6760 = ORIENTED_EDGE ( 'NONE', *, *, #5178, .T. ) ;
#6761 = ORIENTED_EDGE ( 'NONE', *, *, #3926, .T. ) ;
#6762 = EDGE_LOOP ( 'NONE', ( #1083, #5299, #3665, #6607 ) ) ;
#6763 = VECTOR ( 'NONE', #893, 1000.000000000000000 ) ;
#6764 = FACE_OUTER_BOUND ( 'NONE', #16, .T. ) ;
#6765 = VECTOR ( 'NONE', #600, 1000.000000000000000 ) ;
#6766 = CARTESIAN_POINT ( 'NONE',  ( 4.367500000000000600, 0.2500000000000000600, -4.229999999999999500 ) ) ;
#6767 = CARTESIAN_POINT ( 'NONE',  ( 4.085923696263362700, 1.164780893477695100, -2.119999999999999700 ) ) ;
#6768 = AXIS2_PLACEMENT_3D ( 'NONE', #6990, #5373, #8500 ) ;
#6769 = DIRECTION ( 'NONE',  ( -0.0000000000000000000, -0.0000000000000000000, -1.000000000000000000 ) ) ;
#6770 = EDGE_CURVE ( 'NONE', #9517, #3094, #6086, .T. ) ;
#6771 = AXIS2_PLACEMENT_3D ( 'NONE', #6005, #1263, #5287 ) ;
#6772 = CARTESIAN_POINT ( 'NONE',  ( 4.608981456572268000, 0.3147047612756303000, -5.929999999999999700 ) ) ;
#6773 = ORIENTED_EDGE ( 'NONE', *, *, #1406, .T. ) ;
#6774 = DIRECTION ( 'NONE',  ( -6.653104299660446400E-016, 1.000000000000000000, 0.0000000000000000000 ) ) ;
#6775 = EDGE_LOOP ( 'NONE', ( #4079, #4247, #5702, #2659 ) ) ;
#6776 = DIRECTION ( 'NONE',  ( 0.0000000000000000000, 0.0000000000000000000, 1.000000000000000000 ) ) ;
#6777 = FACE_OUTER_BOUND ( 'NONE', #5146, .T. ) ;
#6778 = ORIENTED_EDGE ( 'NONE', *, *, #4850, .T. ) ;
#6779 = CARTESIAN_POINT ( 'NONE',  ( -5.185060881563971200, -2.641625050904819800E-019, 0.8500000000000009800 ) ) ;
#6780 = VECTOR ( 'NONE', #6013, 1000.000000000000000 ) ;
#6781 = ORIENTED_EDGE ( 'NONE', *, *, #5716, .T. ) ;
#6782 = EDGE_LOOP ( 'NONE', ( #3399, #9814, #8405, #5859, #807, #10020, #7547, #3095, #1728, #5175, #7919, #705 ) ) ;
#6783 = ADVANCED_FACE ( 'NONE', ( #8184 ), #6552, .F. ) ;
#6784 = VECTOR ( 'NONE', #5236, 1000.000000000000000 ) ;
#6785 = ORIENTED_EDGE ( 'NONE', *, *, #232, .T. ) ;
#6786 = DIRECTION ( 'NONE',  ( -1.000000000000000000, 0.0000000000000000000, 0.0000000000000000000 ) ) ;
#6787 = FACE_OUTER_BOUND ( 'NONE', #6519, .T. ) ;
#6788 = EDGE_CURVE ( 'NONE', #8164, #9590, #2871, .T. ) ;
#6789 = LINE ( 'NONE', #4077, #2111 ) ;
#6790 = EDGE_CURVE ( 'NONE', #5974, #8598, #4839, .T. ) ;
#6791 = ORIENTED_EDGE ( 'NONE', *, *, #249, .T. ) ;
#6792 = VERTEX_POINT ( 'NONE', #1342 ) ;
#6793 = FACE_OUTER_BOUND ( 'NONE', #2798, .T. ) ;
#6794 = VECTOR ( 'NONE', #9549, 1000.000000000000000 ) ;
#6795 = VERTEX_POINT ( 'NONE', #1374 ) ;
#6796 = VECTOR ( 'NONE', #8264, 1000.000000000000000 ) ;
#6797 = CARTESIAN_POINT ( 'NONE',  ( -4.623104622025544500, 0.03929580968121797200, 2.960000000000000900 ) ) ;
#6798 = DIRECTION ( 'NONE',  ( 1.734723475976807100E-015, 1.000000000000000000, 0.0000000000000000000 ) ) ;
#6799 = AXIS2_PLACEMENT_3D ( 'NONE', #1032, #4981, #1941 ) ;
#6800 = EDGE_CURVE ( 'NONE', #8544, #8474, #1170, .T. ) ;
#6801 = ORIENTED_EDGE ( 'NONE', *, *, #9871, .T. ) ;
#6802 = VERTEX_POINT ( 'NONE', #528 ) ;
#6803 = DIRECTION ( 'NONE',  ( 1.734723475976807100E-015, 1.000000000000000000, 0.0000000000000000000 ) ) ;
#6804 = DIRECTION ( 'NONE',  ( -0.0000000000000000000, -0.0000000000000000000, -1.000000000000000000 ) ) ;
#6805 = CARTESIAN_POINT ( 'NONE',  ( 4.361424197404351100, 1.238601030272792600, 2.120000000000000600 ) ) ;
#6806 = VECTOR ( 'NONE', #6630, 1000.000000000000000 ) ;
#6807 = CARTESIAN_POINT ( 'NONE',  ( 4.361424197404351100, 1.238601030272792600, 5.930000000000001500 ) ) ;
#6808 = ORIENTED_EDGE ( 'NONE', *, *, #1522, .F. ) ;
#6809 = VECTOR ( 'NONE', #2302, 999.9999999999998900 ) ;
#6810 = CARTESIAN_POINT ( 'NONE',  ( -4.085923696263362700, 1.164780893477695100, -4.229999999999999500 ) ) ;
#6811 = CARTESIAN_POINT ( 'NONE',  ( -4.643000501140988900, 0.3238201367950973600, -0.4199999999999993700 ) ) ;
#6812 = PLANE ( 'NONE',  #7834 ) ;
#6813 = ORIENTED_EDGE ( 'NONE', *, *, #3499, .T. ) ;
#6814 = CARTESIAN_POINT ( 'NONE',  ( -3.759999999999999300, 1.450000000000000400, -5.929999999999999700 ) ) ;
#6815 = PRESENTATION_STYLE_ASSIGNMENT (( #1622 ) ) ;
#6816 = ORIENTED_EDGE ( 'NONE', *, *, #900, .F. ) ;
#6817 = EDGE_CURVE ( 'NONE', #9370, #22, #4239, .T. ) ;
#6818 = LINE ( 'NONE', #5421, #8784 ) ;
#6819 = DIRECTION ( 'NONE',  ( -0.0000000000000000000, 0.0000000000000000000, 1.000000000000000000 ) ) ;
#6820 = DIRECTION ( 'NONE',  ( -0.0000000000000000000, -0.0000000000000000000, -1.000000000000000000 ) ) ;
#6821 = CARTESIAN_POINT ( 'NONE',  ( -4.640543740461573900, 0.2886868222461744200, -5.500000000000000000 ) ) ;
#6822 = ADVANCED_FACE ( 'NONE', ( #1630 ), #4465, .F. ) ;
#6823 = ORIENTED_EDGE ( 'NONE', *, *, #7175, .T. ) ;
#6824 = CARTESIAN_POINT ( 'NONE',  ( -4.361424197404348400, 1.238601030272792100, -4.659999999999999300 ) ) ;
#6825 = CARTESIAN_POINT ( 'NONE',  ( -3.759999999999999300, 1.450000000000000400, 0.4200000000000010900 ) ) ;
#6826 = DIRECTION ( 'NONE',  ( 0.2588190451025207900, -0.9659258262890683100, 0.0000000000000000000 ) ) ;
#6827 = ORIENTED_EDGE ( 'NONE', *, *, #2904, .F. ) ;
#6828 = FACE_OUTER_BOUND ( 'NONE', #9829, .T. ) ;
#6829 = ORIENTED_EDGE ( 'NONE', *, *, #9400, .T. ) ;
#6830 = ORIENTED_EDGE ( 'NONE', *, *, #5791, .T. ) ;
#6831 = ORIENTED_EDGE ( 'NONE', *, *, #3550, .T. ) ;
#6832 = DIRECTION ( 'NONE',  ( 1.000000000000000000, 0.0000000000000000000, 0.0000000000000000000 ) ) ;
#6833 = DIRECTION ( 'NONE',  ( -0.9975640502598247500, 0.06975647374411816900, 0.0000000000000000000 ) ) ;
#6834 = EDGE_CURVE ( 'NONE', #740, #9598, #3983, .T. ) ;
#6835 = AXIS2_PLACEMENT_3D ( 'NONE', #7241, #3218, #7138 ) ;
#6836 = ORIENTED_EDGE ( 'NONE', *, *, #1773, .F. ) ;
#6837 = FACE_OUTER_BOUND ( 'NONE', #9149, .T. ) ;
#6838 = ADVANCED_FACE ( 'NONE', ( #9737 ), #669, .F. ) ;
#6839 = DIRECTION ( 'NONE',  ( -0.0000000000000000000, -0.0000000000000000000, -1.000000000000000000 ) ) ;
#6840 = DIRECTION ( 'NONE',  ( -0.2588190451025207900, 0.9659258262890683100, 0.0000000000000000000 ) ) ;
#6841 = CARTESIAN_POINT ( 'NONE',  ( 4.119942740832083700, 1.173896268997162200, -5.500000000000000000 ) ) ;
#6842 = ORIENTED_EDGE ( 'NONE', *, *, #6340, .T. ) ;
#6843 = DIRECTION ( 'NONE',  ( -1.000000000000000000, 0.0000000000000000000, 0.0000000000000000000 ) ) ;
#6844 = DIRECTION ( 'NONE',  ( -0.0000000000000000000, -0.0000000000000000000, -1.000000000000000000 ) ) ;
#6845 = CARTESIAN_POINT ( 'NONE',  ( -4.623104622025544500, 0.03929580968121807600, -4.229999999999999500 ) ) ;
#6846 = DIRECTION ( 'NONE',  ( -0.0000000000000000000, -0.0000000000000000000, -1.000000000000000000 ) ) ;
#6847 = DIRECTION ( 'NONE',  ( -0.2588190451025207900, 0.9659258262890683100, -0.0000000000000000000 ) ) ;
#6848 = STYLED_ITEM ( 'NONE', ( #5549 ), #9620 ) ;
#6849 = LINE ( 'NONE', #573, #8800 ) ;
#6850 = ORIENTED_EDGE ( 'NONE', *, *, #8434, .F. ) ;
#6851 = EDGE_CURVE ( 'NONE', #772, #5126, #7660, .T. ) ;
#6852 = SURFACE_SIDE_STYLE ('',( #520 ) ) ;
#6853 = CARTESIAN_POINT ( 'NONE',  ( 4.085923696263362700, 1.164780893477695100, -1.689999999999999700 ) ) ;
#6854 = VECTOR ( 'NONE', #2484, 1000.000000000000000 ) ;
#6855 = CARTESIAN_POINT ( 'NONE',  ( -3.591350998357130100, -4.336808689942017700E-016, 6.243850998357133100 ) ) ;
#6856 = VECTOR ( 'NONE', #5020, 1000.000000000000000 ) ;
#6857 = ORIENTED_EDGE ( 'NONE', *, *, #4313, .F. ) ;
#6858 = CARTESIAN_POINT ( 'NONE',  ( 3.759999999999999300, 1.200000000000000200, -4.229999999999999500 ) ) ;
#6859 = PRODUCT_DEFINITION_FORMATION_WITH_SPECIFIED_SOURCE ( 'ANY', '', #300, .NOT_KNOWN. ) ;
#6860 = ORIENTED_EDGE ( 'NONE', *, *, #9532, .F. ) ;
#6861 = EDGE_CURVE ( 'NONE', #6600, #290, #6316, .T. ) ;
#6862 = EDGE_LOOP ( 'NONE', ( #6813, #3958, #3269, #6226 ) ) ;
#6863 = EDGE_CURVE ( 'NONE', #6884, #5322, #9621, .T. ) ;
#6864 = LINE ( 'NONE', #2248, #7355 ) ;
#6865 = FACE_OUTER_BOUND ( 'NONE', #351, .T. ) ;
#6866 = DIRECTION ( 'NONE',  ( -0.2588190451025243500, -0.9659258262890673100, 0.0000000000000000000 ) ) ;
#6867 = ORIENTED_EDGE ( 'NONE', *, *, #8207, .F. ) ;
#6868 = VECTOR ( 'NONE', #7786, 1000.000000000000000 ) ;
#6869 = CARTESIAN_POINT ( 'NONE',  ( 3.759999999999999300, 1.200000000000000200, -0.4199999999999993700 ) ) ;
#6870 = VERTEX_POINT ( 'NONE', #4807 ) ;
#6871 = DIRECTION ( 'NONE',  ( 0.0000000000000000000, 0.0000000000000000000, 1.000000000000000000 ) ) ;
#6872 = ADVANCED_FACE ( 'NONE', ( #3228 ), #3985, .F. ) ;
#6873 = DIRECTION ( 'NONE',  ( 1.000000000000000000, 0.0000000000000000000, -2.306813132947882000E-016 ) ) ;
#6874 = FILL_AREA_STYLE_COLOUR ( '', #9679 ) ;
#6875 = DIRECTION ( 'NONE',  ( 1.000000000000000000, 0.0000000000000000000, 0.0000000000000000000 ) ) ;
#6876 = ORIENTED_EDGE ( 'NONE', *, *, #4936, .F. ) ;
#6877 = ORIENTED_EDGE ( 'NONE', *, *, #4687, .T. ) ;
#6878 = FACE_OUTER_BOUND ( 'NONE', #3233, .T. ) ;
#6879 = CIRCLE ( 'NONE', #2496, 0.03521910652230526200 ) ;
#6880 = EDGE_CURVE ( 'NONE', #10030, #2806, #74, .T. ) ;
#6881 = VECTOR ( 'NONE', #395, 1000.000000000000000 ) ;
#6882 = EDGE_LOOP ( 'NONE', ( #3040, #7196, #4694, #7988 ) ) ;
#6883 = ORIENTED_EDGE ( 'NONE', *, *, #560, .F. ) ;
#6884 = VERTEX_POINT ( 'NONE', #1079 ) ;
#6885 = CYLINDRICAL_SURFACE ( 'NONE', #3352, 0.2852191065223054800 ) ;
#6886 = LINE ( 'NONE', #1016, #634 ) ;
#6887 = ADVANCED_FACE ( 'NONE', ( #3478 ), #2536, .F. ) ;
#6888 = CARTESIAN_POINT ( 'NONE',  ( 4.640543740461574800, 0.2886868222461744800, 1.690000000000000600 ) ) ;
#6889 = VECTOR ( 'NONE', #3659, 1000.000000000000000 ) ;
#6890 = EDGE_CURVE ( 'NONE', #456, #8162, #8897, .T. ) ;
#6891 = DIRECTION ( 'NONE',  ( -0.0000000000000000000, -0.0000000000000000000, -1.000000000000000000 ) ) ;
#6892 = CARTESIAN_POINT ( 'NONE',  ( -4.623104622025544500, 0.03929580968121807600, -1.689999999999999700 ) ) ;
#6893 = CARTESIAN_POINT ( 'NONE',  ( 4.119942740832083700, 1.173896268997162200, -2.119999999999999700 ) ) ;
#6894 = ORIENTED_EDGE ( 'NONE', *, *, #8985, .F. ) ;
#6895 = DIRECTION ( 'NONE',  ( -0.2588190451025243500, -0.9659258262890673100, 0.0000000000000000000 ) ) ;
#6896 = ORIENTED_EDGE ( 'NONE', *, *, #1522, .T. ) ;
#6897 = AXIS2_PLACEMENT_3D ( 'NONE', #1759, #925, #7258 ) ;
#6898 = VERTEX_POINT ( 'NONE', #8247 ) ;
#6899 = LINE ( 'NONE', #7606, #1369 ) ;
#6900 = VECTOR ( 'NONE', #6481, 1000.000000000000000 ) ;
#6901 = FACE_OUTER_BOUND ( 'NONE', #1019, .T. ) ;
#6902 = DIRECTION ( 'NONE',  ( -0.0000000000000000000, -0.0000000000000000000, -1.000000000000000000 ) ) ;
#6903 = PLANE ( 'NONE',  #4063 ) ;
#6904 = DIRECTION ( 'NONE',  ( -4.170008355713482100E-016, 0.0000000000000000000, 1.000000000000000000 ) ) ;
#6905 = VERTEX_POINT ( 'NONE', #1856 ) ;
#6906 = VERTEX_POINT ( 'NONE', #1239 ) ;
#6907 = VECTOR ( 'NONE', #3216, 1000.000000000000000 ) ;
#6908 = VERTEX_POINT ( 'NONE', #1007 ) ;
#6909 = AXIS2_PLACEMENT_3D ( 'NONE', #6810, #7496, #7590 ) ;
#6910 = EDGE_CURVE ( 'NONE', #5061, #4270, #3121, .T. ) ;
#6911 = DIRECTION ( 'NONE',  ( 1.000000000000000000, 0.0000000000000000000, 0.0000000000000000000 ) ) ;
#6912 = LINE ( 'NONE', #4383, #1262 ) ;
#6913 = DIRECTION ( 'NONE',  ( -0.0000000000000000000, -0.0000000000000000000, -1.000000000000000000 ) ) ;
#6914 = EDGE_CURVE ( 'NONE', #1499, #662, #1055, .T. ) ;
#6915 = CARTESIAN_POINT ( 'NONE',  ( 5.202500000000000600, 0.2493910125649557200, -4.659999999999999300 ) ) ;
#6916 = ORIENTED_EDGE ( 'NONE', *, *, #3239, .F. ) ;
#6917 = EDGE_LOOP ( 'NONE', ( #8998, #3083, #3245, #3663 ) ) ;
#6918 = DIRECTION ( 'NONE',  ( -0.0000000000000000000, -0.0000000000000000000, -1.000000000000000000 ) ) ;
#6919 = LINE ( 'NONE', #8611, #8027 ) ;
#6920 = ORIENTED_EDGE ( 'NONE', *, *, #5106, .T. ) ;
#6921 = ORIENTED_EDGE ( 'NONE', *, *, #8107, .T. ) ;
#6922 = VECTOR ( 'NONE', #3319, 1000.000000000000000 ) ;
#6923 = DIRECTION ( 'NONE',  ( -1.000000000000000000, 0.0000000000000000000, 0.0000000000000000000 ) ) ;
#6924 = FILL_AREA_STYLE ('',( #7949 ) ) ;
#6925 = ADVANCED_FACE ( 'NONE', ( #9973 ), #4261, .F. ) ;
#6926 = EDGE_CURVE ( 'NONE', #1677, #5836, #5597, .T. ) ;
#6927 =( NAMED_UNIT ( * ) SI_UNIT ( $, .STERADIAN. ) SOLID_ANGLE_UNIT ( ) );
#6928 = VECTOR ( 'NONE', #5824, 1000.000000000000000 ) ;
#6929 = DIRECTION ( 'NONE',  ( -0.0000000000000000000, -0.0000000000000000000, -1.000000000000000000 ) ) ;
#6930 = EDGE_CURVE ( 'NONE', #5919, #8098, #7166, .T. ) ;
#6931 = VECTOR ( 'NONE', #9611, 1000.000000000000000 ) ;
#6932 = ORIENTED_EDGE ( 'NONE', *, *, #1629, .T. ) ;
#6933 = SURFACE_STYLE_FILL_AREA ( #3204 ) ;
#6934 = CARTESIAN_POINT ( 'NONE',  ( 3.759999999999999300, 1.200000000000000200, -2.959999999999999500 ) ) ;
#6935 = PLANE ( 'NONE',  #203 ) ;
#6936 = DIRECTION ( 'NONE',  ( -0.2588190451025207900, -0.9659258262890683100, 0.0000000000000000000 ) ) ;
#6937 = ORIENTED_EDGE ( 'NONE', *, *, #8409, .F. ) ;
#6938 = LINE ( 'NONE', #3249, #1758 ) ;
#6939 = EDGE_CURVE ( 'NONE', #8118, #7276, #1402, .T. ) ;
#6940 = ADVANCED_FACE ( 'NONE', ( #3719 ), #7419, .T. ) ;
#6941 = DIRECTION ( 'NONE',  ( -0.0000000000000000000, -0.0000000000000000000, -1.000000000000000000 ) ) ;
#6942 = CARTESIAN_POINT ( 'NONE',  ( -4.119942740832083700, 1.173896268997162200, -5.929999999999999700 ) ) ;
#6943 = DIRECTION ( 'NONE',  ( -0.0000000000000000000, -0.0000000000000000000, -1.000000000000000000 ) ) ;
#6944 = ORIENTED_EDGE ( 'NONE', *, *, #682, .T. ) ;
#6945 = CARTESIAN_POINT ( 'NONE',  ( -3.759999999999999300, 1.450000000000000400, 4.660000000000001000 ) ) ;
#6946 = VERTEX_POINT ( 'NONE', #7477 ) ;
#6947 = LINE ( 'NONE', #8022, #1305 ) ;
#6948 = ORIENTED_EDGE ( 'NONE', *, *, #2188, .F. ) ;
#6949 = ORIENTED_EDGE ( 'NONE', *, *, #6834, .T. ) ;
#6950 = CARTESIAN_POINT ( 'NONE',  ( 3.759999999999999300, 1.200000000000000200, 0.8500000000000009800 ) ) ;
#6951 = AXIS2_PLACEMENT_3D ( 'NONE', #9854, #4454, #5157 ) ;
#6952 = DIRECTION ( 'NONE',  ( -0.0000000000000000000, -0.0000000000000000000, -1.000000000000000000 ) ) ;
#6953 = ORIENTED_EDGE ( 'NONE', *, *, #305, .T. ) ;
#6954 = LINE ( 'NONE', #8072, #835 ) ;
#6955 = AXIS2_PLACEMENT_3D ( 'NONE', #1969, #8237, #8938 ) ;
#6956 = DIRECTION ( 'NONE',  ( -0.0000000000000000000, -0.0000000000000000000, -1.000000000000000000 ) ) ;
#6957 = CARTESIAN_POINT ( 'NONE',  ( 4.085923696263362700, 1.200000000000000600, 2.960000000000000900 ) ) ;
#6958 = CARTESIAN_POINT ( 'NONE',  ( 4.367500000000000600, 0.2500000000000000600, -0.4199999999999993700 ) ) ;
#6959 = PLANE ( 'NONE',  #4932 ) ;
#6960 = EDGE_LOOP ( 'NONE', ( #6801, #7571, #5988, #8152 ) ) ;
#6961 = ORIENTED_EDGE ( 'NONE', *, *, #5484, .F. ) ;
#6962 = VECTOR ( 'NONE', #6372, 1000.000000000000000 ) ;
#6963 = DIRECTION ( 'NONE',  ( -1.000000000000000000, 0.0000000000000000000, 0.0000000000000000000 ) ) ;
#6964 = EDGE_LOOP ( 'NONE', ( #4476, #4058, #4784, #3247 ) ) ;
#6965 = AXIS2_PLACEMENT_3D ( 'NONE', #8026, #8832, #2557 ) ;
#6966 = ORIENTED_EDGE ( 'NONE', *, *, #3108, .F. ) ;
#6967 = EDGE_CURVE ( 'NONE', #9216, #4219, #555, .T. ) ;
#6968 = AXIS2_PLACEMENT_3D ( 'NONE', #7777, #7735, #608 ) ;
#6969 = CARTESIAN_POINT ( 'NONE',  ( 5.202500000000000600, 0.2493910125649557200, -0.8499999999999992000 ) ) ;
#6970 = DIRECTION ( 'NONE',  ( 1.000000000000000000, 0.0000000000000000000, 0.0000000000000000000 ) ) ;
#6971 = ADVANCED_FACE ( 'NONE', ( #4987 ), #8173, .F. ) ;
#6972 = LINE ( 'NONE', #275, #7577 ) ;
#6973 = ORIENTED_EDGE ( 'NONE', *, *, #7550, .F. ) ;
#6974 = CARTESIAN_POINT ( 'NONE',  ( 0.4299999999999998800, 0.0000000000000000000, 1.654999999999999800 ) ) ;
#6975 = CARTESIAN_POINT ( 'NONE',  ( 4.119942740832083700, 1.173896268997162200, 2.120000000000000600 ) ) ;
#6976 = VERTEX_POINT ( 'NONE', #1269 ) ;
#6977 = CARTESIAN_POINT ( 'NONE',  ( 4.643000501140988900, 0.3238201367950973600, 2.960000000000000900 ) ) ;
#6978 = MANIFOLD_SOLID_BREP ( 'Boss-Extrude4[1]', #9793 ) ;
#6979 = ORIENTED_EDGE ( 'NONE', *, *, #4150, .F. ) ;
#6980 = EDGE_CURVE ( 'NONE', #10083, #729, #9369, .T. ) ;
#6981 = CIRCLE ( 'NONE', #4524, 0.2852191065223054800 ) ;
#6982 = MECHANICAL_DESIGN_GEOMETRIC_PRESENTATION_REPRESENTATION (  '', ( #3286 ), #1523 ) ;
#6983 = CARTESIAN_POINT ( 'NONE',  ( -4.643000501140988900, 0.3238201367950973600, -2.959999999999999500 ) ) ;
#6984 = EDGE_CURVE ( 'NONE', #1640, #1937, #7308, .T. ) ;
#6985 = CARTESIAN_POINT ( 'NONE',  ( 4.085923696263362700, 1.164780893477695100, -0.4199999999999993700 ) ) ;
#6986 = ORIENTED_EDGE ( 'NONE', *, *, #9224, .T. ) ;
#6987 = LINE ( 'NONE', #9751, #9420 ) ;
#6988 = CARTESIAN_POINT ( 'NONE',  ( -5.202500000000000600, 0.2493910125649564100, -5.500000000000000000 ) ) ;
#6989 = ADVANCED_FACE ( 'NONE', ( #9855 ), #1027, .F. ) ;
#6990 = CARTESIAN_POINT ( 'NONE',  ( -4.085923696263362700, 1.164780893477695100, 5.500000000000001800 ) ) ;
#6991 = PLANE ( 'NONE',  #5222 ) ;
#6992 = ORIENTED_EDGE ( 'NONE', *, *, #3185, .T. ) ;
#6993 = CARTESIAN_POINT ( 'NONE',  ( -2.760000000000000200, 2.599999999999998800, -5.412500000000003200 ) ) ;
#6994 = LINE ( 'NONE', #2626, #4299 ) ;
#6995 = CIRCLE ( 'NONE', #7812, 0.03521910652230526200 ) ;
#6996 = CARTESIAN_POINT ( 'NONE',  ( 4.085923696263362700, 1.450000000000000000, -2.119999999999999700 ) ) ;
#6997 = EDGE_CURVE ( 'NONE', #9517, #7894, #5728, .T. ) ;
#6998 = EDGE_CURVE ( 'NONE', #5970, #5395, #7546, .T. ) ;
#6999 = DIRECTION ( 'NONE',  ( -0.0000000000000000000, 1.000000000000000000, -0.0000000000000000000 ) ) ;
#7000 = DIRECTION ( 'NONE',  ( 0.0000000000000000000, 0.0000000000000000000, 1.000000000000000000 ) ) ;
#7001 = CARTESIAN_POINT ( 'NONE',  ( -4.623104622025544500, 0.03929580968121797200, -1.689999999999999700 ) ) ;
#7002 = ORIENTED_EDGE ( 'NONE', *, *, #1760, .T. ) ;
#7003 = ORIENTED_EDGE ( 'NONE', *, *, #9921, .F. ) ;
#7004 = ORIENTED_EDGE ( 'NONE', *, *, #7717, .F. ) ;
#7005 = LINE ( 'NONE', #1896, #757 ) ;
#7006 = PLANE ( 'NONE',  #4741 ) ;
#7007 = DIRECTION ( 'NONE',  ( 1.000000000000000000, 0.0000000000000000000, 0.0000000000000000000 ) ) ;
#7008 = PLANE ( 'NONE',  #6711 ) ;
#7009 = AXIS2_PLACEMENT_3D ( 'NONE', #1434, #9244, #4560 ) ;
#7010 = VERTEX_POINT ( 'NONE', #3501 ) ;
#7011 = EDGE_CURVE ( 'NONE', #1332, #5298, #5487, .T. ) ;
#7012 = ORIENTED_EDGE ( 'NONE', *, *, #7350, .T. ) ;
#7013 = CIRCLE ( 'NONE', #9380, 0.2852191065223054800 ) ;
#7014 = LINE ( 'NONE', #5496, #3194 ) ;
#7015 = VECTOR ( 'NONE', #6734, 999.9999999999998900 ) ;
#7016 = CARTESIAN_POINT ( 'NONE',  ( -3.760000000000000200, 1.450000000000000200, 6.412500000000003200 ) ) ;
#7017 = ORIENTED_EDGE ( 'NONE', *, *, #1661, .F. ) ;
#7018 = DIRECTION ( 'NONE',  ( -1.000000000000000000, -0.0000000000000000000, -0.0000000000000000000 ) ) ;
#7019 = EDGE_LOOP ( 'NONE', ( #8433, #1353, #3674, #9594 ) ) ;
#7020 = VECTOR ( 'NONE', #5348, 1000.000000000000100 ) ;
#7021 = ORIENTED_EDGE ( 'NONE', *, *, #6079, .T. ) ;
#7022 = CARTESIAN_POINT ( 'NONE',  ( -4.623104622025544500, 0.03929580968121807600, 5.500000000000001800 ) ) ;
#7023 = DIRECTION ( 'NONE',  ( -0.06975647374411952900, -0.9975640502598246400, 0.0000000000000000000 ) ) ;
#7024 = CARTESIAN_POINT ( 'NONE',  ( 1.174999999999999600, 0.1000000000000000100, -1.655000000000000200 ) ) ;
#7025 = ADVANCED_FACE ( 'NONE', ( #1753 ), #5212, .F. ) ;
#7026 = LINE ( 'NONE', #1360, #2610 ) ;
#7027 = LINE ( 'NONE', #7612, #3570 ) ;
#7028 = ORIENTED_EDGE ( 'NONE', *, *, #9189, .F. ) ;
#7029 = DIRECTION ( 'NONE',  ( 0.0000000000000000000, 0.0000000000000000000, 1.000000000000000000 ) ) ;
#7030 = AXIS2_PLACEMENT_3D ( 'NONE', #4960, #2534, #7999 ) ;
#7031 = CARTESIAN_POINT ( 'NONE',  ( 4.643000501140988900, 0.3238201367950973600, -3.389999999999999200 ) ) ;
#7032 = EDGE_CURVE ( 'NONE', #5685, #6361, #6685, .T. ) ;
#7033 = EDGE_LOOP ( 'NONE', ( #6632, #23, #5513, #8280 ) ) ;
#7034 = EDGE_LOOP ( 'NONE', ( #6285, #2574, #3869, #7621 ) ) ;
#7035 = LINE ( 'NONE', #397, #1035 ) ;
#7036 = EDGE_LOOP ( 'NONE', ( #9525, #842, #7259, #7042, #8169, #6379, #5478, #7184, #7657, #6256, #5557, #1548 ) ) ;
#7037 = CYLINDRICAL_SURFACE ( 'NONE', #9690, 0.4000000000000001900 ) ;
#7038 = LINE ( 'NONE', #8806, #4969 ) ;
#7039 = CARTESIAN_POINT ( 'NONE',  ( -4.085923696263362700, 1.164780893477695100, -0.4199999999999993700 ) ) ;
#7040 = PLANE ( 'NONE',  #5318 ) ;
#7041 = CARTESIAN_POINT ( 'NONE',  ( 4.640543740461574800, 0.2886868222461744800, 3.390000000000000600 ) ) ;
#7042 = ORIENTED_EDGE ( 'NONE', *, *, #2243, .F. ) ;
#7043 = ADVANCED_FACE ( 'NONE', ( #1275 ), #4461, .T. ) ;
#7044 = DIRECTION ( 'NONE',  ( 1.000000000000000000, -6.653104299660446400E-016, -0.0000000000000000000 ) ) ;
#7045 = FACE_OUTER_BOUND ( 'NONE', #7233, .T. ) ;
#7046 = FACE_OUTER_BOUND ( 'NONE', #1628, .T. ) ;
#7047 = AXIS2_PLACEMENT_3D ( 'NONE', #7636, #1298, #508 ) ;
#7048 = CARTESIAN_POINT ( 'NONE',  ( 5.202500000000000600, 0.2493910125649557200, 4.660000000000001000 ) ) ;
#7049 = VERTEX_POINT ( 'NONE', #3703 ) ;
#7050 = ORIENTED_EDGE ( 'NONE', *, *, #9348, .F. ) ;
#7051 = VECTOR ( 'NONE', #1952, 1000.000000000000000 ) ;
#7052 = CARTESIAN_POINT ( 'NONE',  ( 4.623104622025544500, 0.03929580968121807600, -4.659999999999999300 ) ) ;
#7053 = VERTEX_POINT ( 'NONE', #5356 ) ;
#7054 = LINE ( 'NONE', #2204, #6809 ) ;
#7055 = DIRECTION ( 'NONE',  ( -0.0000000000000000000, -0.0000000000000000000, -1.000000000000000000 ) ) ;
#7056 = PLANE ( 'NONE',  #7306 ) ;
#7057 = CARTESIAN_POINT ( 'NONE',  ( -4.119942740832083700, 1.173896268997162200, -4.229999999999999500 ) ) ;
#7058 = CARTESIAN_POINT ( 'NONE',  ( 4.640543740461574800, 0.2886868222461741500, 2.960000000000000900 ) ) ;
#7059 = EDGE_CURVE ( 'NONE', #5685, #8699, #2250, .T. ) ;
#7060 = CARTESIAN_POINT ( 'NONE',  ( -4.085923696263362700, 1.164780893477695100, -1.689999999999999700 ) ) ;
#7061 = EDGE_CURVE ( 'NONE', #1242, #8610, #6567, .T. ) ;
#7062 = ORIENTED_EDGE ( 'NONE', *, *, #5879, .F. ) ;
#7063 = ORIENTED_EDGE ( 'NONE', *, *, #5965, .F. ) ;
#7064 = DIRECTION ( 'NONE',  ( 0.0000000000000000000, 0.0000000000000000000, 1.000000000000000000 ) ) ;
#7065 = FACE_OUTER_BOUND ( 'NONE', #488, .T. ) ;
#7066 = DIRECTION ( 'NONE',  ( 0.9975640502598247500, 0.06975647374411816900, -0.0000000000000000000 ) ) ;
#7067 = VERTEX_POINT ( 'NONE', #4639 ) ;
#7068 = DIRECTION ( 'NONE',  ( 1.000000000000000000, -6.653104299660446400E-016, -0.0000000000000000000 ) ) ;
#7069 = CARTESIAN_POINT ( 'NONE',  ( -0.4299999999999999900, -0.0000000000000000000, -1.785000000000000100 ) ) ;
#7070 = ORIENTED_EDGE ( 'NONE', *, *, #3782, .F. ) ;
#7071 = EDGE_CURVE ( 'NONE', #7053, #5329, #9362, .T. ) ;
#7072 = FACE_OUTER_BOUND ( 'NONE', #5871, .T. ) ;
#7073 = DIRECTION ( 'NONE',  ( 0.0000000000000000000, 0.0000000000000000000, 1.000000000000000000 ) ) ;
#7074 = ADVANCED_FACE ( 'NONE', ( #7292 ), #8007, .F. ) ;
#7075 = DIRECTION ( 'NONE',  ( -0.2588190451025207900, 0.9659258262890683100, -0.0000000000000000000 ) ) ;
#7076 = ORIENTED_EDGE ( 'NONE', *, *, #1395, .F. ) ;
#7077 = VERTEX_POINT ( 'NONE', #10112 ) ;
#7078 = VERTEX_POINT ( 'NONE', #1674 ) ;
#7079 = LINE ( 'NONE', #2896, #10129 ) ;
#7080 = VERTEX_POINT ( 'NONE', #2427 ) ;
#7081 = EDGE_LOOP ( 'NONE', ( #3494, #3157, #7126, #5566 ) ) ;
#7082 = AXIS2_PLACEMENT_3D ( 'NONE', #3851, #3771, #4644 ) ;
#7083 = EDGE_LOOP ( 'NONE', ( #5045, #5448, #2656, #7310 ) ) ;
#7084 = ADVANCED_FACE ( 'NONE', ( #8042 ), #159, .F. ) ;
#7085 = DIRECTION ( 'NONE',  ( 0.0000000000000000000, -0.0000000000000000000, -1.000000000000000000 ) ) ;
#7086 = VECTOR ( 'NONE', #5284, 1000.000000000000100 ) ;
#7087 = CARTESIAN_POINT ( 'NONE',  ( 3.759999999999999300, 1.200000000000000200, -3.389999999999999200 ) ) ;
#7088 = ORIENTED_EDGE ( 'NONE', *, *, #5939, .F. ) ;
#7089 = DIRECTION ( 'NONE',  ( 0.0000000000000000000, 0.0000000000000000000, 1.000000000000000000 ) ) ;
#7090 = PLANE ( 'NONE',  #2019 ) ;
#7091 = ORIENTED_EDGE ( 'NONE', *, *, #8642, .T. ) ;
#7092 = EDGE_CURVE ( 'NONE', #7925, #3621, #5219, .T. ) ;
#7093 = VECTOR ( 'NONE', #6336, 1000.000000000000000 ) ;
#7094 = COLOUR_RGB ( '',0.7921568627450980000, 0.8196078431372548800, 0.9333333333333333500 ) ;
#7095 = SURFACE_STYLE_USAGE ( .BOTH. , #1631 ) ;
#7096 = DIRECTION ( 'NONE',  ( 0.0000000000000000000, 0.0000000000000000000, 1.000000000000000000 ) ) ;
#7097 = CLOSED_SHELL ( 'NONE', ( #2554, #1477, #8478, #5980, #9987, #2038, #7642, #3842, #8949, #568, #708, #1996, #6107, #206 ) ) ;
#7098 = LINE ( 'NONE', #5393, #5044 ) ;
#7099 = EDGE_CURVE ( 'NONE', #5395, #9289, #9115, .T. ) ;
#7100 = EDGE_LOOP ( 'NONE', ( #8353, #3393, #92, #1501 ) ) ;
#7101 = DIRECTION ( 'NONE',  ( 0.0000000000000000000, 0.0000000000000000000, 1.000000000000000000 ) ) ;
#7102 = UNCERTAINTY_MEASURE_WITH_UNIT (LENGTH_MEASURE( 1.000000000000000100E-005 ), #5355, 'distance_accuracy_value', 'NONE');
#7103 = PLANE ( 'NONE',  #832 ) ;
#7104 = CARTESIAN_POINT ( 'NONE',  ( 3.759999999999999800, 1.450000000000000200, 5.930000000000001500 ) ) ;
#7105 = ORIENTED_EDGE ( 'NONE', *, *, #9385, .F. ) ;
#7106 = ORIENTED_EDGE ( 'NONE', *, *, #2582, .T. ) ;
#7107 = LINE ( 'NONE', #8217, #2431 ) ;
#7108 = VECTOR ( 'NONE', #8485, 1000.000000000000000 ) ;
#7109 = VERTEX_POINT ( 'NONE', #4054 ) ;
#7110 = DIRECTION ( 'NONE',  ( -1.000000000000000000, 6.653104299660446400E-016, 0.0000000000000000000 ) ) ;
#7111 = EDGE_CURVE ( 'NONE', #5756, #1088, #3114, .T. ) ;
#7112 = ORIENTED_EDGE ( 'NONE', *, *, #4180, .F. ) ;
#7113 = ORIENTED_EDGE ( 'NONE', *, *, #6399, .F. ) ;
#7114 = EDGE_CURVE ( 'NONE', #3552, #10032, #5961, .T. ) ;
#7115 = CARTESIAN_POINT ( 'NONE',  ( -4.085923696263362700, 1.449999999999999300, -4.229999999999999500 ) ) ;
#7116 = CARTESIAN_POINT ( 'NONE',  ( 4.361424197404351100, 1.238601030272792600, 1.690000000000000600 ) ) ;
#7117 = CARTESIAN_POINT ( 'NONE',  ( -4.367500000000000600, 0.2500000000000000000, -0.4199999999999993700 ) ) ;
#7118 = CYLINDRICAL_SURFACE ( 'NONE', #215, 0.03521910652230526200 ) ;
#7119 =( LENGTH_UNIT ( ) NAMED_UNIT ( * ) SI_UNIT ( .MILLI., .METRE. ) );
#7120 = CARTESIAN_POINT ( 'NONE',  ( 5.185060881563971200, -2.641625050904819800E-019, 4.660000000000001000 ) ) ;
#7121 = VECTOR ( 'NONE', #524, 1000.000000000000100 ) ;
#7122 = DIRECTION ( 'NONE',  ( -0.0000000000000000000, -0.0000000000000000000, -1.000000000000000000 ) ) ;
#7123 = ORIENTED_EDGE ( 'NONE', *, *, #8768, .F. ) ;
#7124 = VERTEX_POINT ( 'NONE', #3189 ) ;
#7125 = DIRECTION ( 'NONE',  ( 0.9975640502598246400, -0.06975647374411952900, 0.0000000000000000000 ) ) ;
#7126 = ORIENTED_EDGE ( 'NONE', *, *, #4972, .F. ) ;
#7127 = AXIS2_PLACEMENT_3D ( 'NONE', #3457, #3485, #2014 ) ;
#7128 = LINE ( 'NONE', #6945, #1131 ) ;
#7129 = EDGE_CURVE ( 'NONE', #3892, #9922, #6305, .T. ) ;
#7130 = CIRCLE ( 'NONE', #9662, 0.03521910652230526200 ) ;
#7131 = VECTOR ( 'NONE', #1935, 1000.000000000000100 ) ;
#7132 = DIRECTION ( 'NONE',  ( -0.9975640502598248600, 0.06975647374411768400, 0.0000000000000000000 ) ) ;
#7133 =( NAMED_UNIT ( * ) PLANE_ANGLE_UNIT ( ) SI_UNIT ( $, .RADIAN. ) );
#7134 = ORIENTED_EDGE ( 'NONE', *, *, #4487, .T. ) ;
#7135 = ORIENTED_EDGE ( 'NONE', *, *, #6462, .T. ) ;
#7136 = ADVANCED_FACE ( 'NONE', ( #7045 ), #7966, .F. ) ;
#7137 = EDGE_LOOP ( 'NONE', ( #7790, #741, #9403, #299 ) ) ;
#7138 = DIRECTION ( 'NONE',  ( 1.000000000000000000, 0.0000000000000000000, -0.0000000000000000000 ) ) ;
#7139 = CARTESIAN_POINT ( 'NONE',  ( -5.202500000000000600, 0.2493910125649564100, -0.8499999999999992000 ) ) ;
#7140 = CARTESIAN_POINT ( 'NONE',  ( -4.119942740832083700, 1.173896268997162200, -3.389999999999999200 ) ) ;
#7141 = VECTOR ( 'NONE', #9640, 1000.000000000000000 ) ;
#7142 = DIRECTION ( 'NONE',  ( -0.06975647374411952900, -0.9975640502598246400, 0.0000000000000000000 ) ) ;
#7143 = LINE ( 'NONE', #8091, #5923 ) ;
#7144 = EDGE_CURVE ( 'NONE', #8259, #5126, #2862, .T. ) ;
#7145 = ORIENTED_EDGE ( 'NONE', *, *, #4993, .F. ) ;
#7146 = DIRECTION ( 'NONE',  ( -0.2588190451025243500, -0.9659258262890673100, 0.0000000000000000000 ) ) ;
#7147 = LINE ( 'NONE', #8710, #8497 ) ;
#7148 = ORIENTED_EDGE ( 'NONE', *, *, #3905, .T. ) ;
#7149 = COLOUR_RGB ( '',0.7921568627450980000, 0.8196078431372548800, 0.9333333333333333500 ) ;
#7150 = VECTOR ( 'NONE', #10018, 1000.000000000000000 ) ;
#7151 = DIRECTION ( 'NONE',  ( -0.0000000000000000000, -0.0000000000000000000, -1.000000000000000000 ) ) ;
#7152 = DIRECTION ( 'NONE',  ( -0.06975647374411768400, -0.9975640502598248600, 0.0000000000000000000 ) ) ;
#7153 = DIRECTION ( 'NONE',  ( -6.653104299660446400E-016, 1.000000000000000000, 0.0000000000000000000 ) ) ;
#7154 = ORIENTED_EDGE ( 'NONE', *, *, #481, .T. ) ;
#7155 = CARTESIAN_POINT ( 'NONE',  ( 4.361424197404351100, 1.238601030272792600, -4.229999999999999500 ) ) ;
#7156 = CARTESIAN_POINT ( 'NONE',  ( 4.085923696263362700, 1.164780893477695100, 4.660000000000001000 ) ) ;
#7157 = VERTEX_POINT ( 'NONE', #6355 ) ;
#7158 = CARTESIAN_POINT ( 'NONE',  ( 4.608981456572268000, 0.3147047612756303000, -1.689999999999999700 ) ) ;
#7159 = CARTESIAN_POINT ( 'NONE',  ( 3.759999999999999300, 1.200000000000000200, 3.390000000000000600 ) ) ;
#7160 = VECTOR ( 'NONE', #2066, 1000.000000000000000 ) ;
#7161 = DIRECTION ( 'NONE',  ( -0.0000000000000000000, -0.0000000000000000000, -1.000000000000000000 ) ) ;
#7162 = ORIENTED_EDGE ( 'NONE', *, *, #5305, .T. ) ;
#7163 = SURFACE_STYLE_FILL_AREA ( #1702 ) ;
#7164 = DIRECTION ( 'NONE',  ( 0.06975647374411768400, 0.9975640502598248600, -0.0000000000000000000 ) ) ;
#7165 = EDGE_CURVE ( 'NONE', #3820, #5380, #3971, .T. ) ;
#7166 = LINE ( 'NONE', #5857, #6806 ) ;
#7167 = PLANE ( 'NONE',  #1105 ) ;
#7168 = FILL_AREA_STYLE_COLOUR ( '', #4024 ) ;
#7169 = VECTOR ( 'NONE', #7151, 1000.000000000000000 ) ;
#7170 = CARTESIAN_POINT ( 'NONE',  ( -1.175000000000000500, 0.1000000000000000100, 1.654999999999999800 ) ) ;
#7171 = DIRECTION ( 'NONE',  ( -1.000000000000000000, 0.0000000000000000000, 0.0000000000000000000 ) ) ;
#7172 = DIRECTION ( 'NONE',  ( 0.0000000000000000000, 0.0000000000000000000, 1.000000000000000000 ) ) ;
#7173 = ORIENTED_EDGE ( 'NONE', *, *, #5039, .T. ) ;
#7174 = DIRECTION ( 'NONE',  ( -1.734723475976807100E-015, -1.000000000000000000, 0.0000000000000000000 ) ) ;
#7175 = EDGE_CURVE ( 'NONE', #9387, #8196, #9844, .T. ) ;
#7176 = AXIS2_PLACEMENT_3D ( 'NONE', #9865, #6844, #6911 ) ;
#7177 = FACE_OUTER_BOUND ( 'NONE', #9271, .T. ) ;
#7178 = EDGE_CURVE ( 'NONE', #6637, #5008, #4596, .T. ) ;
#7179 = ORIENTED_EDGE ( 'NONE', *, *, #4686, .F. ) ;
#7180 = VECTOR ( 'NONE', #4616, 1000.000000000000000 ) ;
#7181 = ORIENTED_EDGE ( 'NONE', *, *, #7453, .T. ) ;
#7182 = DIRECTION ( 'NONE',  ( -1.000000000000000000, 0.0000000000000000000, 0.0000000000000000000 ) ) ;
#7183 = EDGE_LOOP ( 'NONE', ( #8706, #1591, #4242, #382 ) ) ;
#7184 = ORIENTED_EDGE ( 'NONE', *, *, #7274, .F. ) ;
#7185 = VECTOR ( 'NONE', #4934, 1000.000000000000100 ) ;
#7186 = DIRECTION ( 'NONE',  ( -1.000000000000000000, 0.0000000000000000000, -0.0000000000000000000 ) ) ;
#7187 = CARTESIAN_POINT ( 'NONE',  ( -3.760000000000000200, 1.450000000000000200, 6.412500000000003200 ) ) ;
#7188 = ORIENTED_EDGE ( 'NONE', *, *, #834, .F. ) ;
#7189 = EDGE_CURVE ( 'NONE', #801, #6946, #6070, .T. ) ;
#7190 = DIRECTION ( 'NONE',  ( -1.000000000000000000, -0.0000000000000000000, -0.0000000000000000000 ) ) ;
#7191 = DIRECTION ( 'NONE',  ( 0.2588190451025207900, -0.9659258262890683100, 0.0000000000000000000 ) ) ;
#7192 = EDGE_CURVE ( 'NONE', #6051, #2515, #2008, .T. ) ;
#7193 = ORIENTED_EDGE ( 'NONE', *, *, #4499, .T. ) ;
#7194 = CARTESIAN_POINT ( 'NONE',  ( -3.759999999999999300, 1.450000000000000400, -3.389999999999999200 ) ) ;
#7195 = DIRECTION ( 'NONE',  ( -0.0000000000000000000, -0.0000000000000000000, -1.000000000000000000 ) ) ;
#7196 = ORIENTED_EDGE ( 'NONE', *, *, #6147, .F. ) ;
#7197 = FACE_OUTER_BOUND ( 'NONE', #9623, .T. ) ;
#7198 = PLANE ( 'NONE',  #4327 ) ;
#7199 = DIRECTION ( 'NONE',  ( -1.000000000000000000, 0.0000000000000000000, 0.0000000000000000000 ) ) ;
#7200 = CARTESIAN_POINT ( 'NONE',  ( -1.175000000000000500, 0.1000000000000000100, -1.655000000000000200 ) ) ;
#7201 = ORIENTED_EDGE ( 'NONE', *, *, #5231, .T. ) ;
#7202 = ORIENTED_EDGE ( 'NONE', *, *, #1947, .T. ) ;
#7203 = EDGE_CURVE ( 'NONE', #1088, #462, #7535, .T. ) ;
#7204 = CARTESIAN_POINT ( 'NONE',  ( 4.085923696263362700, 1.164780893477695100, -5.929999999999999700 ) ) ;
#7205 = ORIENTED_EDGE ( 'NONE', *, *, #4359, .F. ) ;
#7206 = DIRECTION ( 'NONE',  ( 1.000000000000000000, 0.0000000000000000000, 4.170008355713482100E-016 ) ) ;
#7207 = VERTEX_POINT ( 'NONE', #1502 ) ;
#7208 = ORIENTED_EDGE ( 'NONE', *, *, #2134, .T. ) ;
#7209 = VECTOR ( 'NONE', #1875, 1000.000000000000000 ) ;
#7210 = CARTESIAN_POINT ( 'NONE',  ( -4.361424197404348400, 1.238601030272792100, 2.960000000000000900 ) ) ;
#7211 = ORIENTED_EDGE ( 'NONE', *, *, #5800, .F. ) ;
#7212 = DIRECTION ( 'NONE',  ( 0.0000000000000000000, 0.0000000000000000000, 1.000000000000000000 ) ) ;
#7213 = AXIS2_PLACEMENT_3D ( 'NONE', #3728, #7653, #1409 ) ;
#7214 = DIRECTION ( 'NONE',  ( -1.000000000000000000, 0.0000000000000000000, 0.0000000000000000000 ) ) ;
#7215 = AXIS2_PLACEMENT_3D ( 'NONE', #7461, #5805, #1164 ) ;
#7216 = DIRECTION ( 'NONE',  ( -1.000000000000000000, 0.0000000000000000000, 0.0000000000000000000 ) ) ;
#7217 = ORIENTED_EDGE ( 'NONE', *, *, #7322, .F. ) ;
#7218 = ADVANCED_FACE ( 'NONE', ( #1044 ), #9379, .F. ) ;
#7219 =( LENGTH_UNIT ( ) NAMED_UNIT ( * ) SI_UNIT ( .MILLI., .METRE. ) );
#7220 = DIRECTION ( 'NONE',  ( -0.2588190451025207900, -0.9659258262890683100, 0.0000000000000000000 ) ) ;
#7221 = FILL_AREA_STYLE_COLOUR ( '', #4176 ) ;
#7222 = ORIENTED_EDGE ( 'NONE', *, *, #1848, .T. ) ;
#7223 = CARTESIAN_POINT ( 'NONE',  ( 3.759999999999999300, 1.450000000000000200, -6.412500000000003200 ) ) ;
#7224 = VECTOR ( 'NONE', #2684, 1000.000000000000000 ) ;
#7225 = LINE ( 'NONE', #2558, #117 ) ;
#7226 = CARTESIAN_POINT ( 'NONE',  ( 4.623104622025544500, 0.03929580968121807600, 1.690000000000000600 ) ) ;
#7227 = ORIENTED_EDGE ( 'NONE', *, *, #4062, .F. ) ;
#7228 = FACE_OUTER_BOUND ( 'NONE', #2595, .T. ) ;
#7229 = AXIS2_PLACEMENT_3D ( 'NONE', #9757, #5064, #4227 ) ;
#7230 = EDGE_CURVE ( 'NONE', #4602, #5729, #3845, .T. ) ;
#7231 = DIRECTION ( 'NONE',  ( 0.0000000000000000000, 0.0000000000000000000, 1.000000000000000000 ) ) ;
#7232 = CARTESIAN_POINT ( 'NONE',  ( -4.608981456572268900, 0.3147047612756303000, 5.930000000000001500 ) ) ;
#7233 = EDGE_LOOP ( 'NONE', ( #6730, #501, #4445, #9989 ) ) ;
#7234 = ORIENTED_EDGE ( 'NONE', *, *, #1461, .T. ) ;
#7235 = LINE ( 'NONE', #538, #8828 ) ;
#7236 = AXIS2_PLACEMENT_3D ( 'NONE', #4752, #4468, #6324 ) ;
#7237 = VECTOR ( 'NONE', #6453, 1000.000000000000000 ) ;
#7238 = VECTOR ( 'NONE', #3047, 1000.000000000000100 ) ;
#7239 = ADVANCED_FACE ( 'NONE', ( #4353 ), #544, .T. ) ;
#7240 = CARTESIAN_POINT ( 'NONE',  ( 0.4299999999999998800, 0.1000000000000002600, -1.785000000000000100 ) ) ;
#7241 = CARTESIAN_POINT ( 'NONE',  ( 0.4299999999999998800, 0.1000000000000000100, 1.654999999999999800 ) ) ;
#7242 = CARTESIAN_POINT ( 'NONE',  ( 4.361424197404351100, 1.238601030272792600, 4.230000000000001300 ) ) ;
#7243 = DIRECTION ( 'NONE',  ( -0.0000000000000000000, -0.0000000000000000000, -1.000000000000000000 ) ) ;
#7244 = CARTESIAN_POINT ( 'NONE',  ( 4.361424197404351100, 1.238601030272792600, -4.229999999999999500 ) ) ;
#7245 = VERTEX_POINT ( 'NONE', #7857 ) ;
#7246 = EDGE_LOOP ( 'NONE', ( #2818, #1778, #3913, #5202, #3032, #6011, #4448, #9332, #5422, #4654, #3647, #9377 ) ) ;
#7247 = ORIENTED_EDGE ( 'NONE', *, *, #2188, .T. ) ;
#7248 = VECTOR ( 'NONE', #1387, 1000.000000000000000 ) ;
#7249 = CARTESIAN_POINT ( 'NONE',  ( 4.623104622025544500, 0.03929580968121807600, -2.959999999999999500 ) ) ;
#7250 = CYLINDRICAL_SURFACE ( 'NONE', #683, 0.2852191065223037600 ) ;
#7251 = EDGE_CURVE ( 'NONE', #5074, #9672, #9963, .T. ) ;
#7252 = ADVANCED_FACE ( 'NONE', ( #307 ), #3020, .F. ) ;
#7253 = CARTESIAN_POINT ( 'NONE',  ( 5.185060881563971200, -2.641625050904819800E-019, 5.930000000000001500 ) ) ;
#7254 = EDGE_CURVE ( 'NONE', #9598, #8564, #1623, .T. ) ;
#7255 = CARTESIAN_POINT ( 'NONE',  ( -3.759999999999999300, 1.450000000000000400, 5.930000000000001500 ) ) ;
#7256 = DIRECTION ( 'NONE',  ( 0.9975640502598247500, 0.06975647374411816900, -0.0000000000000000000 ) ) ;
#7257 = ORIENTED_EDGE ( 'NONE', *, *, #1476, .T. ) ;
#7258 = DIRECTION ( 'NONE',  ( 1.000000000000000000, 0.0000000000000000000, 0.0000000000000000000 ) ) ;
#7259 = ORIENTED_EDGE ( 'NONE', *, *, #4385, .F. ) ;
#7260 = EDGE_LOOP ( 'NONE', ( #3207, #7875, #9468, #4403 ) ) ;
#7261 = CARTESIAN_POINT ( 'NONE',  ( -4.085923696263362700, 1.200000000000000400, -3.389999999999999200 ) ) ;
#7262 = LINE ( 'NONE', #6237, #4941 ) ;
#7263 = DIRECTION ( 'NONE',  ( 0.0000000000000000000, -1.000000000000000000, 0.0000000000000000000 ) ) ;
#7264 = VECTOR ( 'NONE', #8412, 1000.000000000000100 ) ;
#7265 = PLANE ( 'NONE',  #3014 ) ;
#7266 =( NAMED_UNIT ( * ) SI_UNIT ( $, .STERADIAN. ) SOLID_ANGLE_UNIT ( ) );
#7267 = LINE ( 'NONE', #8212, #5575 ) ;
#7268 = CARTESIAN_POINT ( 'NONE',  ( 4.367500000000000600, 0.2500000000000000600, 0.8500000000000009800 ) ) ;
#7269 = DIRECTION ( 'NONE',  ( -0.0000000000000000000, -0.0000000000000000000, -1.000000000000000000 ) ) ;
#7270 = CLOSED_SHELL ( 'NONE', ( #64, #7963, #2615, #3215, #9494, #1237, #5733, #4051, #9389, #1128, #6024, #1460, #4230, #2189 ) ) ;
#7271 = EDGE_LOOP ( 'NONE', ( #3513, #5072, #330, #5737, #2907, #6530, #3963, #2236, #9039, #8668, #8584, #2226 ) ) ;
#7272 = AXIS2_PLACEMENT_3D ( 'NONE', #5308, #6021, #6798 ) ;
#7273 = EDGE_LOOP ( 'NONE', ( #4754, #4668, #6698, #9718 ) ) ;
#7274 = EDGE_CURVE ( 'NONE', #7814, #8253, #8639, .T. ) ;
#7275 = VECTOR ( 'NONE', #492, 1000.000000000000000 ) ;
#7276 = VERTEX_POINT ( 'NONE', #4631 ) ;
#7277 = VECTOR ( 'NONE', #2039, 1000.000000000000000 ) ;
#7278 = LINE ( 'NONE', #9200, #7150 ) ;
#7279 = VERTEX_POINT ( 'NONE', #868 ) ;
#7280 = DIRECTION ( 'NONE',  ( 0.9902680687415703600, 0.1391731009600657400, -4.018342143523311900E-016 ) ) ;
#7281 = ORIENTED_EDGE ( 'NONE', *, *, #2160, .T. ) ;
#7282 = ADVANCED_FACE ( 'NONE', ( #8884 ), #8393, .F. ) ;
#7283 = DIRECTION ( 'NONE',  ( -0.0000000000000000000, -0.0000000000000000000, -1.000000000000000000 ) ) ;
#7284 = CIRCLE ( 'NONE', #2996, 0.2852191065223054800 ) ;
#7285 = EDGE_LOOP ( 'NONE', ( #1493, #6491, #7862, #5856 ) ) ;
#7286 = CARTESIAN_POINT ( 'NONE',  ( 4.119942740832083700, 1.173896268997162200, -5.500000000000000000 ) ) ;
#7287 = CIRCLE ( 'NONE', #2811, 0.03521910652230526200 ) ;
#7288 = EDGE_CURVE ( 'NONE', #5537, #3599, #7907, .T. ) ;
#7289 = ORIENTED_EDGE ( 'NONE', *, *, #9915, .T. ) ;
#7290 = ORIENTED_EDGE ( 'NONE', *, *, #6770, .F. ) ;
#7291 = DIRECTION ( 'NONE',  ( 0.9975640502598247500, 0.06975647374411807200, 0.0000000000000000000 ) ) ;
#7292 = FACE_OUTER_BOUND ( 'NONE', #1022, .T. ) ;
#7293 = DIRECTION ( 'NONE',  ( -0.0000000000000000000, -0.0000000000000000000, -1.000000000000000000 ) ) ;
#7294 = LINE ( 'NONE', #8580, #5220 ) ;
#7295 = CARTESIAN_POINT ( 'NONE',  ( -4.367500000000000600, 0.2500000000000000000, 5.500000000000001800 ) ) ;
#7296 = DIRECTION ( 'NONE',  ( -1.000000000000000000, 0.0000000000000000000, 0.0000000000000000000 ) ) ;
#7297 = CARTESIAN_POINT ( 'NONE',  ( 4.085923696263362700, 1.164780893477695100, 4.660000000000001000 ) ) ;
#7298 = VECTOR ( 'NONE', #8556, 1000.000000000000000 ) ;
#7299 = DIRECTION ( 'NONE',  ( 0.0000000000000000000, 0.0000000000000000000, 1.000000000000000000 ) ) ;
#7300 = ADVANCED_FACE ( 'NONE', ( #4973 ), #3313, .F. ) ;
#7301 = DIRECTION ( 'NONE',  ( -1.000000000000000000, 0.0000000000000000000, 0.0000000000000000000 ) ) ;
#7302 =( LENGTH_UNIT ( ) NAMED_UNIT ( * ) SI_UNIT ( .MILLI., .METRE. ) );
#7303 = VERTEX_POINT ( 'NONE', #8040 ) ;
#7304 = DIRECTION ( 'NONE',  ( 0.06975647374411768400, 0.9975640502598248600, -0.0000000000000000000 ) ) ;
#7305 = CARTESIAN_POINT ( 'NONE',  ( -4.085923696263362700, 1.200000000000000400, 4.660000000000001000 ) ) ;
#7306 = AXIS2_PLACEMENT_3D ( 'NONE', #3080, #1586, #1494 ) ;
#7307 = AXIS2_PLACEMENT_3D ( 'NONE', #2211, #7023, #3751 ) ;
#7308 = LINE ( 'NONE', #1176, #5230 ) ;
#7309 = DIRECTION ( 'NONE',  ( 1.000000000000000000, 6.653104299660446400E-016, 0.0000000000000000000 ) ) ;
#7310 = ORIENTED_EDGE ( 'NONE', *, *, #6595, .F. ) ;
#7311 = EDGE_CURVE ( 'NONE', #1990, #5786, #2361, .T. ) ;
#7312 = CIRCLE ( 'NONE', #4216, 0.03521910652230526200 ) ;
#7313 = CARTESIAN_POINT ( 'NONE',  ( 3.759999999999999300, 1.450000000000000200, -6.412500000000003200 ) ) ;
#7314 = CARTESIAN_POINT ( 'NONE',  ( -4.085923696263362700, 1.164780893477695100, 5.930000000000001500 ) ) ;
#7315 = CARTESIAN_POINT ( 'NONE',  ( 4.085923696263362700, 1.164780893477695100, 0.4200000000000010900 ) ) ;
#7316 = DIRECTION ( 'NONE',  ( -0.0000000000000000000, -0.0000000000000000000, -1.000000000000000000 ) ) ;
#7317 = DIRECTION ( 'NONE',  ( 1.000000000000000000, 0.0000000000000000000, -0.0000000000000000000 ) ) ;
#7318 = EDGE_LOOP ( 'NONE', ( #7021, #3294, #6117, #1322 ) ) ;
#7319 = ORIENTED_EDGE ( 'NONE', *, *, #7274, .T. ) ;
#7320 = LINE ( 'NONE', #4578, #332 ) ;
#7321 = DIRECTION ( 'NONE',  ( -1.734723475976807100E-015, -1.000000000000000000, 0.0000000000000000000 ) ) ;
#7322 = EDGE_CURVE ( 'NONE', #3099, #9768, #4231, .T. ) ;
#7323 = ORIENTED_EDGE ( 'NONE', *, *, #9148, .F. ) ;
#7324 = AXIS2_PLACEMENT_3D ( 'NONE', #9496, #4782, #4815 ) ;
#7325 = EDGE_CURVE ( 'NONE', #5977, #7049, #4715, .T. ) ;
#7326 = ORIENTED_EDGE ( 'NONE', *, *, #9381, .F. ) ;
#7327 = VECTOR ( 'NONE', #2407, 1000.000000000000000 ) ;
#7328 = DIRECTION ( 'NONE',  ( 0.9975640502598247500, 0.06975647374411807200, 0.0000000000000000000 ) ) ;
#7329 = CARTESIAN_POINT ( 'NONE',  ( 4.361424197404351100, 1.238601030272792600, 0.8500000000000009800 ) ) ;
#7330 = ORIENTED_EDGE ( 'NONE', *, *, #3551, .T. ) ;
#7331 = CARTESIAN_POINT ( 'NONE',  ( 4.085923696263362700, 1.164780893477695100, -4.229999999999999500 ) ) ;
#7332 = CARTESIAN_POINT ( 'NONE',  ( 4.119942740832083700, 1.173896268997162200, -0.8499999999999992000 ) ) ;
#7333 = ORIENTED_EDGE ( 'NONE', *, *, #10014, .T. ) ;
#7334 = DIRECTION ( 'NONE',  ( -0.0000000000000000000, -0.0000000000000000000, -1.000000000000000000 ) ) ;
#7335 = CARTESIAN_POINT ( 'NONE',  ( 4.640543740461574800, 0.2886868222461741500, 0.4200000000000010900 ) ) ;
#7336 = ORIENTED_EDGE ( 'NONE', *, *, #4244, .F. ) ;
#7337 = DIRECTION ( 'NONE',  ( -1.000000000000000000, 0.0000000000000000000, 0.0000000000000000000 ) ) ;
#7338 = EDGE_CURVE ( 'NONE', #8474, #9902, #9730, .T. ) ;
#7339 = LINE ( 'NONE', #8150, #3147 ) ;
#7340 = CARTESIAN_POINT ( 'NONE',  ( -4.085923696263362700, 1.164780893477695100, -3.389999999999999200 ) ) ;
#7341 = DIRECTION ( 'NONE',  ( 0.06975647374411746100, -0.9975640502598247500, 0.0000000000000000000 ) ) ;
#7342 = VERTEX_POINT ( 'NONE', #1598 ) ;
#7343 = CARTESIAN_POINT ( 'NONE',  ( 0.0000000000000000000, -4.336808689942017700E-016, 0.0000000000000000000 ) ) ;
#7344 = ORIENTED_EDGE ( 'NONE', *, *, #1661, .T. ) ;
#7345 = FACE_OUTER_BOUND ( 'NONE', #8791, .T. ) ;
#7346 = CARTESIAN_POINT ( 'NONE',  ( -5.202500000000000600, 0.2493910125649564100, -0.4199999999999993700 ) ) ;
#7347 = CARTESIAN_POINT ( 'NONE',  ( 4.608981456572268000, 0.3147047612756303000, -0.4199999999999993700 ) ) ;
#7348 = ORIENTED_EDGE ( 'NONE', *, *, #4530, .T. ) ;
#7349 = DIRECTION ( 'NONE',  ( -0.06975647374411746100, 0.9975640502598247500, 0.0000000000000000000 ) ) ;
#7350 = EDGE_CURVE ( 'NONE', #8232, #8253, #8523, .T. ) ;
#7351 = ADVANCED_FACE ( 'NONE', ( #6793 ), #9471, .F. ) ;
#7352 = DIRECTION ( 'NONE',  ( -1.000000000000000000, 0.0000000000000000000, 0.0000000000000000000 ) ) ;
#7353 = CARTESIAN_POINT ( 'NONE',  ( 3.760000000000004700, 1.450000000000000200, 6.412500000000001400 ) ) ;
#7354 = CARTESIAN_POINT ( 'NONE',  ( -3.759999999999999300, 1.450000000000000400, -0.4199999999999993700 ) ) ;
#7355 = VECTOR ( 'NONE', #5442, 1000.000000000000000 ) ;
#7356 = VERTEX_POINT ( 'NONE', #924 ) ;
#7357 = LINE ( 'NONE', #1169, #8582 ) ;
#7358 = VERTEX_POINT ( 'NONE', #1581 ) ;
#7359 = ADVANCED_FACE ( 'NONE', ( #6184 ), #4832, .F. ) ;
#7360 = EDGE_LOOP ( 'NONE', ( #1601, #986, #8758, #6102 ) ) ;
#7361 = VERTEX_POINT ( 'NONE', #7332 ) ;
#7362 = CARTESIAN_POINT ( 'NONE',  ( 4.623104622025544500, 0.03929580968121807600, 3.390000000000000600 ) ) ;
#7363 = LINE ( 'NONE', #3043, #1326 ) ;
#7364 = FACE_OUTER_BOUND ( 'NONE', #4187, .T. ) ;
#7365 = ORIENTED_EDGE ( 'NONE', *, *, #3610, .T. ) ;
#7366 = VECTOR ( 'NONE', #4863, 1000.000000000000000 ) ;
#7367 = EDGE_CURVE ( 'NONE', #7925, #8971, #3341, .T. ) ;
#7368 = CARTESIAN_POINT ( 'NONE',  ( -4.623104622025544500, 0.03929580968121797200, 1.690000000000000600 ) ) ;
#7369 = EDGE_LOOP ( 'NONE', ( #5864, #7435, #3168, #8180 ) ) ;
#7370 = EDGE_LOOP ( 'NONE', ( #5951, #4169, #1168, #6068 ) ) ;
#7371 = FACE_OUTER_BOUND ( 'NONE', #6732, .T. ) ;
#7372 = VECTOR ( 'NONE', #6162, 1000.000000000000000 ) ;
#7373 = CARTESIAN_POINT ( 'NONE',  ( -4.361424197404348400, 1.238601030272792100, -1.689999999999999700 ) ) ;
#7374 = LINE ( 'NONE', #4238, #5304 ) ;
#7375 = AXIS2_PLACEMENT_3D ( 'NONE', #620, #4597, #4519 ) ;
#7376 = DIRECTION ( 'NONE',  ( 0.0000000000000000000, 0.9902680687415703600, -0.1391731009600657400 ) ) ;
#7377 = CARTESIAN_POINT ( 'NONE',  ( -3.759999999999999300, 1.450000000000000400, -1.689999999999999700 ) ) ;
#7378 = DIRECTION ( 'NONE',  ( -1.000000000000000000, 0.0000000000000000000, 0.0000000000000000000 ) ) ;
#7379 = AXIS2_PLACEMENT_3D ( 'NONE', #1833, #2514, #5736 ) ;
#7380 = EDGE_LOOP ( 'NONE', ( #4044, #8144, #8648, #5625 ) ) ;
#7381 = EDGE_LOOP ( 'NONE', ( #1987, #5071, #9165, #845 ) ) ;
#7382 = VERTEX_POINT ( 'NONE', #7736 ) ;
#7383 = EDGE_LOOP ( 'NONE', ( #5755, #9876, #1193, #651 ) ) ;
#7384 = DIRECTION ( 'NONE',  ( -0.0000000000000000000, -0.0000000000000000000, -1.000000000000000000 ) ) ;
#7385 = LINE ( 'NONE', #2555, #5312 ) ;
#7386 = DIRECTION ( 'NONE',  ( -1.000000000000000000, 0.0000000000000000000, 0.0000000000000000000 ) ) ;
#7387 = CYLINDRICAL_SURFACE ( 'NONE', #3888, 0.4000000000000001900 ) ;
#7388 = CARTESIAN_POINT ( 'NONE',  ( 4.361424197404351100, 1.238601030272792600, -1.689999999999999700 ) ) ;
#7389 = VECTOR ( 'NONE', #1285, 1000.000000000000000 ) ;
#7390 = ORIENTED_EDGE ( 'NONE', *, *, #2679, .T. ) ;
#7391 = EDGE_LOOP ( 'NONE', ( #6210, #4660, #6475, #4065, #5186, #4878, #8962, #9650, #4626, #4648, #6142, #5517 ) ) ;
#7392 = LINE ( 'NONE', #9166, #9461 ) ;
#7393 = EDGE_CURVE ( 'NONE', #439, #7802, #2739, .T. ) ;
#7394 = EDGE_CURVE ( 'NONE', #801, #5057, #7284, .T. ) ;
#7395 = CIRCLE ( 'NONE', #10046, 0.03521910652230526200 ) ;
#7396 = CARTESIAN_POINT ( 'NONE',  ( -5.202500000000000600, 0.2493910125649564100, -2.959999999999999500 ) ) ;
#7397 = DIRECTION ( 'NONE',  ( 0.0000000000000000000, 0.0000000000000000000, 1.000000000000000000 ) ) ;
#7398 = ADVANCED_FACE ( 'NONE', ( #2619 ), #177, .T. ) ;
#7399 = CARTESIAN_POINT ( 'NONE',  ( -3.759999999999999300, 1.450000000000000400, 4.230000000000001300 ) ) ;
#7400 = ORIENTED_EDGE ( 'NONE', *, *, #1018, .F. ) ;
#7401 = CARTESIAN_POINT ( 'NONE',  ( 4.643000501140988900, 0.3238201367950973600, -4.229999999999999500 ) ) ;
#7402 = EDGE_LOOP ( 'NONE', ( #2052, #6746, #1934, #7076 ) ) ;
#7403 = LINE ( 'NONE', #6452, #416 ) ;
#7404 = DIRECTION ( 'NONE',  ( 0.0000000000000000000, 0.0000000000000000000, 1.000000000000000000 ) ) ;
#7405 = AXIS2_PLACEMENT_3D ( 'NONE', #1563, #8514, #3150 ) ;
#7406 = CARTESIAN_POINT ( 'NONE',  ( -5.202500000000000600, 0.2493910125649564100, 2.120000000000000600 ) ) ;
#7407 = EDGE_CURVE ( 'NONE', #8117, #1416, #8757, .T. ) ;
#7408 = EDGE_LOOP ( 'NONE', ( #906, #3388, #6141, #10065 ) ) ;
#7409 = DIRECTION ( 'NONE',  ( 1.000000000000000000, 0.0000000000000000000, 0.0000000000000000000 ) ) ;
#7410 = ADVANCED_FACE ( 'NONE', ( #4584 ), #9201, .F. ) ;
#7411 = VECTOR ( 'NONE', #4226, 1000.000000000000000 ) ;
#7412 = LINE ( 'NONE', #219, #1161 ) ;
#7413 = DIRECTION ( 'NONE',  ( 1.000000000000000000, -6.653104299660446400E-016, -0.0000000000000000000 ) ) ;
#7414 = ORIENTED_EDGE ( 'NONE', *, *, #8369, .T. ) ;
#7415 = VECTOR ( 'NONE', #6733, 1000.000000000000000 ) ;
#7416 = CARTESIAN_POINT ( 'NONE',  ( -4.361424197404348400, 1.238601030272792100, -0.4199999999999993700 ) ) ;
#7417 = DIRECTION ( 'NONE',  ( -0.9975640502598247500, 0.06975647374411816900, 0.0000000000000000000 ) ) ;
#7418 = VERTEX_POINT ( 'NONE', #748 ) ;
#7419 = CYLINDRICAL_SURFACE ( 'NONE', #7127, 0.2852191065223054800 ) ;
#7420 = LINE ( 'NONE', #6331, #3231 ) ;
#7421 = CARTESIAN_POINT ( 'NONE',  ( 3.759999999999999800, 1.450000000000000200, 2.120000000000000600 ) ) ;
#7422 = AXIS2_PLACEMENT_3D ( 'NONE', #2816, #6769, #5999 ) ;
#7423 = VERTEX_POINT ( 'NONE', #3292 ) ;
#7424 = CARTESIAN_POINT ( 'NONE',  ( -4.623104622025544500, 0.03929580968121807600, 2.120000000000000600 ) ) ;
#7425 = CARTESIAN_POINT ( 'NONE',  ( 5.202500000000000600, 0.2493910125649557200, 0.4200000000000010900 ) ) ;
#7426 = VECTOR ( 'NONE', #7965, 1000.000000000000000 ) ;
#7427 = CARTESIAN_POINT ( 'NONE',  ( -3.760000000000000200, 1.200000000000000200, 6.412500000000003200 ) ) ;
#7428 = ORIENTED_EDGE ( 'NONE', *, *, #4490, .F. ) ;
#7429 = LINE ( 'NONE', #6323, #3595 ) ;
#7430 = DIRECTION ( 'NONE',  ( -1.000000000000000000, 0.0000000000000000000, 0.0000000000000000000 ) ) ;
#7431 = CARTESIAN_POINT ( 'NONE',  ( -4.640543740461573900, 0.2886868222461744200, 3.390000000000000600 ) ) ;
#7432 = DIRECTION ( 'NONE',  ( -1.000000000000000000, 0.0000000000000000000, 0.0000000000000000000 ) ) ;
#7433 = EDGE_CURVE ( 'NONE', #1309, #9881, #915, .T. ) ;
#7434 = ORIENTED_EDGE ( 'NONE', *, *, #2664, .F. ) ;
#7435 = ORIENTED_EDGE ( 'NONE', *, *, #2636, .F. ) ;
#7436 = EDGE_CURVE ( 'NONE', #9524, #621, #786, .T. ) ;
#7437 = ORIENTED_EDGE ( 'NONE', *, *, #8653, .F. ) ;
#7438 = CARTESIAN_POINT ( 'NONE',  ( 3.760000000000004700, 1.200000000000000200, 6.412500000000001400 ) ) ;
#7439 = VECTOR ( 'NONE', #8906, 1000.000000000000000 ) ;
#7440 = DIRECTION ( 'NONE',  ( 0.0000000000000000000, 0.0000000000000000000, 1.000000000000000000 ) ) ;
#7441 = CARTESIAN_POINT ( 'NONE',  ( 4.367500000000000600, 0.2500000000000000600, -5.500000000000000000 ) ) ;
#7442 =( LENGTH_UNIT ( ) NAMED_UNIT ( * ) SI_UNIT ( .MILLI., .METRE. ) );
#7443 = ORIENTED_EDGE ( 'NONE', *, *, #2783, .T. ) ;
#7444 =( NAMED_UNIT ( * ) SI_UNIT ( $, .STERADIAN. ) SOLID_ANGLE_UNIT ( ) );
#7445 = ORIENTED_EDGE ( 'NONE', *, *, #847, .T. ) ;
#7446 = CARTESIAN_POINT ( 'NONE',  ( -3.591350998357130600, 2.649999999999998600, -6.243850998357132200 ) ) ;
#7447 = VERTEX_POINT ( 'NONE', #7253 ) ;
#7448 = CARTESIAN_POINT ( 'NONE',  ( 4.085923696263362700, 1.450000000000000000, 3.390000000000000600 ) ) ;
#7449 = FACE_OUTER_BOUND ( 'NONE', #8321, .T. ) ;
#7450 = CARTESIAN_POINT ( 'NONE',  ( 3.759999999999999800, 1.450000000000000200, 4.230000000000001300 ) ) ;
#7451 = EDGE_CURVE ( 'NONE', #2075, #6078, #9000, .T. ) ;
#7452 = ORIENTED_EDGE ( 'NONE', *, *, #3707, .F. ) ;
#7453 = EDGE_CURVE ( 'NONE', #265, #6715, #8872, .T. ) ;
#7454 = ORIENTED_EDGE ( 'NONE', *, *, #3367, .F. ) ;
#7455 = ORIENTED_EDGE ( 'NONE', *, *, #7836, .F. ) ;
#7456 = VECTOR ( 'NONE', #3908, 1000.000000000000000 ) ;
#7457 = ADVANCED_FACE ( 'NONE', ( #8279 ), #1676, .F. ) ;
#7458 = CARTESIAN_POINT ( 'NONE',  ( 4.623104622025544500, 0.03929580968121807600, 1.690000000000000600 ) ) ;
#7459 = ORIENTED_EDGE ( 'NONE', *, *, #4422, .T. ) ;
#7460 = CARTESIAN_POINT ( 'NONE',  ( 3.759999999999999300, 2.649999999999998600, -6.243850998357133100 ) ) ;
#7461 = CARTESIAN_POINT ( 'NONE',  ( 4.643000501140988900, 0.3238201367950973600, -1.689999999999999700 ) ) ;
#7462 = CARTESIAN_POINT ( 'NONE',  ( 4.608981456572268000, 0.3147047612756303000, 3.390000000000000600 ) ) ;
#7463 = DIRECTION ( 'NONE',  ( -1.000000000000000000, -0.0000000000000000000, -0.0000000000000000000 ) ) ;
#7464 = AXIS2_PLACEMENT_3D ( 'NONE', #4390, #9018, #6723 ) ;
#7465 = EDGE_CURVE ( 'NONE', #287, #6906, #5473, .T. ) ;
#7466 = CARTESIAN_POINT ( 'NONE',  ( 3.760000000000004700, 1.200000000000000200, 6.412500000000001400 ) ) ;
#7467 = FACE_OUTER_BOUND ( 'NONE', #3437, .T. ) ;
#7468 = CARTESIAN_POINT ( 'NONE',  ( 0.4299999999999998300, 0.1000000000000002600, 1.784999999999999700 ) ) ;
#7469 = ORIENTED_EDGE ( 'NONE', *, *, #9998, .F. ) ;
#7470 = DIRECTION ( 'NONE',  ( 1.000000000000000000, 0.0000000000000000000, -0.0000000000000000000 ) ) ;
#7471 = CARTESIAN_POINT ( 'NONE',  ( -4.119942740832083700, 1.173896268997162200, -0.8499999999999992000 ) ) ;
#7472 = ORIENTED_EDGE ( 'NONE', *, *, #6910, .T. ) ;
#7473 = CARTESIAN_POINT ( 'NONE',  ( 4.643000501140988900, 0.3238201367950973600, 4.660000000000001000 ) ) ;
#7474 = DIRECTION ( 'NONE',  ( -0.0000000000000000000, -0.0000000000000000000, -1.000000000000000000 ) ) ;
#7475 = DIRECTION ( 'NONE',  ( 0.06975647374411746100, -0.9975640502598247500, 0.0000000000000000000 ) ) ;
#7476 = ORIENTED_EDGE ( 'NONE', *, *, #5107, .F. ) ;
#7477 = CARTESIAN_POINT ( 'NONE',  ( -4.623104622025544500, 0.03929580968121797200, -3.389999999999999200 ) ) ;
#7478 = LINE ( 'NONE', #6821, #8229 ) ;
#7479 = VECTOR ( 'NONE', #9049, 1000.000000000000000 ) ;
#7480 = ORIENTED_EDGE ( 'NONE', *, *, #3405, .T. ) ;
#7481 = SHAPE_DEFINITION_REPRESENTATION ( #8124, #2376 ) ;
#7482 = CARTESIAN_POINT ( 'NONE',  ( -4.640543740461573900, 0.2886868222461744200, -4.229999999999999500 ) ) ;
#7483 = AXIS2_PLACEMENT_3D ( 'NONE', #4360, #1271, #2043 ) ;
#7484 = CARTESIAN_POINT ( 'NONE',  ( -5.202500000000000600, 0.2493910125649564100, -5.500000000000000000 ) ) ;
#7485 = AXIS2_PLACEMENT_3D ( 'NONE', #1944, #8943, #1071 ) ;
#7486 = VERTEX_POINT ( 'NONE', #4635 ) ;
#7487 = EDGE_LOOP ( 'NONE', ( #2420, #8984, #5394, #5997 ) ) ;
#7488 = LINE ( 'NONE', #745, #3298 ) ;
#7489 = FACE_OUTER_BOUND ( 'NONE', #1573, .T. ) ;
#7490 = CARTESIAN_POINT ( 'NONE',  ( 0.4299999999999998300, 0.0000000000000000000, 1.784999999999999700 ) ) ;
#7491 = AXIS2_PLACEMENT_3D ( 'NONE', #585, #6009, #9074 ) ;
#7492 = VERTEX_POINT ( 'NONE', #7295 ) ;
#7493 = EDGE_LOOP ( 'NONE', ( #9104, #2151, #1798, #4757 ) ) ;
#7494 = EDGE_CURVE ( 'NONE', #2957, #9971, #3103, .T. ) ;
#7495 = ORIENTED_EDGE ( 'NONE', *, *, #7192, .T. ) ;
#7496 = DIRECTION ( 'NONE',  ( 0.0000000000000000000, 0.0000000000000000000, 1.000000000000000000 ) ) ;
#7497 = LINE ( 'NONE', #8526, #7248 ) ;
#7498 = DIRECTION ( 'NONE',  ( -0.9975640502598247500, -0.06975647374411807200, 0.0000000000000000000 ) ) ;
#7499 = VECTOR ( 'NONE', #6571, 1000.000000000000000 ) ;
#7500 = CARTESIAN_POINT ( 'NONE',  ( 0.4299999999999999400, 0.1000000000000000100, -1.785000000000000100 ) ) ;
#7501 = ORIENTED_EDGE ( 'NONE', *, *, #2636, .T. ) ;
#7502 = ORIENTED_EDGE ( 'NONE', *, *, #6563, .F. ) ;
#7503 = AXIS2_PLACEMENT_3D ( 'NONE', #5297, #6140, #1330 ) ;
#7504 = LINE ( 'NONE', #610, #9462 ) ;
#7505 = ADVANCED_FACE ( 'NONE', ( #10085 ), #5624, .F. ) ;
#7506 = CARTESIAN_POINT ( 'NONE',  ( -3.759999999999999300, 1.200000000000000200, -4.229999999999999500 ) ) ;
#7507 = DIRECTION ( 'NONE',  ( 0.0000000000000000000, 0.0000000000000000000, 1.000000000000000000 ) ) ;
#7508 = LINE ( 'NONE', #3713, #5327 ) ;
#7509 = CARTESIAN_POINT ( 'NONE',  ( -4.643000501140988900, 0.3238201367950973600, 1.690000000000000600 ) ) ;
#7510 = EDGE_CURVE ( 'NONE', #8581, #5140, #8509, .T. ) ;
#7511 = EDGE_CURVE ( 'NONE', #1647, #8838, #1745, .T. ) ;
#7512 = DIRECTION ( 'NONE',  ( 0.2588190451025207900, -0.9659258262890683100, 0.0000000000000000000 ) ) ;
#7513 = ORIENTED_EDGE ( 'NONE', *, *, #1809, .F. ) ;
#7514 = ORIENTED_EDGE ( 'NONE', *, *, #2174, .F. ) ;
#7515 = ORIENTED_EDGE ( 'NONE', *, *, #5267, .F. ) ;
#7516 = VECTOR ( 'NONE', #769, 1000.000000000000000 ) ;
#7517 = EDGE_LOOP ( 'NONE', ( #1698, #5018, #5459, #4309 ) ) ;
#7518 = FACE_OUTER_BOUND ( 'NONE', #8817, .T. ) ;
#7519 = VECTOR ( 'NONE', #6714, 1000.000000000000000 ) ;
#7520 = CARTESIAN_POINT ( 'NONE',  ( 4.085923696263362700, 1.450000000000000000, 0.8500000000000009800 ) ) ;
#7521 = EDGE_LOOP ( 'NONE', ( #2332, #4823, #2073, #1678 ) ) ;
#7522 = EDGE_CURVE ( 'NONE', #6286, #8111, #4092, .T. ) ;
#7523 = LINE ( 'NONE', #9754, #4704 ) ;
#7524 = ORIENTED_EDGE ( 'NONE', *, *, #2276, .T. ) ;
#7525 = EDGE_CURVE ( 'NONE', #872, #9358, #9353, .T. ) ;
#7526 = CARTESIAN_POINT ( 'NONE',  ( 3.759999999999999800, 1.450000000000000200, -5.500000000000000000 ) ) ;
#7527 = LINE ( 'NONE', #9656, #2238 ) ;
#7528 = DIRECTION ( 'NONE',  ( -1.000000000000000000, -0.0000000000000000000, 2.306813132947882500E-016 ) ) ;
#7529 = VECTOR ( 'NONE', #6182, 1000.000000000000000 ) ;
#7530 = DIRECTION ( 'NONE',  ( -0.0000000000000000000, -0.0000000000000000000, -1.000000000000000000 ) ) ;
#7531 = CARTESIAN_POINT ( 'NONE',  ( -0.4300000000000000500, 0.1000000000000000100, -1.655000000000000200 ) ) ;
#7532 = CARTESIAN_POINT ( 'NONE',  ( -5.202500000000000600, 0.2493910125649564100, 5.930000000000001500 ) ) ;
#7533 = VERTEX_POINT ( 'NONE', #1053 ) ;
#7534 = DIRECTION ( 'NONE',  ( 0.0000000000000000000, -0.0000000000000000000, 1.000000000000000000 ) ) ;
#7535 = LINE ( 'NONE', #5003, #3585 ) ;
#7536 = VECTOR ( 'NONE', #5648, 1000.000000000000000 ) ;
#7537 = EDGE_CURVE ( 'NONE', #1036, #6458, #7035, .T. ) ;
#7538 = PRESENTATION_STYLE_ASSIGNMENT (( #4780 ) ) ;
#7539 = AXIS2_PLACEMENT_3D ( 'NONE', #9160, #4479, #2164 ) ;
#7540 = EDGE_CURVE ( 'NONE', #6230, #9299, #9832, .T. ) ;
#7541 = ORIENTED_EDGE ( 'NONE', *, *, #7099, .F. ) ;
#7542 = CARTESIAN_POINT ( 'NONE',  ( -3.759999999999999300, 1.450000000000000400, -0.4199999999999993700 ) ) ;
#7543 = CARTESIAN_POINT ( 'NONE',  ( 4.640543740461574800, 0.2886868222461744800, -2.119999999999999700 ) ) ;
#7544 = FILL_AREA_STYLE_COLOUR ( '', #8649 ) ;
#7545 = CARTESIAN_POINT ( 'NONE',  ( -4.367500000000000600, 0.2500000000000000000, -4.229999999999999500 ) ) ;
#7546 = LINE ( 'NONE', #4305, #2128 ) ;
#7547 = ORIENTED_EDGE ( 'NONE', *, *, #101, .F. ) ;
#7548 = CARTESIAN_POINT ( 'NONE',  ( 3.759999999999999800, 1.450000000000000200, -4.229999999999999500 ) ) ;
#7549 = LINE ( 'NONE', #1052, #10106 ) ;
#7550 = EDGE_CURVE ( 'NONE', #3133, #9517, #9234, .T. ) ;
#7551 = MECHANICAL_DESIGN_GEOMETRIC_PRESENTATION_REPRESENTATION (  '', ( #5665 ), #12 ) ;
#7552 = DIRECTION ( 'NONE',  ( 1.000000000000000000, 0.0000000000000000000, -0.0000000000000000000 ) ) ;
#7553 = ORIENTED_EDGE ( 'NONE', *, *, #6128, .F. ) ;
#7554 = EDGE_CURVE ( 'NONE', #9902, #6217, #1500, .T. ) ;
#7555 = VECTOR ( 'NONE', #9837, 1000.000000000000000 ) ;
#7556 = ADVANCED_FACE ( 'NONE', ( #5950 ), #1160, .T. ) ;
#7557 = CARTESIAN_POINT ( 'NONE',  ( -4.119942740832083700, 1.173896268997162200, -4.659999999999999300 ) ) ;
#7558 = CARTESIAN_POINT ( 'NONE',  ( -4.608981456572268900, 0.3147047612756303000, 0.4200000000000010900 ) ) ;
#7559 = ORIENTED_EDGE ( 'NONE', *, *, #1535, .F. ) ;
#7560 = CARTESIAN_POINT ( 'NONE',  ( 5.202500000000000600, 0.2493910125649557200, -5.500000000000000000 ) ) ;
#7561 = EDGE_LOOP ( 'NONE', ( #2841, #1603, #98, #4417 ) ) ;
#7562 = FACE_OUTER_BOUND ( 'NONE', #9770, .T. ) ;
#7563 = CARTESIAN_POINT ( 'NONE',  ( -4.361424197404348400, 1.238601030272792100, 4.230000000000001300 ) ) ;
#7564 = AXIS2_PLACEMENT_3D ( 'NONE', #5263, #7440, #7409 ) ;
#7565 = ORIENTED_EDGE ( 'NONE', *, *, #8674, .T. ) ;
#7566 = ORIENTED_EDGE ( 'NONE', *, *, #6980, .T. ) ;
#7567 = AXIS2_PLACEMENT_3D ( 'NONE', #955, #170, #7182 ) ;
#7568 = ORIENTED_EDGE ( 'NONE', *, *, #6476, .F. ) ;
#7569 = CARTESIAN_POINT ( 'NONE',  ( -5.185060881563971200, -2.641625050904819800E-019, -4.659999999999999300 ) ) ;
#7570 = DIRECTION ( 'NONE',  ( -1.000000000000000000, 0.0000000000000000000, 0.0000000000000000000 ) ) ;
#7571 = ORIENTED_EDGE ( 'NONE', *, *, #561, .F. ) ;
#7572 = VERTEX_POINT ( 'NONE', #6343 ) ;
#7573 = CARTESIAN_POINT ( 'NONE',  ( 4.361424197404351100, 1.238601030272792600, -0.4199999999999993700 ) ) ;
#7574 = DIRECTION ( 'NONE',  ( -1.000000000000000000, 6.653104299660446400E-016, 0.0000000000000000000 ) ) ;
#7575 = DIRECTION ( 'NONE',  ( -0.2588190451025207900, -0.9659258262890683100, 0.0000000000000000000 ) ) ;
#7576 = EDGE_CURVE ( 'NONE', #5035, #6802, #6919, .T. ) ;
#7577 = VECTOR ( 'NONE', #8797, 1000.000000000000000 ) ;
#7578 = EDGE_CURVE ( 'NONE', #1849, #7673, #5344, .T. ) ;
#7579 = ORIENTED_EDGE ( 'NONE', *, *, #6381, .F. ) ;
#7580 = CARTESIAN_POINT ( 'NONE',  ( 3.759999999999999300, 1.200000000000000200, -0.8499999999999992000 ) ) ;
#7581 = DIRECTION ( 'NONE',  ( -1.000000000000000000, 0.0000000000000000000, 0.0000000000000000000 ) ) ;
#7582 = ADVANCED_FACE ( 'NONE', ( #2849 ), #730, .F. ) ;
#7583 = PLANE ( 'NONE',  #1975 ) ;
#7584 = CARTESIAN_POINT ( 'NONE',  ( -4.643000501140988900, 0.3238201367950973600, -1.689999999999999700 ) ) ;
#7585 = LINE ( 'NONE', #4763, #6854 ) ;
#7586 = VECTOR ( 'NONE', #963, 1000.000000000000000 ) ;
#7587 = CARTESIAN_POINT ( 'NONE',  ( 4.361424197404351100, 1.238601030272792600, -3.389999999999999200 ) ) ;
#7588 = ORIENTED_EDGE ( 'NONE', *, *, #9213, .T. ) ;
#7589 = FACE_OUTER_BOUND ( 'NONE', #194, .T. ) ;
#7590 = DIRECTION ( 'NONE',  ( 1.000000000000000000, 0.0000000000000000000, -0.0000000000000000000 ) ) ;
#7591 = CARTESIAN_POINT ( 'NONE',  ( 4.119942740832083700, 1.173896268997162200, 1.690000000000000600 ) ) ;
#7592 = AXIS2_PLACEMENT_3D ( 'NONE', #5611, #6485, #7956 ) ;
#7593 = EDGE_CURVE ( 'NONE', #9466, #5897, #4338, .T. ) ;
#7594 = VERTEX_POINT ( 'NONE', #19 ) ;
#7595 = CARTESIAN_POINT ( 'NONE',  ( 1.174999999999999600, 0.1000000000000000100, -1.655000000000000200 ) ) ;
#7596 = ORIENTED_EDGE ( 'NONE', *, *, #8316, .F. ) ;
#7597 = VERTEX_POINT ( 'NONE', #1658 ) ;
#7598 = LINE ( 'NONE', #2884, #5538 ) ;
#7599 = CIRCLE ( 'NONE', #2875, 0.03521910652230526200 ) ;
#7600 = EDGE_LOOP ( 'NONE', ( #9474, #5136, #2027, #3449 ) ) ;
#7601 = LINE ( 'NONE', #3932, #4293 ) ;
#7602 = PLANE ( 'NONE',  #7047 ) ;
#7603 = DIRECTION ( 'NONE',  ( -0.0000000000000000000, -0.0000000000000000000, -1.000000000000000000 ) ) ;
#7604 = UNCERTAINTY_MEASURE_WITH_UNIT (LENGTH_MEASURE( 1.000000000000000100E-005 ), #7442, 'distance_accuracy_value', 'NONE');
#7605 = ADVANCED_FACE ( 'NONE', ( #1267 ), #8880, .F. ) ;
#7606 = CARTESIAN_POINT ( 'NONE',  ( 5.185060881563971200, -2.641625050904819800E-019, 2.120000000000000600 ) ) ;
#7607 = CARTESIAN_POINT ( 'NONE',  ( -0.4300000000000000500, 4.374037903435110200, -1.655000000000000200 ) ) ;
#7608 = CARTESIAN_POINT ( 'NONE',  ( -1.175000000000000500, 0.1000000000000000100, -1.655000000000000200 ) ) ;
#7609 = DIRECTION ( 'NONE',  ( -1.734723475976807100E-015, -1.000000000000000000, 0.0000000000000000000 ) ) ;
#7610 = EDGE_LOOP ( 'NONE', ( #4045, #6708, #8372, #6451, #6575, #7961, #6706, #6549, #7676, #10087, #3200, #710 ) ) ;
#7611 = ORIENTED_EDGE ( 'NONE', *, *, #5455, .F. ) ;
#7612 = CARTESIAN_POINT ( 'NONE',  ( 4.119942740832083700, 1.173896268997162200, 3.390000000000000600 ) ) ;
#7613 = ORIENTED_EDGE ( 'NONE', *, *, #496, .F. ) ;
#7614 = FACE_OUTER_BOUND ( 'NONE', #8811, .T. ) ;
#7615 = AXIS2_PLACEMENT_3D ( 'NONE', #8388, #8352, #3736 ) ;
#7616 = LINE ( 'NONE', #5801, #4191 ) ;
#7617 = ORIENTED_EDGE ( 'NONE', *, *, #9803, .T. ) ;
#7618 = CARTESIAN_POINT ( 'NONE',  ( 5.202500000000000600, 0.2493910125649557200, -0.4199999999999993700 ) ) ;
#7619 = CARTESIAN_POINT ( 'NONE',  ( 5.202500000000000600, 0.2493910125649557200, -2.959999999999999500 ) ) ;
#7620 = VERTEX_POINT ( 'NONE', #1771 ) ;
#7621 = ORIENTED_EDGE ( 'NONE', *, *, #4703, .T. ) ;
#7622 = LINE ( 'NONE', #2519, #1011 ) ;
#7623 = LINE ( 'NONE', #5243, #7264 ) ;
#7624 = DIRECTION ( 'NONE',  ( -1.734723475976807100E-015, -1.000000000000000000, 0.0000000000000000000 ) ) ;
#7625 = AXIS2_PLACEMENT_3D ( 'NONE', #2305, #105, #4940 ) ;
#7626 = EDGE_CURVE ( 'NONE', #2827, #5014, #9597, .T. ) ;
#7627 = DIRECTION ( 'NONE',  ( -1.000000000000000000, 0.0000000000000000000, 0.0000000000000000000 ) ) ;
#7628 = CARTESIAN_POINT ( 'NONE',  ( -3.759999999999999300, 1.450000000000000400, -4.229999999999999500 ) ) ;
#7629 = EDGE_CURVE ( 'NONE', #2703, #2, #3574, .T. ) ;
#7630 = AXIS2_PLACEMENT_3D ( 'NONE', #7484, #8287, #433 ) ;
#7631 = ORIENTED_EDGE ( 'NONE', *, *, #232, .F. ) ;
#7632 = ORIENTED_EDGE ( 'NONE', *, *, #51, .T. ) ;
#7633 = ORIENTED_EDGE ( 'NONE', *, *, #10064, .F. ) ;
#7634 = VECTOR ( 'NONE', #2560, 1000.000000000000000 ) ;
#7635 = LINE ( 'NONE', #7425, #5823 ) ;
#7636 = CARTESIAN_POINT ( 'NONE',  ( -5.202500000000000600, 0.2493910125649564100, 3.390000000000000600 ) ) ;
#7637 = ORIENTED_EDGE ( 'NONE', *, *, #4850, .F. ) ;
#7638 = DIRECTION ( 'NONE',  ( -0.0000000000000000000, -0.0000000000000000000, -1.000000000000000000 ) ) ;
#7639 = LINE ( 'NONE', #1471, #6907 ) ;
#7640 = ORIENTED_EDGE ( 'NONE', *, *, #9646, .T. ) ;
#7641 = DIRECTION ( 'NONE',  ( -0.0000000000000000000, -0.0000000000000000000, -1.000000000000000000 ) ) ;
#7642 = ADVANCED_FACE ( 'NONE', ( #4966 ), #6626, .F. ) ;
#7643 = EDGE_CURVE ( 'NONE', #7109, #8805, #7523, .T. ) ;
#7644 = VECTOR ( 'NONE', #4126, 1000.000000000000000 ) ;
#7645 = PLANE ( 'NONE',  #9116 ) ;
#7646 = DIRECTION ( 'NONE',  ( 0.2588190451025207900, -0.9659258262890683100, 0.0000000000000000000 ) ) ;
#7647 = EDGE_CURVE ( 'NONE', #2771, #1112, #7648, .T. ) ;
#7648 = LINE ( 'NONE', #356, #664 ) ;
#7649 = VECTOR ( 'NONE', #8515, 1000.000000000000100 ) ;
#7650 = ORIENTED_EDGE ( 'NONE', *, *, #3655, .T. ) ;
#7651 = LINE ( 'NONE', #191, #5594 ) ;
#7652 = DIRECTION ( 'NONE',  ( -0.0000000000000000000, -0.0000000000000000000, -1.000000000000000000 ) ) ;
#7653 = DIRECTION ( 'NONE',  ( -0.0000000000000000000, -0.0000000000000000000, -1.000000000000000000 ) ) ;
#7654 = AXIS2_PLACEMENT_3D ( 'NONE', #9720, #1067, #5772 ) ;
#7655 = EDGE_CURVE ( 'NONE', #9636, #2061, #3463, .T. ) ;
#7656 = ADVANCED_FACE ( 'NONE', ( #533 ), #5851, .F. ) ;
#7657 = ORIENTED_EDGE ( 'NONE', *, *, #2982, .F. ) ;
#7658 = PLANE ( 'NONE',  #7700 ) ;
#7659 =( NAMED_UNIT ( * ) SI_UNIT ( $, .STERADIAN. ) SOLID_ANGLE_UNIT ( ) );
#7660 = LINE ( 'NONE', #8751, #1524 ) ;
#7661 = CIRCLE ( 'NONE', #3656, 0.03521910652230526200 ) ;
#7662 = DIRECTION ( 'NONE',  ( -0.0000000000000000000, -0.0000000000000000000, -1.000000000000000000 ) ) ;
#7663 = CARTESIAN_POINT ( 'NONE',  ( -3.759999999999999300, 1.200000000000000200, 5.500000000000001800 ) ) ;
#7664 = VERTEX_POINT ( 'NONE', #5128 ) ;
#7665 = FACE_OUTER_BOUND ( 'NONE', #4078, .T. ) ;
#7666 = CARTESIAN_POINT ( 'NONE',  ( -4.085923696263362700, 1.164780893477695100, -4.229999999999999500 ) ) ;
#7667 = ORIENTED_EDGE ( 'NONE', *, *, #1525, .T. ) ;
#7668 = EDGE_CURVE ( 'NONE', #2397, #5046, #9481, .T. ) ;
#7669 = LINE ( 'NONE', #4548, #3124 ) ;
#7670 = CARTESIAN_POINT ( 'NONE',  ( 4.085923696263362700, 1.164780893477695100, 0.8500000000000009800 ) ) ;
#7671 = CARTESIAN_POINT ( 'NONE',  ( 3.759999999999999800, 1.450000000000000200, 4.660000000000001000 ) ) ;
#7672 = DIRECTION ( 'NONE',  ( -0.0000000000000000000, -1.000000000000000000, -0.0000000000000000000 ) ) ;
#7673 = VERTEX_POINT ( 'NONE', #288 ) ;
#7674 = CARTESIAN_POINT ( 'NONE',  ( 4.361424197404351100, 1.238601030272792600, 2.960000000000000900 ) ) ;
#7675 = DIRECTION ( 'NONE',  ( 0.0000000000000000000, 0.0000000000000000000, 1.000000000000000000 ) ) ;
#7676 = ORIENTED_EDGE ( 'NONE', *, *, #725, .T. ) ;
#7677 = ORIENTED_EDGE ( 'NONE', *, *, #9065, .F. ) ;
#7678 = VECTOR ( 'NONE', #5503, 1000.000000000000200 ) ;
#7679 = ORIENTED_EDGE ( 'NONE', *, *, #1158, .F. ) ;
#7680 = ORIENTED_EDGE ( 'NONE', *, *, #7494, .T. ) ;
#7681 = AXIS2_PLACEMENT_3D ( 'NONE', #4998, #1146, #4290 ) ;
#7682 = ORIENTED_EDGE ( 'NONE', *, *, #3213, .F. ) ;
#7683 = CARTESIAN_POINT ( 'NONE',  ( 4.119942740832083700, 1.173896268997162200, -0.4199999999999993700 ) ) ;
#7684 = DIRECTION ( 'NONE',  ( -0.2588190451025243500, -0.9659258262890673100, 0.0000000000000000000 ) ) ;
#7685 = PLANE ( 'NONE',  #8983 ) ;
#7686 = EDGE_CURVE ( 'NONE', #2303, #2923, #3221, .T. ) ;
#7687 = ORIENTED_EDGE ( 'NONE', *, *, #2321, .T. ) ;
#7688 = VECTOR ( 'NONE', #4949, 1000.000000000000100 ) ;
#7689 = ADVANCED_FACE ( 'NONE', ( #5589 ), #3961, .T. ) ;
#7690 = DIRECTION ( 'NONE',  ( -0.0000000000000000000, -0.0000000000000000000, -1.000000000000000000 ) ) ;
#7691 = DIRECTION ( 'NONE',  ( -4.057832692343406900E-016, 0.0000000000000000000, -1.000000000000000000 ) ) ;
#7692 = PLANE ( 'NONE',  #8664 ) ;
#7693 = CARTESIAN_POINT ( 'NONE',  ( -4.119942740832083700, 1.173896268997162200, 5.930000000000001500 ) ) ;
#7694 = CARTESIAN_POINT ( 'NONE',  ( 4.085923696263362700, 1.200000000000000600, 3.390000000000000600 ) ) ;
#7695 = DIRECTION ( 'NONE',  ( -0.0000000000000000000, -0.0000000000000000000, -1.000000000000000000 ) ) ;
#7696 = ORIENTED_EDGE ( 'NONE', *, *, #856, .T. ) ;
#7697 = CIRCLE ( 'NONE', #8079, 0.03521910652230526200 ) ;
#7698 = ORIENTED_EDGE ( 'NONE', *, *, #1542, .F. ) ;
#7699 = EDGE_CURVE ( 'NONE', #6072, #6701, #5693, .T. ) ;
#7700 = AXIS2_PLACEMENT_3D ( 'NONE', #5245, #9972, #6873 ) ;
#7701 = ORIENTED_EDGE ( 'NONE', *, *, #3733, .T. ) ;
#7702 = EDGE_CURVE ( 'NONE', #1231, #1984, #4080, .T. ) ;
#7703 = CARTESIAN_POINT ( 'NONE',  ( 0.4299999999999998300, 0.0000000000000000000, 1.784999999999999700 ) ) ;
#7704 = DIRECTION ( 'NONE',  ( 1.000000000000000000, 0.0000000000000000000, 0.0000000000000000000 ) ) ;
#7705 = ADVANCED_FACE ( 'NONE', ( #413 ), #9822, .T. ) ;
#7706 = CARTESIAN_POINT ( 'NONE',  ( -4.361424197404348400, 1.238601030272792100, 5.930000000000001500 ) ) ;
#7707 = CARTESIAN_POINT ( 'NONE',  ( 4.361424197404351100, 1.238601030272792600, 2.120000000000000600 ) ) ;
#7708 = FACE_OUTER_BOUND ( 'NONE', #9349, .T. ) ;
#7709 = DIRECTION ( 'NONE',  ( 0.2588190451025207900, 0.9659258262890683100, -0.0000000000000000000 ) ) ;
#7710 = DIRECTION ( 'NONE',  ( 1.000000000000000000, 0.0000000000000000000, 0.0000000000000000000 ) ) ;
#7711 = VERTEX_POINT ( 'NONE', #6351 ) ;
#7712 = DIRECTION ( 'NONE',  ( -0.0000000000000000000, 1.000000000000000000, -0.0000000000000000000 ) ) ;
#7713 = CARTESIAN_POINT ( 'NONE',  ( -4.640543740461573900, 0.2886868222461744200, 1.690000000000000600 ) ) ;
#7714 = CARTESIAN_POINT ( 'NONE',  ( -3.760000000000000200, 1.450000000000000200, 6.412500000000003200 ) ) ;
#7715 = ORIENTED_EDGE ( 'NONE', *, *, #9175, .T. ) ;
#7716 = EDGE_CURVE ( 'NONE', #5515, #3414, #7147, .T. ) ;
#7717 = EDGE_CURVE ( 'NONE', #3289, #5101, #7639, .T. ) ;
#7718 = DIRECTION ( 'NONE',  ( -0.06975647374411952900, -0.9975640502598246400, 0.0000000000000000000 ) ) ;
#7719 = VECTOR ( 'NONE', #3605, 1000.000000000000000 ) ;
#7720 = LINE ( 'NONE', #1776, #5413 ) ;
#7721 = DIRECTION ( 'NONE',  ( -4.170008355713481600E-016, 0.0000000000000000000, 1.000000000000000000 ) ) ;
#7722 = DIRECTION ( 'NONE',  ( -1.000000000000000000, 0.0000000000000000000, 0.0000000000000000000 ) ) ;
#7723 = CLOSED_SHELL ( 'NONE', ( #1082, #6602, #2443, #1788, #6634, #1780, #5244, #513, #1509, #5885, #3432, #3061, #4728, #7656 ) ) ;
#7724 = COLOUR_RGB ( '',0.7921568627450980000, 0.8196078431372548800, 0.9333333333333333500 ) ;
#7725 = CARTESIAN_POINT ( 'NONE',  ( 4.361424197404351100, 1.238601030272792600, -2.959999999999999500 ) ) ;
#7726 = DIRECTION ( 'NONE',  ( -0.0000000000000000000, -0.0000000000000000000, -1.000000000000000000 ) ) ;
#7727 = EDGE_LOOP ( 'NONE', ( #5890, #5567, #2310, #7330 ) ) ;
#7728 = ORIENTED_EDGE ( 'NONE', *, *, #8366, .F. ) ;
#7729 = LINE ( 'NONE', #3325, #5425 ) ;
#7730 = DIRECTION ( 'NONE',  ( -1.000000000000000000, 0.0000000000000000000, 0.0000000000000000000 ) ) ;
#7731 = AXIS2_PLACEMENT_3D ( 'NONE', #2775, #1304, #7574 ) ;
#7732 = LINE ( 'NONE', #2177, #7238 ) ;
#7733 = EDGE_CURVE ( 'NONE', #1958, #5854, #1989, .T. ) ;
#7734 =( LENGTH_UNIT ( ) NAMED_UNIT ( * ) SI_UNIT ( .MILLI., .METRE. ) );
#7735 = DIRECTION ( 'NONE',  ( -0.9659258262890683100, 0.2588190451025207900, 0.0000000000000000000 ) ) ;
#7736 = CARTESIAN_POINT ( 'NONE',  ( 5.185060881563971200, -2.641625050904819800E-019, 0.8500000000000009800 ) ) ;
#7737 = ORIENTED_EDGE ( 'NONE', *, *, #9148, .T. ) ;
#7738 = ORIENTED_EDGE ( 'NONE', *, *, #4313, .T. ) ;
#7739 = DIRECTION ( 'NONE',  ( -0.0000000000000000000, -0.0000000000000000000, -1.000000000000000000 ) ) ;
#7740 = CARTESIAN_POINT ( 'NONE',  ( -4.085923696263362700, 1.164780893477695100, 3.390000000000000600 ) ) ;
#7741 = EDGE_LOOP ( 'NONE', ( #348, #8462, #4888, #7257 ) ) ;
#7742 = DIRECTION ( 'NONE',  ( -0.0000000000000000000, -0.0000000000000000000, -1.000000000000000000 ) ) ;
#7743 = FACE_OUTER_BOUND ( 'NONE', #6583, .T. ) ;
#7744 = LINE ( 'NONE', #5013, #1252 ) ;
#7745 = CARTESIAN_POINT ( 'NONE',  ( -3.759999999999999300, 1.200000000000000200, 0.4200000000000010900 ) ) ;
#7746 = DIRECTION ( 'NONE',  ( -0.0000000000000000000, -0.0000000000000000000, -1.000000000000000000 ) ) ;
#7747 = ADVANCED_FACE ( 'NONE', ( #8271 ), #704, .T. ) ;
#7748 = DIRECTION ( 'NONE',  ( -0.9975640502598247500, -0.06975647374411807200, 0.0000000000000000000 ) ) ;
#7749 = CARTESIAN_POINT ( 'NONE',  ( -4.361424197404348400, 1.238601030272792100, -5.929999999999999700 ) ) ;
#7750 = ORIENTED_EDGE ( 'NONE', *, *, #1865, .F. ) ;
#7751 = AXIS2_PLACEMENT_3D ( 'NONE', #947, #6427, #96 ) ;
#7752 = ORIENTED_EDGE ( 'NONE', *, *, #447, .F. ) ;
#7753 = VECTOR ( 'NONE', #9538, 1000.000000000000100 ) ;
#7754 = VECTOR ( 'NONE', #6143, 1000.000000000000000 ) ;
#7755 = PRESENTATION_STYLE_ASSIGNMENT (( #1397 ) ) ;
#7756 = CARTESIAN_POINT ( 'NONE',  ( 3.759999999999999800, 1.450000000000000200, -3.389999999999999200 ) ) ;
#7757 = CARTESIAN_POINT ( 'NONE',  ( -4.643000501140988900, 0.3238201367950973600, -1.689999999999999700 ) ) ;
#7758 = ORIENTED_EDGE ( 'NONE', *, *, #6166, .T. ) ;
#7759 = ORIENTED_EDGE ( 'NONE', *, *, #9947, .T. ) ;
#7760 = EDGE_LOOP ( 'NONE', ( #7972, #2861, #9317, #582 ) ) ;
#7761 = ADVANCED_FACE ( 'NONE', ( #4218 ), #6731, .F. ) ;
#7762 = LINE ( 'NONE', #8291, #1731 ) ;
#7763 = ORIENTED_EDGE ( 'NONE', *, *, #5626, .T. ) ;
#7764 = CARTESIAN_POINT ( 'NONE',  ( 5.202500000000000600, 0.2493910125649557200, 5.930000000000001500 ) ) ;
#7765 = VECTOR ( 'NONE', #2457, 1000.000000000000000 ) ;
#7766 = EDGE_CURVE ( 'NONE', #4681, #5328, #2473, .T. ) ;
#7767 = LINE ( 'NONE', #3366, #9591 ) ;
#7768 = DIRECTION ( 'NONE',  ( 0.2588190451025207900, 0.9659258262890683100, -0.0000000000000000000 ) ) ;
#7769 = CARTESIAN_POINT ( 'NONE',  ( -4.608981456572268900, 0.3147047612756303000, 3.390000000000000600 ) ) ;
#7770 = CARTESIAN_POINT ( 'NONE',  ( 4.085923696263362700, 1.164780893477695100, 2.120000000000000600 ) ) ;
#7771 = ORIENTED_EDGE ( 'NONE', *, *, #7032, .F. ) ;
#7772 = ORIENTED_EDGE ( 'NONE', *, *, #8036, .T. ) ;
#7773 = VERTEX_POINT ( 'NONE', #6672 ) ;
#7774 = DIRECTION ( 'NONE',  ( -0.0000000000000000000, 0.0000000000000000000, -1.000000000000000000 ) ) ;
#7775 = VECTOR ( 'NONE', #2285, 1000.000000000000000 ) ;
#7776 = ORIENTED_EDGE ( 'NONE', *, *, #8193, .T. ) ;
#7777 = CARTESIAN_POINT ( 'NONE',  ( -4.119942740832083700, 1.173896268997162200, 4.660000000000001000 ) ) ;
#7778 = FACE_OUTER_BOUND ( 'NONE', #8922, .T. ) ;
#7779 = AXIS2_PLACEMENT_3D ( 'NONE', #2823, #9842, #6036 ) ;
#7780 = ORIENTED_EDGE ( 'NONE', *, *, #9397, .F. ) ;
#7781 = ORIENTED_EDGE ( 'NONE', *, *, #7888, .T. ) ;
#7782 = CARTESIAN_POINT ( 'NONE',  ( -4.640543740461573900, 0.2886868222461744200, 4.660000000000001000 ) ) ;
#7783 = EDGE_CURVE ( 'NONE', #4356, #9768, #5330, .T. ) ;
#7784 = VECTOR ( 'NONE', #4091, 1000.000000000000200 ) ;
#7785 = FACE_OUTER_BOUND ( 'NONE', #2036, .T. ) ;
#7786 = DIRECTION ( 'NONE',  ( -1.000000000000000000, -0.0000000000000000000, -0.0000000000000000000 ) ) ;
#7787 = EDGE_CURVE ( 'NONE', #485, #4849, #7762, .T. ) ;
#7788 = VECTOR ( 'NONE', #888, 1000.000000000000000 ) ;
#7789 = DIRECTION ( 'NONE',  ( 0.2588190451025207900, 0.9659258262890683100, -0.0000000000000000000 ) ) ;
#7790 = ORIENTED_EDGE ( 'NONE', *, *, #560, .T. ) ;
#7791 = CARTESIAN_POINT ( 'NONE',  ( -4.361424197404348400, 1.238601030272792100, 5.500000000000001800 ) ) ;
#7792 = PLANE ( 'NONE',  #8517 ) ;
#7793 = CARTESIAN_POINT ( 'NONE',  ( -0.4300000000000000500, 0.1000000000000000100, 1.784999999999999700 ) ) ;
#7794 = ORIENTED_EDGE ( 'NONE', *, *, #4777, .F. ) ;
#7795 = VECTOR ( 'NONE', #8157, 1000.000000000000000 ) ;
#7796 = AXIS2_PLACEMENT_3D ( 'NONE', #10003, #1410, #7722 ) ;
#7797 = EDGE_CURVE ( 'NONE', #6056, #2778, #4447, .T. ) ;
#7798 = CARTESIAN_POINT ( 'NONE',  ( -4.085923696263362700, 1.164780893477695100, -2.119999999999999700 ) ) ;
#7799 = ADVANCED_FACE ( 'NONE', ( #1880 ), #5964, .F. ) ;
#7800 = EDGE_LOOP ( 'NONE', ( #562, #4833, #4156, #7687 ) ) ;
#7801 = PLANE ( 'NONE',  #1123 ) ;
#7802 = VERTEX_POINT ( 'NONE', #2809 ) ;
#7803 = CARTESIAN_POINT ( 'NONE',  ( 5.202500000000000600, 0.2493910125649557200, -3.389999999999999200 ) ) ;
#7804 = CARTESIAN_POINT ( 'NONE',  ( -3.759999999999999300, 1.450000000000000400, -4.659999999999999300 ) ) ;
#7805 = EDGE_LOOP ( 'NONE', ( #4185, #2356, #2934, #3418 ) ) ;
#7806 = VECTOR ( 'NONE', #4505, 1000.000000000000100 ) ;
#7807 = CARTESIAN_POINT ( 'NONE',  ( -4.608981456572268900, 0.3147047612756303000, -1.689999999999999700 ) ) ;
#7808 = SURFACE_SIDE_STYLE ('',( #8624 ) ) ;
#7809 = VERTEX_POINT ( 'NONE', #1339 ) ;
#7810 = DIRECTION ( 'NONE',  ( -0.1378445374916288900, -0.9808148484639890300, 0.1378445374916289500 ) ) ;
#7811 = CARTESIAN_POINT ( 'NONE',  ( 4.085923696263362700, 1.164780893477695100, -5.500000000000000000 ) ) ;
#7812 = AXIS2_PLACEMENT_3D ( 'NONE', #9054, #2049, #9886 ) ;
#7813 = PLANE ( 'NONE',  #4396 ) ;
#7814 = VERTEX_POINT ( 'NONE', #5238 ) ;
#7815 = VECTOR ( 'NONE', #753, 1000.000000000000000 ) ;
#7816 = ADVANCED_FACE ( 'NONE', ( #5831 ), #3695, .F. ) ;
#7817 = AXIS2_PLACEMENT_3D ( 'NONE', #4212, #6437, #7214 ) ;
#7818 = CARTESIAN_POINT ( 'NONE',  ( 3.759999999999999800, 1.450000000000000200, -2.959999999999999500 ) ) ;
#7819 = ORIENTED_EDGE ( 'NONE', *, *, #6914, .F. ) ;
#7820 = DIRECTION ( 'NONE',  ( 0.2588190451025207900, -0.9659258262890683100, 0.0000000000000000000 ) ) ;
#7821 = VERTEX_POINT ( 'NONE', #6088 ) ;
#7822 = LINE ( 'NONE', #7830, #9994 ) ;
#7823 = ORIENTED_EDGE ( 'NONE', *, *, #2793, .T. ) ;
#7824 = STYLED_ITEM ( 'NONE', ( #4232 ), #1085 ) ;
#7825 = DIRECTION ( 'NONE',  ( -1.000000000000000000, 0.0000000000000000000, 0.0000000000000000000 ) ) ;
#7826 = EDGE_LOOP ( 'NONE', ( #7850, #8214, #1718, #4546 ) ) ;
#7827 = EDGE_CURVE ( 'NONE', #7077, #4098, #10076, .T. ) ;
#7828 = AXIS2_PLACEMENT_3D ( 'NONE', #7343, #2642, #3408 ) ;
#7829 = DIRECTION ( 'NONE',  ( -1.000000000000000000, 6.653104299660446400E-016, 0.0000000000000000000 ) ) ;
#7830 = CARTESIAN_POINT ( 'NONE',  ( -3.759999999999999300, 1.200000000000000200, 4.660000000000001000 ) ) ;
#7831 = VECTOR ( 'NONE', #9809, 1000.000000000000100 ) ;
#7832 = ORIENTED_EDGE ( 'NONE', *, *, #4362, .T. ) ;
#7833 = DIRECTION ( 'NONE',  ( -0.2588190451025207900, 0.9659258262890683100, -0.0000000000000000000 ) ) ;
#7834 = AXIS2_PLACEMENT_3D ( 'NONE', #9873, #4442, #2097 ) ;
#7835 = ORIENTED_EDGE ( 'NONE', *, *, #8661, .F. ) ;
#7836 = EDGE_CURVE ( 'NONE', #2538, #5379, #56, .T. ) ;
#7837 = LINE ( 'NONE', #4594, #9171 ) ;
#7838 = AXIS2_PLACEMENT_3D ( 'NONE', #7584, #4504, #5210 ) ;
#7839 = LINE ( 'NONE', #9409, #1 ) ;
#7840 = EDGE_CURVE ( 'NONE', #3697, #5645, #5095, .T. ) ;
#7841 = DIRECTION ( 'NONE',  ( -0.0000000000000000000, -0.0000000000000000000, -1.000000000000000000 ) ) ;
#7842 = ORIENTED_EDGE ( 'NONE', *, *, #7626, .T. ) ;
#7843 = CIRCLE ( 'NONE', #4821, 0.2852191065223054800 ) ;
#7844 = DIRECTION ( 'NONE',  ( -1.000000000000000000, 0.0000000000000000000, 0.0000000000000000000 ) ) ;
#7845 = CARTESIAN_POINT ( 'NONE',  ( 4.119942740832083700, 1.173896268997162200, -2.959999999999999500 ) ) ;
#7846 = VERTEX_POINT ( 'NONE', #6116 ) ;
#7847 = CARTESIAN_POINT ( 'NONE',  ( -4.361424197404348400, 1.238601030272792100, 0.4200000000000010900 ) ) ;
#7848 = ORIENTED_EDGE ( 'NONE', *, *, #7537, .T. ) ;
#7849 = ORIENTED_EDGE ( 'NONE', *, *, #3671, .T. ) ;
#7850 = ORIENTED_EDGE ( 'NONE', *, *, #1633, .T. ) ;
#7851 = CIRCLE ( 'NONE', #6430, 0.03521910652230526200 ) ;
#7852 = CARTESIAN_POINT ( 'NONE',  ( 4.640543740461574800, 0.2886868222461744800, 0.8500000000000009800 ) ) ;
#7853 = ORIENTED_EDGE ( 'NONE', *, *, #5808, .T. ) ;
#7854 = DIRECTION ( 'NONE',  ( -0.0000000000000000000, -0.0000000000000000000, -1.000000000000000000 ) ) ;
#7855 = AXIS2_PLACEMENT_3D ( 'NONE', #6375, #3240, #1663 ) ;
#7856 = EDGE_CURVE ( 'NONE', #4270, #7157, #3566, .T. ) ;
#7857 = CARTESIAN_POINT ( 'NONE',  ( 0.4299999999999998300, 0.0000000000000000000, 1.784999999999999700 ) ) ;
#7858 = DIRECTION ( 'NONE',  ( 1.000000000000000000, 0.0000000000000000000, 0.0000000000000000000 ) ) ;
#7859 =( NAMED_UNIT ( * ) SI_UNIT ( $, .STERADIAN. ) SOLID_ANGLE_UNIT ( ) );
#7860 = ORIENTED_EDGE ( 'NONE', *, *, #3690, .T. ) ;
#7861 = ORIENTED_EDGE ( 'NONE', *, *, #3426, .F. ) ;
#7862 = ORIENTED_EDGE ( 'NONE', *, *, #6212, .F. ) ;
#7863 = VECTOR ( 'NONE', #8460, 1000.000000000000000 ) ;
#7864 = ADVANCED_FACE ( 'NONE', ( #4822 ), #7685, .F. ) ;
#7865 = CARTESIAN_POINT ( 'NONE',  ( 4.640543740461574800, 0.2886868222461741500, -2.119999999999999700 ) ) ;
#7866 = DIRECTION ( 'NONE',  ( 6.653104299660446400E-016, 1.000000000000000000, -0.0000000000000000000 ) ) ;
#7867 = CARTESIAN_POINT ( 'NONE',  ( 4.085923696263362700, 1.450000000000000000, 2.960000000000000900 ) ) ;
#7868 = UNCERTAINTY_MEASURE_WITH_UNIT (LENGTH_MEASURE( 1.000000000000000100E-005 ), #5766, 'distance_accuracy_value', 'NONE');
#7869 = PLANE ( 'NONE',  #5431 ) ;
#7870 = PLANE ( 'NONE',  #8857 ) ;
#7871 = AXIS2_PLACEMENT_3D ( 'NONE', #2741, #7474, #3541 ) ;
#7872 = EDGE_CURVE ( 'NONE', #9259, #5195, #8014, .T. ) ;
#7873 = VERTEX_POINT ( 'NONE', #5273 ) ;
#7874 = ORIENTED_EDGE ( 'NONE', *, *, #8262, .F. ) ;
#7875 = ORIENTED_EDGE ( 'NONE', *, *, #129, .F. ) ;
#7876 = EDGE_CURVE ( 'NONE', #3191, #1242, #9588, .T. ) ;
#7877 = ORIENTED_EDGE ( 'NONE', *, *, #234, .T. ) ;
#7878 = LINE ( 'NONE', #1839, #8362 ) ;
#7879 = VECTOR ( 'NONE', #3805, 1000.000000000000200 ) ;
#7880 = CIRCLE ( 'NONE', #31, 0.2852191065223054800 ) ;
#7881 = ADVANCED_FACE ( 'NONE', ( #166 ), #6245, .T. ) ;
#7882 = CARTESIAN_POINT ( 'NONE',  ( 0.4299999999999998300, 0.0000000000000000000, 1.784999999999999700 ) ) ;
#7883 = ORIENTED_EDGE ( 'NONE', *, *, #5114, .F. ) ;
#7884 = PLANE ( 'NONE',  #5197 ) ;
#7885 = ORIENTED_EDGE ( 'NONE', *, *, #5375, .F. ) ;
#7886 = ORIENTED_EDGE ( 'NONE', *, *, #9998, .T. ) ;
#7887 = PLANE ( 'NONE',  #4148 ) ;
#7888 = EDGE_CURVE ( 'NONE', #4098, #2225, #653, .T. ) ;
#7889 = VECTOR ( 'NONE', #1454, 1000.000000000000000 ) ;
#7890 = DIRECTION ( 'NONE',  ( -0.0000000000000000000, -0.0000000000000000000, 1.000000000000000000 ) ) ;
#7891 = STYLED_ITEM ( 'NONE', ( #6244 ), #1561 ) ;
#7892 = DIRECTION ( 'NONE',  ( 1.000000000000000000, 0.0000000000000000000, 0.0000000000000000000 ) ) ;
#7893 = EDGE_CURVE ( 'NONE', #5709, #2412, #298, .T. ) ;
#7894 = VERTEX_POINT ( 'NONE', #1517 ) ;
#7895 = AXIS2_PLACEMENT_3D ( 'NONE', #8826, #1093, #1059 ) ;
#7896 = ORIENTED_EDGE ( 'NONE', *, *, #3902, .T. ) ;
#7897 = ORIENTED_EDGE ( 'NONE', *, *, #3800, .T. ) ;
#7898 = VECTOR ( 'NONE', #420, 1000.000000000000000 ) ;
#7899 = CARTESIAN_POINT ( 'NONE',  ( 4.643000501140988900, 0.3238201367950973600, 5.930000000000001500 ) ) ;
#7900 = FILL_AREA_STYLE_COLOUR ( '', #3115 ) ;
#7901 = ORIENTED_EDGE ( 'NONE', *, *, #302, .T. ) ;
#7902 = PLANE ( 'NONE',  #1473 ) ;
#7903 = CARTESIAN_POINT ( 'NONE',  ( -0.4300000000000000500, 0.0000000000000000000, 1.784999999999999700 ) ) ;
#7904 = STYLED_ITEM ( 'NONE', ( #6023 ), #9794 ) ;
#7905 = DIRECTION ( 'NONE',  ( -0.0000000000000000000, 0.0000000000000000000, -1.000000000000000000 ) ) ;
#7906 = DIRECTION ( 'NONE',  ( 1.734723475976807100E-015, 1.000000000000000000, 0.0000000000000000000 ) ) ;
#7907 = CIRCLE ( 'NONE', #9748, 0.2852191065223042000 ) ;
#7908 = LINE ( 'NONE', #6150, #7649 ) ;
#7909 = DIRECTION ( 'NONE',  ( -0.0000000000000000000, -0.0000000000000000000, -1.000000000000000000 ) ) ;
#7910 = AXIS2_PLACEMENT_3D ( 'NONE', #5278, #6063, #6843 ) ;
#7911 = VECTOR ( 'NONE', #808, 1000.000000000000000 ) ;
#7912 = CARTESIAN_POINT ( 'NONE',  ( 4.119942740832083700, 1.173896268997162200, 5.930000000000001500 ) ) ;
#7913 = VECTOR ( 'NONE', #7841, 1000.000000000000000 ) ;
#7914 = CARTESIAN_POINT ( 'NONE',  ( -4.119942740832083700, 1.173896268997162200, 1.690000000000000600 ) ) ;
#7915 =( NAMED_UNIT ( * ) PLANE_ANGLE_UNIT ( ) SI_UNIT ( $, .RADIAN. ) );
#7916 = ADVANCED_FACE ( 'NONE', ( #6553 ), #6263, .F. ) ;
#7917 = DIRECTION ( 'NONE',  ( 4.170008355713482100E-016, 0.0000000000000000000, -1.000000000000000000 ) ) ;
#7918 = EDGE_CURVE ( 'NONE', #10009, #10137, #9951, .T. ) ;
#7919 = ORIENTED_EDGE ( 'NONE', *, *, #3916, .F. ) ;
#7920 = DIRECTION ( 'NONE',  ( -0.0000000000000000000, 1.000000000000000000, -0.0000000000000000000 ) ) ;
#7921 = EDGE_CURVE ( 'NONE', #2450, #9278, #9721, .T. ) ;
#7922 = ORIENTED_EDGE ( 'NONE', *, *, #3497, .T. ) ;
#7923 = DIRECTION ( 'NONE',  ( -0.0000000000000000000, -0.0000000000000000000, -1.000000000000000000 ) ) ;
#7924 = CIRCLE ( 'NONE', #2149, 0.03521910652230526200 ) ;
#7925 = VERTEX_POINT ( 'NONE', #9292 ) ;
#7926 = DIRECTION ( 'NONE',  ( -1.000000000000000000, 6.653104299660455300E-016, -0.0000000000000000000 ) ) ;
#7927 = AXIS2_PLACEMENT_3D ( 'NONE', #7506, #4289, #3577 ) ;
#7928 = CARTESIAN_POINT ( 'NONE',  ( 5.202500000000000600, 0.2493910125649557200, 2.120000000000000600 ) ) ;
#7929 = AXIS2_PLACEMENT_3D ( 'NONE', #8863, #6434, #6468 ) ;
#7930 = ORIENTED_EDGE ( 'NONE', *, *, #2134, .F. ) ;
#7931 = EDGE_CURVE ( 'NONE', #9158, #1307, #9225, .T. ) ;
#7932 = LINE ( 'NONE', #4, #7678 ) ;
#7933 = CARTESIAN_POINT ( 'NONE',  ( -4.361424197404348400, 1.238601030272792100, -2.959999999999999500 ) ) ;
#7934 = CARTESIAN_POINT ( 'NONE',  ( 4.119942740832083700, 1.173896268997162200, -4.229999999999999500 ) ) ;
#7935 = CARTESIAN_POINT ( 'NONE',  ( -4.119942740832083700, 1.173896268997162200, -5.929999999999999700 ) ) ;
#7936 = FILL_AREA_STYLE ('',( #4781 ) ) ;
#7937 = DIRECTION ( 'NONE',  ( 0.06975647374411768400, 0.9975640502598248600, -0.0000000000000000000 ) ) ;
#7938 = CARTESIAN_POINT ( 'NONE',  ( -4.623104622025544500, 0.03929580968121807600, 1.690000000000000600 ) ) ;
#7939 = EDGE_LOOP ( 'NONE', ( #2227, #412, #5091, #1774, #6627, #1411, #9079, #4718, #4352, #9458, #1056, #8566 ) ) ;
#7940 = VERTEX_POINT ( 'NONE', #3254 ) ;
#7941 = LINE ( 'NONE', #3075, #9637 ) ;
#7942 = VERTEX_POINT ( 'NONE', #2943 ) ;
#7943 = CARTESIAN_POINT ( 'NONE',  ( -4.643000501140988900, 0.3238201367950973600, 0.8500000000000009800 ) ) ;
#7944 = DIRECTION ( 'NONE',  ( -1.000000000000000000, -6.653104299660446400E-016, 0.0000000000000000000 ) ) ;
#7945 = ORIENTED_EDGE ( 'NONE', *, *, #2931, .F. ) ;
#7946 = CARTESIAN_POINT ( 'NONE',  ( 4.623104622025544500, 0.03929580968121807600, 5.930000000000001500 ) ) ;
#7947 = PLANE ( 'NONE',  #5804 ) ;
#7948 = ORIENTED_EDGE ( 'NONE', *, *, #5163, .T. ) ;
#7949 = FILL_AREA_STYLE_COLOUR ( '', #905 ) ;
#7950 = FACE_OUTER_BOUND ( 'NONE', #10074, .T. ) ;
#7951 = CARTESIAN_POINT ( 'NONE',  ( 4.608981456572268000, 0.3147047612756303000, -1.689999999999999700 ) ) ;
#7952 = ORIENTED_EDGE ( 'NONE', *, *, #6646, .F. ) ;
#7953 = DIRECTION ( 'NONE',  ( -1.000000000000000000, 0.0000000000000000000, 0.0000000000000000000 ) ) ;
#7954 = EDGE_LOOP ( 'NONE', ( #2544, #2095, #3236, #5692, #2216, #7154, #1645, #3001, #9866, #2556, #1187, #846 ) ) ;
#7955 = CARTESIAN_POINT ( 'NONE',  ( -5.202500000000000600, 0.2493910125649564100, 0.4200000000000010900 ) ) ;
#7956 = DIRECTION ( 'NONE',  ( -1.000000000000000000, 0.0000000000000000000, 0.0000000000000000000 ) ) ;
#7957 = PLANE ( 'NONE',  #223 ) ;
#7958 = LINE ( 'NONE', #5506, #7093 ) ;
#7959 = LINE ( 'NONE', #5414, #5895 ) ;
#7960 = DIRECTION ( 'NONE',  ( -0.0000000000000000000, -0.0000000000000000000, -1.000000000000000000 ) ) ;
#7961 = ORIENTED_EDGE ( 'NONE', *, *, #2083, .T. ) ;
#7962 = MECHANICAL_DESIGN_GEOMETRIC_PRESENTATION_REPRESENTATION (  '', ( #8955 ), #742 ) ;
#7963 = ADVANCED_FACE ( 'NONE', ( #5944 ), #8469, .T. ) ;
#7964 = VERTEX_POINT ( 'NONE', #7807 ) ;
#7965 = DIRECTION ( 'NONE',  ( -0.0000000000000000000, -0.0000000000000000000, -1.000000000000000000 ) ) ;
#7966 = PLANE ( 'NONE',  #9223 ) ;
#7967 = DIRECTION ( 'NONE',  ( -1.000000000000000000, -0.0000000000000000000, -0.0000000000000000000 ) ) ;
#7968 = ORIENTED_EDGE ( 'NONE', *, *, #3800, .F. ) ;
#7969 = LINE ( 'NONE', #2647, #7224 ) ;
#7970 = VECTOR ( 'NONE', #7748, 1000.000000000000000 ) ;
#7971 = CARTESIAN_POINT ( 'NONE',  ( -4.085923696263362700, 1.449999999999999300, 0.8500000000000009800 ) ) ;
#7972 = ORIENTED_EDGE ( 'NONE', *, *, #6790, .T. ) ;
#7973 = CIRCLE ( 'NONE', #1392, 0.03521910652230526200 ) ;
#7974 = EDGE_LOOP ( 'NONE', ( #9618, #1900, #7070, #499 ) ) ;
#7975 = EDGE_CURVE ( 'NONE', #9677, #9601, #2346, .T. ) ;
#7976 = VERTEX_POINT ( 'NONE', #4224 ) ;
#7977 = VERTEX_POINT ( 'NONE', #928 ) ;
#7978 = EDGE_CURVE ( 'NONE', #2450, #1416, #6296, .T. ) ;
#7979 = DIRECTION ( 'NONE',  ( 0.06975647374411807200, -0.9975640502598247500, 0.0000000000000000000 ) ) ;
#7980 = CARTESIAN_POINT ( 'NONE',  ( 4.085923696263362700, 1.200000000000000600, 0.4200000000000010900 ) ) ;
#7981 = DIRECTION ( 'NONE',  ( -1.000000000000000000, 0.0000000000000000000, 0.0000000000000000000 ) ) ;
#7982 = FACE_OUTER_BOUND ( 'NONE', #3326, .T. ) ;
#7983 = FACE_OUTER_BOUND ( 'NONE', #5264, .T. ) ;
#7984 = LINE ( 'NONE', #9275, #9924 ) ;
#7985 = DIRECTION ( 'NONE',  ( -0.0000000000000000000, 0.0000000000000000000, -1.000000000000000000 ) ) ;
#7986 = DIRECTION ( 'NONE',  ( -0.0000000000000000000, -0.0000000000000000000, -1.000000000000000000 ) ) ;
#7987 = DIRECTION ( 'NONE',  ( 0.06975647374411746100, -0.9975640502598247500, 0.0000000000000000000 ) ) ;
#7988 = ORIENTED_EDGE ( 'NONE', *, *, #5470, .T. ) ;
#7989 = CARTESIAN_POINT ( 'NONE',  ( -3.760000000000000200, 1.450000000000000200, -6.412500000000001400 ) ) ;
#7990 = ORIENTED_EDGE ( 'NONE', *, *, #1033, .F. ) ;
#7991 = DIRECTION ( 'NONE',  ( -1.000000000000000000, 0.0000000000000000000, 0.0000000000000000000 ) ) ;
#7992 = ORIENTED_EDGE ( 'NONE', *, *, #2719, .T. ) ;
#7993 = FACE_OUTER_BOUND ( 'NONE', #1437, .T. ) ;
#7994 = EDGE_CURVE ( 'NONE', #7773, #556, #2106, .T. ) ;
#7995 = CYLINDRICAL_SURFACE ( 'NONE', #8812, 0.2852191065223050300 ) ;
#7996 = LINE ( 'NONE', #3187, #6759 ) ;
#7997 = MANIFOLD_SOLID_BREP ( 'LPattern1[5]', #9534 ) ;
#7998 = PLANE ( 'NONE',  #10071 ) ;
#7999 = DIRECTION ( 'NONE',  ( -0.9975640502598247500, -0.06975647374411816900, 0.0000000000000000000 ) ) ;
#8000 = ORIENTED_EDGE ( 'NONE', *, *, #7325, .F. ) ;
#8001 = ORIENTED_EDGE ( 'NONE', *, *, #7699, .T. ) ;
#8002 = CARTESIAN_POINT ( 'NONE',  ( -4.623104622025544500, 0.03929580968121807600, 0.8500000000000009800 ) ) ;
#8003 = ADVANCED_FACE ( 'NONE', ( #6668 ), #4655, .F. ) ;
#8004 = LINE ( 'NONE', #2637, #9703 ) ;
#8005 = PLANE ( 'NONE',  #632 ) ;
#8006 = CIRCLE ( 'NONE', #3214, 0.2852191065223050300 ) ;
#8007 = PLANE ( 'NONE',  #1343 ) ;
#8008 = LINE ( 'NONE', #6505, #5934 ) ;
#8009 = EDGE_CURVE ( 'NONE', #5585, #7925, #2851, .T. ) ;
#8010 = ORIENTED_EDGE ( 'NONE', *, *, #161, .F. ) ;
#8011 = CARTESIAN_POINT ( 'NONE',  ( -4.361424197404348400, 1.238601030272792100, 4.230000000000001300 ) ) ;
#8012 = ORIENTED_EDGE ( 'NONE', *, *, #6044, .T. ) ;
#8013 = EDGE_LOOP ( 'NONE', ( #4545, #9745, #8930, #7135 ) ) ;
#8014 = LINE ( 'NONE', #8516, #2972 ) ;
#8015 = AXIS2_PLACEMENT_3D ( 'NONE', #9300, #652, #3004 ) ;
#8016 = ORIENTED_EDGE ( 'NONE', *, *, #3565, .T. ) ;
#8017 = VECTOR ( 'NONE', #1006, 1000.000000000000100 ) ;
#8018 = VECTOR ( 'NONE', #9980, 1000.000000000000000 ) ;
#8019 = DIRECTION ( 'NONE',  ( -0.2588190451025243500, -0.9659258262890673100, 0.0000000000000000000 ) ) ;
#8020 = PLANE ( 'NONE',  #866 ) ;
#8021 = DIRECTION ( 'NONE',  ( -0.0000000000000000000, -0.0000000000000000000, -1.000000000000000000 ) ) ;
#8022 = CARTESIAN_POINT ( 'NONE',  ( -4.623104622025544500, 0.03929580968121807600, -4.229999999999999500 ) ) ;
#8023 = ADVANCED_FACE ( 'NONE', ( #1503 ), #5780, .F. ) ;
#8024 = VERTEX_POINT ( 'NONE', #7313 ) ;
#8025 = CARTESIAN_POINT ( 'NONE',  ( -3.760000000000000200, 1.450000000000000200, -6.412500000000001400 ) ) ;
#8026 = CARTESIAN_POINT ( 'NONE',  ( -5.202500000000000600, 0.2493910125649564100, -2.959999999999999500 ) ) ;
#8027 = VECTOR ( 'NONE', #3085, 1000.000000000000000 ) ;
#8028 = ORIENTED_EDGE ( 'NONE', *, *, #6015, .F. ) ;
#8029 = DIRECTION ( 'NONE',  ( 0.1391731009600657400, -0.9902680687415703600, 0.0000000000000000000 ) ) ;
#8030 = AXIS2_PLACEMENT_3D ( 'NONE', #3636, #7641, #584 ) ;
#8031 = FACE_OUTER_BOUND ( 'NONE', #604, .T. ) ;
#8032 = CARTESIAN_POINT ( 'NONE',  ( 4.361424197404351100, 1.238601030272792600, -2.959999999999999500 ) ) ;
#8033 = AXIS2_PLACEMENT_3D ( 'NONE', #239, #5740, #1031 ) ;
#8034 = VECTOR ( 'NONE', #7321, 1000.000000000000000 ) ;
#8035 = CARTESIAN_POINT ( 'NONE',  ( 3.759999999999999800, 1.450000000000000200, 5.930000000000001500 ) ) ;
#8036 = EDGE_CURVE ( 'NONE', #6030, #1087, #7527, .T. ) ;
#8037 = AXIS2_PLACEMENT_3D ( 'NONE', #8864, #2591, #2631 ) ;
#8038 = ORIENTED_EDGE ( 'NONE', *, *, #7436, .F. ) ;
#8039 = ORIENTED_EDGE ( 'NONE', *, *, #682, .F. ) ;
#8040 = CARTESIAN_POINT ( 'NONE',  ( 3.759999999999999300, 1.200000000000000200, 0.8500000000000009800 ) ) ;
#8041 = ADVANCED_FACE ( 'NONE', ( #8618 ), #7902, .F. ) ;
#8042 = FACE_OUTER_BOUND ( 'NONE', #867, .T. ) ;
#8043 = DIRECTION ( 'NONE',  ( -2.284363386111990700E-016, -0.1391731009600657400, -0.9902680687415703600 ) ) ;
#8044 = CARTESIAN_POINT ( 'NONE',  ( -4.640543740461573900, 0.2886868222461744200, 0.8500000000000009800 ) ) ;
#8045 = DIRECTION ( 'NONE',  ( 1.000000000000000000, 0.0000000000000000000, 0.0000000000000000000 ) ) ;
#8046 = VECTOR ( 'NONE', #4976, 1000.000000000000000 ) ;
#8047 = AXIS2_PLACEMENT_3D ( 'NONE', #8432, #2145, #2906 ) ;
#8048 = DIRECTION ( 'NONE',  ( -1.000000000000000000, 0.0000000000000000000, 0.0000000000000000000 ) ) ;
#8049 = DIRECTION ( 'NONE',  ( -0.0000000000000000000, -0.0000000000000000000, -1.000000000000000000 ) ) ;
#8050 = PLANE ( 'NONE',  #3397 ) ;
#8051 = EDGE_LOOP ( 'NONE', ( #7333, #6456, #4721, #381 ) ) ;
#8052 = EDGE_CURVE ( 'NONE', #4168, #6322, #3837, .T. ) ;
#8053 = EDGE_CURVE ( 'NONE', #9048, #4963, #1258, .T. ) ;
#8054 = ORIENTED_EDGE ( 'NONE', *, *, #3048, .T. ) ;
#8055 = VECTOR ( 'NONE', #815, 1000.000000000000000 ) ;
#8056 = CARTESIAN_POINT ( 'NONE',  ( -4.640543740461573900, 0.2886868222461744200, -1.689999999999999700 ) ) ;
#8057 = DIRECTION ( 'NONE',  ( 0.06975647374411816900, 0.9975640502598247500, -0.0000000000000000000 ) ) ;
#8058 = ORIENTED_EDGE ( 'NONE', *, *, #6729, .T. ) ;
#8059 = CARTESIAN_POINT ( 'NONE',  ( 4.085923696263362700, 1.164780893477695100, -5.500000000000000000 ) ) ;
#8060 = ORIENTED_EDGE ( 'NONE', *, *, #5579, .T. ) ;
#8061 = ORIENTED_EDGE ( 'NONE', *, *, #7453, .F. ) ;
#8062 = FACE_OUTER_BOUND ( 'NONE', #3451, .T. ) ;
#8063 = DIRECTION ( 'NONE',  ( -0.0000000000000000000, -0.0000000000000000000, -1.000000000000000000 ) ) ;
#8064 = FILL_AREA_STYLE_COLOUR ( '', #3274 ) ;
#8065 = ADVANCED_FACE ( 'NONE', ( #5711 ), #2241, .F. ) ;
#8066 = MANIFOLD_SOLID_BREP ( 'LPattern1[18]', #4507 ) ;
#8067 = EDGE_CURVE ( 'NONE', #8457, #4506, #8284, .T. ) ;
#8068 = PLANE ( 'NONE',  #2234 ) ;
#8069 = EDGE_CURVE ( 'NONE', #6906, #6696, #2840, .T. ) ;
#8070 = ORIENTED_EDGE ( 'NONE', *, *, #9583, .T. ) ;
#8071 = CARTESIAN_POINT ( 'NONE',  ( -4.085923696263362700, 1.200000000000000400, -2.959999999999999500 ) ) ;
#8072 = CARTESIAN_POINT ( 'NONE',  ( -3.760000000000000200, 1.450000000000000200, 6.412500000000003200 ) ) ;
#8073 = ORIENTED_EDGE ( 'NONE', *, *, #8248, .T. ) ;
#8074 = LINE ( 'NONE', #6594, #2898 ) ;
#8075 = CARTESIAN_POINT ( 'NONE',  ( 3.759999999999999800, 1.450000000000000200, 5.500000000000001800 ) ) ;
#8076 = CARTESIAN_POINT ( 'NONE',  ( -1.175000000000000500, -0.0000000000000000000, -1.655000000000000200 ) ) ;
#8077 = EDGE_CURVE ( 'NONE', #8610, #2848, #4096, .T. ) ;
#8078 = ORIENTED_EDGE ( 'NONE', *, *, #5837, .F. ) ;
#8079 = AXIS2_PLACEMENT_3D ( 'NONE', #9619, #5094, #734 ) ;
#8080 = ADVANCED_FACE ( 'NONE', ( #3105 ), #3618, .F. ) ;
#8081 = VERTEX_POINT ( 'NONE', #6797 ) ;
#8082 = DIRECTION ( 'NONE',  ( -0.0000000000000000000, -0.0000000000000000000, -1.000000000000000000 ) ) ;
#8083 = CIRCLE ( 'NONE', #6236, 0.4000000000000001900 ) ;
#8084 = CARTESIAN_POINT ( 'NONE',  ( -3.759999999999999300, 1.200000000000000200, 2.960000000000000900 ) ) ;
#8085 = ORIENTED_EDGE ( 'NONE', *, *, #2083, .F. ) ;
#8086 = ORIENTED_EDGE ( 'NONE', *, *, #1316, .F. ) ;
#8087 = CARTESIAN_POINT ( 'NONE',  ( -4.640543740461573900, 0.2886868222461744200, -5.929999999999999700 ) ) ;
#8088 = VECTOR ( 'NONE', #7463, 1000.000000000000000 ) ;
#8089 = ADVANCED_FACE ( 'NONE', ( #6777 ), #2944, .F. ) ;
#8090 = ORIENTED_EDGE ( 'NONE', *, *, #7540, .T. ) ;
#8091 = CARTESIAN_POINT ( 'NONE',  ( -4.623104622025544500, 0.03929580968121807600, -5.500000000000000000 ) ) ;
#8092 = AXIS2_PLACEMENT_3D ( 'NONE', #7340, #2640, #5847 ) ;
#8093 = CARTESIAN_POINT ( 'NONE',  ( 0.4299999999999998800, 4.374037903435110200, -1.655000000000000200 ) ) ;
#8094 = EDGE_CURVE ( 'NONE', #9278, #7361, #2622, .T. ) ;
#8095 = CARTESIAN_POINT ( 'NONE',  ( -3.759999999999999300, 1.200000000000000200, 3.390000000000000600 ) ) ;
#8096 = DIRECTION ( 'NONE',  ( -0.0000000000000000000, 0.0000000000000000000, -1.000000000000000000 ) ) ;
#8097 = CARTESIAN_POINT ( 'NONE',  ( -3.759999999999999300, 1.450000000000000400, 1.690000000000000600 ) ) ;
#8098 = VERTEX_POINT ( 'NONE', #5307 ) ;
#8099 = CIRCLE ( 'NONE', #2479, 0.2852191065223054800 ) ;
#8100 = CARTESIAN_POINT ( 'NONE',  ( 4.085923696263362700, 1.450000000000000000, -4.229999999999999500 ) ) ;
#8101 = ORIENTED_EDGE ( 'NONE', *, *, #7716, .T. ) ;
#8102 = VECTOR ( 'NONE', #475, 1000.000000000000000 ) ;
#8103 = CARTESIAN_POINT ( 'NONE',  ( 5.202500000000000600, 0.2493910125649557200, 2.120000000000000600 ) ) ;
#8104 = CARTESIAN_POINT ( 'NONE',  ( -4.361424197404348400, 1.238601030272792100, -2.959999999999999500 ) ) ;
#8105 = ORIENTED_EDGE ( 'NONE', *, *, #2706, .F. ) ;
#8106 = EDGE_LOOP ( 'NONE', ( #2344, #3023, #7883, #6268 ) ) ;
#8107 = EDGE_CURVE ( 'NONE', #3634, #729, #8631, .T. ) ;
#8108 = LINE ( 'NONE', #8819, #10045 ) ;
#8109 = AXIS2_PLACEMENT_3D ( 'NONE', #7943, #2665, #8904 ) ;
#8110 = FACE_OUTER_BOUND ( 'NONE', #1365, .T. ) ;
#8111 = VERTEX_POINT ( 'NONE', #9861 ) ;
#8112 = VECTOR ( 'NONE', #7161, 1000.000000000000000 ) ;
#8113 = DIRECTION ( 'NONE',  ( -0.9975640502598246400, 0.06975647374411952900, -0.0000000000000000000 ) ) ;
#8114 = CARTESIAN_POINT ( 'NONE',  ( -0.4300000000000000500, 4.374037903435110200, 1.784999999999999700 ) ) ;
#8115 = DIRECTION ( 'NONE',  ( -1.000000000000000000, 6.653104299660455300E-016, -0.0000000000000000000 ) ) ;
#8116 = CARTESIAN_POINT ( 'NONE',  ( -3.759999999999999300, 1.450000000000000400, -0.8499999999999992000 ) ) ;
#8117 = VERTEX_POINT ( 'NONE', #7580 ) ;
#8118 = VERTEX_POINT ( 'NONE', #9967 ) ;
#8119 = VERTEX_POINT ( 'NONE', #596 ) ;
#8120 = CYLINDRICAL_SURFACE ( 'NONE', #4082, 0.2852191065223037600 ) ;
#8121 = PLANE ( 'NONE',  #5215 ) ;
#8122 = LINE ( 'NONE', #4158, #2590 ) ;
#8123 = EDGE_CURVE ( 'NONE', #606, #8296, #6187, .T. ) ;
#8124 = PRODUCT_DEFINITION_SHAPE ( 'NONE', 'NONE',  #4029 ) ;
#8125 = EDGE_CURVE ( 'NONE', #414, #4491, #4968, .T. ) ;
#8126 = CARTESIAN_POINT ( 'NONE',  ( 4.623104622025544500, 0.03929580968121807600, 5.930000000000001500 ) ) ;
#8127 = CARTESIAN_POINT ( 'NONE',  ( 0.4299999999999998800, 0.0000000000000000000, -1.655000000000000200 ) ) ;
#8128 = ORIENTED_EDGE ( 'NONE', *, *, #9736, .F. ) ;
#8129 = ADVANCED_FACE ( 'NONE', ( #8031 ), #2988, .F. ) ;
#8130 = ORIENTED_EDGE ( 'NONE', *, *, #8967, .F. ) ;
#8131 = CARTESIAN_POINT ( 'NONE',  ( -4.119942740832083700, 1.173896268997162200, -0.4199999999999993700 ) ) ;
#8132 = DIRECTION ( 'NONE',  ( -0.0000000000000000000, -0.0000000000000000000, -1.000000000000000000 ) ) ;
#8133 = LINE ( 'NONE', #4249, #156 ) ;
#8134 = VECTOR ( 'NONE', #9390, 1000.000000000000000 ) ;
#8135 = SURFACE_SIDE_STYLE ('',( #5280 ) ) ;
#8136 = CARTESIAN_POINT ( 'NONE',  ( 4.623104622025544500, 0.03929580968121807600, -5.500000000000000000 ) ) ;
#8137 = LINE ( 'NONE', #7460, #2089 ) ;
#8138 = AXIS2_PLACEMENT_3D ( 'NONE', #7618, #2912, #564 ) ;
#8139 = ORIENTED_EDGE ( 'NONE', *, *, #5564, .F. ) ;
#8140 = AXIS2_PLACEMENT_3D ( 'NONE', #7315, #2570, #6486 ) ;
#8141 = ORIENTED_EDGE ( 'NONE', *, *, #2100, .T. ) ;
#8142 = CARTESIAN_POINT ( 'NONE',  ( 4.643000501140988900, 0.3238201367950973600, -2.959999999999999500 ) ) ;
#8143 = EDGE_CURVE ( 'NONE', #2774, #9881, #5954, .T. ) ;
#8144 = ORIENTED_EDGE ( 'NONE', *, *, #10125, .F. ) ;
#8145 = DIRECTION ( 'NONE',  ( -0.0000000000000000000, -0.0000000000000000000, -1.000000000000000000 ) ) ;
#8146 = VECTOR ( 'NONE', #2832, 1000.000000000000000 ) ;
#8147 = VECTOR ( 'NONE', #4521, 1000.000000000000000 ) ;
#8148 = ADVANCED_FACE ( 'NONE', ( #1748 ), #9098, .T. ) ;
#8149 = DIRECTION ( 'NONE',  ( -1.000000000000000000, 0.0000000000000000000, 0.0000000000000000000 ) ) ;
#8150 = CARTESIAN_POINT ( 'NONE',  ( -4.361424197404348400, 1.238601030272792100, -1.689999999999999700 ) ) ;
#8151 = ORIENTED_EDGE ( 'NONE', *, *, #3870, .F. ) ;
#8152 = ORIENTED_EDGE ( 'NONE', *, *, #447, .T. ) ;
#8153 = DIRECTION ( 'NONE',  ( -1.000000000000000000, 0.0000000000000000000, 0.0000000000000000000 ) ) ;
#8154 = PLANE ( 'NONE',  #9605 ) ;
#8155 = PRESENTATION_STYLE_ASSIGNMENT (( #795 ) ) ;
#8156 = ORIENTED_EDGE ( 'NONE', *, *, #8351, .F. ) ;
#8157 = DIRECTION ( 'NONE',  ( -0.0000000000000000000, -0.0000000000000000000, -1.000000000000000000 ) ) ;
#8158 = LINE ( 'NONE', #5784, #6062 ) ;
#8159 = FACE_OUTER_BOUND ( 'NONE', #9352, .T. ) ;
#8160 = AXIS2_PLACEMENT_3D ( 'NONE', #7770, #6163, #6199 ) ;
#8161 = AXIS2_PLACEMENT_3D ( 'NONE', #3847, #4607, #3128 ) ;
#8162 = VERTEX_POINT ( 'NONE', #4394 ) ;
#8163 = VECTOR ( 'NONE', #1469, 1000.000000000000000 ) ;
#8164 = VERTEX_POINT ( 'NONE', #8348 ) ;
#8165 = PLANE ( 'NONE',  #7379 ) ;
#8166 = VECTOR ( 'NONE', #10144, 1000.000000000000000 ) ;
#8167 = CARTESIAN_POINT ( 'NONE',  ( -4.367500000000000600, 0.2500000000000000000, 2.120000000000000600 ) ) ;
#8168 = DIRECTION ( 'NONE',  ( -0.0000000000000000000, 0.0000000000000000000, -1.000000000000000000 ) ) ;
#8169 = ORIENTED_EDGE ( 'NONE', *, *, #2276, .F. ) ;
#8170 = CARTESIAN_POINT ( 'NONE',  ( -5.185060881563971200, -2.641625050904819800E-019, -2.959999999999999500 ) ) ;
#8171 = AXIS2_PLACEMENT_3D ( 'NONE', #8025, #3232, #1029 ) ;
#8172 = EDGE_CURVE ( 'NONE', #3820, #485, #3578, .T. ) ;
#8173 = CYLINDRICAL_SURFACE ( 'NONE', #1534, 0.03521910652230526200 ) ;
#8174 = CARTESIAN_POINT ( 'NONE',  ( -5.185060881563971200, -2.641625050904819800E-019, 1.690000000000000600 ) ) ;
#8175 = EDGE_CURVE ( 'NONE', #1272, #872, #8856, .T. ) ;
#8176 = VECTOR ( 'NONE', #3134, 1000.000000000000100 ) ;
#8177 = STYLED_ITEM ( 'NONE', ( #292 ), #4471 ) ;
#8178 = PLANE ( 'NONE',  #792 ) ;
#8179 = DIRECTION ( 'NONE',  ( 1.000000000000000000, 0.0000000000000000000, 0.0000000000000000000 ) ) ;
#8180 = ORIENTED_EDGE ( 'NONE', *, *, #8395, .T. ) ;
#8181 = DIRECTION ( 'NONE',  ( 0.2588190451025207900, -0.9659258262890683100, 0.0000000000000000000 ) ) ;
#8182 = CARTESIAN_POINT ( 'NONE',  ( 4.623104622025544500, 0.03929580968121807600, 5.500000000000001800 ) ) ;
#8183 = PLANE ( 'NONE',  #4344 ) ;
#8184 = FACE_OUTER_BOUND ( 'NONE', #2765, .T. ) ;
#8185 = ORIENTED_EDGE ( 'NONE', *, *, #4102, .T. ) ;
#8186 = CIRCLE ( 'NONE', #8161, 0.4000000000000001900 ) ;
#8187 = ADVANCED_FACE ( 'NONE', ( #1037 ), #7037, .T. ) ;
#8188 = PLANE ( 'NONE',  #2583 ) ;
#8189 = DIRECTION ( 'NONE',  ( -1.000000000000000000, 0.0000000000000000000, 0.0000000000000000000 ) ) ;
#8190 = EDGE_CURVE ( 'NONE', #4393, #2738, #9109, .T. ) ;
#8191 = EDGE_LOOP ( 'NONE', ( #9545, #6014, #7679, #1355 ) ) ;
#8192 = CARTESIAN_POINT ( 'NONE',  ( 4.085923696263362700, 1.164780893477695100, -5.929999999999999700 ) ) ;
#8193 = EDGE_CURVE ( 'NONE', #10030, #9672, #2335, .T. ) ;
#8194 = ORIENTED_EDGE ( 'NONE', *, *, #2159, .F. ) ;
#8195 = LINE ( 'NONE', #5477, #93 ) ;
#8196 = VERTEX_POINT ( 'NONE', #3839 ) ;
#8197 = UNCERTAINTY_MEASURE_WITH_UNIT (LENGTH_MEASURE( 1.000000000000000100E-005 ), #2425, 'distance_accuracy_value', 'NONE');
#8198 = ADVANCED_FACE ( 'NONE', ( #6787 ), #7040, .F. ) ;
#8199 = EDGE_LOOP ( 'NONE', ( #295, #8461, #7952, #195, #1711, #1925, #1001, #4368, #7145, #3520, #830, #369 ) ) ;
#8200 = DIRECTION ( 'NONE',  ( 1.734723475976807100E-015, 1.000000000000000000, 0.0000000000000000000 ) ) ;
#8201 = EDGE_LOOP ( 'NONE', ( #73, #4745, #6597, #6691 ) ) ;
#8202 = DIRECTION ( 'NONE',  ( -0.9659258262890683100, -0.2588190451025207900, 0.0000000000000000000 ) ) ;
#8203 = DIRECTION ( 'NONE',  ( 1.000000000000000000, 6.653104299660446400E-016, 0.0000000000000000000 ) ) ;
#8204 = DIRECTION ( 'NONE',  ( 0.9659258262890673100, -0.2588190451025243500, 0.0000000000000000000 ) ) ;
#8205 = AXIS2_PLACEMENT_3D ( 'NONE', #5754, #5722, #7349 ) ;
#8206 = VERTEX_POINT ( 'NONE', #9314 ) ;
#8207 = EDGE_CURVE ( 'NONE', #8957, #2587, #775, .T. ) ;
#8208 = FACE_OUTER_BOUND ( 'NONE', #7380, .T. ) ;
#8209 = DIRECTION ( 'NONE',  ( -1.000000000000000000, 0.0000000000000000000, 0.0000000000000000000 ) ) ;
#8210 = ORIENTED_EDGE ( 'NONE', *, *, #2770, .F. ) ;
#8211 = ORIENTED_EDGE ( 'NONE', *, *, #5306, .F. ) ;
#8212 = CARTESIAN_POINT ( 'NONE',  ( 4.361424197404351100, 1.238601030272792600, 1.690000000000000600 ) ) ;
#8213 = CARTESIAN_POINT ( 'NONE',  ( 3.760000000000004700, -4.336808689942017700E-016, 6.243850998357131300 ) ) ;
#8214 = ORIENTED_EDGE ( 'NONE', *, *, #7165, .F. ) ;
#8215 = FACE_OUTER_BOUND ( 'NONE', #1139, .T. ) ;
#8216 = DIRECTION ( 'NONE',  ( -0.0000000000000000000, -0.0000000000000000000, -1.000000000000000000 ) ) ;
#8217 = CARTESIAN_POINT ( 'NONE',  ( -3.759999999999999300, 1.200000000000000200, -2.959999999999999500 ) ) ;
#8218 = ORIENTED_EDGE ( 'NONE', *, *, #4975, .T. ) ;
#8219 = EDGE_CURVE ( 'NONE', #663, #5043, #6556, .T. ) ;
#8220 = DIRECTION ( 'NONE',  ( 0.2588190451025243500, 0.9659258262890673100, 0.0000000000000000000 ) ) ;
#8221 = DIRECTION ( 'NONE',  ( 1.000000000000000000, 6.653104299660446400E-016, 0.0000000000000000000 ) ) ;
#8222 = DIRECTION ( 'NONE',  ( -0.06975647374411768400, -0.9975640502598248600, 0.0000000000000000000 ) ) ;
#8223 = VECTOR ( 'NONE', #9270, 1000.000000000000000 ) ;
#8224 = FACE_OUTER_BOUND ( 'NONE', #8773, .T. ) ;
#8225 = VERTEX_POINT ( 'NONE', #6149 ) ;
#8226 = DIRECTION ( 'NONE',  ( -0.0000000000000000000, -0.0000000000000000000, -1.000000000000000000 ) ) ;
#8227 =( NAMED_UNIT ( * ) PLANE_ANGLE_UNIT ( ) SI_UNIT ( $, .RADIAN. ) );
#8228 = AXIS2_PLACEMENT_3D ( 'NONE', #9209, #690, #3825 ) ;
#8229 = VECTOR ( 'NONE', #5982, 1000.000000000000000 ) ;
#8230 = LINE ( 'NONE', #3542, #4174 ) ;
#8231 = CARTESIAN_POINT ( 'NONE',  ( 4.085923696263362700, 1.164780893477695100, -2.959999999999999500 ) ) ;
#8232 = VERTEX_POINT ( 'NONE', #9383 ) ;
#8233 = VECTOR ( 'NONE', #3377, 1000.000000000000000 ) ;
#8234 = EDGE_CURVE ( 'NONE', #3546, #680, #5697, .T. ) ;
#8235 = AXIS2_PLACEMENT_3D ( 'NONE', #945, #9460, #1742 ) ;
#8236 = CARTESIAN_POINT ( 'NONE',  ( 1.174999999999999600, 0.0000000000000000000, 1.654999999999999800 ) ) ;
#8237 = DIRECTION ( 'NONE',  ( 0.9659258262890673100, -0.2588190451025243500, 0.0000000000000000000 ) ) ;
#8238 = ORIENTED_EDGE ( 'NONE', *, *, #809, .F. ) ;
#8239 = ORIENTED_EDGE ( 'NONE', *, *, #969, .F. ) ;
#8240 = DIRECTION ( 'NONE',  ( 0.0000000000000000000, 0.0000000000000000000, 1.000000000000000000 ) ) ;
#8241 = VECTOR ( 'NONE', #5764, 1000.000000000000000 ) ;
#8242 = VECTOR ( 'NONE', #2995, 1000.000000000000000 ) ;
#8243 = VECTOR ( 'NONE', #6929, 1000.000000000000000 ) ;
#8244 = AXIS2_PLACEMENT_3D ( 'NONE', #2522, #997, #3266 ) ;
#8245 = ADVANCED_FACE ( 'NONE', ( #4451 ), #7792, .F. ) ;
#8246 = DIRECTION ( 'NONE',  ( 1.000000000000000000, 0.0000000000000000000, -2.306813132947880500E-016 ) ) ;
#8247 = CARTESIAN_POINT ( 'NONE',  ( -3.759999999999999300, 1.200000000000000200, -2.119999999999999700 ) ) ;
#8248 = EDGE_CURVE ( 'NONE', #5490, #7873, #3827, .T. ) ;
#8249 = DIRECTION ( 'NONE',  ( -0.2588190451025207900, -0.9659258262890683100, 0.0000000000000000000 ) ) ;
#8250 = EDGE_LOOP ( 'NONE', ( #9132, #1456, #1061, #4970 ) ) ;
#8251 = ORIENTED_EDGE ( 'NONE', *, *, #4037, .F. ) ;
#8252 = EDGE_CURVE ( 'NONE', #2923, #3634, #6416, .T. ) ;
#8253 = VERTEX_POINT ( 'NONE', #3796 ) ;
#8254 = COLOUR_RGB ( '',0.7921568627450980000, 0.8196078431372548800, 0.9333333333333333500 ) ;
#8255 = FACE_OUTER_BOUND ( 'NONE', #7081, .T. ) ;
#8256 = CIRCLE ( 'NONE', #7910, 0.03521910652230526200 ) ;
#8257 = DIRECTION ( 'NONE',  ( -0.0000000000000000000, -0.0000000000000000000, -1.000000000000000000 ) ) ;
#8258 = CARTESIAN_POINT ( 'NONE',  ( -4.085923696263362700, 1.449999999999999300, 3.390000000000000600 ) ) ;
#8259 = VERTEX_POINT ( 'NONE', #5384 ) ;
#8260 = ORIENTED_EDGE ( 'NONE', *, *, #1894, .F. ) ;
#8261 = VECTOR ( 'NONE', #2596, 1000.000000000000000 ) ;
#8262 = EDGE_CURVE ( 'NONE', #6217, #5897, #2110, .T. ) ;
#8263 = EDGE_CURVE ( 'NONE', #6722, #8769, #8501, .T. ) ;
#8264 = DIRECTION ( 'NONE',  ( 0.9975640502598247500, -0.06975647374411816900, 0.0000000000000000000 ) ) ;
#8265 = DIRECTION ( 'NONE',  ( -0.9975640502598247500, -0.06975647374411816900, 0.0000000000000000000 ) ) ;
#8266 = CARTESIAN_POINT ( 'NONE',  ( -4.608981456572268900, 0.3147047612756303000, -5.500000000000000000 ) ) ;
#8267 = VERTEX_POINT ( 'NONE', #5457 ) ;
#8268 = CARTESIAN_POINT ( 'NONE',  ( -1.175000000000000500, 0.1000000000000000100, 1.654999999999999800 ) ) ;
#8269 = DIRECTION ( 'NONE',  ( -0.0000000000000000000, -0.0000000000000000000, -1.000000000000000000 ) ) ;
#8270 = EDGE_LOOP ( 'NONE', ( #8314, #4775, #750, #8105 ) ) ;
#8271 = FACE_OUTER_BOUND ( 'NONE', #7610, .T. ) ;
#8272 = ORIENTED_EDGE ( 'NONE', *, *, #8316, .T. ) ;
#8273 = LINE ( 'NONE', #4911, #8017 ) ;
#8274 = LINE ( 'NONE', #4586, #169 ) ;
#8275 = DIRECTION ( 'NONE',  ( 0.0000000000000000000, 0.0000000000000000000, 1.000000000000000000 ) ) ;
#8276 = EDGE_CURVE ( 'NONE', #9589, #2897, #1734, .T. ) ;
#8277 = ORIENTED_EDGE ( 'NONE', *, *, #4606, .F. ) ;
#8278 = ORIENTED_EDGE ( 'NONE', *, *, #3486, .F. ) ;
#8279 = FACE_OUTER_BOUND ( 'NONE', #7826, .T. ) ;
#8280 = ORIENTED_EDGE ( 'NONE', *, *, #8094, .T. ) ;
#8281 = DIRECTION ( 'NONE',  ( -0.0000000000000000000, -0.0000000000000000000, -1.000000000000000000 ) ) ;
#8282 = DIRECTION ( 'NONE',  ( -0.0000000000000000000, -0.0000000000000000000, -1.000000000000000000 ) ) ;
#8283 = ORIENTED_EDGE ( 'NONE', *, *, #1864, .F. ) ;
#8284 = LINE ( 'NONE', #3694, #4708 ) ;
#8285 = VECTOR ( 'NONE', #862, 1000.000000000000000 ) ;
#8286 = DIRECTION ( 'NONE',  ( -1.000000000000000000, 6.653104299660455300E-016, -0.0000000000000000000 ) ) ;
#8287 = DIRECTION ( 'NONE',  ( 0.9975640502598248600, 0.06975647374411747500, -0.0000000000000000000 ) ) ;
#8288 = EDGE_LOOP ( 'NONE', ( #4495, #2829, #5059, #8012 ) ) ;
#8289 = VECTOR ( 'NONE', #7937, 999.9999999999998900 ) ;
#8290 = LINE ( 'NONE', #102, #321 ) ;
#8291 = CARTESIAN_POINT ( 'NONE',  ( 4.623104622025544500, 0.03929580968121807600, -4.229999999999999500 ) ) ;
#8292 = AXIS2_PLACEMENT_3D ( 'NONE', #9191, #5317, #6875 ) ;
#8293 = ADVANCED_FACE ( 'NONE', ( #5335 ), #7167, .F. ) ;
#8294 = DIRECTION ( 'NONE',  ( -0.06975647374411816900, 0.9975640502598247500, 0.0000000000000000000 ) ) ;
#8295 = DIRECTION ( 'NONE',  ( 0.06975647374411807200, -0.9975640502598247500, 0.0000000000000000000 ) ) ;
#8296 = VERTEX_POINT ( 'NONE', #9521 ) ;
#8297 = LINE ( 'NONE', #5555, #4851 ) ;
#8298 = DIRECTION ( 'NONE',  ( 0.0000000000000000000, 0.0000000000000000000, 1.000000000000000000 ) ) ;
#8299 = STYLED_ITEM ( 'NONE', ( #3311 ), #9169 ) ;
#8300 = EDGE_CURVE ( 'NONE', #6715, #2848, #6298, .T. ) ;
#8301 = EDGE_LOOP ( 'NONE', ( #1189, #7752, #2529, #6920 ) ) ;
#8302 = EDGE_LOOP ( 'NONE', ( #3140, #2959, #5797, #10149, #2575, #6953, #4885, #4108, #9823, #2662, #7193, #7922 ) ) ;
#8303 = AXIS2_PLACEMENT_3D ( 'NONE', #2918, #8625, #979 ) ;
#8304 = EDGE_LOOP ( 'NONE', ( #2677, #212, #2232, #340 ) ) ;
#8305 = SURFACE_SIDE_STYLE ('',( #2470 ) ) ;
#8306 = LINE ( 'NONE', #4346, #6215 ) ;
#8307 = CARTESIAN_POINT ( 'NONE',  ( -4.640543740461573900, 0.2886868222461744200, -0.4199999999999993700 ) ) ;
#8308 = DIRECTION ( 'NONE',  ( -1.000000000000000000, 0.0000000000000000000, -4.170008355713482100E-016 ) ) ;
#8309 = CARTESIAN_POINT ( 'NONE',  ( -4.361424197404348400, 1.238601030272792100, 4.660000000000001000 ) ) ;
#8310 = ORIENTED_EDGE ( 'NONE', *, *, #5358, .T. ) ;
#8311 = DIRECTION ( 'NONE',  ( -0.0000000000000000000, -0.0000000000000000000, -1.000000000000000000 ) ) ;
#8312 = ORIENTED_EDGE ( 'NONE', *, *, #5117, .T. ) ;
#8313 = LINE ( 'NONE', #4691, #6105 ) ;
#8314 = ORIENTED_EDGE ( 'NONE', *, *, #5760, .F. ) ;
#8315 = MANIFOLD_SOLID_BREP ( 'LPattern1[7]', #9425 ) ;
#8316 = EDGE_CURVE ( 'NONE', #9524, #8822, #2476, .T. ) ;
#8317 = ORIENTED_EDGE ( 'NONE', *, *, #1004, .T. ) ;
#8318 = EDGE_CURVE ( 'NONE', #1964, #4813, #3210, .T. ) ;
#8319 = ORIENTED_EDGE ( 'NONE', *, *, #2370, .F. ) ;
#8320 = DIRECTION ( 'NONE',  ( -0.0000000000000000000, -0.0000000000000000000, -1.000000000000000000 ) ) ;
#8321 = EDGE_LOOP ( 'NONE', ( #4846, #2685, #10044, #6515, #7472, #8559, #478, #1654, #9764, #9282, #2537, #5995 ) ) ;
#8322 = LINE ( 'NONE', #5449, #6232 ) ;
#8323 = ORIENTED_EDGE ( 'NONE', *, *, #6591, .F. ) ;
#8324 = DIRECTION ( 'NONE',  ( -0.0000000000000000000, -0.0000000000000000000, -1.000000000000000000 ) ) ;
#8325 = PLANE ( 'NONE',  #7615 ) ;
#8326 = DIRECTION ( 'NONE',  ( 0.9975640502598247500, -0.06975647374411816900, 0.0000000000000000000 ) ) ;
#8327 = EDGE_CURVE ( 'NONE', #9069, #5787, #3700, .T. ) ;
#8328 = CARTESIAN_POINT ( 'NONE',  ( 3.759999999999999300, 1.200000000000000200, -0.4199999999999993700 ) ) ;
#8329 = LINE ( 'NONE', #4141, #3632 ) ;
#8330 = ORIENTED_EDGE ( 'NONE', *, *, #63, .T. ) ;
#8331 = FILL_AREA_STYLE_COLOUR ( '', #10088 ) ;
#8332 =( NAMED_UNIT ( * ) PLANE_ANGLE_UNIT ( ) SI_UNIT ( $, .RADIAN. ) );
#8333 = VERTEX_POINT ( 'NONE', #9454 ) ;
#8334 = ADVANCED_FACE ( 'NONE', ( #7518 ), #5613, .F. ) ;
#8335 = DIRECTION ( 'NONE',  ( 0.2588190451025207900, 0.9659258262890683100, -0.0000000000000000000 ) ) ;
#8336 = CARTESIAN_POINT ( 'NONE',  ( 0.4299999999999999400, 0.1000000000000000100, -1.785000000000000100 ) ) ;
#8337 = CARTESIAN_POINT ( 'NONE',  ( 3.759999999999999300, 1.200000000000000200, -5.929999999999999700 ) ) ;
#8338 = SURFACE_STYLE_FILL_AREA ( #3302 ) ;
#8339 = DIRECTION ( 'NONE',  ( -0.0000000000000000000, -0.0000000000000000000, -1.000000000000000000 ) ) ;
#8340 = FACE_OUTER_BOUND ( 'NONE', #591, .T. ) ;
#8341 = ORIENTED_EDGE ( 'NONE', *, *, #9749, .F. ) ;
#8342 = VECTOR ( 'NONE', #1296, 1000.000000000000000 ) ;
#8343 = DIRECTION ( 'NONE',  ( -0.9975640502598248600, 0.06975647374411768400, 0.0000000000000000000 ) ) ;
#8344 = ORIENTED_EDGE ( 'NONE', *, *, #3369, .T. ) ;
#8345 = ORIENTED_EDGE ( 'NONE', *, *, #2311, .T. ) ;
#8346 = VECTOR ( 'NONE', #1415, 1000.000000000000000 ) ;
#8347 = PRESENTATION_STYLE_ASSIGNMENT (( #3754 ) ) ;
#8348 = CARTESIAN_POINT ( 'NONE',  ( -4.623104622025544500, 0.03929580968121797200, 4.660000000000001000 ) ) ;
#8349 = VECTOR ( 'NONE', #7890, 1000.000000000000000 ) ;
#8350 = CARTESIAN_POINT ( 'NONE',  ( 4.361424197404351100, 1.238601030272792600, 0.8500000000000009800 ) ) ;
#8351 = EDGE_CURVE ( 'NONE', #9387, #556, #657, .T. ) ;
#8352 = DIRECTION ( 'NONE',  ( -0.9975640502598248600, 0.06975647374411768400, 0.0000000000000000000 ) ) ;
#8353 = ORIENTED_EDGE ( 'NONE', *, *, #175, .T. ) ;
#8354 = ORIENTED_EDGE ( 'NONE', *, *, #3655, .F. ) ;
#8355 = EDGE_CURVE ( 'NONE', #2806, #8746, #168, .T. ) ;
#8356 = ORIENTED_EDGE ( 'NONE', *, *, #4805, .F. ) ;
#8357 = FILL_AREA_STYLE ('',( #502 ) ) ;
#8358 = VECTOR ( 'NONE', #10081, 1000.000000000000000 ) ;
#8359 = CARTESIAN_POINT ( 'NONE',  ( 5.202500000000000600, 0.2493910125649557200, -5.929999999999999700 ) ) ;
#8360 = ORIENTED_EDGE ( 'NONE', *, *, #1017, .F. ) ;
#8361 = ORIENTED_EDGE ( 'NONE', *, *, #2006, .F. ) ;
#8362 = VECTOR ( 'NONE', #8203, 1000.000000000000000 ) ;
#8363 = FACE_OUTER_BOUND ( 'NONE', #7402, .T. ) ;
#8364 = FACE_OUTER_BOUND ( 'NONE', #7741, .T. ) ;
#8365 = ADVANCED_FACE ( 'NONE', ( #2977 ), #7998, .F. ) ;
#8366 = EDGE_CURVE ( 'NONE', #687, #6600, #7403, .T. ) ;
#8367 = AXIS2_PLACEMENT_3D ( 'NONE', #3280, #7905, #7171 ) ;
#8368 = CARTESIAN_POINT ( 'NONE',  ( 4.361424197404351100, 1.238601030272792600, 4.660000000000001000 ) ) ;
#8369 = EDGE_CURVE ( 'NONE', #6030, #8111, #8747, .T. ) ;
#8370 = DIRECTION ( 'NONE',  ( -0.0000000000000000000, -0.0000000000000000000, -1.000000000000000000 ) ) ;
#8371 = VERTEX_POINT ( 'NONE', #869 ) ;
#8372 = ORIENTED_EDGE ( 'NONE', *, *, #9603, .T. ) ;
#8373 = CARTESIAN_POINT ( 'NONE',  ( 4.361424197404351100, 1.238601030272792600, 3.390000000000000600 ) ) ;
#8374 = DIRECTION ( 'NONE',  ( -1.734723475976807100E-015, -1.000000000000000000, 0.0000000000000000000 ) ) ;
#8375 = ORIENTED_EDGE ( 'NONE', *, *, #8379, .F. ) ;
#8376 = PRESENTATION_STYLE_ASSIGNMENT (( #9696 ) ) ;
#8377 = LINE ( 'NONE', #648, #7889 ) ;
#8378 = EDGE_LOOP ( 'NONE', ( #9205, #8859, #5332, #4642 ) ) ;
#8379 = EDGE_CURVE ( 'NONE', #456, #9083, #4083, .T. ) ;
#8380 = ADVANCED_FACE ( 'NONE', ( #10078 ), #3569, .F. ) ;
#8381 = VECTOR ( 'NONE', #8438, 1000.000000000000000 ) ;
#8382 = ORIENTED_EDGE ( 'NONE', *, *, #1214, .T. ) ;
#8383 = CARTESIAN_POINT ( 'NONE',  ( 4.367500000000000600, 0.2500000000000000600, -2.959999999999999500 ) ) ;
#8384 = CIRCLE ( 'NONE', #5649, 0.03521910652230526200 ) ;
#8385 = DIRECTION ( 'NONE',  ( -1.000000000000000000, 0.0000000000000000000, 0.0000000000000000000 ) ) ;
#8386 = CARTESIAN_POINT ( 'NONE',  ( -4.085923696263362700, 1.200000000000000400, -0.4199999999999993700 ) ) ;
#8387 = VECTOR ( 'NONE', #3270, 1000.000000000000000 ) ;
#8388 = CARTESIAN_POINT ( 'NONE',  ( 5.202500000000000600, 0.2493910125649557200, 0.8500000000000009800 ) ) ;
#8389 = DIRECTION ( 'NONE',  ( -0.2588190451025207900, 0.9659258262890683100, -0.0000000000000000000 ) ) ;
#8390 = VERTEX_POINT ( 'NONE', #4154 ) ;
#8391 = CARTESIAN_POINT ( 'NONE',  ( 4.643000501140988900, 0.3238201367950973600, 4.230000000000001300 ) ) ;
#8392 = VERTEX_POINT ( 'NONE', #3355 ) ;
#8393 = CYLINDRICAL_SURFACE ( 'NONE', #7855, 0.03521910652230526200 ) ;
#8394 = FACE_OUTER_BOUND ( 'NONE', #3291, .T. ) ;
#8395 = EDGE_CURVE ( 'NONE', #7942, #7010, #9954, .T. ) ;
#8396 = FACE_OUTER_BOUND ( 'NONE', #7318, .T. ) ;
#8397 = EDGE_CURVE ( 'NONE', #3841, #1874, #4221, .T. ) ;
#8398 = DIRECTION ( 'NONE',  ( -6.653104299660446400E-016, 1.000000000000000000, 0.0000000000000000000 ) ) ;
#8399 = DIRECTION ( 'NONE',  ( 1.000000000000000000, 0.0000000000000000000, 0.0000000000000000000 ) ) ;
#8400 = CARTESIAN_POINT ( 'NONE',  ( -5.202500000000000600, 0.2493910125649564100, 2.960000000000000900 ) ) ;
#8401 = CARTESIAN_POINT ( 'NONE',  ( -0.4300000000000000500, 0.1000000000000002600, 1.784999999999999700 ) ) ;
#8402 = CARTESIAN_POINT ( 'NONE',  ( -4.119942740832083700, 1.173896268997162200, 2.960000000000000900 ) ) ;
#8403 = PLANE ( 'NONE',  #811 ) ;
#8404 = LINE ( 'NONE', #2512, #6084 ) ;
#8405 = ORIENTED_EDGE ( 'NONE', *, *, #6449, .F. ) ;
#8406 = CIRCLE ( 'NONE', #6799, 0.4000000000000001900 ) ;
#8407 = DIRECTION ( 'NONE',  ( -0.9975640502598248600, 0.06975647374411768400, 0.0000000000000000000 ) ) ;
#8408 = ORIENTED_EDGE ( 'NONE', *, *, #4477, .F. ) ;
#8409 = EDGE_CURVE ( 'NONE', #5057, #6085, #8273, .T. ) ;
#8410 = LINE ( 'NONE', #5357, #205 ) ;
#8411 = AXIS2_PLACEMENT_3D ( 'NONE', #2438, #3996, #5664 ) ;
#8412 = DIRECTION ( 'NONE',  ( 0.2588190451025207900, -0.9659258262890683100, 0.0000000000000000000 ) ) ;
#8413 = ADVANCED_FACE ( 'NONE', ( #301 ), #8842, .T. ) ;
#8414 = DIRECTION ( 'NONE',  ( -1.000000000000000000, 0.0000000000000000000, 0.0000000000000000000 ) ) ;
#8415 = ORIENTED_EDGE ( 'NONE', *, *, #9969, .T. ) ;
#8416 = DIRECTION ( 'NONE',  ( 0.0000000000000000000, 0.0000000000000000000, 1.000000000000000000 ) ) ;
#8417 = DIRECTION ( 'NONE',  ( -0.0000000000000000000, -0.0000000000000000000, -1.000000000000000000 ) ) ;
#8418 = VERTEX_POINT ( 'NONE', #7377 ) ;
#8419 = CIRCLE ( 'NONE', #7215, 0.03521910652230526200 ) ;
#8420 = CARTESIAN_POINT ( 'NONE',  ( 4.640543740461574800, 0.2886868222461741500, -5.500000000000000000 ) ) ;
#8421 = ORIENTED_EDGE ( 'NONE', *, *, #6377, .F. ) ;
#8422 = AXIS2_PLACEMENT_3D ( 'NONE', #2699, #9038, #8209 ) ;
#8423 = ORIENTED_EDGE ( 'NONE', *, *, #4256, .F. ) ;
#8424 = VERTEX_POINT ( 'NONE', #4121 ) ;
#8425 = ORIENTED_EDGE ( 'NONE', *, *, #2063, .F. ) ;
#8426 = CIRCLE ( 'NONE', #9564, 0.2852191065223042000 ) ;
#8427 = ADVANCED_FACE ( 'NONE', ( #1616 ), #9626, .F. ) ;
#8428 = DIRECTION ( 'NONE',  ( -0.9659258262890683100, 0.2588190451025207900, 0.0000000000000000000 ) ) ;
#8429 = CARTESIAN_POINT ( 'NONE',  ( 0.4299999999999998800, 0.1000000000000000100, -1.655000000000000200 ) ) ;
#8430 = ORIENTED_EDGE ( 'NONE', *, *, #881, .T. ) ;
#8431 = DIRECTION ( 'NONE',  ( 0.0000000000000000000, -0.0000000000000000000, -1.000000000000000000 ) ) ;
#8432 = CARTESIAN_POINT ( 'NONE',  ( 4.085923696263362700, 1.164780893477695100, 5.930000000000001500 ) ) ;
#8433 = ORIENTED_EDGE ( 'NONE', *, *, #5484, .T. ) ;
#8434 = EDGE_CURVE ( 'NONE', #9396, #1335, #1381, .T. ) ;
#8435 = VECTOR ( 'NONE', #503, 1000.000000000000200 ) ;
#8436 = EDGE_CURVE ( 'NONE', #687, #6616, #8158, .T. ) ;
#8437 = EDGE_LOOP ( 'NONE', ( #6781, #9629, #5494, #9889, #5162, #6760, #2981, #642, #8054, #6669, #973, #2643 ) ) ;
#8438 = DIRECTION ( 'NONE',  ( -0.0000000000000000000, -0.0000000000000000000, -1.000000000000000000 ) ) ;
#8439 = CARTESIAN_POINT ( 'NONE',  ( 4.119942740832083700, 1.173896268997162200, 3.390000000000000600 ) ) ;
#8440 = DIRECTION ( 'NONE',  ( 1.000000000000000000, -1.734723475976807100E-015, 0.0000000000000000000 ) ) ;
#8441 = EDGE_LOOP ( 'NONE', ( #2695, #4203, #4175, #2299 ) ) ;
#8442 = CARTESIAN_POINT ( 'NONE',  ( -5.185060881563971200, -2.641625050904819800E-019, -5.500000000000000000 ) ) ;
#8443 = LINE ( 'NONE', #8909, #6359 ) ;
#8444 = LINE ( 'NONE', #2989, #2417 ) ;
#8445 = AXIS2_PLACEMENT_3D ( 'NONE', #3484, #8990, #9758 ) ;
#8446 = ORIENTED_EDGE ( 'NONE', *, *, #953, .F. ) ;
#8447 = DIRECTION ( 'NONE',  ( 0.2588190451025207900, 0.9659258262890683100, -0.0000000000000000000 ) ) ;
#8448 = PLANE ( 'NONE',  #3852 ) ;
#8449 = AXIS2_PLACEMENT_3D ( 'NONE', #3238, #4909, #9487 ) ;
#8450 = EDGE_CURVE ( 'NONE', #6792, #740, #8384, .T. ) ;
#8451 = VERTEX_POINT ( 'NONE', #4997 ) ;
#8452 = DIRECTION ( 'NONE',  ( -0.0000000000000000000, -0.0000000000000000000, -1.000000000000000000 ) ) ;
#8453 = ORIENTED_EDGE ( 'NONE', *, *, #8626, .T. ) ;
#8454 = LINE ( 'NONE', #8097, #8233 ) ;
#8455 = CARTESIAN_POINT ( 'NONE',  ( -4.608981456572268900, 0.3147047612756303000, 1.690000000000000600 ) ) ;
#8456 = CARTESIAN_POINT ( 'NONE',  ( 4.623104622025544500, 0.03929580968121807600, -2.959999999999999500 ) ) ;
#8457 = VERTEX_POINT ( 'NONE', #8182 ) ;
#8458 = ADVANCED_FACE ( 'NONE', ( #9724, #3964 ), #4959, .T. ) ;
#8459 = DIRECTION ( 'NONE',  ( -1.734723475976807100E-015, -1.000000000000000000, 0.0000000000000000000 ) ) ;
#8460 = DIRECTION ( 'NONE',  ( -0.0000000000000000000, -0.0000000000000000000, -1.000000000000000000 ) ) ;
#8461 = ORIENTED_EDGE ( 'NONE', *, *, #10138, .F. ) ;
#8462 = ORIENTED_EDGE ( 'NONE', *, *, #5626, .F. ) ;
#8463 = DIRECTION ( 'NONE',  ( -0.0000000000000000000, -0.0000000000000000000, -1.000000000000000000 ) ) ;
#8464 = LINE ( 'NONE', #7249, #4047 ) ;
#8465 = LINE ( 'NONE', #3980, #743 ) ;
#8466 = LINE ( 'NONE', #3685, #7863 ) ;
#8467 = AXIS2_PLACEMENT_3D ( 'NONE', #2057, #6846, #572 ) ;
#8468 = FACE_OUTER_BOUND ( 'NONE', #694, .T. ) ;
#8469 = PLANE ( 'NONE',  #2319 ) ;
#8470 = CARTESIAN_POINT ( 'NONE',  ( 4.640543740461574800, 0.2886868222461744800, 5.930000000000001500 ) ) ;
#8471 = DIRECTION ( 'NONE',  ( -1.734723475976807100E-015, -1.000000000000000000, 0.0000000000000000000 ) ) ;
#8472 = DIRECTION ( 'NONE',  ( -1.000000000000000000, 0.0000000000000000000, 0.0000000000000000000 ) ) ;
#8473 = ORIENTED_EDGE ( 'NONE', *, *, #86, .F. ) ;
#8474 = VERTEX_POINT ( 'NONE', #7346 ) ;
#8475 = ORIENTED_EDGE ( 'NONE', *, *, #4241, .T. ) ;
#8476 = VECTOR ( 'NONE', #9901, 1000.000000000000000 ) ;
#8477 = VECTOR ( 'NONE', #1886, 1000.000000000000100 ) ;
#8478 = ADVANCED_FACE ( 'NONE', ( #6540 ), #3689, .T. ) ;
#8479 = LINE ( 'NONE', #6121, #2212 ) ;
#8480 = AXIS2_PLACEMENT_3D ( 'NONE', #2163, #8483, #2956 ) ;
#8481 = DIRECTION ( 'NONE',  ( -0.0000000000000000000, 1.000000000000000000, -0.0000000000000000000 ) ) ;
#8482 = EDGE_CURVE ( 'NONE', #8371, #7207, #4443, .T. ) ;
#8483 = DIRECTION ( 'NONE',  ( -0.0000000000000000000, -0.0000000000000000000, -1.000000000000000000 ) ) ;
#8484 = ORIENTED_EDGE ( 'NONE', *, *, #3211, .F. ) ;
#8485 = DIRECTION ( 'NONE',  ( -1.000000000000000000, 0.0000000000000000000, 0.0000000000000000000 ) ) ;
#8486 = VERTEX_POINT ( 'NONE', #2710 ) ;
#8487 = ORIENTED_EDGE ( 'NONE', *, *, #4769, .T. ) ;
#8488 = DIRECTION ( 'NONE',  ( -1.000000000000000000, 0.0000000000000000000, 0.0000000000000000000 ) ) ;
#8489 = CIRCLE ( 'NONE', #8030, 0.03521910652230526200 ) ;
#8490 = MANIFOLD_SOLID_BREP ( 'LPattern1[8]', #6752 ) ;
#8491 = CIRCLE ( 'NONE', #9728, 0.03521910652230526200 ) ;
#8492 = CARTESIAN_POINT ( 'NONE',  ( -3.759999999999999300, 1.200000000000000200, -2.119999999999999700 ) ) ;
#8493 = CARTESIAN_POINT ( 'NONE',  ( 3.759999999999999800, 1.450000000000000200, 0.8500000000000009800 ) ) ;
#8494 = DIRECTION ( 'NONE',  ( -1.000000000000000000, 0.0000000000000000000, 0.0000000000000000000 ) ) ;
#8495 = ORIENTED_EDGE ( 'NONE', *, *, #4824, .T. ) ;
#8496 = VERTEX_POINT ( 'NONE', #9592 ) ;
#8497 = VECTOR ( 'NONE', #9284, 1000.000000000000000 ) ;
#8498 = EDGE_LOOP ( 'NONE', ( #5940, #9707, #5580, #2891 ) ) ;
#8499 = CARTESIAN_POINT ( 'NONE',  ( -4.119942740832083700, 1.173896268997162200, 5.930000000000001500 ) ) ;
#8500 = DIRECTION ( 'NONE',  ( 1.000000000000000000, 0.0000000000000000000, 0.0000000000000000000 ) ) ;
#8501 = LINE ( 'NONE', #89, #2230 ) ;
#8502 = EDGE_CURVE ( 'NONE', #1450, #6286, #8622, .T. ) ;
#8503 = CIRCLE ( 'NONE', #3092, 0.2852191065223050300 ) ;
#8504 = DIRECTION ( 'NONE',  ( 1.000000000000000000, 0.0000000000000000000, 0.0000000000000000000 ) ) ;
#8505 = CARTESIAN_POINT ( 'NONE',  ( 3.759999999999999800, 1.450000000000000200, -1.689999999999999700 ) ) ;
#8506 = EDGE_CURVE ( 'NONE', #549, #5883, #6052, .T. ) ;
#8507 = EDGE_LOOP ( 'NONE', ( #7148, #1866, #2506, #1241 ) ) ;
#8508 = ORIENTED_EDGE ( 'NONE', *, *, #1903, .F. ) ;
#8509 = LINE ( 'NONE', #5038, #6425 ) ;
#8510 = ORIENTED_EDGE ( 'NONE', *, *, #6817, .F. ) ;
#8511 = ORIENTED_EDGE ( 'NONE', *, *, #8638, .F. ) ;
#8512 = VECTOR ( 'NONE', #5518, 1000.000000000000000 ) ;
#8513 = LINE ( 'NONE', #2313, #8632 ) ;
#8514 = DIRECTION ( 'NONE',  ( 0.0000000000000000000, 1.000000000000000000, 0.0000000000000000000 ) ) ;
#8515 = DIRECTION ( 'NONE',  ( -0.2588190451025207900, 0.9659258262890683100, -0.0000000000000000000 ) ) ;
#8516 = CARTESIAN_POINT ( 'NONE',  ( 3.760000000000004700, 1.200000000000000200, 6.412500000000001400 ) ) ;
#8517 = AXIS2_PLACEMENT_3D ( 'NONE', #805, #6218, #2222 ) ;
#8518 = EDGE_LOOP ( 'NONE', ( #6829, #2179, #7323, #8720 ) ) ;
#8519 = EDGE_CURVE ( 'NONE', #4095, #2827, #5084, .T. ) ;
#8520 = ORIENTED_EDGE ( 'NONE', *, *, #847, .F. ) ;
#8521 = CARTESIAN_POINT ( 'NONE',  ( -5.202500000000000600, 0.2493910125649564100, -5.929999999999999700 ) ) ;
#8522 = ADVANCED_FACE ( 'NONE', ( #2098 ), #2868, .T. ) ;
#8523 = LINE ( 'NONE', #3982, #185 ) ;
#8524 = DIRECTION ( 'NONE',  ( 0.0000000000000000000, 0.0000000000000000000, 1.000000000000000000 ) ) ;
#8525 = CYLINDRICAL_SURFACE ( 'NONE', #5610, 0.2852191065223037600 ) ;
#8526 = CARTESIAN_POINT ( 'NONE',  ( -4.119942740832083700, 1.173896268997162200, 3.390000000000000600 ) ) ;
#8527 = ORIENTED_EDGE ( 'NONE', *, *, #6800, .T. ) ;
#8528 = VERTEX_POINT ( 'NONE', #7441 ) ;
#8529 = LINE ( 'NONE', #617, #4600 ) ;
#8530 = DIRECTION ( 'NONE',  ( -1.000000000000000000, 0.0000000000000000000, 0.0000000000000000000 ) ) ;
#8531 = ORIENTED_EDGE ( 'NONE', *, *, #2860, .F. ) ;
#8532 = DIRECTION ( 'NONE',  ( -1.000000000000000000, 0.0000000000000000000, 0.0000000000000000000 ) ) ;
#8533 = MECHANICAL_DESIGN_GEOMETRIC_PRESENTATION_REPRESENTATION (  '', ( #2744 ), #6362 ) ;
#8534 = LINE ( 'NONE', #7388, #3237 ) ;
#8535 = DIRECTION ( 'NONE',  ( -1.000000000000000000, 0.0000000000000000000, 0.0000000000000000000 ) ) ;
#8536 = ADVANCED_FACE ( 'NONE', ( #2464 ), #8860, .T. ) ;
#8537 = AXIS2_PLACEMENT_3D ( 'NONE', #2495, #967, #1003 ) ;
#8538 = DIRECTION ( 'NONE',  ( -0.0000000000000000000, -0.0000000000000000000, -1.000000000000000000 ) ) ;
#8539 = CARTESIAN_POINT ( 'NONE',  ( 4.085923696263362700, 1.164780893477695100, -0.8499999999999992000 ) ) ;
#8540 = VERTEX_POINT ( 'NONE', #2769 ) ;
#8541 = CARTESIAN_POINT ( 'NONE',  ( -4.361424197404348400, 1.238601030272792100, -2.959999999999999500 ) ) ;
#8542 = VERTEX_POINT ( 'NONE', #9852 ) ;
#8543 = ORIENTED_EDGE ( 'NONE', *, *, #3968, .F. ) ;
#8544 = VERTEX_POINT ( 'NONE', #8307 ) ;
#8545 = LINE ( 'NONE', #8623, #1643 ) ;
#8546 = ORIENTED_EDGE ( 'NONE', *, *, #3303, .F. ) ;
#8547 = DIRECTION ( 'NONE',  ( 0.9975640502598246400, -0.06975647374411952900, 0.0000000000000000000 ) ) ;
#8548 = AXIS2_PLACEMENT_3D ( 'NONE', #7607, #8308, #2109 ) ;
#8549 = ORIENTED_EDGE ( 'NONE', *, *, #1932, .T. ) ;
#8550 = CARTESIAN_POINT ( 'NONE',  ( 4.361424197404351100, 1.238601030272792600, -3.389999999999999200 ) ) ;
#8551 = EDGE_CURVE ( 'NONE', #3621, #7078, #8731, .T. ) ;
#8552 = DIRECTION ( 'NONE',  ( -0.06975647374411746100, 0.9975640502598247500, 0.0000000000000000000 ) ) ;
#8553 = AXIS2_PLACEMENT_3D ( 'NONE', #6754, #557, #5193 ) ;
#8554 = EDGE_LOOP ( 'NONE', ( #9639, #8868, #7326, #4142 ) ) ;
#8555 = LINE ( 'NONE', #9238, #6465 ) ;
#8556 = DIRECTION ( 'NONE',  ( -0.0000000000000000000, -0.0000000000000000000, -1.000000000000000000 ) ) ;
#8557 = CARTESIAN_POINT ( 'NONE',  ( 4.640543740461574800, 0.2886868222461741500, 1.690000000000000600 ) ) ;
#8558 = ORIENTED_EDGE ( 'NONE', *, *, #3978, .T. ) ;
#8559 = ORIENTED_EDGE ( 'NONE', *, *, #7856, .T. ) ;
#8560 = DIRECTION ( 'NONE',  ( -0.0000000000000000000, -0.0000000000000000000, -1.000000000000000000 ) ) ;
#8561 = CARTESIAN_POINT ( 'NONE',  ( -3.759999999999999300, 1.450000000000000400, -4.229999999999999500 ) ) ;
#8562 = ORIENTED_EDGE ( 'NONE', *, *, #3737, .T. ) ;
#8563 = VECTOR ( 'NONE', #6695, 1000.000000000000000 ) ;
#8564 = VERTEX_POINT ( 'NONE', #9784 ) ;
#8565 = EDGE_CURVE ( 'NONE', #9083, #3697, #2962, .T. ) ;
#8566 = ORIENTED_EDGE ( 'NONE', *, *, #3635, .F. ) ;
#8567 = EDGE_CURVE ( 'NONE', #9807, #5970, #50, .T. ) ;
#8568 = DIRECTION ( 'NONE',  ( -0.0000000000000000000, -0.0000000000000000000, -1.000000000000000000 ) ) ;
#8569 = PLANE ( 'NONE',  #5152 ) ;
#8570 = CARTESIAN_POINT ( 'NONE',  ( -4.085923696263362700, 1.200000000000000400, 2.120000000000000600 ) ) ;
#8571 = CARTESIAN_POINT ( 'NONE',  ( -0.4300000000000000500, 0.0000000000000000000, 1.654999999999999800 ) ) ;
#8572 = ADVANCED_FACE ( 'NONE', ( #1869 ), #5190, .F. ) ;
#8573 = LINE ( 'NONE', #7591, #7086 ) ;
#8574 = DIRECTION ( 'NONE',  ( -1.000000000000000000, 0.0000000000000000000, 0.0000000000000000000 ) ) ;
#8575 = ORIENTED_EDGE ( 'NONE', *, *, #2385, .T. ) ;
#8576 = STYLED_ITEM ( 'NONE', ( #6815 ), #6674 ) ;
#8577 = EDGE_CURVE ( 'NONE', #5379, #6870, #6658, .T. ) ;
#8578 = EDGE_CURVE ( 'NONE', #6905, #9702, #3454, .T. ) ;
#8579 = VECTOR ( 'NONE', #5785, 1000.000000000000000 ) ;
#8580 = CARTESIAN_POINT ( 'NONE',  ( 4.119942740832083700, 1.173896268997162200, -2.119999999999999700 ) ) ;
#8581 = VERTEX_POINT ( 'NONE', #7542 ) ;
#8582 = VECTOR ( 'NONE', #7341, 1000.000000000000200 ) ;
#8583 = ADVANCED_FACE ( 'NONE', ( #3953 ), #9107, .F. ) ;
#8584 = ORIENTED_EDGE ( 'NONE', *, *, #6914, .T. ) ;
#8585 = CARTESIAN_POINT ( 'NONE',  ( -5.202500000000000600, 0.2493910125649564100, 1.690000000000000600 ) ) ;
#8586 = VERTEX_POINT ( 'NONE', #5886 ) ;
#8587 = EDGE_CURVE ( 'NONE', #5762, #3759, #9944, .T. ) ;
#8588 = CARTESIAN_POINT ( 'NONE',  ( -4.643000501140988900, 0.3238201367950973600, -4.229999999999999500 ) ) ;
#8589 = CIRCLE ( 'NONE', #5534, 0.2852191065223050300 ) ;
#8590 = CARTESIAN_POINT ( 'NONE',  ( -3.760000000000000200, 1.200000000000000200, 6.412500000000003200 ) ) ;
#8591 = CARTESIAN_POINT ( 'NONE',  ( 5.202500000000000600, 0.2493910125649557200, 4.660000000000001000 ) ) ;
#8592 = CIRCLE ( 'NONE', #3813, 0.2852191065223050300 ) ;
#8593 = DIRECTION ( 'NONE',  ( 6.653104299660446400E-016, 1.000000000000000000, -0.0000000000000000000 ) ) ;
#8594 = ORIENTED_EDGE ( 'NONE', *, *, #3782, .T. ) ;
#8595 = VERTEX_POINT ( 'NONE', #6008 ) ;
#8596 = DIRECTION ( 'NONE',  ( -0.0000000000000000000, -0.0000000000000000000, -1.000000000000000000 ) ) ;
#8597 = DIRECTION ( 'NONE',  ( 0.0000000000000000000, 0.0000000000000000000, 1.000000000000000000 ) ) ;
#8598 = VERTEX_POINT ( 'NONE', #7569 ) ;
#8599 = CARTESIAN_POINT ( 'NONE',  ( 4.085923696263362700, 1.200000000000000600, -0.4199999999999993700 ) ) ;
#8600 = LINE ( 'NONE', #5844, #8476 ) ;
#8601 = CARTESIAN_POINT ( 'NONE',  ( 4.085923696263362700, 1.164780893477695100, 0.4200000000000010900 ) ) ;
#8602 = LINE ( 'NONE', #2802, #5799 ) ;
#8603 = DIRECTION ( 'NONE',  ( -6.653104299660455300E-016, -1.000000000000000000, 0.0000000000000000000 ) ) ;
#8604 = CARTESIAN_POINT ( 'NONE',  ( -4.643000501140988900, 0.3238201367950973600, 3.390000000000000600 ) ) ;
#8605 = ORIENTED_EDGE ( 'NONE', *, *, #9893, .T. ) ;
#8606 = ORIENTED_EDGE ( 'NONE', *, *, #101, .T. ) ;
#8607 = CARTESIAN_POINT ( 'NONE',  ( -4.085923696263362700, 1.164780893477695100, 0.8500000000000009800 ) ) ;
#8608 = EDGE_CURVE ( 'NONE', #8895, #7109, #523, .T. ) ;
#8609 = AXIS2_PLACEMENT_3D ( 'NONE', #1570, #7073, #9422 ) ;
#8610 = VERTEX_POINT ( 'NONE', #5103 ) ;
#8611 = CARTESIAN_POINT ( 'NONE',  ( -4.361424197404348400, 1.238601030272792100, -2.119999999999999700 ) ) ;
#8612 = VECTOR ( 'NONE', #6648, 1000.000000000000000 ) ;
#8613 = VECTOR ( 'NONE', #5781, 1000.000000000000000 ) ;
#8614 = DIRECTION ( 'NONE',  ( 0.9659258262890683100, 0.2588190451025207900, -0.0000000000000000000 ) ) ;
#8615 = CARTESIAN_POINT ( 'NONE',  ( -4.640543740461573900, 0.2886868222461744200, 0.8500000000000009800 ) ) ;
#8616 = ORIENTED_EDGE ( 'NONE', *, *, #8875, .T. ) ;
#8617 = ORIENTED_EDGE ( 'NONE', *, *, #2119, .T. ) ;
#8618 = FACE_OUTER_BOUND ( 'NONE', #80, .T. ) ;
#8619 = VERTEX_POINT ( 'NONE', #1950 ) ;
#8620 = DIRECTION ( 'NONE',  ( 0.2588190451025207900, -0.9659258262890683100, 0.0000000000000000000 ) ) ;
#8621 = AXIS2_PLACEMENT_3D ( 'NONE', #3453, #4258, #8179 ) ;
#8622 = LINE ( 'NONE', #4324, #1260 ) ;
#8623 = CARTESIAN_POINT ( 'NONE',  ( -4.361424197404348400, 1.238601030272792100, 3.390000000000000600 ) ) ;
#8624 = SURFACE_STYLE_FILL_AREA ( #4543 ) ;
#8625 = DIRECTION ( 'NONE',  ( -0.0000000000000000000, -0.0000000000000000000, -1.000000000000000000 ) ) ;
#8626 = EDGE_CURVE ( 'NONE', #1254, #8619, #7392, .T. ) ;
#8627 = DIRECTION ( 'NONE',  ( 1.000000000000000000, -0.0000000000000000000, 4.170008355713481600E-016 ) ) ;
#8628 = ORIENTED_EDGE ( 'NONE', *, *, #6729, .F. ) ;
#8629 = VECTOR ( 'NONE', #2941, 1000.000000000000000 ) ;
#8630 = VERTEX_POINT ( 'NONE', #4593 ) ;
#8631 = LINE ( 'NONE', #3652, #4440 ) ;
#8632 = VECTOR ( 'NONE', #7820, 1000.000000000000100 ) ;
#8633 = DIRECTION ( 'NONE',  ( -0.0000000000000000000, -0.0000000000000000000, -1.000000000000000000 ) ) ;
#8634 = CARTESIAN_POINT ( 'NONE',  ( 5.202500000000000600, 0.2493910125649557200, 3.390000000000000600 ) ) ;
#8635 = ADVANCED_FACE ( 'NONE', ( #9710 ), #1324, .F. ) ;
#8636 = DIRECTION ( 'NONE',  ( -1.000000000000000000, 0.0000000000000000000, 0.0000000000000000000 ) ) ;
#8637 = CARTESIAN_POINT ( 'NONE',  ( -5.202500000000000600, 0.2493910125649564100, 4.660000000000001000 ) ) ;
#8638 = EDGE_CURVE ( 'NONE', #1070, #9017, #6899, .T. ) ;
#8639 = LINE ( 'NONE', #731, #9608 ) ;
#8640 = LINE ( 'NONE', #9182, #9609 ) ;
#8641 = DIRECTION ( 'NONE',  ( 1.000000000000000000, -6.653104299660455300E-016, 0.0000000000000000000 ) ) ;
#8642 = EDGE_CURVE ( 'NONE', #4017, #663, #1142, .T. ) ;
#8643 = ORIENTED_EDGE ( 'NONE', *, *, #6035, .T. ) ;
#8644 = CIRCLE ( 'NONE', #1064, 0.2852191065223042000 ) ;
#8645 = CARTESIAN_POINT ( 'NONE',  ( 3.591350998357135000, 2.649999999999998600, 6.412500000000001400 ) ) ;
#8646 = CARTESIAN_POINT ( 'NONE',  ( -3.759999999999999300, 1.450000000000000400, -4.229999999999999500 ) ) ;
#8647 = ORIENTED_EDGE ( 'NONE', *, *, #9493, .F. ) ;
#8648 = ORIENTED_EDGE ( 'NONE', *, *, #2783, .F. ) ;
#8649 = COLOUR_RGB ( '',0.7921568627450980000, 0.8196078431372548800, 0.9333333333333333500 ) ;
#8650 = ORIENTED_EDGE ( 'NONE', *, *, #6398, .T. ) ;
#8651 = FACE_OUTER_BOUND ( 'NONE', #8013, .T. ) ;
#8652 = AXIS2_PLACEMENT_3D ( 'NONE', #1850, #8275, #9013 ) ;
#8653 = EDGE_CURVE ( 'NONE', #8371, #3267, #4562, .T. ) ;
#8654 = DIRECTION ( 'NONE',  ( 1.000000000000000000, 0.0000000000000000000, 0.0000000000000000000 ) ) ;
#8655 = DIRECTION ( 'NONE',  ( -0.0000000000000000000, -0.0000000000000000000, -1.000000000000000000 ) ) ;
#8656 = LINE ( 'NONE', #9555, #7426 ) ;
#8657 = ORIENTED_EDGE ( 'NONE', *, *, #6147, .T. ) ;
#8658 = CYLINDRICAL_SURFACE ( 'NONE', #2482, 0.03521910652230526200 ) ;
#8659 = VERTEX_POINT ( 'NONE', #1399 ) ;
#8660 = CARTESIAN_POINT ( 'NONE',  ( 5.202500000000000600, 0.2493910125649557200, 3.390000000000000600 ) ) ;
#8661 = EDGE_CURVE ( 'NONE', #6300, #3879, #9347, .T. ) ;
#8662 = ORIENTED_EDGE ( 'NONE', *, *, #3690, .F. ) ;
#8663 = VECTOR ( 'NONE', #6332, 1000.000000000000000 ) ;
#8664 = AXIS2_PLACEMENT_3D ( 'NONE', #2260, #3031, #10008 ) ;
#8665 = ORIENTED_EDGE ( 'NONE', *, *, #809, .T. ) ;
#8666 = ADVANCED_FACE ( 'NONE', ( #895 ), #5200, .F. ) ;
#8667 = ORIENTED_EDGE ( 'NONE', *, *, #6861, .T. ) ;
#8668 = ORIENTED_EDGE ( 'NONE', *, *, #1089, .T. ) ;
#8669 = CARTESIAN_POINT ( 'NONE',  ( -5.185060881563971200, -2.641625050904819800E-019, -1.689999999999999700 ) ) ;
#8670 = CARTESIAN_POINT ( 'NONE',  ( -4.643000501140988900, 0.3238201367950973600, 4.660000000000001000 ) ) ;
#8671 = EDGE_LOOP ( 'NONE', ( #10005, #6592, #1967, #9307 ) ) ;
#8672 = LINE ( 'NONE', #3271, #5631 ) ;
#8673 = ORIENTED_EDGE ( 'NONE', *, *, #3227, .T. ) ;
#8674 = EDGE_CURVE ( 'NONE', #5151, #3879, #4322, .T. ) ;
#8675 = CARTESIAN_POINT ( 'NONE',  ( 4.085923696263362700, 1.450000000000000000, -0.4199999999999993700 ) ) ;
#8676 = VERTEX_POINT ( 'NONE', #6136 ) ;
#8677 = EDGE_CURVE ( 'NONE', #6696, #8496, #8489, .T. ) ;
#8678 = VERTEX_POINT ( 'NONE', #8456 ) ;
#8679 = PRESENTATION_LAYER_ASSIGNMENT (  '', '', ( #8177 ) ) ;
#8680 = ADVANCED_FACE ( 'NONE', ( #3203 ), #5294, .F. ) ;
#8681 = DIRECTION ( 'NONE',  ( -0.0000000000000000000, -0.0000000000000000000, -1.000000000000000000 ) ) ;
#8682 = CARTESIAN_POINT ( 'NONE',  ( -3.759999999999999300, 1.450000000000000400, 5.930000000000001500 ) ) ;
#8683 = CARTESIAN_POINT ( 'NONE',  ( -4.085923696263362700, 1.449999999999999300, -5.500000000000000000 ) ) ;
#8684 = DIRECTION ( 'NONE',  ( -0.0000000000000000000, -0.0000000000000000000, -1.000000000000000000 ) ) ;
#8685 = LINE ( 'NONE', #6649, #5765 ) ;
#8686 = DIRECTION ( 'NONE',  ( -0.0000000000000000000, -0.0000000000000000000, -1.000000000000000000 ) ) ;
#8687 = ORIENTED_EDGE ( 'NONE', *, *, #2042, .T. ) ;
#8688 = EDGE_CURVE ( 'NONE', #3192, #8225, #7026, .T. ) ;
#8689 = VECTOR ( 'NONE', #1098, 1000.000000000000000 ) ;
#8690 = FACE_OUTER_BOUND ( 'NONE', #3936, .T. ) ;
#8691 = EDGE_CURVE ( 'NONE', #5328, #6322, #4956, .T. ) ;
#8692 = DIRECTION ( 'NONE',  ( -1.000000000000000000, -6.653104299660446400E-016, 0.0000000000000000000 ) ) ;
#8693 = ORIENTED_EDGE ( 'NONE', *, *, #3671, .F. ) ;
#8694 = CARTESIAN_POINT ( 'NONE',  ( -4.643000501140988900, 0.3238201367950973600, -0.4199999999999993700 ) ) ;
#8695 = EDGE_LOOP ( 'NONE', ( #9257, #6644, #7667, #1394, #9691, #8527, #9267, #9041, #6422, #3772, #6233, #8823 ) ) ;
#8696 = DIRECTION ( 'NONE',  ( 0.0000000000000000000, -0.0000000000000000000, -1.000000000000000000 ) ) ;
#8697 =( NAMED_UNIT ( * ) SI_UNIT ( $, .STERADIAN. ) SOLID_ANGLE_UNIT ( ) );
#8698 = CARTESIAN_POINT ( 'NONE',  ( -4.085923696263362700, 1.200000000000000400, -4.659999999999999300 ) ) ;
#8699 = VERTEX_POINT ( 'NONE', #3750 ) ;
#8700 = FACE_OUTER_BOUND ( 'NONE', #3104, .T. ) ;
#8701 = VERTEX_POINT ( 'NONE', #9269 ) ;
#8702 = SURFACE_STYLE_FILL_AREA ( #4036 ) ;
#8703 = EDGE_CURVE ( 'NONE', #6528, #1072, #4696, .T. ) ;
#8704 = DIRECTION ( 'NONE',  ( -0.0000000000000000000, -0.0000000000000000000, -1.000000000000000000 ) ) ;
#8705 = CARTESIAN_POINT ( 'NONE',  ( -4.085923696263362700, 1.164780893477695100, -3.389999999999999200 ) ) ;
#8706 = ORIENTED_EDGE ( 'NONE', *, *, #5698, .F. ) ;
#8707 = ORIENTED_EDGE ( 'NONE', *, *, #4006, .F. ) ;
#8708 = CIRCLE ( 'NONE', #2545, 0.2852191065223054800 ) ;
#8709 = VECTOR ( 'NONE', #8882, 1000.000000000000100 ) ;
#8710 = CARTESIAN_POINT ( 'NONE',  ( 3.759999999999999800, 1.450000000000000200, 4.230000000000001300 ) ) ;
#8711 = VECTOR ( 'NONE', #5002, 1000.000000000000000 ) ;
#8712 = CARTESIAN_POINT ( 'NONE',  ( 0.4299999999999999400, 0.0000000000000000000, -1.785000000000000100 ) ) ;
#8713 = ADVANCED_FACE ( 'NONE', ( #3331 ), #7056, .F. ) ;
#8714 = DIRECTION ( 'NONE',  ( 0.2588190451025207900, -0.9659258262890683100, 0.0000000000000000000 ) ) ;
#8715 = DIRECTION ( 'NONE',  ( -1.000000000000000000, 0.0000000000000000000, 0.0000000000000000000 ) ) ;
#8716 = CARTESIAN_POINT ( 'NONE',  ( 4.085923696263362700, 1.164780893477695100, 4.660000000000001000 ) ) ;
#8717 = ORIENTED_EDGE ( 'NONE', *, *, #1221, .T. ) ;
#8718 = VERTEX_POINT ( 'NONE', #7745 ) ;
#8719 = EDGE_CURVE ( 'NONE', #4386, #2264, #3193, .T. ) ;
#8720 = ORIENTED_EDGE ( 'NONE', *, *, #52, .T. ) ;
#8721 = LINE ( 'NONE', #6915, #2454 ) ;
#8722 = VECTOR ( 'NONE', #2088, 1000.000000000000000 ) ;
#8723 = VERTEX_POINT ( 'NONE', #4729 ) ;
#8724 = DIRECTION ( 'NONE',  ( 1.000000000000000000, -6.653104299660455300E-016, 0.0000000000000000000 ) ) ;
#8725 = VERTEX_POINT ( 'NONE', #2337 ) ;
#8726 = ADVANCED_FACE ( 'NONE', ( #3320 ), #4652, .F. ) ;
#8727 = VERTEX_POINT ( 'NONE', #9137 ) ;
#8728 = PLANE ( 'NONE',  #2349 ) ;
#8729 = PLANE ( 'NONE',  #3468 ) ;
#8730 = DIRECTION ( 'NONE',  ( 1.000000000000000000, 0.0000000000000000000, 0.0000000000000000000 ) ) ;
#8731 = LINE ( 'NONE', #9015, #8146 ) ;
#8732 = FILL_AREA_STYLE_COLOUR ( '', #6692 ) ;
#8733 = FACE_OUTER_BOUND ( 'NONE', #1464, .T. ) ;
#8734 = DIRECTION ( 'NONE',  ( -1.734723475976807100E-015, -1.000000000000000000, 0.0000000000000000000 ) ) ;
#8735 = VECTOR ( 'NONE', #4245, 1000.000000000000000 ) ;
#8736 = CARTESIAN_POINT ( 'NONE',  ( -4.085923696263362700, 1.164780893477695100, 5.500000000000001800 ) ) ;
#8737 = AXIS2_PLACEMENT_3D ( 'NONE', #5334, #8538, #3862 ) ;
#8738 = CARTESIAN_POINT ( 'NONE',  ( 3.759999999999999300, 1.200000000000000200, 1.690000000000000600 ) ) ;
#8739 = DIRECTION ( 'NONE',  ( 0.0000000000000000000, -1.000000000000000000, 0.0000000000000000000 ) ) ;
#8740 = EDGE_CURVE ( 'NONE', #7279, #2264, #2327, .T. ) ;
#8741 = EDGE_LOOP ( 'NONE', ( #6442, #4011, #3410, #2648 ) ) ;
#8742 = AXIS2_PLACEMENT_3D ( 'NONE', #3279, #5620, #2394 ) ;
#8743 = VERTEX_POINT ( 'NONE', #9405 ) ;
#8744 = DIRECTION ( 'NONE',  ( 1.000000000000000000, -1.734723475976807100E-015, 0.0000000000000000000 ) ) ;
#8745 = VECTOR ( 'NONE', #3810, 1000.000000000000100 ) ;
#8746 = VERTEX_POINT ( 'NONE', #7845 ) ;
#8747 = LINE ( 'NONE', #8044, #4575 ) ;
#8748 = VECTOR ( 'NONE', #2837, 1000.000000000000000 ) ;
#8749 = DIRECTION ( 'NONE',  ( -0.2588190451025207900, 0.9659258262890683100, -0.0000000000000000000 ) ) ;
#8750 = CARTESIAN_POINT ( 'NONE',  ( -4.085923696263362700, 1.164780893477695100, -0.8499999999999992000 ) ) ;
#8751 = CARTESIAN_POINT ( 'NONE',  ( -4.085923696263362700, 1.449999999999999300, 5.930000000000001500 ) ) ;
#8752 = EDGE_LOOP ( 'NONE', ( #5232, #9887, #2535, #2318 ) ) ;
#8753 = SURFACE_SIDE_STYLE ('',( #7163 ) ) ;
#8754 = MECHANICAL_DESIGN_GEOMETRIC_PRESENTATION_REPRESENTATION (  '', ( #7904 ), #3602 ) ;
#8755 = CARTESIAN_POINT ( 'NONE',  ( 4.085923696263362700, 1.164780893477695100, -3.389999999999999200 ) ) ;
#8756 = CARTESIAN_POINT ( 'NONE',  ( 3.759999999999999800, 1.450000000000000200, -0.4199999999999993700 ) ) ;
#8757 = LINE ( 'NONE', #9337, #6676 ) ;
#8758 = ORIENTED_EDGE ( 'NONE', *, *, #5354, .F. ) ;
#8759 = DIRECTION ( 'NONE',  ( -0.0000000000000000000, -0.0000000000000000000, 1.000000000000000000 ) ) ;
#8760 = CARTESIAN_POINT ( 'NONE',  ( 4.119942740832083700, 1.173896268997162200, -4.229999999999999500 ) ) ;
#8761 = EDGE_CURVE ( 'NONE', #7423, #5786, #7262, .T. ) ;
#8762 = VECTOR ( 'NONE', #2539, 1000.000000000000000 ) ;
#8763 = EDGE_CURVE ( 'NONE', #4219, #5977, #9086, .T. ) ;
#8764 = VECTOR ( 'NONE', #8115, 1000.000000000000000 ) ;
#8765 = PLANE ( 'NONE',  #2757 ) ;
#8766 = LINE ( 'NONE', #5735, #4598 ) ;
#8767 = CARTESIAN_POINT ( 'NONE',  ( 4.623104622025544500, 0.03929580968121807600, 4.230000000000001300 ) ) ;
#8768 = EDGE_CURVE ( 'NONE', #3892, #8678, #7013, .T. ) ;
#8769 = VERTEX_POINT ( 'NONE', #4762 ) ;
#8770 = EDGE_CURVE ( 'NONE', #4004, #1245, #2599, .T. ) ;
#8771 = VECTOR ( 'NONE', #7263, 1000.000000000000000 ) ;
#8772 = DIRECTION ( 'NONE',  ( 0.0000000000000000000, 0.0000000000000000000, 1.000000000000000000 ) ) ;
#8773 = EDGE_LOOP ( 'NONE', ( #571, #6744, #424, #9875 ) ) ;
#8774 = VECTOR ( 'NONE', #8851, 1000.000000000000000 ) ;
#8775 =( NAMED_UNIT ( * ) SI_UNIT ( $, .STERADIAN. ) SOLID_ANGLE_UNIT ( ) );
#8776 = CARTESIAN_POINT ( 'NONE',  ( -3.760000000000000200, -4.336808689942017700E-016, -6.243850998357132200 ) ) ;
#8777 = AXIS2_PLACEMENT_3D ( 'NONE', #326, #7316, #218 ) ;
#8778 = ORIENTED_EDGE ( 'NONE', *, *, #8172, .T. ) ;
#8779 = ORIENTED_EDGE ( 'NONE', *, *, #3175, .F. ) ;
#8780 = DIRECTION ( 'NONE',  ( 0.2588190451025207900, -0.9659258262890683100, 0.0000000000000000000 ) ) ;
#8781 =( GEOMETRIC_REPRESENTATION_CONTEXT ( 3 ) GLOBAL_UNCERTAINTY_ASSIGNED_CONTEXT ( ( #4523 ) ) GLOBAL_UNIT_ASSIGNED_CONTEXT ( ( #6312, #9448, #9351 ) ) REPRESENTATION_CONTEXT ( 'NONE', 'WORKASPACE' ) );
#8782 = ORIENTED_EDGE ( 'NONE', *, *, #819, .T. ) ;
#8783 = EDGE_CURVE ( 'NONE', #852, #507, #9334, .T. ) ;
#8784 = VECTOR ( 'NONE', #6195, 1000.000000000000000 ) ;
#8785 = ADVANCED_FACE ( 'NONE', ( #5187 ), #5931, .F. ) ;
#8786 = DIRECTION ( 'NONE',  ( -0.2588190451025207900, 0.9659258262890683100, -0.0000000000000000000 ) ) ;
#8787 = DIRECTION ( 'NONE',  ( -0.06975647374411952900, -0.9975640502598246400, 0.0000000000000000000 ) ) ;
#8788 = CARTESIAN_POINT ( 'NONE',  ( 3.759999999999999800, 1.450000000000000200, -1.689999999999999700 ) ) ;
#8789 = DIRECTION ( 'NONE',  ( 1.000000000000000000, 0.0000000000000000000, 0.0000000000000000000 ) ) ;
#8790 = ORIENTED_EDGE ( 'NONE', *, *, #6269, .F. ) ;
#8791 = EDGE_LOOP ( 'NONE', ( #3938, #429, #771, #2050, #918, #4907, #1828, #335, #793, #368, #10086, #1955 ) ) ;
#8792 = FACE_OUTER_BOUND ( 'NONE', #2795, .T. ) ;
#8793 = DIRECTION ( 'NONE',  ( 1.000000000000000000, 0.0000000000000000000, 0.0000000000000000000 ) ) ;
#8794 = CARTESIAN_POINT ( 'NONE',  ( 3.591350998357129200, -4.336808689942017700E-016, -6.412500000000003200 ) ) ;
#8795 = EDGE_LOOP ( 'NONE', ( #1531, #8511, #4408, #4999 ) ) ;
#8796 = CARTESIAN_POINT ( 'NONE',  ( -3.759999999999999300, 1.200000000000000200, 4.660000000000001000 ) ) ;
#8797 = DIRECTION ( 'NONE',  ( -0.9975640502598247500, -0.06975647374411807200, 0.0000000000000000000 ) ) ;
#8798 = ORIENTED_EDGE ( 'NONE', *, *, #6250, .F. ) ;
#8799 = UNCERTAINTY_MEASURE_WITH_UNIT (LENGTH_MEASURE( 1.000000000000000100E-005 ), #4010, 'distance_accuracy_value', 'NONE');
#8800 = VECTOR ( 'NONE', #2132, 1000.000000000000000 ) ;
#8801 = PLANE ( 'NONE',  #6699 ) ;
#8802 = CARTESIAN_POINT ( 'NONE',  ( -4.085923696263362700, 1.449999999999999300, -4.229999999999999500 ) ) ;
#8803 = ORIENTED_EDGE ( 'NONE', *, *, #1408, .T. ) ;
#8804 = DIRECTION ( 'NONE',  ( 0.0000000000000000000, -1.000000000000000000, 0.0000000000000000000 ) ) ;
#8805 = VERTEX_POINT ( 'NONE', #5636 ) ;
#8806 = CARTESIAN_POINT ( 'NONE',  ( -5.202500000000000600, 0.2493910125649564100, 4.230000000000001300 ) ) ;
#8807 = DIRECTION ( 'NONE',  ( 0.9659258262890673100, -0.2588190451025243500, 0.0000000000000000000 ) ) ;
#8808 = LINE ( 'NONE', #6707, #6614 ) ;
#8809 = DIRECTION ( 'NONE',  ( 1.000000000000000000, 0.0000000000000000000, 0.0000000000000000000 ) ) ;
#8810 = DIRECTION ( 'NONE',  ( -1.000000000000000000, 6.653104299660446400E-016, 0.0000000000000000000 ) ) ;
#8811 = EDGE_LOOP ( 'NONE', ( #2364, #4698, #3835, #8 ) ) ;
#8812 = AXIS2_PLACEMENT_3D ( 'NONE', #4854, #4027, #5634 ) ;
#8813 = CARTESIAN_POINT ( 'NONE',  ( 3.759999999999999300, 1.200000000000000200, 2.960000000000000900 ) ) ;
#8814 = ADVANCED_FACE ( 'NONE', ( #6280 ), #2444, .T. ) ;
#8815 = EDGE_LOOP ( 'NONE', ( #7281, #1226, #6341, #2611 ) ) ;
#8816 = VECTOR ( 'NONE', #3715, 1000.000000000000000 ) ;
#8817 = EDGE_LOOP ( 'NONE', ( #5527, #2949, #5383, #6039 ) ) ;
#8818 = LINE ( 'NONE', #8170, #3057 ) ;
#8819 = CARTESIAN_POINT ( 'NONE',  ( 3.759999999999999300, 1.200000000000000200, -6.412500000000003200 ) ) ;
#8820 = ORIENTED_EDGE ( 'NONE', *, *, #6890, .T. ) ;
#8821 = EDGE_CURVE ( 'NONE', #7711, #606, #7622, .T. ) ;
#8822 = VERTEX_POINT ( 'NONE', #4140 ) ;
#8823 = ORIENTED_EDGE ( 'NONE', *, *, #6381, .T. ) ;
#8824 = SURFACE_STYLE_USAGE ( .BOTH. , #2330 ) ;
#8825 = EDGE_CURVE ( 'NONE', #2225, #8259, #276, .T. ) ;
#8826 = CARTESIAN_POINT ( 'NONE',  ( 4.643000501140988900, 0.3238201367950973600, 0.8500000000000009800 ) ) ;
#8827 = CARTESIAN_POINT ( 'NONE',  ( -4.085923696263362700, 1.449999999999999300, 1.690000000000000600 ) ) ;
#8828 = VECTOR ( 'NONE', #7691, 1000.000000000000000 ) ;
#8829 = LINE ( 'NONE', #9851, #8964 ) ;
#8830 = DIRECTION ( 'NONE',  ( 1.000000000000000000, -1.734723475976807100E-015, 0.0000000000000000000 ) ) ;
#8831 = ADVANCED_FACE ( 'NONE', ( #2830 ), #765, .F. ) ;
#8832 = DIRECTION ( 'NONE',  ( 0.9975640502598248600, 0.06975647374411747500, -0.0000000000000000000 ) ) ;
#8833 =( LENGTH_UNIT ( ) NAMED_UNIT ( * ) SI_UNIT ( .MILLI., .METRE. ) );
#8834 = EDGE_LOOP ( 'NONE', ( #9476, #9562, #3389, #2072 ) ) ;
#8835 = CARTESIAN_POINT ( 'NONE',  ( 5.202500000000000600, 0.2493910125649557200, 3.390000000000000600 ) ) ;
#8836 = VERTEX_POINT ( 'NONE', #5739 ) ;
#8837 = DIRECTION ( 'NONE',  ( -0.0000000000000000000, -0.0000000000000000000, -1.000000000000000000 ) ) ;
#8838 = VERTEX_POINT ( 'NONE', #1686 ) ;
#8839 = CARTESIAN_POINT ( 'NONE',  ( -4.623104622025544500, 0.03929580968121807600, -0.8499999999999992000 ) ) ;
#8840 = EDGE_CURVE ( 'NONE', #6111, #3924, #3939, .T. ) ;
#8841 = ADVANCED_FACE ( 'NONE', ( #1249 ), #8728, .F. ) ;
#8842 = PLANE ( 'NONE',  #9812 ) ;
#8843 = PLANE ( 'NONE',  #4211 ) ;
#8844 = ORIENTED_EDGE ( 'NONE', *, *, #3367, .T. ) ;
#8845 = VERTEX_POINT ( 'NONE', #6473 ) ;
#8846 = ORIENTED_EDGE ( 'NONE', *, *, #7144, .T. ) ;
#8847 = VECTOR ( 'NONE', #9440, 1000.000000000000000 ) ;
#8848 = CARTESIAN_POINT ( 'NONE',  ( 3.759999999999999300, 1.200000000000000200, 4.230000000000001300 ) ) ;
#8849 = DIRECTION ( 'NONE',  ( -0.0000000000000000000, -0.0000000000000000000, -1.000000000000000000 ) ) ;
#8850 = VECTOR ( 'NONE', #9634, 1000.000000000000000 ) ;
#8851 = DIRECTION ( 'NONE',  ( -0.0000000000000000000, -0.0000000000000000000, -1.000000000000000000 ) ) ;
#8852 = LINE ( 'NONE', #2882, #6889 ) ;
#8853 = DIRECTION ( 'NONE',  ( -0.0000000000000000000, -0.0000000000000000000, -1.000000000000000000 ) ) ;
#8854 = ORIENTED_EDGE ( 'NONE', *, *, #2810, .F. ) ;
#8855 = ORIENTED_EDGE ( 'NONE', *, *, #2706, .T. ) ;
#8856 = LINE ( 'NONE', #9118, #8512 ) ;
#8857 = AXIS2_PLACEMENT_3D ( 'NONE', #9463, #123, #2363 ) ;
#8858 = CARTESIAN_POINT ( 'NONE',  ( -4.640543740461573900, 0.2886868222461744200, 5.930000000000001500 ) ) ;
#8859 = ORIENTED_EDGE ( 'NONE', *, *, #63, .F. ) ;
#8860 = CYLINDRICAL_SURFACE ( 'NONE', #7871, 0.2852191065223037600 ) ;
#8861 = LINE ( 'NONE', #7548, #6780 ) ;
#8862 = ORIENTED_EDGE ( 'NONE', *, *, #8821, .T. ) ;
#8863 = CARTESIAN_POINT ( 'NONE',  ( 4.085923696263362700, 1.164780893477695100, 2.960000000000000900 ) ) ;
#8864 = CARTESIAN_POINT ( 'NONE',  ( 4.361424197404351100, 1.238601030272792600, -2.959999999999999500 ) ) ;
#8865 = CARTESIAN_POINT ( 'NONE',  ( 3.759999999999999800, 1.450000000000000200, -0.8499999999999992000 ) ) ;
#8866 = DIRECTION ( 'NONE',  ( -0.06975647374411816900, 0.9975640502598247500, 0.0000000000000000000 ) ) ;
#8867 = ORIENTED_EDGE ( 'NONE', *, *, #2430, .F. ) ;
#8868 = ORIENTED_EDGE ( 'NONE', *, *, #5274, .F. ) ;
#8869 = ORIENTED_EDGE ( 'NONE', *, *, #2461, .F. ) ;
#8870 =( NAMED_UNIT ( * ) PLANE_ANGLE_UNIT ( ) SI_UNIT ( $, .RADIAN. ) );
#8871 = CARTESIAN_POINT ( 'NONE',  ( -4.085923696263362700, 1.200000000000000400, 0.8500000000000009800 ) ) ;
#8872 = CIRCLE ( 'NONE', #3058, 0.03521910652230526200 ) ;
#8873 = ORIENTED_EDGE ( 'NONE', *, *, #3227, .F. ) ;
#8874 = CARTESIAN_POINT ( 'NONE',  ( -3.759999999999999300, 1.200000000000000200, -4.229999999999999500 ) ) ;
#8875 = EDGE_CURVE ( 'NONE', #5298, #3276, #6040, .T. ) ;
#8876 = VECTOR ( 'NONE', #5234, 1000.000000000000000 ) ;
#8877 = DIRECTION ( 'NONE',  ( -0.9975640502598247500, -0.06975647374411807200, 0.0000000000000000000 ) ) ;
#8878 = EDGE_CURVE ( 'NONE', #9278, #6656, #4199, .T. ) ;
#8879 = AXIS2_PLACEMENT_3D ( 'NONE', #1058, #2508, #2627 ) ;
#8880 = PLANE ( 'NONE',  #8449 ) ;
#8881 = EDGE_LOOP ( 'NONE', ( #8000, #6016, #3459, #403, #8010, #10043, #355, #629, #7428, #4272, #2784, #5362 ) ) ;
#8882 = DIRECTION ( 'NONE',  ( -0.2588190451025207900, 0.9659258262890683100, -0.0000000000000000000 ) ) ;
#8883 = ORIENTED_EDGE ( 'NONE', *, *, #7165, .T. ) ;
#8884 = FACE_OUTER_BOUND ( 'NONE', #6964, .T. ) ;
#8885 = VECTOR ( 'NONE', #840, 1000.000000000000100 ) ;
#8886 =( NAMED_UNIT ( * ) SI_UNIT ( $, .STERADIAN. ) SOLID_ANGLE_UNIT ( ) );
#8887 = ORIENTED_EDGE ( 'NONE', *, *, #9350, .F. ) ;
#8888 = VECTOR ( 'NONE', #4604, 1000.000000000000000 ) ;
#8889 = ADVANCED_FACE ( 'NONE', ( #3086 ), #1719, .T. ) ;
#8890 = DIRECTION ( 'NONE',  ( -0.0000000000000000000, -0.0000000000000000000, -1.000000000000000000 ) ) ;
#8891 = AXIS2_PLACEMENT_3D ( 'NONE', #6977, #2267, #1391 ) ;
#8892 = CARTESIAN_POINT ( 'NONE',  ( -4.361424197404348400, 1.238601030272792100, 2.120000000000000600 ) ) ;
#8893 = EDGE_LOOP ( 'NONE', ( #717, #4460, #5778, #6638 ) ) ;
#8894 = CARTESIAN_POINT ( 'NONE',  ( 4.085923696263362700, 1.450000000000000000, 5.930000000000001500 ) ) ;
#8895 = VERTEX_POINT ( 'NONE', #4030 ) ;
#8896 = EDGE_CURVE ( 'NONE', #4963, #7846, #7385, .T. ) ;
#8897 = LINE ( 'NONE', #6570, #2641 ) ;
#8898 = EDGE_CURVE ( 'NONE', #9217, #5520, #5452, .T. ) ;
#8899 = ORIENTED_EDGE ( 'NONE', *, *, #7311, .T. ) ;
#8900 = VECTOR ( 'NONE', #3041, 1000.000000000000000 ) ;
#8901 = ADVANCED_FACE ( 'NONE', ( #4683 ), #1650, .F. ) ;
#8902 = DIRECTION ( 'NONE',  ( 1.000000000000000000, 0.0000000000000000000, 0.0000000000000000000 ) ) ;
#8903 = ORIENTED_EDGE ( 'NONE', *, *, #4130, .F. ) ;
#8904 = DIRECTION ( 'NONE',  ( -1.000000000000000000, 0.0000000000000000000, 0.0000000000000000000 ) ) ;
#8905 = LINE ( 'NONE', #8337, #9020 ) ;
#8906 = DIRECTION ( 'NONE',  ( 0.0000000000000000000, -1.000000000000000000, 0.0000000000000000000 ) ) ;
#8907 = ORIENTED_EDGE ( 'NONE', *, *, #7311, .F. ) ;
#8908 = VECTOR ( 'NONE', #6913, 1000.000000000000000 ) ;
#8909 = CARTESIAN_POINT ( 'NONE',  ( 4.623104622025544500, 0.03929580968121807600, -0.4199999999999993700 ) ) ;
#8910 = EDGE_CURVE ( 'NONE', #4813, #9026, #9930, .T. ) ;
#8911 = CARTESIAN_POINT ( 'NONE',  ( 1.174999999999999600, 0.0000000000000000000, -1.655000000000000200 ) ) ;
#8912 = DIRECTION ( 'NONE',  ( -0.0000000000000000000, -0.0000000000000000000, -1.000000000000000000 ) ) ;
#8913 = ORIENTED_EDGE ( 'NONE', *, *, #4670, .T. ) ;
#8914 = CARTESIAN_POINT ( 'NONE',  ( 3.759999999999999300, 1.200000000000000200, -4.229999999999999500 ) ) ;
#8915 = ORIENTED_EDGE ( 'NONE', *, *, #8053, .T. ) ;
#8916 = DIRECTION ( 'NONE',  ( 1.000000000000000000, -1.734723475976807100E-015, 0.0000000000000000000 ) ) ;
#8917 = LINE ( 'NONE', #3136, #8663 ) ;
#8918 = DIRECTION ( 'NONE',  ( 0.2588190451025243500, 0.9659258262890673100, 0.0000000000000000000 ) ) ;
#8919 = PLANE ( 'NONE',  #9444 ) ;
#8920 = EDGE_LOOP ( 'NONE', ( #4501, #6718, #6096, #8883 ) ) ;
#8921 = EDGE_CURVE ( 'NONE', #3094, #6287, #7878, .T. ) ;
#8922 = EDGE_LOOP ( 'NONE', ( #1407, #5184, #1789, #8312 ) ) ;
#8923 = CARTESIAN_POINT ( 'NONE',  ( -5.202500000000000600, 0.2493910125649564100, 0.4200000000000010900 ) ) ;
#8924 = DIRECTION ( 'NONE',  ( -1.000000000000000000, 0.0000000000000000000, 0.0000000000000000000 ) ) ;
#8925 = CYLINDRICAL_SURFACE ( 'NONE', #714, 0.03521910652230526200 ) ;
#8926 = CARTESIAN_POINT ( 'NONE',  ( 1.174999999999999600, 0.0000000000000000000, -1.655000000000000200 ) ) ;
#8927 = ORIENTED_EDGE ( 'NONE', *, *, #2292, .F. ) ;
#8928 = VECTOR ( 'NONE', #474, 1000.000000000000000 ) ;
#8929 = CARTESIAN_POINT ( 'NONE',  ( -4.640543740461573900, 0.2886868222461744200, -0.8499999999999992000 ) ) ;
#8930 = ORIENTED_EDGE ( 'NONE', *, *, #9630, .F. ) ;
#8931 = CARTESIAN_POINT ( 'NONE',  ( -4.623104622025544500, 0.03929580968121807600, -0.4199999999999993700 ) ) ;
#8932 = PRESENTATION_LAYER_ASSIGNMENT (  '', '', ( #7891 ) ) ;
#8933 = DIRECTION ( 'NONE',  ( -0.0000000000000000000, -0.0000000000000000000, -1.000000000000000000 ) ) ;
#8934 = EDGE_CURVE ( 'NONE', #762, #1526, #511, .T. ) ;
#8935 = ADVANCED_FACE ( 'NONE', ( #37 ), #1968, .F. ) ;
#8936 = AXIS2_PLACEMENT_3D ( 'NONE', #9714, #3370, #8902 ) ;
#8937 = DIRECTION ( 'NONE',  ( -6.653104299660455300E-016, -1.000000000000000000, 0.0000000000000000000 ) ) ;
#8938 = DIRECTION ( 'NONE',  ( 0.2588190451025243500, 0.9659258262890673100, 0.0000000000000000000 ) ) ;
#8939 = DIRECTION ( 'NONE',  ( -0.0000000000000000000, -0.0000000000000000000, -1.000000000000000000 ) ) ;
#8940 = DIRECTION ( 'NONE',  ( -0.9975640502598246400, 0.06975647374411952900, -0.0000000000000000000 ) ) ;
#8941 = FACE_OUTER_BOUND ( 'NONE', #1398, .T. ) ;
#8942 = LINE ( 'NONE', #3304, #2562 ) ;
#8943 = DIRECTION ( 'NONE',  ( -0.0000000000000000000, -0.0000000000000000000, -1.000000000000000000 ) ) ;
#8944 = VERTEX_POINT ( 'NONE', #8236 ) ;
#8945 = VECTOR ( 'NONE', #6918, 1000.000000000000000 ) ;
#8946 = DIRECTION ( 'NONE',  ( 1.734723475976807100E-015, 1.000000000000000000, 0.0000000000000000000 ) ) ;
#8947 = DIRECTION ( 'NONE',  ( -0.0000000000000000000, -0.0000000000000000000, -1.000000000000000000 ) ) ;
#8948 = AXIS2_PLACEMENT_3D ( 'NONE', #7818, #798, #5574 ) ;
#8949 = ADVANCED_FACE ( 'NONE', ( #2085 ), #1860, .T. ) ;
#8950 = CARTESIAN_POINT ( 'NONE',  ( 4.085923696263362700, 1.200000000000000600, -5.500000000000000000 ) ) ;
#8951 = PLANE ( 'NONE',  #5412 ) ;
#8952 = ORIENTED_EDGE ( 'NONE', *, *, #4487, .F. ) ;
#8953 = SURFACE_SIDE_STYLE ('',( #4474 ) ) ;
#8954 = LINE ( 'NONE', #1077, #1453 ) ;
#8955 = STYLED_ITEM ( 'NONE', ( #7755 ), #5246 ) ;
#8956 = VECTOR ( 'NONE', #5499, 1000.000000000000000 ) ;
#8957 = VERTEX_POINT ( 'NONE', #9747 ) ;
#8958 = LINE ( 'NONE', #8874, #1837 ) ;
#8959 = PLANE ( 'NONE',  #3872 ) ;
#8960 = DIRECTION ( 'NONE',  ( 0.06975647374411746100, -0.9975640502598247500, 0.0000000000000000000 ) ) ;
#8961 = ORIENTED_EDGE ( 'NONE', *, *, #9843, .F. ) ;
#8962 = ORIENTED_EDGE ( 'NONE', *, *, #5523, .F. ) ;
#8963 = ORIENTED_EDGE ( 'NONE', *, *, #2159, .T. ) ;
#8964 = VECTOR ( 'NONE', #5224, 1000.000000000000000 ) ;
#8965 = CIRCLE ( 'NONE', #7503, 0.03521910652230526200 ) ;
#8966 = FACE_OUTER_BOUND ( 'NONE', #534, .T. ) ;
#8967 = EDGE_CURVE ( 'NONE', #7620, #2136, #8133, .T. ) ;
#8968 = EDGE_CURVE ( 'NONE', #6055, #8723, #3678, .T. ) ;
#8969 = CARTESIAN_POINT ( 'NONE',  ( 4.643000501140988900, 0.3238201367950973600, -0.4199999999999993700 ) ) ;
#8970 = VERTEX_POINT ( 'NONE', #5906 ) ;
#8971 = VERTEX_POINT ( 'NONE', #7335 ) ;
#8972 = ORIENTED_EDGE ( 'NONE', *, *, #2509, .F. ) ;
#8973 = DIRECTION ( 'NONE',  ( -1.000000000000000000, 0.0000000000000000000, 0.0000000000000000000 ) ) ;
#8974 = VECTOR ( 'NONE', #9868, 1000.000000000000000 ) ;
#8975 = DIRECTION ( 'NONE',  ( -1.734723475976807100E-015, -1.000000000000000000, 0.0000000000000000000 ) ) ;
#8976 = LINE ( 'NONE', #10110, #278 ) ;
#8977 = CARTESIAN_POINT ( 'NONE',  ( -4.085923696263362700, 1.164780893477695100, -1.689999999999999700 ) ) ;
#8978 = CARTESIAN_POINT ( 'NONE',  ( 0.4299999999999998800, 0.1000000000000002600, 1.654999999999999800 ) ) ;
#8979 = LINE ( 'NONE', #9003, #9933 ) ;
#8980 = AXIS2_PLACEMENT_3D ( 'NONE', #4415, #9879, #515 ) ;
#8981 = ORIENTED_EDGE ( 'NONE', *, *, #115, .F. ) ;
#8982 = DIRECTION ( 'NONE',  ( -0.06975647374411746100, 0.9975640502598247500, 0.0000000000000000000 ) ) ;
#8983 = AXIS2_PLACEMENT_3D ( 'NONE', #2990, #3619, #8472 ) ;
#8984 = ORIENTED_EDGE ( 'NONE', *, *, #2449, .F. ) ;
#8985 = EDGE_CURVE ( 'NONE', #7821, #6221, #5687, .T. ) ;
#8986 = ORIENTED_EDGE ( 'NONE', *, *, #9291, .F. ) ;
#8987 = CARTESIAN_POINT ( 'NONE',  ( -4.643000501140988900, 0.3238201367950973600, -4.229999999999999500 ) ) ;
#8988 = VECTOR ( 'NONE', #4661, 1000.000000000000000 ) ;
#8989 = CARTESIAN_POINT ( 'NONE',  ( 4.119942740832083700, 1.173896268997162200, -0.8499999999999992000 ) ) ;
#8990 = DIRECTION ( 'NONE',  ( -0.0000000000000000000, -0.0000000000000000000, -1.000000000000000000 ) ) ;
#8991 = CARTESIAN_POINT ( 'NONE',  ( -5.185060881563971200, -2.641625050904819800E-019, -2.119999999999999700 ) ) ;
#8992 = COLOUR_RGB ( '',0.7921568627450980000, 0.8196078431372548800, 0.9333333333333333500 ) ;
#8993 =( LENGTH_UNIT ( ) NAMED_UNIT ( * ) SI_UNIT ( .MILLI., .METRE. ) );
#8994 = ADVANCED_FACE ( 'NONE', ( #10067 ), #1165, .F. ) ;
#8995 = ORIENTED_EDGE ( 'NONE', *, *, #773, .T. ) ;
#8996 = VERTEX_POINT ( 'NONE', #3504 ) ;
#8997 = CARTESIAN_POINT ( 'NONE',  ( 4.640543740461574800, 0.2886868222461744800, -5.929999999999999700 ) ) ;
#8998 = ORIENTED_EDGE ( 'NONE', *, *, #9, .T. ) ;
#8999 = ADVANCED_FACE ( 'NONE', ( #6532 ), #1595, .F. ) ;
#9000 = CIRCLE ( 'NONE', #6561, 0.2852191065223050300 ) ;
#9001 = PRESENTATION_STYLE_ASSIGNMENT (( #9455 ) ) ;
#9002 = ORIENTED_EDGE ( 'NONE', *, *, #4767, .F. ) ;
#9003 = CARTESIAN_POINT ( 'NONE',  ( 4.623104622025544500, 0.03929580968121807600, -0.4199999999999993700 ) ) ;
#9004 = FACE_OUTER_BOUND ( 'NONE', #5052, .T. ) ;
#9005 = CARTESIAN_POINT ( 'NONE',  ( 4.119942740832083700, 1.173896268997162200, 5.500000000000001800 ) ) ;
#9006 = CARTESIAN_POINT ( 'NONE',  ( -4.085923696263362700, 1.164780893477695100, -2.959999999999999500 ) ) ;
#9007 = CARTESIAN_POINT ( 'NONE',  ( 0.4299999999999998800, 0.1000000000000002600, 1.654999999999999800 ) ) ;
#9008 = EDGE_CURVE ( 'NONE', #4481, #9262, #5559, .T. ) ;
#9009 = PLANE ( 'NONE',  #9052 ) ;
#9010 = EDGE_CURVE ( 'NONE', #2075, #6111, #4071, .T. ) ;
#9011 = VECTOR ( 'NONE', #990, 1000.000000000000000 ) ;
#9012 = AXIS2_PLACEMENT_3D ( 'NONE', #2568, #1043, #6562 ) ;
#9013 = DIRECTION ( 'NONE',  ( -1.000000000000000000, 0.0000000000000000000, 0.0000000000000000000 ) ) ;
#9014 = VERTEX_POINT ( 'NONE', #1197 ) ;
#9015 = CARTESIAN_POINT ( 'NONE',  ( 4.608981456572268000, 0.3147047612756303000, 0.8500000000000009800 ) ) ;
#9016 = DIRECTION ( 'NONE',  ( 0.2588190451025243500, 0.9659258262890673100, 0.0000000000000000000 ) ) ;
#9017 = VERTEX_POINT ( 'NONE', #3376 ) ;
#9018 = DIRECTION ( 'NONE',  ( -0.0000000000000000000, -0.0000000000000000000, -1.000000000000000000 ) ) ;
#9019 = DIRECTION ( 'NONE',  ( -0.0000000000000000000, -0.0000000000000000000, -1.000000000000000000 ) ) ;
#9020 = VECTOR ( 'NONE', #4452, 1000.000000000000000 ) ;
#9021 = ORIENTED_EDGE ( 'NONE', *, *, #1167, .T. ) ;
#9022 = CIRCLE ( 'NONE', #6578, 0.03521910652230526200 ) ;
#9023 = CARTESIAN_POINT ( 'NONE',  ( 0.4299999999999998300, 0.1000000000000000100, 1.784999999999999700 ) ) ;
#9024 = EDGE_CURVE ( 'NONE', #1565, #344, #8004, .T. ) ;
#9025 = EDGE_CURVE ( 'NONE', #1536, #1357, #3814, .T. ) ;
#9026 = VERTEX_POINT ( 'NONE', #4177 ) ;
#9027 = VECTOR ( 'NONE', #3928, 1000.000000000000000 ) ;
#9028 = DIRECTION ( 'NONE',  ( -4.170008355713481600E-016, -0.0000000000000000000, 1.000000000000000000 ) ) ;
#9029 = EDGE_LOOP ( 'NONE', ( #9909, #5546, #3802, #5386 ) ) ;
#9030 = DIRECTION ( 'NONE',  ( -1.000000000000000000, 6.653104299660446400E-016, 0.0000000000000000000 ) ) ;
#9031 = AXIS2_PLACEMENT_3D ( 'NONE', #908, #937, #4806 ) ;
#9032 = CARTESIAN_POINT ( 'NONE',  ( 3.759999999999999800, 1.450000000000000200, -1.689999999999999700 ) ) ;
#9033 = DIRECTION ( 'NONE',  ( 0.2588190451025243500, 0.9659258262890673100, 0.0000000000000000000 ) ) ;
#9034 = ORIENTED_EDGE ( 'NONE', *, *, #2997, .T. ) ;
#9035 = CARTESIAN_POINT ( 'NONE',  ( -4.643000501140988900, 0.3238201367950973600, 4.660000000000001000 ) ) ;
#9036 = EDGE_CURVE ( 'NONE', #2061, #5836, #9574, .T. ) ;
#9037 = LINE ( 'NONE', #3348, #5387 ) ;
#9038 = DIRECTION ( 'NONE',  ( -0.0000000000000000000, -0.0000000000000000000, -1.000000000000000000 ) ) ;
#9039 = ORIENTED_EDGE ( 'NONE', *, *, #146, .T. ) ;
#9040 = EDGE_LOOP ( 'NONE', ( #6114, #4875, #2938, #7992 ) ) ;
#9041 = ORIENTED_EDGE ( 'NONE', *, *, #7554, .T. ) ;
#9042 = ORIENTED_EDGE ( 'NONE', *, *, #9547, .F. ) ;
#9043 = LINE ( 'NONE', #2563, #6962 ) ;
#9044 = ADVANCED_FACE ( 'NONE', ( #7993 ), #9648, .F. ) ;
#9045 = CARTESIAN_POINT ( 'NONE',  ( 4.085923696263362700, 1.164780893477695100, 5.930000000000001500 ) ) ;
#9046 = DIRECTION ( 'NONE',  ( -0.2588190451025207900, 0.9659258262890683100, -0.0000000000000000000 ) ) ;
#9047 = DIRECTION ( 'NONE',  ( -1.000000000000000000, -6.653104299660446400E-016, 0.0000000000000000000 ) ) ;
#9048 = VERTEX_POINT ( 'NONE', #9130 ) ;
#9049 = DIRECTION ( 'NONE',  ( -1.000000000000000000, 0.0000000000000000000, 0.0000000000000000000 ) ) ;
#9050 = CARTESIAN_POINT ( 'NONE',  ( 4.623104622025544500, 0.03929580968121807600, -1.689999999999999700 ) ) ;
#9051 = EDGE_CURVE ( 'NONE', #8718, #9509, #8600, .T. ) ;
#9052 = AXIS2_PLACEMENT_3D ( 'NONE', #9753, #8398, #9780 ) ;
#9053 = LINE ( 'NONE', #5872, #3903 ) ;
#9054 = CARTESIAN_POINT ( 'NONE',  ( 4.643000501140988900, 0.3238201367950973600, 5.500000000000001800 ) ) ;
#9055 = EDGE_LOOP ( 'NONE', ( #1425, #1751, #526, #8487 ) ) ;
#9056 = ORIENTED_EDGE ( 'NONE', *, *, #4373, .F. ) ;
#9057 = EDGE_LOOP ( 'NONE', ( #5725, #1042, #5504, #2867 ) ) ;
#9058 = CARTESIAN_POINT ( 'NONE',  ( 1.174999999999999600, 0.1000000000000002600, 1.654999999999999800 ) ) ;
#9059 = CARTESIAN_POINT ( 'NONE',  ( -4.085923696263362700, 1.164780893477695100, -4.659999999999999300 ) ) ;
#9060 = PLANE ( 'NONE',  #6130 ) ;
#9061 = VECTOR ( 'NONE', #1175, 1000.000000000000000 ) ;
#9062 = CARTESIAN_POINT ( 'NONE',  ( 4.085923696263362700, 1.200000000000000600, -2.959999999999999500 ) ) ;
#9063 = ORIENTED_EDGE ( 'NONE', *, *, #1903, .T. ) ;
#9064 = CIRCLE ( 'NONE', #2423, 0.2852191065223042000 ) ;
#9065 = EDGE_CURVE ( 'NONE', #3293, #566, #5922, .T. ) ;
#9066 = AXIS2_PLACEMENT_3D ( 'NONE', #6059, #3698, #6025 ) ;
#9067 = DIRECTION ( 'NONE',  ( -0.0000000000000000000, -0.0000000000000000000, -1.000000000000000000 ) ) ;
#9068 = DIRECTION ( 'NONE',  ( 1.000000000000000000, 0.0000000000000000000, 0.0000000000000000000 ) ) ;
#9069 = VERTEX_POINT ( 'NONE', #2003 ) ;
#9070 = ORIENTED_EDGE ( 'NONE', *, *, #3106, .T. ) ;
#9071 = LINE ( 'NONE', #2815, #3297 ) ;
#9072 = CIRCLE ( 'NONE', #1488, 0.2852191065223054800 ) ;
#9073 = LINE ( 'NONE', #4984, #4918 ) ;
#9074 = DIRECTION ( 'NONE',  ( 1.000000000000000000, 0.0000000000000000000, 0.0000000000000000000 ) ) ;
#9075 = EDGE_CURVE ( 'NONE', #9768, #7802, #2822, .T. ) ;
#9076 = ORIENTED_EDGE ( 'NONE', *, *, #4281, .F. ) ;
#9077 = EDGE_LOOP ( 'NONE', ( #7208, #1348, #7123, #728 ) ) ;
#9078 = EDGE_CURVE ( 'NONE', #4963, #9069, #886, .T. ) ;
#9079 = ORIENTED_EDGE ( 'NONE', *, *, #6017, .F. ) ;
#9080 = VECTOR ( 'NONE', #6740, 1000.000000000000000 ) ;
#9081 = DIRECTION ( 'NONE',  ( -0.0000000000000000000, -0.0000000000000000000, -1.000000000000000000 ) ) ;
#9082 = VECTOR ( 'NONE', #3988, 1000.000000000000000 ) ;
#9083 = VERTEX_POINT ( 'NONE', #4378 ) ;
#9084 = VERTEX_POINT ( 'NONE', #3597 ) ;
#9085 =( GEOMETRIC_REPRESENTATION_CONTEXT ( 3 ) GLOBAL_UNCERTAINTY_ASSIGNED_CONTEXT ( ( #3960 ) ) GLOBAL_UNIT_ASSIGNED_CONTEXT ( ( #7219, #4898, #8697 ) ) REPRESENTATION_CONTEXT ( 'NONE', 'WORKASPACE' ) );
#9086 = LINE ( 'NONE', #3970, #8847 ) ;
#9087 = EDGE_CURVE ( 'NONE', #3349, #3798, #4802, .T. ) ;
#9088 = LINE ( 'NONE', #8521, #7879 ) ;
#9089 = ADVANCED_FACE ( 'NONE', ( #4312 ), #5249, .T. ) ;
#9090 = EDGE_CURVE ( 'NONE', #1937, #10093, #2207, .T. ) ;
#9091 = VECTOR ( 'NONE', #6389, 1000.000000000000000 ) ;
#9092 = DIRECTION ( 'NONE',  ( -0.06975647374411768400, -0.9975640502598248600, 0.0000000000000000000 ) ) ;
#9093 = CARTESIAN_POINT ( 'NONE',  ( 4.085923696263362700, 1.200000000000000600, 2.120000000000000600 ) ) ;
#9094 = DIRECTION ( 'NONE',  ( 1.000000000000000000, 0.0000000000000000000, -0.0000000000000000000 ) ) ;
#9095 = ORIENTED_EDGE ( 'NONE', *, *, #9211, .F. ) ;
#9096 = DIRECTION ( 'NONE',  ( -1.000000000000000000, -6.653104299660446400E-016, 0.0000000000000000000 ) ) ;
#9097 = VERTEX_POINT ( 'NONE', #4405 ) ;
#9098 = CYLINDRICAL_SURFACE ( 'NONE', #9157, 0.2852191065223037600 ) ;
#9099 = ORIENTED_EDGE ( 'NONE', *, *, #5909, .F. ) ;
#9100 = DIRECTION ( 'NONE',  ( 0.0000000000000000000, 1.000000000000000000, 0.0000000000000000000 ) ) ;
#9101 = VECTOR ( 'NONE', #9958, 1000.000000000000000 ) ;
#9102 = ORIENTED_EDGE ( 'NONE', *, *, #7975, .T. ) ;
#9103 = EDGE_CURVE ( 'NONE', #5883, #9396, #1244, .T. ) ;
#9104 = ORIENTED_EDGE ( 'NONE', *, *, #4018, .T. ) ;
#9105 = VECTOR ( 'NONE', #4869, 1000.000000000000000 ) ;
#9106 = ORIENTED_EDGE ( 'NONE', *, *, #3045, .T. ) ;
#9107 = PLANE ( 'NONE',  #8980 ) ;
#9108 = CARTESIAN_POINT ( 'NONE',  ( 4.608981456572268000, 0.3147047612756303000, 5.500000000000001800 ) ) ;
#9109 = LINE ( 'NONE', #3875, #4953 ) ;
#9110 = VECTOR ( 'NONE', #5408, 1000.000000000000000 ) ;
#9111 = DIRECTION ( 'NONE',  ( -0.0000000000000000000, -0.0000000000000000000, -1.000000000000000000 ) ) ;
#9112 = DIRECTION ( 'NONE',  ( 0.0000000000000000000, 0.0000000000000000000, 1.000000000000000000 ) ) ;
#9113 = CARTESIAN_POINT ( 'NONE',  ( 4.640543740461574800, 0.2886868222461744800, 2.960000000000000900 ) ) ;
#9114 = ORIENTED_EDGE ( 'NONE', *, *, #6926, .T. ) ;
#9115 = LINE ( 'NONE', #6391, #7784 ) ;
#9116 = AXIS2_PLACEMENT_3D ( 'NONE', #4488, #1430, #2936 ) ;
#9117 = CIRCLE ( 'NONE', #5275, 0.03521910652230526200 ) ;
#9118 = CARTESIAN_POINT ( 'NONE',  ( -4.361424197404348400, 1.238601030272792100, -0.4199999999999993700 ) ) ;
#9119 = EDGE_CURVE ( 'NONE', #5101, #5328, #148, .T. ) ;
#9120 = AXIS2_PLACEMENT_3D ( 'NONE', #3844, #9322, #6320 ) ;
#9121 = ORIENTED_EDGE ( 'NONE', *, *, #7836, .T. ) ;
#9122 = ORIENTED_EDGE ( 'NONE', *, *, #9010, .T. ) ;
#9123 = PLANE ( 'NONE',  #5957 ) ;
#9124 = CARTESIAN_POINT ( 'NONE',  ( -4.623104622025544500, 0.03929580968121797200, -0.4199999999999993700 ) ) ;
#9125 = CARTESIAN_POINT ( 'NONE',  ( -5.202500000000000600, 0.2493910125649564100, 2.120000000000000600 ) ) ;
#9126 = VECTOR ( 'NONE', #1147, 1000.000000000000000 ) ;
#9127 = DIRECTION ( 'NONE',  ( -1.000000000000000000, 0.0000000000000000000, 0.0000000000000000000 ) ) ;
#9128 = VERTEX_POINT ( 'NONE', #5176 ) ;
#9129 = CIRCLE ( 'NONE', #9373, 0.4000000000000001900 ) ;
#9130 = CARTESIAN_POINT ( 'NONE',  ( -3.759999999999999300, 1.200000000000000200, 2.120000000000000600 ) ) ;
#9131 = PLANE ( 'NONE',  #6264 ) ;
#9132 = ORIENTED_EDGE ( 'NONE', *, *, #3412, .T. ) ;
#9133 = AXIS2_PLACEMENT_3D ( 'NONE', #7297, #6581, #270 ) ;
#9134 = VERTEX_POINT ( 'NONE', #6772 ) ;
#9135 = FACE_OUTER_BOUND ( 'NONE', #904, .T. ) ;
#9136 = ADVANCED_FACE ( 'NONE', ( #2588 ), #1349, .T. ) ;
#9137 = CARTESIAN_POINT ( 'NONE',  ( -4.367500000000000600, 0.2500000000000000000, 5.930000000000001500 ) ) ;
#9138 = CARTESIAN_POINT ( 'NONE',  ( -3.759999999999999300, 1.450000000000000400, -4.229999999999999500 ) ) ;
#9139 = ORIENTED_EDGE ( 'NONE', *, *, #4130, .T. ) ;
#9140 = DIRECTION ( 'NONE',  ( -1.000000000000000000, 0.0000000000000000000, 0.0000000000000000000 ) ) ;
#9141 = CARTESIAN_POINT ( 'NONE',  ( 3.759999999999999800, 1.450000000000000200, -2.959999999999999500 ) ) ;
#9142 = CARTESIAN_POINT ( 'NONE',  ( -3.759999999999999300, 1.450000000000000400, -2.959999999999999500 ) ) ;
#9143 = EDGE_LOOP ( 'NONE', ( #7617, #1472, #220, #883 ) ) ;
#9144 = MECHANICAL_DESIGN_GEOMETRIC_PRESENTATION_REPRESENTATION (  '', ( #9798 ), #559 ) ;
#9145 = LINE ( 'NONE', #1795, #5252 ) ;
#9146 = EDGE_CURVE ( 'NONE', #8119, #6151, #9563, .T. ) ;
#9147 = ORIENTED_EDGE ( 'NONE', *, *, #725, .F. ) ;
#9148 = EDGE_CURVE ( 'NONE', #9983, #5423, #1712, .T. ) ;
#9149 = EDGE_LOOP ( 'NONE', ( #2336, #2104, #2713, #5638 ) ) ;
#9150 = DIRECTION ( 'NONE',  ( -1.000000000000000000, 0.0000000000000000000, 0.0000000000000000000 ) ) ;
#9151 = CARTESIAN_POINT ( 'NONE',  ( -0.4300000000000000500, 0.1000000000000002600, -1.655000000000000200 ) ) ;
#9152 = VERTEX_POINT ( 'NONE', #446 ) ;
#9153 = PLANE ( 'NONE',  #3273 ) ;
#9154 = EDGE_LOOP ( 'NONE', ( #2489, #2805, #2032, #5930 ) ) ;
#9155 = PLANE ( 'NONE',  #5229 ) ;
#9156 = ORIENTED_EDGE ( 'NONE', *, *, #633, .T. ) ;
#9157 = AXIS2_PLACEMENT_3D ( 'NONE', #1279, #9888, #2846 ) ;
#9158 = VERTEX_POINT ( 'NONE', #9032 ) ;
#9159 = DIRECTION ( 'NONE',  ( 0.0000000000000000000, 0.9902680687415703600, 0.1391731009600657400 ) ) ;
#9160 = CARTESIAN_POINT ( 'NONE',  ( 4.623104622025544500, 0.03929580968121807600, 5.930000000000001500 ) ) ;
#9161 = AXIS2_PLACEMENT_3D ( 'NONE', #7666, #8452, #8530 ) ;
#9162 = EDGE_CURVE ( 'NONE', #477, #5463, #1475, .T. ) ;
#9163 = DIRECTION ( 'NONE',  ( 1.000000000000000000, -6.653104299660446400E-016, -0.0000000000000000000 ) ) ;
#9164 = LINE ( 'NONE', #8767, #4153 ) ;
#9165 = ORIENTED_EDGE ( 'NONE', *, *, #7578, .F. ) ;
#9166 = CARTESIAN_POINT ( 'NONE',  ( 3.759999999999999300, 1.200000000000000200, 4.660000000000001000 ) ) ;
#9167 = CARTESIAN_POINT ( 'NONE',  ( 4.119942740832083700, 1.173896268997162200, 4.230000000000001300 ) ) ;
#9168 = ADVANCED_FACE ( 'NONE', ( #7743 ), #6885, .T. ) ;
#9169 = MANIFOLD_SOLID_BREP ( 'LPattern1[16]', #7723 ) ;
#9170 = DIRECTION ( 'NONE',  ( -1.000000000000000000, 0.0000000000000000000, 0.0000000000000000000 ) ) ;
#9171 = VECTOR ( 'NONE', #2374, 1000.000000000000000 ) ;
#9172 = VECTOR ( 'NONE', #7709, 1000.000000000000100 ) ;
#9173 = VERTEX_POINT ( 'NONE', #5319 ) ;
#9174 = CIRCLE ( 'NONE', #8891, 0.03521910652230526200 ) ;
#9175 = EDGE_CURVE ( 'NONE', #3688, #5074, #5679, .T. ) ;
#9176 = PLANE ( 'NONE',  #9628 ) ;
#9177 = ORIENTED_EDGE ( 'NONE', *, *, #6967, .T. ) ;
#9178 = ORIENTED_EDGE ( 'NONE', *, *, #9962, .F. ) ;
#9179 = ORIENTED_EDGE ( 'NONE', *, *, #3045, .F. ) ;
#9180 = LINE ( 'NONE', #7782, #3285 ) ;
#9181 = LINE ( 'NONE', #4556, #5050 ) ;
#9182 = CARTESIAN_POINT ( 'NONE',  ( 5.185060881563971200, -2.641625050904819800E-019, -0.4199999999999993700 ) ) ;
#9183 = ORIENTED_EDGE ( 'NONE', *, *, #1220, .F. ) ;
#9184 = LINE ( 'NONE', #7305, #7366 ) ;
#9185 = ADVANCED_FACE ( 'NONE', ( #6757 ), #6094, .F. ) ;
#9186 = CARTESIAN_POINT ( 'NONE',  ( -4.119942740832083700, 1.173896268997162200, -1.689999999999999700 ) ) ;
#9187 = AXIS2_PLACEMENT_3D ( 'NONE', #7156, #9684, #4277 ) ;
#9188 = DIRECTION ( 'NONE',  ( -0.0000000000000000000, -0.0000000000000000000, -1.000000000000000000 ) ) ;
#9189 = EDGE_CURVE ( 'NONE', #6579, #7572, #8721, .T. ) ;
#9190 = CARTESIAN_POINT ( 'NONE',  ( 3.759999999999999800, 1.450000000000000200, -5.500000000000000000 ) ) ;
#9191 = CARTESIAN_POINT ( 'NONE',  ( 4.643000501140988900, 0.3238201367950973600, 1.690000000000000600 ) ) ;
#9192 = EDGE_LOOP ( 'NONE', ( #2585, #4952, #934, #7162 ) ) ;
#9193 = EDGE_LOOP ( 'NONE', ( #3129, #9551, #783, #6294 ) ) ;
#9194 = EDGE_CURVE ( 'NONE', #2412, #9722, #7497, .T. ) ;
#9195 = VECTOR ( 'NONE', #8335, 1000.000000000000100 ) ;
#9196 = DIRECTION ( 'NONE',  ( 0.0000000000000000000, 0.0000000000000000000, 1.000000000000000000 ) ) ;
#9197 = VECTOR ( 'NONE', #3850, 1000.000000000000000 ) ;
#9198 = DIRECTION ( 'NONE',  ( 0.9659258262890683100, 0.2588190451025207900, -0.0000000000000000000 ) ) ;
#9199 = VECTOR ( 'NONE', #1405, 1000.000000000000000 ) ;
#9200 = CARTESIAN_POINT ( 'NONE',  ( 5.185060881563971200, -2.641625050904819800E-019, 0.8500000000000009800 ) ) ;
#9201 = PLANE ( 'NONE',  #3915 ) ;
#9202 = ORIENTED_EDGE ( 'NONE', *, *, #2719, .F. ) ;
#9203 = ORIENTED_EDGE ( 'NONE', *, *, #8910, .F. ) ;
#9204 = FILL_AREA_STYLE ('',( #5948 ) ) ;
#9205 = ORIENTED_EDGE ( 'NONE', *, *, #6998, .T. ) ;
#9206 = FACE_OUTER_BOUND ( 'NONE', #4927, .T. ) ;
#9207 = FACE_OUTER_BOUND ( 'NONE', #6697, .T. ) ;
#9208 = DIRECTION ( 'NONE',  ( 0.9975640502598248600, 0.06975647374411747500, -0.0000000000000000000 ) ) ;
#9209 = CARTESIAN_POINT ( 'NONE',  ( -3.759999999999999300, 1.450000000000000400, -5.500000000000000000 ) ) ;
#9210 = FACE_OUTER_BOUND ( 'NONE', #4751, .T. ) ;
#9211 = EDGE_CURVE ( 'NONE', #8996, #6458, #4672, .T. ) ;
#9212 = CARTESIAN_POINT ( 'NONE',  ( 4.608981456572268000, 0.3147047612756303000, -3.389999999999999200 ) ) ;
#9213 = EDGE_CURVE ( 'NONE', #3308, #1687, #4419, .T. ) ;
#9214 = CARTESIAN_POINT ( 'NONE',  ( -4.623104622025544500, 0.03929580968121797200, -4.229999999999999500 ) ) ;
#9215 = ORIENTED_EDGE ( 'NONE', *, *, #3470, .F. ) ;
#9216 = VERTEX_POINT ( 'NONE', #744 ) ;
#9217 = VERTEX_POINT ( 'NONE', #3034 ) ;
#9218 = VECTOR ( 'NONE', #8216, 1000.000000000000000 ) ;
#9219 = LINE ( 'NONE', #9501, #7141 ) ;
#9220 = CYLINDRICAL_SURFACE ( 'NONE', #7567, 0.2852191065223054800 ) ;
#9221 = CARTESIAN_POINT ( 'NONE',  ( 3.759999999999999800, 1.450000000000000200, 3.390000000000000600 ) ) ;
#9222 = VERTEX_POINT ( 'NONE', #6974 ) ;
#9223 = AXIS2_PLACEMENT_3D ( 'NONE', #1639, #9424, #2468 ) ;
#9224 = EDGE_CURVE ( 'NONE', #3111, #1242, #3548, .T. ) ;
#9225 = LINE ( 'NONE', #5796, #8381 ) ;
#9226 = ORIENTED_EDGE ( 'NONE', *, *, #1277, .T. ) ;
#9227 = ADVANCED_FACE ( 'NONE', ( #9206 ), #2076, .F. ) ;
#9228 = VECTOR ( 'NONE', #8749, 1000.000000000000100 ) ;
#9229 = DIRECTION ( 'NONE',  ( 0.0000000000000000000, -0.9902680687415702500, 0.1391731009600657400 ) ) ;
#9230 = DIRECTION ( 'NONE',  ( -0.0000000000000000000, -0.0000000000000000000, -1.000000000000000000 ) ) ;
#9231 = LINE ( 'NONE', #2864, #7519 ) ;
#9232 = CARTESIAN_POINT ( 'NONE',  ( 4.085923696263362700, 1.164780893477695100, -4.229999999999999500 ) ) ;
#9233 = ORIENTED_EDGE ( 'NONE', *, *, #6727, .F. ) ;
#9234 = LINE ( 'NONE', #4334, #8629 ) ;
#9235 = EDGE_LOOP ( 'NONE', ( #4341, #8421, #3664, #9585 ) ) ;
#9236 = VECTOR ( 'NONE', #8786, 1000.000000000000100 ) ;
#9237 = MECHANICAL_DESIGN_GEOMETRIC_PRESENTATION_REPRESENTATION (  '', ( #5397 ), #650 ) ;
#9238 = CARTESIAN_POINT ( 'NONE',  ( -4.085923696263362700, 1.449999999999999300, -0.4199999999999993700 ) ) ;
#9239 = ADVANCED_FACE ( 'NONE', ( #2320 ), #712, .T. ) ;
#9240 = EDGE_LOOP ( 'NONE', ( #8915, #2096, #3362, #982, #9687, #3617, #6000, #6932, #1159, #2869, #144, #4267 ) ) ;
#9241 = CARTESIAN_POINT ( 'NONE',  ( -5.202500000000000600, 0.2493910125649564100, -4.229999999999999500 ) ) ;
#9242 = DIRECTION ( 'NONE',  ( -0.9975640502598247500, -0.06975647374411807200, 0.0000000000000000000 ) ) ;
#9243 = CIRCLE ( 'NONE', #8411, 0.03521910652230526200 ) ;
#9244 = DIRECTION ( 'NONE',  ( 0.0000000000000000000, 0.0000000000000000000, 1.000000000000000000 ) ) ;
#9245 = LINE ( 'NONE', #4766, #1767 ) ;
#9246 = ORIENTED_EDGE ( 'NONE', *, *, #9561, .F. ) ;
#9247 = EDGE_CURVE ( 'NONE', #5585, #8970, #5076, .T. ) ;
#9248 = CIRCLE ( 'NONE', #6050, 0.03521910652230526200 ) ;
#9249 = CARTESIAN_POINT ( 'NONE',  ( -4.608981456572268900, 0.3147047612756303000, 5.500000000000001800 ) ) ;
#9250 = CARTESIAN_POINT ( 'NONE',  ( -3.759999999999999300, 1.200000000000000200, -0.4199999999999993700 ) ) ;
#9251 = DIRECTION ( 'NONE',  ( -1.000000000000000000, 0.0000000000000000000, 0.0000000000000000000 ) ) ;
#9252 = ORIENTED_EDGE ( 'NONE', *, *, #5800, .T. ) ;
#9253 = CARTESIAN_POINT ( 'NONE',  ( -3.759999999999999300, 1.450000000000000400, -2.959999999999999500 ) ) ;
#9254 = VERTEX_POINT ( 'NONE', #6126 ) ;
#9255 = FACE_OUTER_BOUND ( 'NONE', #9485, .T. ) ;
#9256 = DIRECTION ( 'NONE',  ( -0.0000000000000000000, -0.0000000000000000000, -1.000000000000000000 ) ) ;
#9257 = ORIENTED_EDGE ( 'NONE', *, *, #2842, .T. ) ;
#9258 =( GEOMETRIC_REPRESENTATION_CONTEXT ( 3 ) GLOBAL_UNCERTAINTY_ASSIGNED_CONTEXT ( ( #3321 ) ) GLOBAL_UNIT_ASSIGNED_CONTEXT ( ( #4001, #4798, #2411 ) ) REPRESENTATION_CONTEXT ( 'NONE', 'WORKASPACE' ) );
#9259 = VERTEX_POINT ( 'NONE', #3739 ) ;
#9260 = FILL_AREA_STYLE_COLOUR ( '', #5699 ) ;
#9261 = EDGE_CURVE ( 'NONE', #2, #4813, #7128, .T. ) ;
#9262 = VERTEX_POINT ( 'NONE', #3770 ) ;
#9263 = AXIS2_PLACEMENT_3D ( 'NONE', #2618, #8849, #9663 ) ;
#9264 = DIRECTION ( 'NONE',  ( -1.000000000000000000, 0.0000000000000000000, 0.0000000000000000000 ) ) ;
#9265 = EDGE_CURVE ( 'NONE', #7010, #8267, #6155, .T. ) ;
#9266 = DIRECTION ( 'NONE',  ( -0.0000000000000000000, -0.0000000000000000000, -1.000000000000000000 ) ) ;
#9267 = ORIENTED_EDGE ( 'NONE', *, *, #7338, .T. ) ;
#9268 = VECTOR ( 'NONE', #5849, 1000.000000000000000 ) ;
#9269 = CARTESIAN_POINT ( 'NONE',  ( 4.367500000000000600, 0.2500000000000000600, 2.960000000000000900 ) ) ;
#9270 = DIRECTION ( 'NONE',  ( -0.9975640502598246400, 0.06975647374411952900, -0.0000000000000000000 ) ) ;
#9271 = EDGE_LOOP ( 'NONE', ( #4811, #5198, #749, #2020 ) ) ;
#9272 = ADVANCED_FACE ( 'NONE', ( #266 ), #8120, .T. ) ;
#9273 = DIRECTION ( 'NONE',  ( -1.000000000000000000, 0.0000000000000000000, 0.0000000000000000000 ) ) ;
#9274 = SURFACE_SIDE_STYLE ('',( #2929 ) ) ;
#9275 = CARTESIAN_POINT ( 'NONE',  ( -2.760000000000000200, 2.599999999999998800, -5.812500000000003600 ) ) ;
#9276 = ORIENTED_EDGE ( 'NONE', *, *, #7511, .T. ) ;
#9277 = CLOSED_SHELL ( 'NONE', ( #257, #4157, #5769, #1144, #10145, #6690, #1567, #8245, #6208, #3008, #8999, #7916, #3166, #724 ) ) ;
#9278 = VERTEX_POINT ( 'NONE', #4643 ) ;
#9279 = EDGE_CURVE ( 'NONE', #4284, #3741, #994, .T. ) ;
#9280 = LINE ( 'NONE', #5514, #7456 ) ;
#9281 = EDGE_CURVE ( 'NONE', #8727, #9919, #1122, .T. ) ;
#9282 = ORIENTED_EDGE ( 'NONE', *, *, #8366, .T. ) ;
#9283 = CARTESIAN_POINT ( 'NONE',  ( 4.643000501140988900, 0.3238201367950973600, -4.229999999999999500 ) ) ;
#9284 = DIRECTION ( 'NONE',  ( -1.734723475976807100E-015, -1.000000000000000000, 0.0000000000000000000 ) ) ;
#9285 = ORIENTED_EDGE ( 'NONE', *, *, #2255, .F. ) ;
#9286 = ADVANCED_FACE ( 'NONE', ( #5916 ), #2296, .F. ) ;
#9287 = LINE ( 'NONE', #7532, #6356 ) ;
#9288 = DIRECTION ( 'NONE',  ( 0.0000000000000000000, 0.0000000000000000000, 1.000000000000000000 ) ) ;
#9289 = VERTEX_POINT ( 'NONE', #9366 ) ;
#9290 = CARTESIAN_POINT ( 'NONE',  ( -4.643000501140988900, 0.3238201367950973600, -4.659999999999999300 ) ) ;
#9291 = EDGE_CURVE ( 'NONE', #3181, #2804, #25, .T. ) ;
#9292 = CARTESIAN_POINT ( 'NONE',  ( 4.640543740461574800, 0.2886868222461741500, 0.8500000000000009800 ) ) ;
#9293 = ORIENTED_EDGE ( 'NONE', *, *, #1894, .T. ) ;
#9294 = ORIENTED_EDGE ( 'NONE', *, *, #2702, .T. ) ;
#9295 =( NAMED_UNIT ( * ) PLANE_ANGLE_UNIT ( ) SI_UNIT ( $, .RADIAN. ) );
#9296 = CYLINDRICAL_SURFACE ( 'NONE', #1504, 0.03521910652230526200 ) ;
#9297 = LINE ( 'NONE', #7608, #6258 ) ;
#9298 = CARTESIAN_POINT ( 'NONE',  ( -3.759999999999999300, 1.450000000000000400, 0.8500000000000009800 ) ) ;
#9299 = VERTEX_POINT ( 'NONE', #7803 ) ;
#9300 = CARTESIAN_POINT ( 'NONE',  ( 3.759999999999999800, 1.450000000000000200, -5.500000000000000000 ) ) ;
#9301 = ORIENTED_EDGE ( 'NONE', *, *, #2265, .T. ) ;
#9302 =( NAMED_UNIT ( * ) PLANE_ANGLE_UNIT ( ) SI_UNIT ( $, .RADIAN. ) );
#9303 = PLANE ( 'NONE',  #7307 ) ;
#9304 = DIRECTION ( 'NONE',  ( -1.000000000000000000, 0.0000000000000000000, 0.0000000000000000000 ) ) ;
#9305 = FILL_AREA_STYLE ('',( #6080 ) ) ;
#9306 = CARTESIAN_POINT ( 'NONE',  ( -4.367500000000000600, 0.2500000000000000000, 4.660000000000001000 ) ) ;
#9307 = ORIENTED_EDGE ( 'NONE', *, *, #6293, .T. ) ;
#9308 = ORIENTED_EDGE ( 'NONE', *, *, #9075, .T. ) ;
#9309 = AXIS2_PLACEMENT_3D ( 'NONE', #4744, #4773, #3945 ) ;
#9310 = CIRCLE ( 'NONE', #7176, 0.03521910652230526200 ) ;
#9311 = LINE ( 'NONE', #7048, #8242 ) ;
#9312 = DIRECTION ( 'NONE',  ( 0.9975640502598247500, -0.06975647374411816900, 0.0000000000000000000 ) ) ;
#9313 = CIRCLE ( 'NONE', #5621, 0.2852191065223054800 ) ;
#9314 = CARTESIAN_POINT ( 'NONE',  ( -4.085923696263362700, 1.449999999999999300, -1.689999999999999700 ) ) ;
#9315 = CARTESIAN_POINT ( 'NONE',  ( 0.4299999999999998800, -4.336808689942017700E-016, 1.654999999999999800 ) ) ;
#9316 = EDGE_LOOP ( 'NONE', ( #2550, #10113, #7794, #1188 ) ) ;
#9317 = ORIENTED_EDGE ( 'NONE', *, *, #9899, .F. ) ;
#9318 = DIRECTION ( 'NONE',  ( 0.0000000000000000000, 0.0000000000000000000, 1.000000000000000000 ) ) ;
#9319 = EDGE_LOOP ( 'NONE', ( #1179, #3948, #1590, #8330 ) ) ;
#9320 = VECTOR ( 'NONE', #1255, 1000.000000000000000 ) ;
#9321 = LINE ( 'NONE', #1532, #6524 ) ;
#9322 = DIRECTION ( 'NONE',  ( 6.653104299660446400E-016, 1.000000000000000000, -0.0000000000000000000 ) ) ;
#9323 = ADVANCED_FACE ( 'NONE', ( #5303 ), #7008, .F. ) ;
#9324 = CARTESIAN_POINT ( 'NONE',  ( -4.085923696263362700, 1.449999999999999300, -0.4199999999999993700 ) ) ;
#9325 = EDGE_CURVE ( 'NONE', #8630, #8451, #384, .T. ) ;
#9326 = CARTESIAN_POINT ( 'NONE',  ( -4.608981456572268900, 0.3147047612756303000, -4.229999999999999500 ) ) ;
#9327 = DIRECTION ( 'NONE',  ( 0.06975647374411746100, -0.9975640502598247500, 0.0000000000000000000 ) ) ;
#9328 = DIRECTION ( 'NONE',  ( -0.0000000000000000000, -0.0000000000000000000, -1.000000000000000000 ) ) ;
#9329 = STYLED_ITEM ( 'NONE', ( #9705 ), #5562 ) ;
#9330 = VERTEX_POINT ( 'NONE', #2872 ) ;
#9331 = ORIENTED_EDGE ( 'NONE', *, *, #8577, .F. ) ;
#9332 = ORIENTED_EDGE ( 'NONE', *, *, #3833, .F. ) ;
#9333 =( NAMED_UNIT ( * ) SI_UNIT ( $, .STERADIAN. ) SOLID_ANGLE_UNIT ( ) );
#9334 = LINE ( 'NONE', #7120, #9817 ) ;
#9335 = FACE_OUTER_BOUND ( 'NONE', #3654, .T. ) ;
#9336 = CIRCLE ( 'NONE', #6197, 0.2852191065223054800 ) ;
#9337 = CARTESIAN_POINT ( 'NONE',  ( 3.759999999999999300, 1.200000000000000200, -0.8499999999999992000 ) ) ;
#9338 = DIRECTION ( 'NONE',  ( -0.0000000000000000000, -0.0000000000000000000, -1.000000000000000000 ) ) ;
#9339 = ORIENTED_EDGE ( 'NONE', *, *, #1790, .F. ) ;
#9340 = ORIENTED_EDGE ( 'NONE', *, *, #3185, .F. ) ;
#9341 = ORIENTED_EDGE ( 'NONE', *, *, #6209, .T. ) ;
#9342 = ADVANCED_FACE ( 'NONE', ( #2708 ), #1351, .F. ) ;
#9343 = CARTESIAN_POINT ( 'NONE',  ( 0.4299999999999998300, 4.374037903435110200, 1.784999999999999700 ) ) ;
#9344 = ORIENTED_EDGE ( 'NONE', *, *, #3382, .F. ) ;
#9345 = CARTESIAN_POINT ( 'NONE',  ( -4.085923696263362700, 1.200000000000000400, 4.230000000000001300 ) ) ;
#9346 = ORIENTED_EDGE ( 'NONE', *, *, #7451, .F. ) ;
#9347 = LINE ( 'NONE', #2170, #6407 ) ;
#9348 = EDGE_CURVE ( 'NONE', #9259, #489, #5798, .T. ) ;
#9349 = EDGE_LOOP ( 'NONE', ( #6831, #133, #9233, #3498 ) ) ;
#9350 = EDGE_CURVE ( 'NONE', #7342, #9370, #3668, .T. ) ;
#9351 =( NAMED_UNIT ( * ) SI_UNIT ( $, .STERADIAN. ) SOLID_ANGLE_UNIT ( ) );
#9352 = EDGE_LOOP ( 'NONE', ( #10114, #5011, #6850, #2195 ) ) ;
#9353 = LINE ( 'NONE', #1273, #6784 ) ;
#9354 = VERTEX_POINT ( 'NONE', #7373 ) ;
#9355 = VECTOR ( 'NONE', #1049, 999.9999999999998900 ) ;
#9356 =( LENGTH_UNIT ( ) NAMED_UNIT ( * ) SI_UNIT ( .MILLI., .METRE. ) );
#9357 = DIRECTION ( 'NONE',  ( 1.000000000000000000, 0.0000000000000000000, 0.0000000000000000000 ) ) ;
#9358 = VERTEX_POINT ( 'NONE', #2680 ) ;
#9359 = EDGE_CURVE ( 'NONE', #6069, #1849, #9799, .T. ) ;
#9360 = EDGE_LOOP ( 'NONE', ( #1489, #3173, #9183, #1119 ) ) ;
#9361 = DIRECTION ( 'NONE',  ( -0.2588190451025243500, -0.9659258262890673100, 0.0000000000000000000 ) ) ;
#9362 = LINE ( 'NONE', #2259, #5838 ) ;
#9363 = VECTOR ( 'NONE', #7926, 1000.000000000000000 ) ;
#9364 = CARTESIAN_POINT ( 'NONE',  ( 4.085923696263362700, 1.164780893477695100, 5.500000000000001800 ) ) ;
#9365 = FACE_OUTER_BOUND ( 'NONE', #272, .T. ) ;
#9366 = CARTESIAN_POINT ( 'NONE',  ( -5.185060881563971200, -2.641625050904819800E-019, -3.389999999999999200 ) ) ;
#9367 = CARTESIAN_POINT ( 'NONE',  ( 5.202500000000000600, 0.2493910125649557200, -1.689999999999999700 ) ) ;
#9368 = VERTEX_POINT ( 'NONE', #9141 ) ;
#9369 = LINE ( 'NONE', #5889, #1287 ) ;
#9370 = VERTEX_POINT ( 'NONE', #1141 ) ;
#9371 = DIRECTION ( 'NONE',  ( -1.000000000000000000, 0.0000000000000000000, 0.0000000000000000000 ) ) ;
#9372 = CYLINDRICAL_SURFACE ( 'NONE', #5809, 0.03521910652230526200 ) ;
#9373 = AXIS2_PLACEMENT_3D ( 'NONE', #1014, #5793, #1781 ) ;
#9374 = CARTESIAN_POINT ( 'NONE',  ( -4.623104622025544500, 0.03929580968121797200, 5.930000000000001500 ) ) ;
#9375 = CARTESIAN_POINT ( 'NONE',  ( -4.361424197404348400, 1.238601030272792100, -0.8499999999999992000 ) ) ;
#9376 = ADVANCED_FACE ( 'NONE', ( #7614 ), #7118, .F. ) ;
#9377 = ORIENTED_EDGE ( 'NONE', *, *, #8968, .F. ) ;
#9378 = VECTOR ( 'NONE', #5969, 1000.000000000000000 ) ;
#9379 = PLANE ( 'NONE',  #2598 ) ;
#9380 = AXIS2_PLACEMENT_3D ( 'NONE', #854, #1621, #3861 ) ;
#9381 = EDGE_CURVE ( 'NONE', #9919, #7077, #6879, .T. ) ;
#9382 = ORIENTED_EDGE ( 'NONE', *, *, #5242, .T. ) ;
#9383 = CARTESIAN_POINT ( 'NONE',  ( 5.185060881563971200, -2.641625050904819800E-019, -5.500000000000000000 ) ) ;
#9384 = SURFACE_SIDE_STYLE ('',( #5962 ) ) ;
#9385 = EDGE_CURVE ( 'NONE', #5380, #4849, #626, .T. ) ;
#9386 = DIRECTION ( 'NONE',  ( -1.000000000000000000, 0.0000000000000000000, 0.0000000000000000000 ) ) ;
#9387 = VERTEX_POINT ( 'NONE', #1075 ) ;
#9388 = LINE ( 'NONE', #9062, #4257 ) ;
#9389 = ADVANCED_FACE ( 'NONE', ( #3300 ), #1173, .T. ) ;
#9390 = DIRECTION ( 'NONE',  ( 1.000000000000000000, -6.653104299660446400E-016, -0.0000000000000000000 ) ) ;
#9391 = EDGE_LOOP ( 'NONE', ( #9709, #8667, #2161, #776 ) ) ;
#9392 = DIRECTION ( 'NONE',  ( 0.0000000000000000000, 0.0000000000000000000, 1.000000000000000000 ) ) ;
#9393 = ORIENTED_EDGE ( 'NONE', *, *, #3175, .T. ) ;
#9394 = AXIS2_PLACEMENT_3D ( 'NONE', #4407, #9198, #2034 ) ;
#9395 = VECTOR ( 'NONE', #2745, 1000.000000000000100 ) ;
#9396 = VERTEX_POINT ( 'NONE', #1918 ) ;
#9397 = EDGE_CURVE ( 'NONE', #5510, #2704, #4301, .T. ) ;
#9398 = AXIS2_PLACEMENT_3D ( 'NONE', #8056, #2589, #7328 ) ;
#9399 = ORIENTED_EDGE ( 'NONE', *, *, #2883, .T. ) ;
#9400 = EDGE_CURVE ( 'NONE', #5415, #3191, #1468, .T. ) ;
#9401 = DIRECTION ( 'NONE',  ( -1.000000000000000000, 0.0000000000000000000, 0.0000000000000000000 ) ) ;
#9402 = DIRECTION ( 'NONE',  ( 0.0000000000000000000, 0.0000000000000000000, 1.000000000000000000 ) ) ;
#9403 = ORIENTED_EDGE ( 'NONE', *, *, #6337, .F. ) ;
#9404 = CARTESIAN_POINT ( 'NONE',  ( 3.759999999999999800, 1.450000000000000200, 4.660000000000001000 ) ) ;
#9405 = CARTESIAN_POINT ( 'NONE',  ( -4.085923696263362700, 1.449999999999999300, -2.959999999999999500 ) ) ;
#9406 = CARTESIAN_POINT ( 'NONE',  ( -4.085923696263362700, 1.164780893477695100, -0.4199999999999993700 ) ) ;
#9407 = DIRECTION ( 'NONE',  ( -0.0000000000000000000, -0.0000000000000000000, -1.000000000000000000 ) ) ;
#9408 = CIRCLE ( 'NONE', #5976, 0.03521910652230526200 ) ;
#9409 = CARTESIAN_POINT ( 'NONE',  ( -4.640543740461573900, 0.2886868222461744200, -1.689999999999999700 ) ) ;
#9410 = CARTESIAN_POINT ( 'NONE',  ( -3.759999999999999300, 1.200000000000000200, -5.500000000000000000 ) ) ;
#9411 = ORIENTED_EDGE ( 'NONE', *, *, #5306, .T. ) ;
#9412 = MECHANICAL_DESIGN_GEOMETRIC_PRESENTATION_REPRESENTATION (  '', ( #4838 ), #10136 ) ;
#9413 = UNCERTAINTY_MEASURE_WITH_UNIT (LENGTH_MEASURE( 1.000000000000000100E-005 ), #7302, 'distance_accuracy_value', 'NONE');
#9414 = EDGE_CURVE ( 'NONE', #4702, #4893, #874, .T. ) ;
#9415 = DIRECTION ( 'NONE',  ( -1.734723475976807100E-015, -1.000000000000000000, 0.0000000000000000000 ) ) ;
#9416 = LINE ( 'NONE', #2933, #242 ) ;
#9417 = CIRCLE ( 'NONE', #6506, 0.03521910652230526200 ) ;
#9418 = DIRECTION ( 'NONE',  ( -0.0000000000000000000, -0.0000000000000000000, -1.000000000000000000 ) ) ;
#9419 = ORIENTED_EDGE ( 'NONE', *, *, #7251, .T. ) ;
#9420 = VECTOR ( 'NONE', #8940, 1000.000000000000000 ) ;
#9421 = DIRECTION ( 'NONE',  ( 0.06975647374411807200, -0.9975640502598247500, 0.0000000000000000000 ) ) ;
#9422 = DIRECTION ( 'NONE',  ( -1.000000000000000000, 0.0000000000000000000, 0.0000000000000000000 ) ) ;
#9423 = ADVANCED_FACE ( 'NONE', ( #3184 ), #5030, .F. ) ;
#9424 = DIRECTION ( 'NONE',  ( -0.9975640502598248600, 0.06975647374411768400, 0.0000000000000000000 ) ) ;
#9425 = CLOSED_SHELL ( 'NONE', ( #8023, #3077, #1362, #7457, #1838, #6364, #4514, #2714, #4274, #3375, #3716, #5370, #9185, #10095 ) ) ;
#9426 = ORIENTED_EDGE ( 'NONE', *, *, #9189, .T. ) ;
#9427 = AXIS2_PLACEMENT_3D ( 'NONE', #3516, #5225, #5154 ) ;
#9428 = LINE ( 'NONE', #8400, #3776 ) ;
#9429 = LINE ( 'NONE', #7804, #7108 ) ;
#9430 = VERTEX_POINT ( 'NONE', #8103 ) ;
#9431 = VECTOR ( 'NONE', #6441, 1000.000000000000000 ) ;
#9432 = EDGE_CURVE ( 'NONE', #3133, #3276, #3794, .T. ) ;
#9433 = ORIENTED_EDGE ( 'NONE', *, *, #2045, .F. ) ;
#9434 = ORIENTED_EDGE ( 'NONE', *, *, #5354, .T. ) ;
#9435 = DIRECTION ( 'NONE',  ( 0.0000000000000000000, 1.000000000000000000, 0.0000000000000000000 ) ) ;
#9436 = CARTESIAN_POINT ( 'NONE',  ( -0.4300000000000000500, 0.0000000000000000000, 1.784999999999999700 ) ) ;
#9437 = VECTOR ( 'NONE', #5820, 1000.000000000000000 ) ;
#9438 = ADVANCED_FACE ( 'NONE', ( #2940 ), #660, .F. ) ;
#9439 = CARTESIAN_POINT ( 'NONE',  ( 3.759999999999999800, 1.450000000000000200, -0.4199999999999993700 ) ) ;
#9440 = DIRECTION ( 'NONE',  ( -0.0000000000000000000, -0.0000000000000000000, -1.000000000000000000 ) ) ;
#9441 = CARTESIAN_POINT ( 'NONE',  ( -1.175000000000000500, -0.0000000000000000000, -1.655000000000000200 ) ) ;
#9442 = LINE ( 'NONE', #4482, #7121 ) ;
#9443 = SURFACE_SIDE_STYLE ('',( #6933 ) ) ;
#9444 = AXIS2_PLACEMENT_3D ( 'NONE', #9697, #5034, #4449 ) ;
#9445 = EDGE_LOOP ( 'NONE', ( #1268, #1030, #153, #6277 ) ) ;
#9446 = ORIENTED_EDGE ( 'NONE', *, *, #3426, .T. ) ;
#9447 = VERTEX_POINT ( 'NONE', #4625 ) ;
#9448 =( NAMED_UNIT ( * ) PLANE_ANGLE_UNIT ( ) SI_UNIT ( $, .RADIAN. ) );
#9449 = EDGE_CURVE ( 'NONE', #5888, #9014, #4794, .T. ) ;
#9450 = ORIENTED_EDGE ( 'NONE', *, *, #8763, .T. ) ;
#9451 = VECTOR ( 'NONE', #1911, 1000.000000000000000 ) ;
#9452 = CIRCLE ( 'NONE', #9066, 0.03521910652230526200 ) ;
#9453 = VECTOR ( 'NONE', #5118, 1000.000000000000000 ) ;
#9454 = CARTESIAN_POINT ( 'NONE',  ( 4.608981456572268000, 0.3147047612756303000, -5.500000000000000000 ) ) ;
#9455 = SURFACE_STYLE_USAGE ( .BOTH. , #9384 ) ;
#9456 = VERTEX_POINT ( 'NONE', #6893 ) ;
#9457 = ORIENTED_EDGE ( 'NONE', *, *, #8436, .T. ) ;
#9458 = ORIENTED_EDGE ( 'NONE', *, *, #8502, .F. ) ;
#9459 = DIRECTION ( 'NONE',  ( -1.000000000000000000, 0.0000000000000000000, 0.0000000000000000000 ) ) ;
#9460 = DIRECTION ( 'NONE',  ( 0.0000000000000000000, 0.0000000000000000000, 1.000000000000000000 ) ) ;
#9461 = VECTOR ( 'NONE', #4515, 1000.000000000000000 ) ;
#9462 = VECTOR ( 'NONE', #7739, 1000.000000000000000 ) ;
#9463 = CARTESIAN_POINT ( 'NONE',  ( -4.085923696263362700, 1.164780893477695100, -2.959999999999999500 ) ) ;
#9464 = VECTOR ( 'NONE', #1683, 1000.000000000000000 ) ;
#9465 = AXIS2_PLACEMENT_3D ( 'NONE', #7811, #8597, #5598 ) ;
#9466 = VERTEX_POINT ( 'NONE', #5406 ) ;
#9467 = ORIENTED_EDGE ( 'NONE', *, *, #4470, .T. ) ;
#9468 = ORIENTED_EDGE ( 'NONE', *, *, #6890, .F. ) ;
#9469 = LINE ( 'NONE', #1974, #4697 ) ;
#9470 = DIRECTION ( 'NONE',  ( -1.000000000000000000, 0.0000000000000000000, 0.0000000000000000000 ) ) ;
#9471 = PLANE ( 'NONE',  #62 ) ;
#9472 = PLANE ( 'NONE',  #3584 ) ;
#9473 = AXIS2_PLACEMENT_3D ( 'NONE', #2165, #6098, #8488 ) ;
#9474 = ORIENTED_EDGE ( 'NONE', *, *, #5920, .F. ) ;
#9475 = CARTESIAN_POINT ( 'NONE',  ( -3.759999999999999300, 1.450000000000000400, 5.500000000000001800 ) ) ;
#9476 = ORIENTED_EDGE ( 'NONE', *, *, #10105, .T. ) ;
#9477 = DIRECTION ( 'NONE',  ( -0.0000000000000000000, -0.0000000000000000000, -1.000000000000000000 ) ) ;
#9478 = DIRECTION ( 'NONE',  ( 0.0000000000000000000, 0.0000000000000000000, 1.000000000000000000 ) ) ;
#9479 = EDGE_CURVE ( 'NONE', #9158, #1827, #10050, .T. ) ;
#9480 = PLANE ( 'NONE',  #2146 ) ;
#9481 = LINE ( 'NONE', #4188, #7411 ) ;
#9482 = VECTOR ( 'NONE', #1738, 1000.000000000000200 ) ;
#9483 = PLANE ( 'NONE',  #8244 ) ;
#9484 = EDGE_CURVE ( 'NONE', #9014, #5490, #7984, .T. ) ;
#9485 = EDGE_LOOP ( 'NONE', ( #2880, #1614, #500, #8549 ) ) ;
#9486 = LINE ( 'NONE', #1284, #546 ) ;
#9487 = DIRECTION ( 'NONE',  ( -0.9975640502598247500, 0.06975647374411816900, 0.0000000000000000000 ) ) ;
#9488 = ORIENTED_EDGE ( 'NONE', *, *, #283, .F. ) ;
#9489 = VECTOR ( 'NONE', #2041, 1000.000000000000000 ) ;
#9490 = DIRECTION ( 'NONE',  ( -0.0000000000000000000, -0.0000000000000000000, -1.000000000000000000 ) ) ;
#9491 = VECTOR ( 'NONE', #1550, 1000.000000000000000 ) ;
#9492 = AXIS2_PLACEMENT_3D ( 'NONE', #6329, #35, #6295 ) ;
#9493 = EDGE_CURVE ( 'NONE', #7597, #7358, #8466, .T. ) ;
#9494 = ADVANCED_FACE ( 'NONE', ( #2442 ), #3755, .T. ) ;
#9495 =( NAMED_UNIT ( * ) SI_UNIT ( $, .STERADIAN. ) SOLID_ANGLE_UNIT ( ) );
#9496 = CARTESIAN_POINT ( 'NONE',  ( -4.119942740832083700, 1.173896268997162200, -4.229999999999999500 ) ) ;
#9497 = ORIENTED_EDGE ( 'NONE', *, *, #129, .T. ) ;
#9498 = PLANE ( 'NONE',  #5535 ) ;
#9499 = ORIENTED_EDGE ( 'NONE', *, *, #969, .T. ) ;
#9500 = LINE ( 'NONE', #1426, #3730 ) ;
#9501 = CARTESIAN_POINT ( 'NONE',  ( 4.085923696263362700, 1.200000000000000600, 3.390000000000000600 ) ) ;
#9502 = CARTESIAN_POINT ( 'NONE',  ( -4.085923696263362700, 1.200000000000000400, 2.960000000000000900 ) ) ;
#9503 = ORIENTED_EDGE ( 'NONE', *, *, #1375, .F. ) ;
#9504 =( GEOMETRIC_REPRESENTATION_CONTEXT ( 3 ) GLOBAL_UNCERTAINTY_ASSIGNED_CONTEXT ( ( #5168 ) ) GLOBAL_UNIT_ASSIGNED_CONTEXT ( ( #1879, #4181, #4280 ) ) REPRESENTATION_CONTEXT ( 'NONE', 'WORKASPACE' ) );
#9505 = DIRECTION ( 'NONE',  ( -0.0000000000000000000, -0.0000000000000000000, -1.000000000000000000 ) ) ;
#9506 = ORIENTED_EDGE ( 'NONE', *, *, #9727, .F. ) ;
#9507 = VECTOR ( 'NONE', #6471, 1000.000000000000000 ) ;
#9508 = AXIS2_PLACEMENT_3D ( 'NONE', #10148, #9328, #10080 ) ;
#9509 = VERTEX_POINT ( 'NONE', #6825 ) ;
#9510 = CARTESIAN_POINT ( 'NONE',  ( -4.085923696263362700, 1.164780893477695100, -4.659999999999999300 ) ) ;
#9511 = DIRECTION ( 'NONE',  ( -0.0000000000000000000, -0.0000000000000000000, -1.000000000000000000 ) ) ;
#9512 = DIRECTION ( 'NONE',  ( -0.0000000000000000000, -0.0000000000000000000, -1.000000000000000000 ) ) ;
#9513 = DIRECTION ( 'NONE',  ( 0.2588190451025207900, -0.9659258262890683100, 0.0000000000000000000 ) ) ;
#9514 = ORIENTED_EDGE ( 'NONE', *, *, #5639, .T. ) ;
#9515 = CARTESIAN_POINT ( 'NONE',  ( 4.643000501140988900, 0.3238201367950973600, 3.390000000000000600 ) ) ;
#9516 = CARTESIAN_POINT ( 'NONE',  ( 0.4299999999999999400, 0.1000000000000000100, -1.785000000000000100 ) ) ;
#9517 = VERTEX_POINT ( 'NONE', #4557 ) ;
#9518 = LINE ( 'NONE', #6559, #4500 ) ;
#9519 = AXIS2_PLACEMENT_3D ( 'NONE', #2031, #8298, #9094 ) ;
#9520 = EDGE_CURVE ( 'NONE', #2115, #7977, #8965, .T. ) ;
#9521 = CARTESIAN_POINT ( 'NONE',  ( 3.759999999999999300, 1.200000000000000200, 2.960000000000000900 ) ) ;
#9522 = FILL_AREA_STYLE ('',( #7168 ) ) ;
#9523 = VERTEX_POINT ( 'NONE', #10029 ) ;
#9524 = VERTEX_POINT ( 'NONE', #3720 ) ;
#9525 = ORIENTED_EDGE ( 'NONE', *, *, #5893, .F. ) ;
#9526 = CARTESIAN_POINT ( 'NONE',  ( -4.085923696263362700, 1.449999999999999300, 4.660000000000001000 ) ) ;
#9527 = CARTESIAN_POINT ( 'NONE',  ( 5.185060881563971200, -2.641625050904819800E-019, -0.4199999999999993700 ) ) ;
#9528 = CARTESIAN_POINT ( 'NONE',  ( -3.759999999999999300, 1.450000000000000400, 5.500000000000001800 ) ) ;
#9529 = DIRECTION ( 'NONE',  ( 0.9659258262890683100, 0.2588190451025207900, -0.0000000000000000000 ) ) ;
#9530 = EDGE_LOOP ( 'NONE', ( #2396, #8211, #490, #7501 ) ) ;
#9531 = ORIENTED_EDGE ( 'NONE', *, *, #5840, .F. ) ;
#9532 = EDGE_CURVE ( 'NONE', #289, #8118, #2199, .T. ) ;
#9533 = EDGE_CURVE ( 'NONE', #9048, #6870, #138, .T. ) ;
#9534 = CLOSED_SHELL ( 'NONE', ( #7410, #1414, #6420, #6989, #7282, #875, #2767, #5053, #7705, #217, #6971, #3950, #2087, #2724 ) ) ;
#9535 = PRESENTATION_STYLE_ASSIGNMENT (( #6200 ) ) ;
#9536 = CARTESIAN_POINT ( 'NONE',  ( -3.759999999999999300, 1.450000000000000400, -1.689999999999999700 ) ) ;
#9537 = ADVANCED_FACE ( 'NONE', ( #1701 ), #6385, .F. ) ;
#9538 = DIRECTION ( 'NONE',  ( 0.2588190451025207900, -0.9659258262890683100, 0.0000000000000000000 ) ) ;
#9539 = ORIENTED_EDGE ( 'NONE', *, *, #1195, .F. ) ;
#9540 = PLANE ( 'NONE',  #667 ) ;
#9541 = DIRECTION ( 'NONE',  ( 1.000000000000000000, -6.653104299660446400E-016, -0.0000000000000000000 ) ) ;
#9542 = VECTOR ( 'NONE', #4357, 1000.000000000000000 ) ;
#9543 = LINE ( 'NONE', #7971, #3528 ) ;
#9544 = DIRECTION ( 'NONE',  ( -1.000000000000000000, 0.0000000000000000000, 0.0000000000000000000 ) ) ;
#9545 = ORIENTED_EDGE ( 'NONE', *, *, #7407, .T. ) ;
#9546 = LINE ( 'NONE', #4583, #8945 ) ;
#9547 = EDGE_CURVE ( 'NONE', #9590, #3293, #7732, .T. ) ;
#9548 = CARTESIAN_POINT ( 'NONE',  ( 5.202500000000000600, 0.2493910125649557200, -1.689999999999999700 ) ) ;
#9549 = DIRECTION ( 'NONE',  ( -0.0000000000000000000, -0.0000000000000000000, -1.000000000000000000 ) ) ;
#9550 = EDGE_LOOP ( 'NONE', ( #9426, #785, #224, #1346 ) ) ;
#9551 = ORIENTED_EDGE ( 'NONE', *, *, #8567, .F. ) ;
#9552 = VECTOR ( 'NONE', #9957, 1000.000000000000000 ) ;
#9553 = CARTESIAN_POINT ( 'NONE',  ( -4.119942740832083700, 1.173896268997162200, -1.689999999999999700 ) ) ;
#9554 = DIRECTION ( 'NONE',  ( -0.0000000000000000000, -0.0000000000000000000, -1.000000000000000000 ) ) ;
#9555 = CARTESIAN_POINT ( 'NONE',  ( -4.367500000000000600, 0.2500000000000000000, 3.390000000000000600 ) ) ;
#9556 = DIRECTION ( 'NONE',  ( 0.0000000000000000000, 0.0000000000000000000, 1.000000000000000000 ) ) ;
#9557 = DIRECTION ( 'NONE',  ( 0.0000000000000000000, 0.0000000000000000000, 1.000000000000000000 ) ) ;
#9558 = DIRECTION ( 'NONE',  ( 0.0000000000000000000, 0.0000000000000000000, 1.000000000000000000 ) ) ;
#9559 = ORIENTED_EDGE ( 'NONE', *, *, #7393, .F. ) ;
#9560 = ORIENTED_EDGE ( 'NONE', *, *, #9738, .F. ) ;
#9561 = EDGE_CURVE ( 'NONE', #229, #2774, #6146, .T. ) ;
#9562 = ORIENTED_EDGE ( 'NONE', *, *, #9146, .F. ) ;
#9563 = LINE ( 'NONE', #7462, #9080 ) ;
#9564 = AXIS2_PLACEMENT_3D ( 'NONE', #5438, #689, #7704 ) ;
#9565 = CARTESIAN_POINT ( 'NONE',  ( -4.085923696263362700, 1.200000000000000400, -1.689999999999999700 ) ) ;
#9566 = VECTOR ( 'NONE', #394, 1000.000000000000000 ) ;
#9567 =( NAMED_UNIT ( * ) SI_UNIT ( $, .STERADIAN. ) SOLID_ANGLE_UNIT ( ) );
#9568 = CARTESIAN_POINT ( 'NONE',  ( -4.085923696263362700, 1.449999999999999300, -4.659999999999999300 ) ) ;
#9569 = PLANE ( 'NONE',  #2690 ) ;
#9570 = ORIENTED_EDGE ( 'NONE', *, *, #6755, .F. ) ;
#9571 = ORIENTED_EDGE ( 'NONE', *, *, #6880, .F. ) ;
#9572 = DIRECTION ( 'NONE',  ( -1.734723475976807100E-015, -1.000000000000000000, 0.0000000000000000000 ) ) ;
#9573 = DIRECTION ( 'NONE',  ( -0.0000000000000000000, -0.0000000000000000000, -1.000000000000000000 ) ) ;
#9574 = LINE ( 'NONE', #8167, #3803 ) ;
#9575 = FACE_OUTER_BOUND ( 'NONE', #5678, .T. ) ;
#9576 = DIRECTION ( 'NONE',  ( 0.0000000000000000000, -0.0000000000000000000, -1.000000000000000000 ) ) ;
#9577 = LINE ( 'NONE', #2371, #9464 ) ;
#9578 = AXIS2_PLACEMENT_3D ( 'NONE', #10130, #2274, #3167 ) ;
#9579 = CARTESIAN_POINT ( 'NONE',  ( 4.643000501140988900, 0.3238201367950973600, -5.500000000000000000 ) ) ;
#9580 = AXIS2_PLACEMENT_3D ( 'NONE', #5401, #6176, #3006 ) ;
#9581 = CARTESIAN_POINT ( 'NONE',  ( -4.085923696263362700, 1.164780893477695100, 4.660000000000001000 ) ) ;
#9582 = CARTESIAN_POINT ( 'NONE',  ( 4.608981456572268000, 0.3147047612756303000, 5.930000000000001500 ) ) ;
#9583 = EDGE_CURVE ( 'NONE', #1958, #3546, #3540, .T. ) ;
#9584 = ORIENTED_EDGE ( 'NONE', *, *, #3488, .F. ) ;
#9585 = ORIENTED_EDGE ( 'NONE', *, *, #331, .T. ) ;
#9586 = ORIENTED_EDGE ( 'NONE', *, *, #5274, .T. ) ;
#9587 = CARTESIAN_POINT ( 'NONE',  ( -4.643000501140988900, 0.3238201367950973600, 4.230000000000001300 ) ) ;
#9588 = CIRCLE ( 'NONE', #9492, 0.2852191065223054800 ) ;
#9589 = VERTEX_POINT ( 'NONE', #9212 ) ;
#9590 = VERTEX_POINT ( 'NONE', #9306 ) ;
#9591 = VECTOR ( 'NONE', #9673, 1000.000000000000000 ) ;
#9592 = CARTESIAN_POINT ( 'NONE',  ( 4.608981456572268000, 0.3147047612756303000, -0.8499999999999992000 ) ) ;
#9593 = ADVANCED_FACE ( 'NONE', ( #4049 ), #5338, .F. ) ;
#9594 = ORIENTED_EDGE ( 'NONE', *, *, #4457, .T. ) ;
#9595 = CARTESIAN_POINT ( 'NONE',  ( -1.175000000000000500, 4.374037903435110200, -1.655000000000000200 ) ) ;
#9596 = PRESENTATION_LAYER_ASSIGNMENT (  '', '', ( #7904 ) ) ;
#9597 = CIRCLE ( 'NONE', #7592, 0.03521910652230526200 ) ;
#9598 = VERTEX_POINT ( 'NONE', #9410 ) ;
#9599 = DIRECTION ( 'NONE',  ( -0.0000000000000000000, -0.0000000000000000000, -1.000000000000000000 ) ) ;
#9600 = DIRECTION ( 'NONE',  ( 0.06975647374411768400, 0.9975640502598248600, -0.0000000000000000000 ) ) ;
#9601 = VERTEX_POINT ( 'NONE', #8698 ) ;
#9602 = VECTOR ( 'NONE', #6598, 1000.000000000000000 ) ;
#9603 = EDGE_CURVE ( 'NONE', #8206, #9354, #5669, .T. ) ;
#9604 = LINE ( 'NONE', #6371, #3966 ) ;
#9605 = AXIS2_PLACEMENT_3D ( 'NONE', #8892, #5862, #1897 ) ;
#9606 = EDGE_CURVE ( 'NONE', #3010, #5709, #9313, .T. ) ;
#9607 = ADVANCED_FACE ( 'NONE', ( #7489 ), #760, .T. ) ;
#9608 = VECTOR ( 'NONE', #3943, 1000.000000000000000 ) ;
#9609 = VECTOR ( 'NONE', #668, 1000.000000000000000 ) ;
#9610 = CARTESIAN_POINT ( 'NONE',  ( 4.640543740461574800, 0.2886868222461741500, 5.930000000000001500 ) ) ;
#9611 = DIRECTION ( 'NONE',  ( 1.000000000000000000, 0.0000000000000000000, 0.0000000000000000000 ) ) ;
#9612 = DIRECTION ( 'NONE',  ( -0.0000000000000000000, -1.000000000000000000, -0.0000000000000000000 ) ) ;
#9613 = LINE ( 'NONE', #1010, #9733 ) ;
#9614 = CARTESIAN_POINT ( 'NONE',  ( 4.119942740832083700, 1.173896268997162200, 4.230000000000001300 ) ) ;
#9615 = AXIS2_PLACEMENT_3D ( 'NONE', #7928, #3244, #4841 ) ;
#9616 = CARTESIAN_POINT ( 'NONE',  ( -4.640543740461573900, 0.2886868222461744200, -0.4199999999999993700 ) ) ;
#9617 = EDGE_CURVE ( 'NONE', #8746, #7533, #5167, .T. ) ;
#9618 = ORIENTED_EDGE ( 'NONE', *, *, #5745, .T. ) ;
#9619 = CARTESIAN_POINT ( 'NONE',  ( -4.085923696263362700, 1.164780893477695100, 3.390000000000000600 ) ) ;
#9620 = MANIFOLD_SOLID_BREP ( 'LPattern1[6]', #7097 ) ;
#9621 = LINE ( 'NONE', #940, #7911 ) ;
#9622 = DIRECTION ( 'NONE',  ( -1.000000000000000000, 6.653104299660455300E-016, -0.0000000000000000000 ) ) ;
#9623 = EDGE_LOOP ( 'NONE', ( #2999, #580, #5311, #5918 ) ) ;
#9624 = FACE_OUTER_BOUND ( 'NONE', #3342, .T. ) ;
#9625 = ORIENTED_EDGE ( 'NONE', *, *, #6067, .F. ) ;
#9626 = PLANE ( 'NONE',  #4046 ) ;
#9627 = DIRECTION ( 'NONE',  ( 0.2588190451025207900, -0.9659258262890683100, 0.0000000000000000000 ) ) ;
#9628 = AXIS2_PLACEMENT_3D ( 'NONE', #2252, #3723, #1367 ) ;
#9629 = ORIENTED_EDGE ( 'NONE', *, *, #2174, .T. ) ;
#9630 = EDGE_CURVE ( 'NONE', #4756, #9128, #864, .T. ) ;
#9631 = LINE ( 'NONE', #469, #9378 ) ;
#9632 = CARTESIAN_POINT ( 'NONE',  ( -4.623104622025544500, 0.03929580968121797200, -2.959999999999999500 ) ) ;
#9633 = DIRECTION ( 'NONE',  ( -0.0000000000000000000, -0.0000000000000000000, -1.000000000000000000 ) ) ;
#9634 = DIRECTION ( 'NONE',  ( -1.000000000000000000, 6.653104299660455300E-016, -0.0000000000000000000 ) ) ;
#9635 = ORIENTED_EDGE ( 'NONE', *, *, #509, .T. ) ;
#9636 = VERTEX_POINT ( 'NONE', #1529 ) ;
#9637 = VECTOR ( 'NONE', #5293, 1000.000000000000000 ) ;
#9638 = DIRECTION ( 'NONE',  ( 0.0000000000000000000, 0.0000000000000000000, 1.000000000000000000 ) ) ;
#9639 = ORIENTED_EDGE ( 'NONE', *, *, #6646, .T. ) ;
#9640 = DIRECTION ( 'NONE',  ( -0.0000000000000000000, -0.0000000000000000000, -1.000000000000000000 ) ) ;
#9641 = PLANE ( 'NONE',  #1196 ) ;
#9642 = DIRECTION ( 'NONE',  ( 1.000000000000000000, -6.653104299660455300E-016, 0.0000000000000000000 ) ) ;
#9643 = AXIS2_PLACEMENT_3D ( 'NONE', #7757, #3054, #9150 ) ;
#9644 = ORIENTED_EDGE ( 'NONE', *, *, #1261, .T. ) ;
#9645 = DIRECTION ( 'NONE',  ( 0.9975640502598246400, -0.06975647374411952900, 0.0000000000000000000 ) ) ;
#9646 = EDGE_CURVE ( 'NONE', #8944, #931, #1585, .T. ) ;
#9647 = ADVANCED_FACE ( 'NONE', ( #6749 ), #5509, .F. ) ;
#9648 = PLANE ( 'NONE',  #9519 ) ;
#9649 = DIRECTION ( 'NONE',  ( 0.2588190451025207900, -0.9659258262890683100, 0.0000000000000000000 ) ) ;
#9650 = ORIENTED_EDGE ( 'NONE', *, *, #3753, .F. ) ;
#9651 = DIRECTION ( 'NONE',  ( -4.170008355713481600E-016, 0.0000000000000000000, 1.000000000000000000 ) ) ;
#9652 = ORIENTED_EDGE ( 'NONE', *, *, #2398, .T. ) ;
#9653 = ORIENTED_EDGE ( 'NONE', *, *, #7797, .F. ) ;
#9654 = PLANE ( 'NONE',  #6771 ) ;
#9655 = PLANE ( 'NONE',  #3785 ) ;
#9656 = CARTESIAN_POINT ( 'NONE',  ( -4.640543740461573900, 0.2886868222461744200, 0.8500000000000009800 ) ) ;
#9657 = VECTOR ( 'NONE', #3563, 1000.000000000000100 ) ;
#9658 = ADVANCED_FACE ( 'NONE', ( #9910 ), #6991, .F. ) ;
#9659 = CARTESIAN_POINT ( 'NONE',  ( -5.185060881563971200, -2.641625050904819800E-019, 3.390000000000000600 ) ) ;
#9660 = CARTESIAN_POINT ( 'NONE',  ( 4.367500000000000600, 0.2500000000000000600, 5.500000000000001800 ) ) ;
#9661 = EDGE_LOOP ( 'NONE', ( #532, #719, #5928, #6896 ) ) ;
#9662 = AXIS2_PLACEMENT_3D ( 'NONE', #2393, #8681, #9459 ) ;
#9663 = DIRECTION ( 'NONE',  ( 1.000000000000000000, 0.0000000000000000000, 0.0000000000000000000 ) ) ;
#9664 = PLANE ( 'NONE',  #1247 ) ;
#9665 = CARTESIAN_POINT ( 'NONE',  ( 5.185060881563971200, -2.641625050904819800E-019, 3.390000000000000600 ) ) ;
#9666 = VECTOR ( 'NONE', #7986, 1000.000000000000000 ) ;
#9667 = LINE ( 'NONE', #693, #981 ) ;
#9668 = ORIENTED_EDGE ( 'NONE', *, *, #803, .T. ) ;
#9669 = VECTOR ( 'NONE', #9811, 1000.000000000000000 ) ;
#9670 =( GEOMETRIC_REPRESENTATION_CONTEXT ( 3 ) GLOBAL_UNCERTAINTY_ASSIGNED_CONTEXT ( ( #4229 ) ) GLOBAL_UNIT_ASSIGNED_CONTEXT ( ( #7734, #3035, #3812 ) ) REPRESENTATION_CONTEXT ( 'NONE', 'WORKASPACE' ) );
#9671 = CARTESIAN_POINT ( 'NONE',  ( 4.608981456572268000, 0.3147047612756303000, 2.960000000000000900 ) ) ;
#9672 = VERTEX_POINT ( 'NONE', #7087 ) ;
#9673 = DIRECTION ( 'NONE',  ( -0.0000000000000000000, -0.0000000000000000000, -1.000000000000000000 ) ) ;
#9674 = UNCERTAINTY_MEASURE_WITH_UNIT (LENGTH_MEASURE( 1.000000000000000100E-005 ), #1364, 'distance_accuracy_value', 'NONE');
#9675 = EDGE_CURVE ( 'NONE', #2154, #1097, #7601, .T. ) ;
#9676 = ORIENTED_EDGE ( 'NONE', *, *, #4720, .F. ) ;
#9677 = VERTEX_POINT ( 'NONE', #10133 ) ;
#9678 = EDGE_CURVE ( 'NONE', #4491, #1310, #9683, .T. ) ;
#9679 = COLOUR_RGB ( '',0.7921568627450980000, 0.8196078431372548800, 0.9333333333333333500 ) ;
#9680 = LINE ( 'NONE', #782, #8956 ) ;
#9681 = DIRECTION ( 'NONE',  ( -0.0000000000000000000, 1.000000000000000000, -0.0000000000000000000 ) ) ;
#9682 = VERTEX_POINT ( 'NONE', #6338 ) ;
#9683 = LINE ( 'NONE', #5482, #8349 ) ;
#9684 = DIRECTION ( 'NONE',  ( -0.0000000000000000000, 0.0000000000000000000, -1.000000000000000000 ) ) ;
#9685 = PLANE ( 'NONE',  #4355 ) ;
#9686 = DIRECTION ( 'NONE',  ( -0.0000000000000000000, -0.0000000000000000000, -1.000000000000000000 ) ) ;
#9687 = ORIENTED_EDGE ( 'NONE', *, *, #2931, .T. ) ;
#9688 = DIRECTION ( 'NONE',  ( 0.9975640502598246400, -0.06975647374411952900, 0.0000000000000000000 ) ) ;
#9689 = ORIENTED_EDGE ( 'NONE', *, *, #8219, .F. ) ;
#9690 = AXIS2_PLACEMENT_3D ( 'NONE', #4710, #1506, #7000 ) ;
#9691 = ORIENTED_EDGE ( 'NONE', *, *, #1864, .T. ) ;
#9692 = SURFACE_STYLE_FILL_AREA ( #829 ) ;
#9693 = EDGE_CURVE ( 'NONE', #9262, #7080, #4788, .T. ) ;
#9694 = CARTESIAN_POINT ( 'NONE',  ( -4.623104622025544500, 0.03929580968121807600, 0.4200000000000010900 ) ) ;
#9695 = FACE_OUTER_BOUND ( 'NONE', #3427, .T. ) ;
#9696 = SURFACE_STYLE_USAGE ( .BOTH. , #1775 ) ;
#9697 = CARTESIAN_POINT ( 'NONE',  ( 4.085923696263362700, 1.164780893477695100, -1.689999999999999700 ) ) ;
#9698 = ORIENTED_EDGE ( 'NONE', *, *, #3622, .F. ) ;
#9699 = ORIENTED_EDGE ( 'NONE', *, *, #9815, .F. ) ;
#9700 = ORIENTED_EDGE ( 'NONE', *, *, #7288, .F. ) ;
#9701 = ADVANCED_FACE ( 'NONE', ( #5541 ), #9483, .F. ) ;
#9702 = VERTEX_POINT ( 'NONE', #209 ) ;
#9703 = VECTOR ( 'NONE', #6586, 1000.000000000000000 ) ;
#9704 = LINE ( 'NONE', #2617, #1862 ) ;
#9705 = PRESENTATION_STYLE_ASSIGNMENT (( #3558 ) ) ;
#9706 = ORIENTED_EDGE ( 'NONE', *, *, #3284, .T. ) ;
#9707 = ORIENTED_EDGE ( 'NONE', *, *, #5117, .F. ) ;
#9708 = AXIS2_PLACEMENT_3D ( 'NONE', #4475, #3627, #2886 ) ;
#9709 = ORIENTED_EDGE ( 'NONE', *, *, #1721, .F. ) ;
#9710 = FACE_OUTER_BOUND ( 'NONE', #7760, .T. ) ;
#9711 = ADVANCED_FACE ( 'NONE', ( #377 ), #2490, .T. ) ;
#9712 = DIRECTION ( 'NONE',  ( 0.9975640502598247500, 0.06975647374411807200, 0.0000000000000000000 ) ) ;
#9713 = CYLINDRICAL_SURFACE ( 'NONE', #1081, 0.2852191065223050300 ) ;
#9714 = CARTESIAN_POINT ( 'NONE',  ( 4.643000501140988900, 0.3238201367950973600, 3.390000000000000600 ) ) ;
#9715 = CARTESIAN_POINT ( 'NONE',  ( -0.4300000000000000500, 0.1000000000000000100, -1.655000000000000200 ) ) ;
#9716 = PLANE ( 'NONE',  #6365 ) ;
#9717 = ORIENTED_EDGE ( 'NONE', *, *, #1220, .T. ) ;
#9718 = ORIENTED_EDGE ( 'NONE', *, *, #10075, .T. ) ;
#9719 = CARTESIAN_POINT ( 'NONE',  ( -4.623104622025544500, 0.03929580968121807600, -1.689999999999999700 ) ) ;
#9720 = CARTESIAN_POINT ( 'NONE',  ( 4.085923696263362700, 1.164780893477695100, -4.229999999999999500 ) ) ;
#9721 = CIRCLE ( 'NONE', #1418, 0.03521910652230526200 ) ;
#9722 = VERTEX_POINT ( 'NONE', #1801 ) ;
#9723 = DIRECTION ( 'NONE',  ( 0.1378445374916289500, -0.9808148484639890300, 0.1378445374916288900 ) ) ;
#9724 = FACE_BOUND ( 'NONE', #5947, .T. ) ;
#9725 = EDGE_CURVE ( 'NONE', #729, #8944, #1341, .T. ) ;
#9726 = LINE ( 'NONE', #6253, #6671 ) ;
#9727 = EDGE_CURVE ( 'NONE', #2061, #6308, #3419, .T. ) ;
#9728 = AXIS2_PLACEMENT_3D ( 'NONE', #3747, #8596, #10124 ) ;
#9729 = ORIENTED_EDGE ( 'NONE', *, *, #8450, .F. ) ;
#9730 = LINE ( 'NONE', #6525, #796 ) ;
#9731 = DIRECTION ( 'NONE',  ( -0.0000000000000000000, -0.0000000000000000000, -1.000000000000000000 ) ) ;
#9732 = CARTESIAN_POINT ( 'NONE',  ( 4.608981456572268000, 0.3147047612756303000, 2.120000000000000600 ) ) ;
#9733 = VECTOR ( 'NONE', #2422, 1000.000000000000000 ) ;
#9734 = PLANE ( 'NONE',  #1328 ) ;
#9735 = DIRECTION ( 'NONE',  ( -0.0000000000000000000, -0.0000000000000000000, -1.000000000000000000 ) ) ;
#9736 = EDGE_CURVE ( 'NONE', #566, #1315, #9184, .T. ) ;
#9737 = FACE_OUTER_BOUND ( 'NONE', #8441, .T. ) ;
#9738 = EDGE_CURVE ( 'NONE', #1110, #8496, #128, .T. ) ;
#9739 = VECTOR ( 'NONE', #3778, 1000.000000000000000 ) ;
#9740 = ORIENTED_EDGE ( 'NONE', *, *, #3551, .F. ) ;
#9741 = DIRECTION ( 'NONE',  ( -0.0000000000000000000, -0.0000000000000000000, -1.000000000000000000 ) ) ;
#9742 = DIRECTION ( 'NONE',  ( 0.2588190451025243500, 0.9659258262890673100, 0.0000000000000000000 ) ) ;
#9743 = LINE ( 'NONE', #6138, #2753 ) ;
#9744 = CARTESIAN_POINT ( 'NONE',  ( -1.175000000000000500, 0.1000000000000000100, -1.655000000000000200 ) ) ;
#9745 = ORIENTED_EDGE ( 'NONE', *, *, #4439, .F. ) ;
#9746 = FACE_OUTER_BOUND ( 'NONE', #8270, .T. ) ;
#9747 = CARTESIAN_POINT ( 'NONE',  ( -2.760000000000000200, 2.599999999999998800, -5.012500000000002800 ) ) ;
#9748 = AXIS2_PLACEMENT_3D ( 'NONE', #5681, #2386, #970 ) ;
#9749 = EDGE_CURVE ( 'NONE', #8232, #2957, #3922, .T. ) ;
#9750 = DIRECTION ( 'NONE',  ( 1.000000000000000000, 0.0000000000000000000, 0.0000000000000000000 ) ) ;
#9751 = CARTESIAN_POINT ( 'NONE',  ( 4.640543740461574800, 0.2886868222461744800, -4.229999999999999500 ) ) ;
#9752 = ORIENTED_EDGE ( 'NONE', *, *, #7856, .F. ) ;
#9753 = CARTESIAN_POINT ( 'NONE',  ( 3.759999999999999300, 1.200000000000000200, 2.120000000000000600 ) ) ;
#9754 = CARTESIAN_POINT ( 'NONE',  ( -3.759999999999999300, 1.450000000000000400, 0.8500000000000009800 ) ) ;
#9755 = EDGE_LOOP ( 'NONE', ( #3015, #3110, #9346, #9122 ) ) ;
#9756 = VECTOR ( 'NONE', #4028, 1000.000000000000000 ) ;
#9757 = CARTESIAN_POINT ( 'NONE',  ( 4.085923696263362700, 1.164780893477695100, -1.689999999999999700 ) ) ;
#9758 = DIRECTION ( 'NONE',  ( -1.000000000000000000, 0.0000000000000000000, 0.0000000000000000000 ) ) ;
#9759 = ORIENTED_EDGE ( 'NONE', *, *, #8052, .F. ) ;
#9760 =( NAMED_UNIT ( * ) PLANE_ANGLE_UNIT ( ) SI_UNIT ( $, .RADIAN. ) );
#9761 = ORIENTED_EDGE ( 'NONE', *, *, #1461, .F. ) ;
#9762 = EDGE_CURVE ( 'NONE', #3677, #8117, #2579, .T. ) ;
#9763 = DIRECTION ( 'NONE',  ( 0.0000000000000000000, -1.000000000000000000, 0.0000000000000000000 ) ) ;
#9764 = ORIENTED_EDGE ( 'NONE', *, *, #5698, .T. ) ;
#9765 = CARTESIAN_POINT ( 'NONE',  ( 4.623104622025544500, 0.03929580968121807600, 4.660000000000001000 ) ) ;
#9766 = VECTOR ( 'NONE', #6484, 1000.000000000000000 ) ;
#9767 = CARTESIAN_POINT ( 'NONE',  ( 4.643000501140988900, 0.3238201367950973600, -1.689999999999999700 ) ) ;
#9768 = VERTEX_POINT ( 'NONE', #179 ) ;
#9769 = VERTEX_POINT ( 'NONE', #6409 ) ;
#9770 = EDGE_LOOP ( 'NONE', ( #1153, #833, #2272, #3074 ) ) ;
#9771 = CIRCLE ( 'NONE', #6266, 0.03521910652230526200 ) ;
#9772 = ORIENTED_EDGE ( 'NONE', *, *, #1922, .T. ) ;
#9773 = DIRECTION ( 'NONE',  ( 0.06975647374411768400, 0.9975640502598248600, -0.0000000000000000000 ) ) ;
#9774 = AXIS2_PLACEMENT_3D ( 'NONE', #9913, #5261, #9047 ) ;
#9775 = PLANE ( 'NONE',  #593 ) ;
#9776 = ORIENTED_EDGE ( 'NONE', *, *, #9825, .T. ) ;
#9777 = AXIS2_PLACEMENT_3D ( 'NONE', #5144, #5087, #9092 ) ;
#9778 = DIRECTION ( 'NONE',  ( -0.0000000000000000000, -0.0000000000000000000, -1.000000000000000000 ) ) ;
#9779 = VECTOR ( 'NONE', #2171, 1000.000000000000000 ) ;
#9780 = DIRECTION ( 'NONE',  ( -1.000000000000000000, -6.653104299660446400E-016, 0.0000000000000000000 ) ) ;
#9781 = VERTEX_POINT ( 'NONE', #1765 ) ;
#9782 = VERTEX_POINT ( 'NONE', #1724 ) ;
#9783 = CARTESIAN_POINT ( 'NONE',  ( 4.085923696263362700, 1.450000000000000000, 4.660000000000001000 ) ) ;
#9784 = CARTESIAN_POINT ( 'NONE',  ( -3.759999999999999300, 1.450000000000000400, -5.500000000000000000 ) ) ;
#9785 = EDGE_CURVE ( 'NONE', #662, #1218, #8958, .T. ) ;
#9786 = CYLINDRICAL_SURFACE ( 'NONE', #1371, 0.03521910652230526200 ) ;
#9787 = AXIS2_PLACEMENT_3D ( 'NONE', #3701, #9188, #8414 ) ;
#9788 = VECTOR ( 'NONE', #8286, 1000.000000000000000 ) ;
#9789 = EDGE_CURVE ( 'NONE', #3593, #5945, #6509, .T. ) ;
#9790 = ORIENTED_EDGE ( 'NONE', *, *, #1236, .T. ) ;
#9791 = LINE ( 'NONE', #7663, #5159 ) ;
#9792 = PLANE ( 'NONE',  #4361 ) ;
#9793 = CLOSED_SHELL ( 'NONE', ( #10039, #1323, #8148, #1312, #1091, #4876, #4143, #5568, #6940, #409, #5115, #974, #3317, #3025 ) ) ;
#9794 = MANIFOLD_SOLID_BREP ( 'LPattern1[17]', #1191 ) ;
#9795 = ORIENTED_EDGE ( 'NONE', *, *, #7629, .T. ) ;
#9796 = ORIENTED_EDGE ( 'NONE', *, *, #2773, .T. ) ;
#9797 = VECTOR ( 'NONE', #5331, 1000.000000000000200 ) ;
#9798 = STYLED_ITEM ( 'NONE', ( #9535 ), #2376 ) ;
#9799 = LINE ( 'NONE', #3413, #9437 ) ;
#9800 = EDGE_CURVE ( 'NONE', #5921, #4756, #6374, .T. ) ;
#9801 = ADVANCED_FACE ( 'NONE', ( #10038 ), #8068, .F. ) ;
#9802 = PLANE ( 'NONE',  #1264 ) ;
#9803 = EDGE_CURVE ( 'NONE', #7846, #5510, #8454, .T. ) ;
#9804 = CARTESIAN_POINT ( 'NONE',  ( -2.760000000000000200, 2.649999999999998600, -5.812500000000003600 ) ) ;
#9805 = DIRECTION ( 'NONE',  ( 1.000000000000000000, 0.0000000000000000000, 0.0000000000000000000 ) ) ;
#9806 = ORIENTED_EDGE ( 'NONE', *, *, #5595, .T. ) ;
#9807 = VERTEX_POINT ( 'NONE', #280 ) ;
#9808 = ORIENTED_EDGE ( 'NONE', *, *, #1277, .F. ) ;
#9809 = DIRECTION ( 'NONE',  ( 0.2588190451025207900, -0.9659258262890683100, 0.0000000000000000000 ) ) ;
#9810 = VECTOR ( 'NONE', #2551, 1000.000000000000000 ) ;
#9811 = DIRECTION ( 'NONE',  ( -0.0000000000000000000, -0.0000000000000000000, -1.000000000000000000 ) ) ;
#9812 = AXIS2_PLACEMENT_3D ( 'NONE', #1891, #7280, #1045 ) ;
#9813 = AXIS2_PLACEMENT_3D ( 'NONE', #7852, #3937, #7125 ) ;
#9814 = ORIENTED_EDGE ( 'NONE', *, *, #4470, .F. ) ;
#9815 = EDGE_CURVE ( 'NONE', #7423, #6792, #9073, .T. ) ;
#9816 = ORIENTED_EDGE ( 'NONE', *, *, #1957, .T. ) ;
#9817 = VECTOR ( 'NONE', #3042, 1000.000000000000000 ) ;
#9818 = LINE ( 'NONE', #2215, #8988 ) ;
#9819 = LINE ( 'NONE', #201, #9810 ) ;
#9820 = EDGE_LOOP ( 'NONE', ( #8345, #2005, #6349, #630, #3102, #7202, #814, #3137, #1592, #5288, #6403, #6611 ) ) ;
#9821 = ORIENTED_EDGE ( 'NONE', *, *, #4826, .F. ) ;
#9822 = CYLINDRICAL_SURFACE ( 'NONE', #1602, 0.2852191065223054800 ) ;
#9823 = ORIENTED_EDGE ( 'NONE', *, *, #7092, .T. ) ;
#9824 = EDGE_LOOP ( 'NONE', ( #1908, #4041, #8790, #1423 ) ) ;
#9825 = EDGE_CURVE ( 'NONE', #4008, #8595, #4664, .T. ) ;
#9826 = VECTOR ( 'NONE', #10141, 1000.000000000000000 ) ;
#9827 = VECTOR ( 'NONE', #579, 1000.000000000000000 ) ;
#9828 = STYLED_ITEM ( 'NONE', ( #1329 ), #709 ) ;
#9829 = EDGE_LOOP ( 'NONE', ( #9308, #9559, #4133, #2262 ) ) ;
#9830 = AXIS2_PLACEMENT_3D ( 'NONE', #1445, #3768, #4641 ) ;
#9831 = ORIENTED_EDGE ( 'NONE', *, *, #1646, .T. ) ;
#9832 = LINE ( 'NONE', #2877, #2235 ) ;
#9833 = ORIENTED_EDGE ( 'NONE', *, *, #8263, .T. ) ;
#9834 =( NAMED_UNIT ( * ) SI_UNIT ( $, .STERADIAN. ) SOLID_ANGLE_UNIT ( ) );
#9835 = DIRECTION ( 'NONE',  ( 1.000000000000000000, 0.0000000000000000000, -0.0000000000000000000 ) ) ;
#9836 = LINE ( 'NONE', #3522, #8876 ) ;
#9837 = DIRECTION ( 'NONE',  ( -0.0000000000000000000, -0.0000000000000000000, -1.000000000000000000 ) ) ;
#9838 = CARTESIAN_POINT ( 'NONE',  ( -1.175000000000000500, 4.374037903435110200, 1.654999999999999800 ) ) ;
#9839 = CARTESIAN_POINT ( 'NONE',  ( 4.361424197404351100, 1.238601030272792600, 4.660000000000001000 ) ) ;
#9840 = VERTEX_POINT ( 'NONE', #8978 ) ;
#9841 = ORIENTED_EDGE ( 'NONE', *, *, #6281, .T. ) ;
#9842 = DIRECTION ( 'NONE',  ( -0.0000000000000000000, -0.0000000000000000000, -1.000000000000000000 ) ) ;
#9843 = EDGE_CURVE ( 'NONE', #5790, #1822, #8592, .T. ) ;
#9844 = LINE ( 'NONE', #8756, #8764 ) ;
#9845 = VECTOR ( 'NONE', #21, 1000.000000000000000 ) ;
#9846 = EDGE_CURVE ( 'NONE', #885, #9289, #8818, .T. ) ;
#9847 = VECTOR ( 'NONE', #1681, 1000.000000000000000 ) ;
#9848 = MECHANICAL_DESIGN_GEOMETRIC_PRESENTATION_REPRESENTATION (  '', ( #9329 ), #3158 ) ;
#9849 =( LENGTH_UNIT ( ) NAMED_UNIT ( * ) SI_UNIT ( .MILLI., .METRE. ) );
#9850 = ADVANCED_FACE ( 'NONE', ( #9898 ), #9685, .T. ) ;
#9851 = CARTESIAN_POINT ( 'NONE',  ( -5.185060881563971200, -2.641625050904819800E-019, 0.8500000000000009800 ) ) ;
#9852 = CARTESIAN_POINT ( 'NONE',  ( 5.185060881563971200, -2.641625050904819800E-019, -1.689999999999999700 ) ) ;
#9853 = DIRECTION ( 'NONE',  ( -1.000000000000000000, 0.0000000000000000000, 0.0000000000000000000 ) ) ;
#9854 = CARTESIAN_POINT ( 'NONE',  ( 4.643000501140988900, 0.3238201367950973600, 2.120000000000000600 ) ) ;
#9855 = FACE_OUTER_BOUND ( 'NONE', #4935, .T. ) ;
#9856 = ORIENTED_EDGE ( 'NONE', *, *, #9279, .T. ) ;
#9857 = DIRECTION ( 'NONE',  ( -0.0000000000000000000, 1.000000000000000000, -0.0000000000000000000 ) ) ;
#9858 = LINE ( 'NONE', #2654, #7795 ) ;
#9859 = EDGE_CURVE ( 'NONE', #9026, #10009, #9064, .T. ) ;
#9860 = EDGE_CURVE ( 'NONE', #5836, #2538, #4404, .T. ) ;
#9861 = CARTESIAN_POINT ( 'NONE',  ( -4.640543740461573900, 0.2886868222461744200, 0.4200000000000010900 ) ) ;
#9862 = ORIENTED_EDGE ( 'NONE', *, *, #10014, .F. ) ;
#9863 = FACE_OUTER_BOUND ( 'NONE', #3874, .T. ) ;
#9864 = CARTESIAN_POINT ( 'NONE',  ( -4.119942740832083700, 1.173896268997162200, 5.500000000000001800 ) ) ;
#9865 = CARTESIAN_POINT ( 'NONE',  ( -4.085923696263362700, 1.164780893477695100, 2.120000000000000600 ) ) ;
#9866 = ORIENTED_EDGE ( 'NONE', *, *, #7394, .T. ) ;
#9867 = CARTESIAN_POINT ( 'NONE',  ( 4.623104622025544500, 0.03929580968121807600, -0.4199999999999993700 ) ) ;
#9868 = DIRECTION ( 'NONE',  ( 4.170008355713481600E-016, 0.0000000000000000000, -1.000000000000000000 ) ) ;
#9869 = AXIS2_PLACEMENT_3D ( 'NONE', #4464, #1373, #3022 ) ;
#9870 = ORIENTED_EDGE ( 'NONE', *, *, #1909, .F. ) ;
#9871 = EDGE_CURVE ( 'NONE', #6802, #1647, #3914, .T. ) ;
#9872 = LINE ( 'NONE', #823, #1421 ) ;
#9873 = CARTESIAN_POINT ( 'NONE',  ( -3.759999999999999300, 1.450000000000000400, -5.500000000000000000 ) ) ;
#9874 = ORIENTED_EDGE ( 'NONE', *, *, #8276, .F. ) ;
#9875 = ORIENTED_EDGE ( 'NONE', *, *, #8351, .T. ) ;
#9876 = ORIENTED_EDGE ( 'NONE', *, *, #9414, .F. ) ;
#9877 = CIRCLE ( 'NONE', #7009, 0.2852191065223054800 ) ;
#9878 = DIRECTION ( 'NONE',  ( -1.000000000000000000, 0.0000000000000000000, 0.0000000000000000000 ) ) ;
#9879 = DIRECTION ( 'NONE',  ( 6.653104299660446400E-016, 1.000000000000000000, -0.0000000000000000000 ) ) ;
#9880 = CARTESIAN_POINT ( 'NONE',  ( -4.085923696263362700, 1.164780893477695100, 4.660000000000001000 ) ) ;
#9881 = VERTEX_POINT ( 'NONE', #6589 ) ;
#9882 = CARTESIAN_POINT ( 'NONE',  ( 0.4299999999999998800, 4.374037903435110200, 1.654999999999999800 ) ) ;
#9883 = EDGE_CURVE ( 'NONE', #1849, #4099, #3642, .T. ) ;
#9884 = DIRECTION ( 'NONE',  ( -0.9975640502598246400, 0.06975647374411952900, -0.0000000000000000000 ) ) ;
#9885 = FACE_OUTER_BOUND ( 'NONE', #2315, .T. ) ;
#9886 = DIRECTION ( 'NONE',  ( 1.000000000000000000, 0.0000000000000000000, 0.0000000000000000000 ) ) ;
#9887 = ORIENTED_EDGE ( 'NONE', *, *, #8740, .F. ) ;
#9888 = DIRECTION ( 'NONE',  ( -0.0000000000000000000, -0.0000000000000000000, -1.000000000000000000 ) ) ;
#9889 = ORIENTED_EDGE ( 'NONE', *, *, #8703, .T. ) ;
#9890 = ADVANCED_FACE ( 'NONE', ( #7228 ), #1882, .T. ) ;
#9891 = DIRECTION ( 'NONE',  ( 0.9659258262890683100, 0.2588190451025207900, -0.0000000000000000000 ) ) ;
#9892 = DIRECTION ( 'NONE',  ( 1.000000000000000000, 0.0000000000000000000, 0.0000000000000000000 ) ) ;
#9893 = EDGE_CURVE ( 'NONE', #10032, #6358, #6987, .T. ) ;
#9894 = LINE ( 'NONE', #4107, #8689 ) ;
#9895 = VECTOR ( 'NONE', #9512, 1000.000000000000000 ) ;
#9896 = DIRECTION ( 'NONE',  ( -0.0000000000000000000, -0.0000000000000000000, -1.000000000000000000 ) ) ;
#9897 = ORIENTED_EDGE ( 'NONE', *, *, #4385, .T. ) ;
#9898 = FACE_OUTER_BOUND ( 'NONE', #5873, .T. ) ;
#9899 = EDGE_CURVE ( 'NONE', #9097, #3687, #7357, .T. ) ;
#9900 = AXIS2_PLACEMENT_3D ( 'NONE', #3643, #9857, #9112 ) ;
#9901 = DIRECTION ( 'NONE',  ( -0.0000000000000000000, 1.000000000000000000, -0.0000000000000000000 ) ) ;
#9902 = VERTEX_POINT ( 'NONE', #2734 ) ;
#9903 = CARTESIAN_POINT ( 'NONE',  ( 4.361424197404351100, 1.238601030272792600, 0.4200000000000010900 ) ) ;
#9904 = ORIENTED_EDGE ( 'NONE', *, *, #3902, .F. ) ;
#9905 = VERTEX_POINT ( 'NONE', #380 ) ;
#9906 = CYLINDRICAL_SURFACE ( 'NONE', #2242, 0.03521910652230526200 ) ;
#9907 = VECTOR ( 'NONE', #7833, 1000.000000000000100 ) ;
#9908 = DIRECTION ( 'NONE',  ( -0.0000000000000000000, -0.0000000000000000000, -1.000000000000000000 ) ) ;
#9909 = ORIENTED_EDGE ( 'NONE', *, *, #3607, .T. ) ;
#9910 = FACE_OUTER_BOUND ( 'NONE', #2401, .T. ) ;
#9911 = DIRECTION ( 'NONE',  ( 0.0000000000000000000, 0.0000000000000000000, 1.000000000000000000 ) ) ;
#9912 = DIRECTION ( 'NONE',  ( -0.0000000000000000000, -0.0000000000000000000, -1.000000000000000000 ) ) ;
#9913 = CARTESIAN_POINT ( 'NONE',  ( 3.759999999999999300, 1.200000000000000200, 4.660000000000001000 ) ) ;
#9914 = DIRECTION ( 'NONE',  ( -0.0000000000000000000, -0.0000000000000000000, -1.000000000000000000 ) ) ;
#9915 = EDGE_CURVE ( 'NONE', #1687, #1315, #7973, .T. ) ;
#9916 = CARTESIAN_POINT ( 'NONE',  ( 4.608981456572268000, 0.3147047612756303000, -4.229999999999999500 ) ) ;
#9917 = AXIS2_PLACEMENT_3D ( 'NONE', #7416, #5829, #8220 ) ;
#9918 = DIRECTION ( 'NONE',  ( 0.0000000000000000000, 0.0000000000000000000, 1.000000000000000000 ) ) ;
#9919 = VERTEX_POINT ( 'NONE', #4315 ) ;
#9920 = ORIENTED_EDGE ( 'NONE', *, *, #9261, .F. ) ;
#9921 = EDGE_CURVE ( 'NONE', #2115, #5343, #2799, .T. ) ;
#9922 = VERTEX_POINT ( 'NONE', #2760 ) ;
#9923 = CARTESIAN_POINT ( 'NONE',  ( -3.759999999999999300, 1.200000000000000200, 2.960000000000000900 ) ) ;
#9924 = VECTOR ( 'NONE', #6081, 1000.000000000000000 ) ;
#9925 = CARTESIAN_POINT ( 'NONE',  ( 4.623104622025544500, 0.03929580968121807600, -2.959999999999999500 ) ) ;
#9926 = ORIENTED_EDGE ( 'NONE', *, *, #216, .F. ) ;
#9927 = ORIENTED_EDGE ( 'NONE', *, *, #911, .F. ) ;
#9928 = EDGE_LOOP ( 'NONE', ( #2761, #7611, #2224, #4791 ) ) ;
#9929 = AXIS2_PLACEMENT_3D ( 'NONE', #9035, #6776, #7581 ) ;
#9930 = LINE ( 'NONE', #7399, #9451 ) ;
#9931 = EDGE_CURVE ( 'NONE', #9769, #1070, #736, .T. ) ;
#9932 = VECTOR ( 'NONE', #8019, 1000.000000000000000 ) ;
#9933 = VECTOR ( 'NONE', #1222, 1000.000000000000000 ) ;
#9934 = ADVANCED_FACE ( 'NONE', ( #7589 ), #6555, .F. ) ;
#9935 = DIRECTION ( 'NONE',  ( -0.2588190451025207900, 0.9659258262890683100, 0.0000000000000000000 ) ) ;
#9936 = CARTESIAN_POINT ( 'NONE',  ( 4.640543740461574800, 0.2886868222461741500, 3.390000000000000600 ) ) ;
#9937 = DIRECTION ( 'NONE',  ( -1.000000000000000000, 0.0000000000000000000, 0.0000000000000000000 ) ) ;
#9938 = DIRECTION ( 'NONE',  ( -1.000000000000000000, 0.0000000000000000000, 0.0000000000000000000 ) ) ;
#9939 = ORIENTED_EDGE ( 'NONE', *, *, #4899, .F. ) ;
#9940 = CARTESIAN_POINT ( 'NONE',  ( 3.759999999999999300, 1.200000000000000200, 5.500000000000001800 ) ) ;
#9941 = ORIENTED_EDGE ( 'NONE', *, *, #1909, .T. ) ;
#9942 = EDGE_LOOP ( 'NONE', ( #7348, #8453, #2569, #1427, #9644, #2391, #3729, #6683, #2524, #2873, #3799, #2513 ) ) ;
#9943 = DIRECTION ( 'NONE',  ( -0.0000000000000000000, 1.000000000000000000, -0.0000000000000000000 ) ) ;
#9944 = CIRCLE ( 'NONE', #8445, 0.03521910652230526200 ) ;
#9945 = LINE ( 'NONE', #6557, #6900 ) ;
#9946 = FILL_AREA_STYLE ('',( #8331 ) ) ;
#9947 = EDGE_CURVE ( 'NONE', #1827, #5807, #4649, .T. ) ;
#9948 = ORIENTED_EDGE ( 'NONE', *, *, #8875, .F. ) ;
#9949 = ORIENTED_EDGE ( 'NONE', *, *, #9279, .F. ) ;
#9950 = ADVANCED_FACE ( 'NONE', ( #1227 ), #448, .F. ) ;
#9951 = LINE ( 'NONE', #8011, #3208 ) ;
#9952 = ORIENTED_EDGE ( 'NONE', *, *, #9291, .T. ) ;
#9953 = PLANE ( 'NONE',  #9774 ) ;
#9954 = LINE ( 'NONE', #4192, #5465 ) ;
#9955 = FACE_BOUND ( 'NONE', #3130, .T. ) ;
#9956 = DIRECTION ( 'NONE',  ( 0.0000000000000000000, 0.0000000000000000000, 1.000000000000000000 ) ) ;
#9957 = DIRECTION ( 'NONE',  ( -0.0000000000000000000, -0.0000000000000000000, -1.000000000000000000 ) ) ;
#9958 = DIRECTION ( 'NONE',  ( 0.9975640502598247500, -0.06975647374411816900, 0.0000000000000000000 ) ) ;
#9959 = CARTESIAN_POINT ( 'NONE',  ( -4.640543740461573900, 0.2886868222461744200, 1.690000000000000600 ) ) ;
#9960 = DIRECTION ( 'NONE',  ( -0.0000000000000000000, -0.0000000000000000000, -1.000000000000000000 ) ) ;
#9961 = EDGE_LOOP ( 'NONE', ( #8382, #3063, #5632, #5696 ) ) ;
#9962 = EDGE_CURVE ( 'NONE', #1218, #328, #2304, .T. ) ;
#9963 = LINE ( 'NONE', #7756, #5480 ) ;
#9964 = FACE_OUTER_BOUND ( 'NONE', #2850, .T. ) ;
#9965 =( GEOMETRIC_REPRESENTATION_CONTEXT ( 3 ) GLOBAL_UNCERTAINTY_ASSIGNED_CONTEXT ( ( #9413 ) ) GLOBAL_UNIT_ASSIGNED_CONTEXT ( ( #7302, #8870, #6438 ) ) REPRESENTATION_CONTEXT ( 'NONE', 'WORKASPACE' ) );
#9966 = COLOUR_RGB ( '',1.000000000000000000, 1.000000000000000000, 1.000000000000000000 ) ;
#9967 = CARTESIAN_POINT ( 'NONE',  ( -4.361424197404348400, 1.238601030272792100, 4.660000000000001000 ) ) ;
#9968 = CARTESIAN_POINT ( 'NONE',  ( -4.085923696263362700, 1.164780893477695100, -4.229999999999999500 ) ) ;
#9969 = EDGE_CURVE ( 'NONE', #3879, #8540, #1566, .T. ) ;
#9970 = AXIS2_PLACEMENT_3D ( 'NONE', #7740, #10022, #8494 ) ;
#9971 = VERTEX_POINT ( 'NONE', #8420 ) ;
#9972 = DIRECTION ( 'NONE',  ( 2.306813132947882000E-016, -0.0000000000000000000, 1.000000000000000000 ) ) ;
#9973 = FACE_OUTER_BOUND ( 'NONE', #8893, .T. ) ;
#9974 = DIRECTION ( 'NONE',  ( 0.0000000000000000000, 0.0000000000000000000, 1.000000000000000000 ) ) ;
#9975 = VECTOR ( 'NONE', #1905, 1000.000000000000000 ) ;
#9976 =( LENGTH_UNIT ( ) NAMED_UNIT ( * ) SI_UNIT ( .MILLI., .METRE. ) );
#9977 = CARTESIAN_POINT ( 'NONE',  ( 4.623104622025544500, 0.03929580968121807600, 0.4200000000000010900 ) ) ;
#9978 = CARTESIAN_POINT ( 'NONE',  ( 5.202500000000000600, 0.2493910125649557200, -4.229999999999999500 ) ) ;
#9979 = UNCERTAINTY_MEASURE_WITH_UNIT (LENGTH_MEASURE( 1.000000000000000100E-005 ), #2168, 'distance_accuracy_value', 'NONE');
#9980 = DIRECTION ( 'NONE',  ( 1.000000000000000000, -6.653104299660446400E-016, -0.0000000000000000000 ) ) ;
#9981 = LINE ( 'NONE', #1401, #2380 ) ;
#9982 = CARTESIAN_POINT ( 'NONE',  ( -3.759999999999999300, 1.450000000000000400, 4.660000000000001000 ) ) ;
#9983 = VERTEX_POINT ( 'NONE', #6779 ) ;
#9984 = CYLINDRICAL_SURFACE ( 'NONE', #4067, 0.2852191065223054800 ) ;
#9985 = DIRECTION ( 'NONE',  ( -1.000000000000000000, 0.0000000000000000000, 0.0000000000000000000 ) ) ;
#9986 = DIRECTION ( 'NONE',  ( 0.2588190451025207900, -0.9659258262890683100, 0.0000000000000000000 ) ) ;
#9987 = ADVANCED_FACE ( 'NONE', ( #5660 ), #1107, .F. ) ;
#9988 = CARTESIAN_POINT ( 'NONE',  ( 5.185060881563971200, -2.641625050904819800E-019, -4.659999999999999300 ) ) ;
#9989 = ORIENTED_EDGE ( 'NONE', *, *, #6612, .T. ) ;
#9990 = DIRECTION ( 'NONE',  ( -0.0000000000000000000, -1.000000000000000000, -0.0000000000000000000 ) ) ;
#9991 = CARTESIAN_POINT ( 'NONE',  ( -4.361424197404348400, 1.238601030272792100, 3.390000000000000600 ) ) ;
#9992 = ORIENTED_EDGE ( 'NONE', *, *, #9479, .T. ) ;
#9993 = PRESENTATION_LAYER_ASSIGNMENT (  '', '', ( #9798 ) ) ;
#9994 = VECTOR ( 'NONE', #7044, 1000.000000000000000 ) ;
#9995 = EDGE_LOOP ( 'NONE', ( #5182, #7559, #1847, #3477 ) ) ;
#9996 = EDGE_CURVE ( 'NONE', #8253, #903, #5779, .T. ) ;
#9997 = ORIENTED_EDGE ( 'NONE', *, *, #4395, .T. ) ;
#9998 = EDGE_CURVE ( 'NONE', #6715, #8895, #2565, .T. ) ;
#9999 = DIRECTION ( 'NONE',  ( 1.000000000000000000, 0.0000000000000000000, -0.0000000000000000000 ) ) ;
#10000 = EDGE_LOOP ( 'NONE', ( #2185, #9808, #9340, #9450 ) ) ;
#10001 = CARTESIAN_POINT ( 'NONE',  ( -3.760000000000000200, 1.450000000000000200, -6.412500000000001400 ) ) ;
#10002 = DIRECTION ( 'NONE',  ( 0.2588190451025207900, -0.9659258262890683100, 0.0000000000000000000 ) ) ;
#10003 = CARTESIAN_POINT ( 'NONE',  ( 4.085923696263362700, 1.164780893477695100, -4.659999999999999300 ) ) ;
#10004 = DIRECTION ( 'NONE',  ( -0.0000000000000000000, -0.0000000000000000000, -1.000000000000000000 ) ) ;
#10005 = ORIENTED_EDGE ( 'NONE', *, *, #8587, .T. ) ;
#10006 = CYLINDRICAL_SURFACE ( 'NONE', #3079, 0.2852191065223037600 ) ;
#10007 = ADVANCED_FACE ( 'NONE', ( #3411 ), #9131, .T. ) ;
#10008 = DIRECTION ( 'NONE',  ( -1.000000000000000000, 6.653104299660446400E-016, 0.0000000000000000000 ) ) ;
#10009 = VERTEX_POINT ( 'NONE', #7563 ) ;
#10010 = ORIENTED_EDGE ( 'NONE', *, *, #1004, .F. ) ;
#10011 = CARTESIAN_POINT ( 'NONE',  ( -4.367500000000000600, 0.2500000000000000000, 0.8500000000000009800 ) ) ;
#10012 = DIRECTION ( 'NONE',  ( 1.000000000000000000, 6.653104299660446400E-016, 0.0000000000000000000 ) ) ;
#10013 = AXIS2_PLACEMENT_3D ( 'NONE', #71, #8593, #7110 ) ;
#10014 = EDGE_CURVE ( 'NONE', #9782, #6701, #7843, .T. ) ;
#10015 = APPLICATION_PROTOCOL_DEFINITION ( 'draft international standard', 'automotive_design', 1998, #4613 ) ;
#10016 = ORIENTED_EDGE ( 'NONE', *, *, #6629, .T. ) ;
#10017 = LINE ( 'NONE', #9113, #2781 ) ;
#10018 = DIRECTION ( 'NONE',  ( -0.0000000000000000000, -0.0000000000000000000, -1.000000000000000000 ) ) ;
#10019 = ORIENTED_EDGE ( 'NONE', *, *, #4808, .F. ) ;
#10020 = ORIENTED_EDGE ( 'NONE', *, *, #3737, .F. ) ;
#10021 = CARTESIAN_POINT ( 'NONE',  ( 1.174999999999999600, 0.1000000000000000100, 1.654999999999999800 ) ) ;
#10022 = DIRECTION ( 'NONE',  ( -0.0000000000000000000, -0.0000000000000000000, -1.000000000000000000 ) ) ;
#10023 = PLANE ( 'NONE',  #8015 ) ;
#10024 = CARTESIAN_POINT ( 'NONE',  ( 4.085923696263362700, 1.164780893477695100, -5.500000000000000000 ) ) ;
#10025 = CARTESIAN_POINT ( 'NONE',  ( -1.175000000000000500, -0.0000000000000000000, -1.655000000000000200 ) ) ;
#10026 = CIRCLE ( 'NONE', #6768, 0.2852191065223042000 ) ;
#10027 = CARTESIAN_POINT ( 'NONE',  ( -4.640543740461573900, 0.2886868222461744200, -2.959999999999999500 ) ) ;
#10028 = VECTOR ( 'NONE', #7684, 1000.000000000000000 ) ;
#10029 = CARTESIAN_POINT ( 'NONE',  ( 4.608981456572268000, 0.3147047612756303000, 4.230000000000001300 ) ) ;
#10030 = VERTEX_POINT ( 'NONE', #4381 ) ;
#10031 = CARTESIAN_POINT ( 'NONE',  ( -3.760000000000000200, 1.200000000000000200, -6.412500000000001400 ) ) ;
#10032 = VERTEX_POINT ( 'NONE', #9978 ) ;
#10033 = VECTOR ( 'NONE', #8246, 1000.000000000000000 ) ;
#10034 = LINE ( 'NONE', #7545, #2433 ) ;
#10035 = DIRECTION ( 'NONE',  ( -0.0000000000000000000, -0.0000000000000000000, -1.000000000000000000 ) ) ;
#10036 = DIRECTION ( 'NONE',  ( 0.06975647374411816900, 0.9975640502598247500, -0.0000000000000000000 ) ) ;
#10037 = ORIENTED_EDGE ( 'NONE', *, *, #7975, .F. ) ;
#10038 = FACE_OUTER_BOUND ( 'NONE', #4926, .T. ) ;
#10039 = ADVANCED_FACE ( 'NONE', ( #6500 ), #6812, .F. ) ;
#10040 = CARTESIAN_POINT ( 'NONE',  ( 0.4299999999999998300, 0.1000000000000000100, 1.784999999999999700 ) ) ;
#10041 = EDGE_CURVE ( 'NONE', #4614, #8418, #4908, .T. ) ;
#10042 = DIRECTION ( 'NONE',  ( -6.653104299660446400E-016, 1.000000000000000000, 0.0000000000000000000 ) ) ;
#10043 = ORIENTED_EDGE ( 'NONE', *, *, #4362, .F. ) ;
#10044 = ORIENTED_EDGE ( 'NONE', *, *, #941, .T. ) ;
#10045 = VECTOR ( 'NONE', #231, 1000.000000000000100 ) ;
#10046 = AXIS2_PLACEMENT_3D ( 'NONE', #5292, #6038, #5185 ) ;
#10047 = LINE ( 'NONE', #9343, #1121 ) ;
#10048 = SURFACE_STYLE_USAGE ( .BOTH. , #4610 ) ;
#10049 = CARTESIAN_POINT ( 'NONE',  ( -4.085923696263362700, 1.449999999999999300, 4.660000000000001000 ) ) ;
#10050 = LINE ( 'NONE', #8505, #1851 ) ;
#10051 = CARTESIAN_POINT ( 'NONE',  ( 3.759999999999999300, 1.200000000000000200, -5.929999999999999700 ) ) ;
#10052 = ORIENTED_EDGE ( 'NONE', *, *, #9087, .F. ) ;
#10053 = ORIENTED_EDGE ( 'NONE', *, *, #898, .T. ) ;
#10054 = CARTESIAN_POINT ( 'NONE',  ( 3.759999999999999300, 1.200000000000000200, -4.659999999999999300 ) ) ;
#10055 = EDGE_LOOP ( 'NONE', ( #975, #6808, #6860, #1440 ) ) ;
#10056 = VECTOR ( 'NONE', #2092, 1000.000000000000000 ) ;
#10057 = CIRCLE ( 'NONE', #2826, 0.4000000000000001900 ) ;
#10058 = ADVANCED_FACE ( 'NONE', ( #1823 ), #5973, .F. ) ;
#10059 = DIRECTION ( 'NONE',  ( 1.000000000000000000, 0.0000000000000000000, 0.0000000000000000000 ) ) ;
#10060 = FACE_OUTER_BOUND ( 'NONE', #9040, .T. ) ;
#10061 = SURFACE_SIDE_STYLE ('',( #1152 ) ) ;
#10062 = EDGE_CURVE ( 'NONE', #4705, #463, #3163, .T. ) ;
#10063 = PLANE ( 'NONE',  #4735 ) ;
#10064 = EDGE_CURVE ( 'NONE', #7078, #3099, #6012, .T. ) ;
#10065 = ORIENTED_EDGE ( 'NONE', *, *, #6689, .T. ) ;
#10066 = ORIENTED_EDGE ( 'NONE', *, *, #4477, .T. ) ;
#10067 = FACE_OUTER_BOUND ( 'NONE', #7521, .T. ) ;
#10068 = FACE_OUTER_BOUND ( 'NONE', #8199, .T. ) ;
#10069 = LINE ( 'NONE', #9715, #5086 ) ;
#10070 = DIRECTION ( 'NONE',  ( -0.2588190451025243500, -0.9659258262890673100, 0.0000000000000000000 ) ) ;
#10071 = AXIS2_PLACEMENT_3D ( 'NONE', #9548, #7132, #2533 ) ;
#10072 = VERTEX_POINT ( 'NONE', #5946 ) ;
#10073 = AXIS2_PLACEMENT_3D ( 'NONE', #4742, #7718, #8547 ) ;
#10074 = EDGE_LOOP ( 'NONE', ( #204, #6394, #7227, #6537 ) ) ;
#10075 = EDGE_CURVE ( 'NONE', #740, #663, #5532, .T. ) ;
#10076 = LINE ( 'NONE', #3653, #6414 ) ;
#10077 = EDGE_LOOP ( 'NONE', ( #8151, #6482, #7217, #7633, #8867, #6655, #6961, #5116, #4779, #222, #530, #1999 ) ) ;
#10078 = FACE_OUTER_BOUND ( 'NONE', #7517, .T. ) ;
#10079 = LINE ( 'NONE', #8492, #8018 ) ;
#10080 = DIRECTION ( 'NONE',  ( -1.000000000000000000, 0.0000000000000000000, 0.0000000000000000000 ) ) ;
#10081 = DIRECTION ( 'NONE',  ( -0.0000000000000000000, -0.0000000000000000000, -1.000000000000000000 ) ) ;
#10082 = ORIENTED_EDGE ( 'NONE', *, *, #1216, .T. ) ;
#10083 = VERTEX_POINT ( 'NONE', #7595 ) ;
#10084 = PRODUCT_CONTEXT ( 'NONE', #4613, 'mechanical' ) ;
#10085 = FACE_OUTER_BOUND ( 'NONE', #119, .T. ) ;
#10086 = ORIENTED_EDGE ( 'NONE', *, *, #4101, .F. ) ;
#10087 = ORIENTED_EDGE ( 'NONE', *, *, #86, .T. ) ;
#10088 = COLOUR_RGB ( '',0.7921568627450980000, 0.8196078431372548800, 0.9333333333333333500 ) ;
#10089 = CIRCLE ( 'NONE', #671, 0.03521910652230526200 ) ;
#10090 = DIRECTION ( 'NONE',  ( 0.0000000000000000000, 0.0000000000000000000, 1.000000000000000000 ) ) ;
#10091 = CARTESIAN_POINT ( 'NONE',  ( 3.759999999999999300, 1.200000000000000200, -6.412500000000003200 ) ) ;
#10092 = DIRECTION ( 'NONE',  ( -1.000000000000000000, 0.0000000000000000000, 0.0000000000000000000 ) ) ;
#10093 = VERTEX_POINT ( 'NONE', #10051 ) ;
#10094 = DIRECTION ( 'NONE',  ( -0.0000000000000000000, -0.0000000000000000000, -1.000000000000000000 ) ) ;
#10095 = ADVANCED_FACE ( 'NONE', ( #853 ), #1230, .T. ) ;
#10096 = VECTOR ( 'NONE', #7768, 1000.000000000000100 ) ;
#10097 = DIRECTION ( 'NONE',  ( -0.0000000000000000000, -0.0000000000000000000, -1.000000000000000000 ) ) ;
#10098 = LINE ( 'NONE', #6270, #9491 ) ;
#10099 = AXIS2_PLACEMENT_3D ( 'NONE', #4859, #8132, #2520 ) ;
#10100 = VECTOR ( 'NONE', #2870, 1000.000000000000000 ) ;
#10101 = CARTESIAN_POINT ( 'NONE',  ( -3.759999999999999300, 1.200000000000000200, -5.929999999999999700 ) ) ;
#10102 = DIRECTION ( 'NONE',  ( 4.170008355713481600E-016, 0.0000000000000000000, -1.000000000000000000 ) ) ;
#10103 = EDGE_LOOP ( 'NONE', ( #5577, #4057, #622, #2819 ) ) ;
#10104 = DIRECTION ( 'NONE',  ( 1.000000000000000000, -6.653104299660446400E-016, -0.0000000000000000000 ) ) ;
#10105 = EDGE_CURVE ( 'NONE', #6647, #6151, #9174, .T. ) ;
#10106 = VECTOR ( 'NONE', #6535, 1000.000000000000000 ) ;
#10107 = MECHANICAL_DESIGN_GEOMETRIC_PRESENTATION_REPRESENTATION (  '', ( #8177 ), #4151 ) ;
#10108 = CARTESIAN_POINT ( 'NONE',  ( 4.640543740461574800, 0.2886868222461744800, -5.500000000000000000 ) ) ;
#10109 = ADVANCED_FACE ( 'NONE', ( #2059 ), #2924, .F. ) ;
#10110 = CARTESIAN_POINT ( 'NONE',  ( -5.202500000000000600, 0.2493910125649564100, 5.500000000000001800 ) ) ;
#10111 = CARTESIAN_POINT ( 'NONE',  ( 0.4299999999999998800, 4.374037903435110200, -1.655000000000000200 ) ) ;
#10112 = CARTESIAN_POINT ( 'NONE',  ( -4.085923696263362700, 1.200000000000000400, 5.930000000000001500 ) ) ;
#10113 = ORIENTED_EDGE ( 'NONE', *, *, #4050, .F. ) ;
#10114 = ORIENTED_EDGE ( 'NONE', *, *, #8506, .F. ) ;
#10115 =( NAMED_UNIT ( * ) SI_UNIT ( $, .STERADIAN. ) SOLID_ANGLE_UNIT ( ) );
#10116 = CARTESIAN_POINT ( 'NONE',  ( 5.185060881563971200, -2.641625050904819800E-019, -0.8499999999999992000 ) ) ;
#10117 = ORIENTED_EDGE ( 'NONE', *, *, #6998, .F. ) ;
#10118 = VECTOR ( 'NONE', #2855, 1000.000000000000000 ) ;
#10119 = CARTESIAN_POINT ( 'NONE',  ( 0.0000000000000000000, 0.0000000000000000000, 0.0000000000000000000 ) ) ;
#10120 = AXIS2_PLACEMENT_3D ( 'NONE', #111, #858, #7029 ) ;
#10121 = EDGE_CURVE ( 'NONE', #7711, #3989, #7098, .T. ) ;
#10122 = EDGE_LOOP ( 'NONE', ( #1951, #2592, #43, #1579 ) ) ;
#10123 = DIRECTION ( 'NONE',  ( 1.000000000000000000, 6.653104299660446400E-016, 0.0000000000000000000 ) ) ;
#10124 = DIRECTION ( 'NONE',  ( 1.000000000000000000, 0.0000000000000000000, 0.0000000000000000000 ) ) ;
#10125 = EDGE_CURVE ( 'NONE', #8164, #6333, #9546, .T. ) ;
#10126 = CARTESIAN_POINT ( 'NONE',  ( 4.367500000000000600, 0.2500000000000000600, -1.689999999999999700 ) ) ;
#10127 =( NAMED_UNIT ( * ) SI_UNIT ( $, .STERADIAN. ) SOLID_ANGLE_UNIT ( ) );
#10128 = ORIENTED_EDGE ( 'NONE', *, *, #4544, .F. ) ;
#10129 = VECTOR ( 'NONE', #2970, 1000.000000000000000 ) ;
#10130 = CARTESIAN_POINT ( 'NONE',  ( 4.640543740461574800, 0.2886868222461744800, 2.120000000000000600 ) ) ;
#10131 = DIRECTION ( 'NONE',  ( 0.06975647374411746100, -0.9975640502598247500, 0.0000000000000000000 ) ) ;
#10132 = PLANE ( 'NONE',  #2689 ) ;
#10133 = CARTESIAN_POINT ( 'NONE',  ( -4.119942740832083700, 1.173896268997162200, -4.659999999999999300 ) ) ;
#10134 = EDGE_LOOP ( 'NONE', ( #2517, #5291, #2402, #6842, #1368, #3811, #6393, #8594, #6431, #3142, #9816, #6499 ) ) ;
#10135 = VERTEX_POINT ( 'NONE', #3773 ) ;
#10136 =( GEOMETRIC_REPRESENTATION_CONTEXT ( 3 ) GLOBAL_UNCERTAINTY_ASSIGNED_CONTEXT ( ( #4397 ) ) GLOBAL_UNIT_ASSIGNED_CONTEXT ( ( #8993, #9760, #7444 ) ) REPRESENTATION_CONTEXT ( 'NONE', 'WORKASPACE' ) );
#10137 = VERTEX_POINT ( 'NONE', #2233 ) ;
#10138 = EDGE_CURVE ( 'NONE', #4967, #2225, #9791, .T. ) ;
#10139 = LINE ( 'NONE', #3016, #1931 ) ;
#10140 = ORIENTED_EDGE ( 'NONE', *, *, #8761, .F. ) ;
#10141 = DIRECTION ( 'NONE',  ( -0.2588190451025243500, -0.9659258262890673100, 0.0000000000000000000 ) ) ;
#10142 = CARTESIAN_POINT ( 'NONE',  ( 3.759999999999999800, 1.450000000000000200, 2.960000000000000900 ) ) ;
#10143 = ORIENTED_EDGE ( 'NONE', *, *, #7203, .F. ) ;
#10144 = DIRECTION ( 'NONE',  ( -0.0000000000000000000, -0.0000000000000000000, -1.000000000000000000 ) ) ;
#10145 = ADVANCED_FACE ( 'NONE', ( #1333 ), #1457, .F. ) ;
#10146 = PLANE ( 'NONE',  #5761 ) ;
#10147 = LINE ( 'NONE', #5093, #7831 ) ;
#10148 = CARTESIAN_POINT ( 'NONE',  ( -4.643000501140988900, 0.3238201367950973600, 5.930000000000001500 ) ) ;
#10149 = ORIENTED_EDGE ( 'NONE', *, *, #9800, .T. ) ;
#10150 = CARTESIAN_POINT ( 'NONE',  ( 3.760000000000004700, 1.450000000000000200, 6.412500000000001400 ) ) ;
#10151 = CARTESIAN_POINT ( 'NONE',  ( -4.119942740832083700, 1.173896268997162200, 0.8500000000000009800 ) ) ;
#10152 = EDGE_CURVE ( 'NONE', #8267, #8836, #5905, .T. ) ;
ENDSEC;
END-ISO-10303-21;
