#VRML V2.0 utf8
# 3D model generated by easyeda2kicad.py (https://github.com/uPesy/easyeda2kicad.py)

Shape{
    appearance Appearance {
        material  Material 	{
            diffuseColor 0.6666666666666666 0.6980392156862745 0.7686274509803922
            specularColor 0.3333333333333333 0.34901960784313724 0.3843137254901961
            ambientIntensity 0.6967
            transparency 0.0
            shininess 0.5
        }
    }
    geometry IndexedFaceSet {
        ccw TRUE
        solid FALSE
        coord DEF co Coordinate {
            point [
                1.061 1.5571 0.7083, 1.0807 1.5571 0.4672, 1.0902 1.5571 0.4711, 1.1004 1.5571 0.4724, 1.376 1.5571 0.4724, 1.061 1.5571 1.1193, 1.376 1.5571 2.4803, 0.6673 1.5571 1.1193, 0.6381 1.5571 0.4711, 0.6476 1.5571 0.4672, 0.6673 1.5571 0.7083, 0.6558 1.5571 0.4609, 0.6621 1.5571 0.4528, 0.666 1.5571 0.4433, 1.0726 1.5571 0.4609, 1.0663 1.5571 0.4528, 0.3524 1.5571 2.4803, 0.3524 1.5571 0.4724, 0.628 1.5571 0.4724, 0.6673 1.5571 -0.2756, 1.061 1.5571 -0.2756, 0.6673 1.5571 0.4331, 1.061 1.5571 0.4331, 1.0624 1.5571 0.4433, 0.6687 1.5571 -0.2858, 0.6726 1.5571 -0.2953, 0.6789 1.5571 -0.3034, 0.687 1.5571 -0.3097, 1.0318 1.5571 -0.3136, 1.0413 1.5571 -0.3097, 1.0495 1.5571 -0.3034, 1.0597 1.5571 -0.2858, 1.0558 1.5571 -0.2953, 0.6965 1.5571 -0.3136, 0.7067 1.5571 -0.315, 1.0217 1.5571 -0.315, 0.7067 1.6358 -0.315, 1.0217 1.6358 -0.315, 1.1004 1.6358 0.4724, 1.061 1.6358 0.7083, 1.376 1.6358 0.4724, 1.061 1.6358 1.1193, 1.0663 1.6358 0.4528, 1.0624 1.6358 0.4433, 0.666 1.6358 0.4433, 1.061 1.6358 0.4331, 0.6673 1.6358 0.4331, 1.0902 1.6358 0.4711, 1.0807 1.6358 0.4672, 1.0726 1.6358 0.4609, 0.6621 1.6358 0.4528, 0.6558 1.6358 0.4609, 0.6673 1.6358 0.7083, 0.6476 1.6358 0.4672, 0.6381 1.6358 0.4711, 0.628 1.6358 0.4724, 0.3524 1.6358 0.4724, 0.6673 1.6358 1.1193, 0.3524 1.6358 2.4803, 1.376 1.6358 2.4803, 1.0495 1.6358 -0.3034, 1.0413 1.6358 -0.3097, 1.0318 1.6358 -0.3136, 0.6673 1.6358 -0.2756, 1.061 1.6358 -0.2756, 1.0558 1.6358 -0.2953, 1.0597 1.6358 -0.2858, 0.6726 1.6358 -0.2953, 0.6965 1.6358 -0.3136, 0.6789 1.6358 -0.3034, 0.687 1.6358 -0.3097, 0.6687 1.6358 -0.2858, 0.3524 1.6339 2.4978, 1.376 1.6339 2.4978, 0.3524 1.628 2.5145, 1.376 1.628 2.5145, 0.3524 1.6186 2.5294, 1.376 1.6186 2.5294, 0.3524 1.6062 2.5419, 1.376 1.6062 2.5419, 0.3524 1.5913 2.5513, 1.376 1.5913 2.5513, 0.3524 1.5746 2.5571, 1.376 1.5746 2.5571, 0.3524 1.5571 2.5591, 1.376 1.5571 2.5591, 1.376 -1.5531 2.5591, 0.3524 -1.5531 2.5591, 0.3524 -1.5707 2.5571, 1.376 -1.5707 2.5571, 0.3524 -1.5873 2.5513, 1.376 -1.5873 2.5513, 0.3524 -1.6022 2.5419, 1.376 -1.6022 2.5419, 0.3524 -1.6147 2.5294, 1.376 -1.6147 2.5294, 0.3524 -1.6241 2.5145, 1.376 -1.6241 2.5145, 0.3524 -1.6299 2.4978, 1.376 -1.6299 2.4978, 0.3524 -1.6319 2.4803, 1.376 -1.6319 2.4803, 0.6673 -1.6319 1.1193, 0.3524 -1.6319 0.4724, 0.6381 -1.6319 0.4711, 0.6476 -1.6319 0.4672, 0.6673 -1.6319 0.7083, 1.061 -1.6319 0.7083, 0.6558 -1.6319 0.4609, 0.6621 -1.6319 0.4528, 0.666 -1.6319 0.4433, 0.628 -1.6319 0.4724, 1.061 -1.6319 1.1193, 1.376 -1.6319 0.4724, 1.1004 -1.6319 0.4724, 1.0902 -1.6319 0.4711, 1.0663 -1.6319 0.4528, 1.0726 -1.6319 0.4609, 1.0807 -1.6319 0.4672, 0.6673 -1.6319 -0.2756, 1.061 -1.6319 -0.2756, 0.6673 -1.6319 0.4331, 1.061 -1.6319 0.4331, 1.0624 -1.6319 0.4433, 0.6726 -1.6319 -0.2953, 0.6789 -1.6319 -0.3034, 0.687 -1.6319 -0.3097, 1.0217 -1.6319 -0.315, 0.7067 -1.6319 -0.315, 0.6965 -1.6319 -0.3136, 0.6687 -1.6319 -0.2858, 1.0413 -1.6319 -0.3097, 1.0495 -1.6319 -0.3034, 1.0558 -1.6319 -0.2953, 1.0318 -1.6319 -0.3136, 1.0597 -1.6319 -0.2858, 0.7067 -1.5531 -0.315, 1.0217 -1.5531 -0.315, 0.666 -1.5531 0.4433, 1.0624 -1.5531 0.4433, 1.061 -1.5531 0.4331, 1.061 -1.5531 1.1193, 1.376 -1.5531 0.4724, 1.061 -1.5531 0.7083, 1.1004 -1.5531 0.4724, 0.6673 -1.5531 0.7083, 0.6476 -1.5531 0.4672, 0.6381 -1.5531 0.4711, 1.0807 -1.5531 0.4672, 1.0726 -1.5531 0.4609, 1.0663 -1.5531 0.4528, 0.6558 -1.5531 0.4609, 0.6621 -1.5531 0.4528, 1.0902 -1.5531 0.4711, 0.628 -1.5531 0.4724, 0.3524 -1.5531 0.4724, 0.6673 -1.5531 1.1193, 0.3524 -1.5531 2.4803, 1.376 -1.5531 2.4803, 1.061 -1.5531 -0.2756, 0.6673 -1.5531 -0.2756, 0.6673 -1.5531 0.4331, 1.0597 -1.5531 -0.2858, 1.0558 -1.5531 -0.2953, 1.0495 -1.5531 -0.3034, 1.0413 -1.5531 -0.3097, 0.6965 -1.5531 -0.3136, 0.687 -1.5531 -0.3097, 0.6789 -1.5531 -0.3034, 0.6726 -1.5531 -0.2953, 0.6687 -1.5531 -0.2858, 1.0318 -1.5531 -0.3136, -3.1516 1.3209 0.1969, -3.1516 1.3209 1.0038, -2.935 1.3209 0.1969, -2.3248 1.3209 1.0038, -2.3248 1.3209 0.1969, -2.5413 1.3209 0.1969, -2.5807 1.3209 -0.315, -2.8957 1.3209 -0.315, -2.561 1.3209 -0.3097, -2.5427 1.3209 -0.2858, -2.5529 1.3209 -0.3034, -2.5466 1.3209 -0.2953, -2.5413 1.3209 -0.2756, -2.5705 1.3209 -0.3136, -2.9059 1.3209 -0.3136, -2.9337 1.3209 -0.2858, -2.935 1.3209 -0.2756, -2.9154 1.3209 -0.3097, -2.9235 1.3209 -0.3034, -2.9298 1.3209 -0.2953, -2.8957 1.2421 -0.315, -2.5807 1.2421 -0.315, -2.3248 1.2421 0.1969, -2.3248 1.2421 1.0038, -2.5413 1.2421 0.1969, -3.1516 1.2421 1.0038, -3.1516 1.2421 0.1969, -2.935 1.2421 0.1969, -2.9154 1.2421 -0.3097, -2.9337 1.2421 -0.2858, -2.9235 1.2421 -0.3034, -2.9298 1.2421 -0.2953, -2.935 1.2421 -0.2756, -2.9059 1.2421 -0.3136, -2.5705 1.2421 -0.3136, -2.5427 1.2421 -0.2858, -2.5413 1.2421 -0.2756, -2.561 1.2421 -0.3097, -2.5529 1.2421 -0.3034, -2.5466 1.2421 -0.2953, -1.872 1.3209 0.1969, -2.0886 1.3209 0.1969, -2.0886 1.3209 1.0038, -1.2618 1.3209 1.0038, -1.2618 1.3209 0.1969, -1.4783 1.3209 0.1969, -1.872 1.3209 -0.2756, -1.4783 1.3209 -0.2756, -1.498 1.3209 -0.3097, -1.4899 1.3209 -0.3034, -1.4797 1.3209 -0.2858, -1.4836 1.3209 -0.2953, -1.8429 1.3209 -0.3136, -1.8524 1.3209 -0.3097, -1.8605 1.3209 -0.3034, -1.5075 1.3209 -0.3136, -1.5177 1.3209 -0.315, -1.8327 1.3209 -0.315, -1.8707 1.3209 -0.2858, -1.8668 1.3209 -0.2953, -1.8327 1.2421 -0.315, -1.5177 1.2421 -0.315, -1.4783 1.2421 0.1969, -1.2618 1.2421 0.1969, -1.2618 1.2421 1.0038, -2.0886 1.2421 1.0038, -2.0886 1.2421 0.1969, -1.872 1.2421 0.1969, -1.4783 1.2421 -0.2756, -1.872 1.2421 -0.2756, -1.4899 1.2421 -0.3034, -1.4836 1.2421 -0.2953, -1.4797 1.2421 -0.2858, -1.8524 1.2421 -0.3097, -1.8605 1.2421 -0.3034, -1.8707 1.2421 -0.2858, -1.8668 1.2421 -0.2953, -1.498 1.2421 -0.3097, -1.8429 1.2421 -0.3136, -1.5075 1.2421 -0.3136, -0.8091 1.3209 0.1969, -1.0256 1.3209 0.1969, -1.0256 1.3209 1.0038, -0.1988 1.3209 1.0038, -0.1988 1.3209 0.1969, -0.4154 1.3209 0.1969, -0.8091 1.3209 -0.2756, -0.4154 1.3209 -0.2756, -0.4269 1.3209 -0.3034, -0.435 1.3209 -0.3097, -0.4445 1.3209 -0.3136, -0.4206 1.3209 -0.2953, -0.7799 1.3209 -0.3136, -0.7894 1.3209 -0.3097, -0.8077 1.3209 -0.2858, -0.7975 1.3209 -0.3034, -0.8038 1.3209 -0.2953, -0.7697 1.3209 -0.315, -0.4547 1.3209 -0.315, -0.4167 1.3209 -0.2858, -0.7697 1.2421 -0.315, -0.4547 1.2421 -0.315, -0.4154 1.2421 0.1969, -0.1988 1.2421 0.1969, -0.1988 1.2421 1.0038, -1.0256 1.2421 1.0038, -1.0256 1.2421 0.1969, -0.8091 1.2421 0.1969, -0.4154 1.2421 -0.2756, -0.8091 1.2421 -0.2756, -0.7975 1.2421 -0.3034, -0.7894 1.2421 -0.3097, -0.7799 1.2421 -0.3136, -0.8038 1.2421 -0.2953, -0.4445 1.2421 -0.3136, -0.435 1.2421 -0.3097, -0.4269 1.2421 -0.3034, -0.4206 1.2421 -0.2953, -0.4167 1.2421 -0.2858, -0.8077 1.2421 -0.2858, -2.128 -1.3169 0.1969, -2.128 -1.3169 1.0038, -2.3445 -1.3169 0.1969, -2.9547 -1.3169 1.0038, -2.9547 -1.3169 0.1969, -2.7382 -1.3169 0.1969, -2.6988 -1.3169 -0.315, -2.3839 -1.3169 -0.315, -2.7185 -1.3169 -0.3097, -2.7368 -1.3169 -0.2858, -2.7267 -1.3169 -0.3034, -2.7329 -1.3169 -0.2953, -2.7382 -1.3169 -0.2756, -2.709 -1.3169 -0.3136, -2.3737 -1.3169 -0.3136, -2.3458 -1.3169 -0.2858, -2.3445 -1.3169 -0.2756, -2.3642 -1.3169 -0.3097, -2.356 -1.3169 -0.3034, -2.3498 -1.3169 -0.2953, -2.3839 -1.2382 -0.315, -2.6988 -1.2382 -0.315, -2.9547 -1.2382 0.1969, -2.9547 -1.2382 1.0038, -2.7382 -1.2382 0.1969, -2.128 -1.2382 1.0038, -2.128 -1.2382 0.1969, -2.3445 -1.2382 0.1969, -2.3642 -1.2382 -0.3097, -2.3458 -1.2382 -0.2858, -2.356 -1.2382 -0.3034, -2.3498 -1.2382 -0.2953, -2.3445 -1.2382 -0.2756, -2.3737 -1.2382 -0.3136, -2.709 -1.2382 -0.3136, -2.7368 -1.2382 -0.2858, -2.7382 -1.2382 -0.2756, -2.7185 -1.2382 -0.3097, -2.7267 -1.2382 -0.3034, -2.7329 -1.2382 -0.2953, -1.2815 -1.3169 0.1969, -1.065 -1.3169 0.1969, -1.065 -1.3169 1.0038, -1.8917 -1.3169 1.0038, -1.8917 -1.3169 0.1969, -1.6752 -1.3169 0.1969, -1.2815 -1.3169 -0.2756, -1.6752 -1.3169 -0.2756, -1.293 -1.3169 -0.3034, -1.2868 -1.3169 -0.2953, -1.2828 -1.3169 -0.2858, -1.6739 -1.3169 -0.2858, -1.6358 -1.3169 -0.315, -1.6699 -1.3169 -0.2953, -1.646 -1.3169 -0.3136, -1.6637 -1.3169 -0.3034, -1.6555 -1.3169 -0.3097, -1.3012 -1.3169 -0.3097, -1.3209 -1.3169 -0.315, -1.3107 -1.3169 -0.3136, -1.3209 -1.2382 -0.315, -1.6358 -1.2382 -0.315, -1.6752 -1.2382 0.1969, -1.8917 -1.2382 0.1969, -1.8917 -1.2382 1.0038, -1.065 -1.2382 1.0038, -1.065 -1.2382 0.1969, -1.2815 -1.2382 0.1969, -1.6752 -1.2382 -0.2756, -1.2815 -1.2382 -0.2756, -1.2828 -1.2382 -0.2858, -1.2868 -1.2382 -0.2953, -1.293 -1.2382 -0.3034, -1.3107 -1.2382 -0.3136, -1.3012 -1.2382 -0.3097, -1.6555 -1.2382 -0.3097, -1.6637 -1.2382 -0.3034, -1.646 -1.2382 -0.3136, -1.6699 -1.2382 -0.2953, -1.6739 -1.2382 -0.2858, -0.2185 -1.3169 0.1969, -0.002 -1.3169 0.1969, -0.002 -1.3169 1.0038, -0.8287 -1.3169 1.0038, -0.8287 -1.3169 0.1969, -0.6122 -1.3169 0.1969, -0.2185 -1.3169 -0.2756, -0.6122 -1.3169 -0.2756, -0.6109 -1.3169 -0.2858, -0.583 -1.3169 -0.3136, -0.5728 -1.3169 -0.315, -0.2579 -1.3169 -0.315, -0.2198 -1.3169 -0.2858, -0.6069 -1.3169 -0.2953, -0.6007 -1.3169 -0.3034, -0.5925 -1.3169 -0.3097, -0.2477 -1.3169 -0.3136, -0.2382 -1.3169 -0.3097, -0.2238 -1.3169 -0.2953, -0.23 -1.3169 -0.3034, -0.2579 -1.2382 -0.315, -0.5728 -1.2382 -0.315, -0.6122 -1.2382 0.1969, -0.8287 -1.2382 0.1969, -0.8287 -1.2382 1.0038, -0.002 -1.2382 1.0038, -0.002 -1.2382 0.1969, -0.2185 -1.2382 0.1969, -0.23 -1.2382 -0.3034, -0.2382 -1.2382 -0.3097, -0.2238 -1.2382 -0.2953, -0.2198 -1.2382 -0.2858, -0.6122 -1.2382 -0.2756, -0.2185 -1.2382 -0.2756, -0.2477 -1.2382 -0.3136, -0.583 -1.2382 -0.3136, -0.5925 -1.2382 -0.3097, -0.6007 -1.2382 -0.3034, -0.6069 -1.2382 -0.2953, -0.6109 -1.2382 -0.2858, 2.9337 0.7303 -0.2858, 2.935 0.7303 -0.2756, 2.8957 0.7303 -0.315, 2.5768 0.7303 -0.315, 2.9154 0.7303 -0.3097, 2.9235 0.7303 -0.3034, 2.9298 0.7303 -0.2953, 2.9059 0.7303 -0.3136, 2.5571 0.7303 -0.3097, 2.5387 0.7303 -0.2858, 2.5489 0.7303 -0.3034, 2.5427 0.7303 -0.2953, 2.935 0.7303 0.376, 2.5374 0.7303 0.376, 2.5374 0.7303 -0.2756, 2.5666 0.7303 -0.3136, 2.8957 0.8091 -0.315, 2.5768 0.8091 -0.315, 2.5374 0.8091 0.376, 2.935 0.8091 0.376, 2.5374 0.8091 -0.2756, 2.935 0.8091 -0.2756, 2.9298 0.8091 -0.2953, 2.9235 0.8091 -0.3034, 2.9154 0.8091 -0.3097, 2.9059 0.8091 -0.3136, 2.9337 0.8091 -0.2858, 2.5666 0.8091 -0.3136, 2.5387 0.8091 -0.2858, 2.5571 0.8091 -0.3097, 2.5489 0.8091 -0.3034, 2.5427 0.8091 -0.2953, 2.5374 0.8061 0.4023, 2.935 0.8061 0.4023, 2.5374 0.7974 0.4273, 2.935 0.7974 0.4273, 2.5374 0.7833 0.4497, 2.935 0.7833 0.4497, 2.5374 0.7646 0.4684, 2.935 0.7646 0.4684, 2.5374 0.7422 0.4824, 2.935 0.7422 0.4824, 2.5374 0.7172 0.4912, 2.935 0.7172 0.4912, 2.5374 0.6909 0.4941, 2.935 0.6909 0.4941, 2.5374 -0.5492 0.4941, 2.935 -0.5492 0.4941, 2.5374 -0.5798 0.4901, 2.935 -0.5798 0.4901, 2.5374 -0.6083 0.4783, 2.935 -0.6083 0.4783, 2.5374 -0.6327 0.4595, 2.935 -0.6327 0.4595, 2.5374 -0.6515 0.4351, 2.935 -0.6515 0.4351, 2.5374 -0.6633 0.4066, 2.935 -0.6633 0.4066, 2.5374 -0.6673 0.376, 2.935 -0.6673 0.376, 2.9337 -0.6673 -0.2858, 2.935 -0.6673 -0.2756, 2.8957 -0.6673 -0.315, 2.5768 -0.6673 -0.315, 2.9154 -0.6673 -0.3097, 2.9235 -0.6673 -0.3034, 2.9298 -0.6673 -0.2953, 2.9059 -0.6673 -0.3136, 2.5374 -0.6673 -0.2756, 2.5387 -0.6673 -0.2858, 2.5427 -0.6673 -0.2953, 2.5489 -0.6673 -0.3034, 2.5571 -0.6673 -0.3097, 2.5666 -0.6673 -0.3136, 2.8957 -0.5886 -0.315, 2.5768 -0.5886 -0.315, 2.5374 -0.5886 -0.2756, 2.5374 -0.5886 0.376, 2.935 -0.5886 0.376, 2.9298 -0.5886 -0.2953, 2.9235 -0.5886 -0.3034, 2.9154 -0.5886 -0.3097, 2.935 -0.5886 -0.2756, 2.9337 -0.5886 -0.2858, 2.9059 -0.5886 -0.3136, 2.5489 -0.5886 -0.3034, 2.5571 -0.5886 -0.3097, 2.5666 -0.5886 -0.3136, 2.5427 -0.5886 -0.2953, 2.5387 -0.5886 -0.2858, 2.935 -0.5872 0.3862, 2.5374 -0.5872 0.3862, 2.935 -0.5833 0.3957, 2.5374 -0.5833 0.3957, 2.935 -0.5771 0.4039, 2.5374 -0.5771 0.4039, 2.935 -0.5689 0.4101, 2.5374 -0.5689 0.4101, 2.935 -0.5594 0.414, 2.5374 -0.5594 0.414, 2.935 -0.5492 0.4154, 2.5374 -0.5492 0.4154, 2.5374 0.6909 0.4154, 2.935 0.6909 0.4154, 2.935 0.6997 0.4144, 2.5374 0.6997 0.4144, 2.935 0.708 0.4115, 2.5374 0.708 0.4115, 2.935 0.7155 0.4068, 2.5374 0.7155 0.4068, 2.935 0.7217 0.4006, 2.5374 0.7217 0.4006, 2.935 0.7264 0.3931, 2.5374 0.7264 0.3931, 2.935 0.7293 0.3848, 2.5374 0.7293 0.3848, 2.5374 -1.3957 1.9685, 2.935 -1.3957 1.9685, 2.5374 -1.3169 1.9685, 2.935 -1.3169 1.9685, 2.935 -1.3957 -0.2756, 2.5374 -1.3957 -0.2756, 2.5768 -1.3957 -0.315, 2.5387 -1.3957 -0.2858, 2.5666 -1.3957 -0.3136, 2.5427 -1.3957 -0.2953, 2.5571 -1.3957 -0.3097, 2.5489 -1.3957 -0.3034, 2.9298 -1.3957 -0.2953, 2.9059 -1.3957 -0.3136, 2.9235 -1.3957 -0.3034, 2.9154 -1.3957 -0.3097, 2.8957 -1.3957 -0.315, 2.9337 -1.3957 -0.2858, 2.8957 -1.3169 -0.315, 2.5768 -1.3169 -0.315, 2.5374 -1.3169 -0.2756, 2.5387 -1.3169 -0.2858, 2.5571 -1.3169 -0.3097, 2.5489 -1.3169 -0.3034, 2.5427 -1.3169 -0.2953, 2.935 -1.3169 -0.2756, 2.9337 -1.3169 -0.2858, 2.9298 -1.3169 -0.2953, 2.5666 -1.3169 -0.3136, 2.9235 -1.3169 -0.3034, 2.9154 -1.3169 -0.3097, 2.9059 -1.3169 -0.3136, 2.5374 1.3209 1.9685, 2.935 1.3209 1.9685, 2.5374 1.3996 1.9685, 2.935 1.3996 1.9685, 2.935 1.3209 -0.2756, 2.5374 1.3209 -0.2756, 2.5387 1.3209 -0.2858, 2.5666 1.3209 -0.3136, 2.5768 1.3209 -0.315, 2.5427 1.3209 -0.2953, 2.5489 1.3209 -0.3034, 2.5571 1.3209 -0.3097, 2.9298 1.3209 -0.2953, 2.9059 1.3209 -0.3136, 2.9235 1.3209 -0.3034, 2.9154 1.3209 -0.3097, 2.8957 1.3209 -0.315, 2.9337 1.3209 -0.2858, 2.8957 1.3996 -0.315, 2.5768 1.3996 -0.315, 2.5374 1.3996 -0.2756, 2.935 1.3996 -0.2756, 2.9298 1.3996 -0.2953, 2.9235 1.3996 -0.3034, 2.9154 1.3996 -0.3097, 2.5387 1.3996 -0.2858, 2.5571 1.3996 -0.3097, 2.5489 1.3996 -0.3034, 2.5427 1.3996 -0.2953, 2.9337 1.3996 -0.2858, 2.9059 1.3996 -0.3136, 2.5666 1.3996 -0.3136
            ]
        }
        coordIndex [
            0,1,2,-1,2,3,0,-1,0,3,4,-1,0,4,5,-1,5,4,6,-1,5,6,7,-1,8,9,10,-1,10,9,0,-1,9,11,0,-1,0,11,12,-1,0,12,1,-1,1,12,13,-1,1,13,14,-1,14,13,15,-1,6,16,7,-1,7,16,17,-1,7,17,10,-1,10,17,18,-1,10,18,8,-1,19,20,21,-1,21,20,22,-1,21,22,13,-1,13,22,23,-1,13,23,15,-1,24,25,19,-1,19,25,26,-1,19,26,27,-1,28,29,20,-1,20,29,30,-1,20,30,31,-1,31,30,32,-1,27,33,19,-1,19,33,34,-1,19,34,20,-1,20,34,35,-1,20,35,28,-1,36,37,34,-1,34,37,35,-1,38,39,40,-1,40,39,41,-1,42,43,44,-1,44,43,45,-1,44,45,46,-1,38,47,39,-1,39,47,48,-1,39,48,44,-1,44,48,49,-1,44,49,42,-1,44,50,39,-1,39,50,51,-1,39,51,52,-1,52,51,53,-1,52,53,54,-1,54,55,52,-1,52,55,56,-1,52,56,57,-1,57,56,58,-1,57,58,41,-1,41,58,59,-1,41,59,40,-1,60,61,62,-1,46,45,63,-1,63,45,64,-1,63,64,37,-1,60,62,65,-1,37,64,62,-1,62,64,66,-1,62,66,65,-1,67,68,69,-1,69,68,70,-1,37,36,63,-1,63,36,68,-1,63,68,71,-1,71,68,67,-1,59,58,72,-1,59,72,73,-1,73,72,74,-1,73,74,75,-1,75,74,76,-1,75,76,77,-1,77,76,78,-1,77,78,79,-1,79,78,80,-1,79,80,81,-1,81,80,82,-1,81,82,83,-1,83,82,84,-1,83,84,85,-1,86,85,87,-1,87,85,84,-1,86,87,88,-1,86,88,89,-1,89,88,90,-1,89,90,91,-1,91,90,92,-1,91,92,93,-1,93,92,94,-1,93,94,95,-1,95,94,96,-1,95,96,97,-1,97,96,98,-1,97,98,99,-1,99,98,100,-1,99,100,101,-1,102,100,103,-1,104,105,106,-1,106,105,107,-1,105,108,107,-1,107,108,109,-1,107,109,110,-1,102,103,106,-1,106,103,111,-1,106,111,104,-1,100,102,101,-1,101,102,112,-1,101,112,113,-1,113,112,107,-1,113,107,114,-1,114,107,110,-1,114,110,115,-1,116,117,110,-1,110,117,118,-1,110,118,115,-1,119,120,121,-1,121,120,122,-1,121,122,110,-1,110,122,123,-1,110,123,116,-1,124,125,126,-1,127,120,128,-1,128,120,119,-1,128,119,129,-1,129,119,126,-1,126,119,130,-1,126,130,124,-1,131,132,133,-1,127,134,120,-1,120,134,131,-1,120,131,135,-1,135,131,133,-1,136,137,128,-1,128,137,127,-1,138,139,140,-1,141,142,143,-1,143,142,144,-1,145,146,147,-1,148,149,138,-1,138,149,150,-1,138,150,139,-1,146,145,151,-1,151,145,143,-1,151,143,152,-1,152,143,144,-1,152,144,138,-1,138,144,153,-1,138,153,148,-1,147,154,145,-1,145,154,155,-1,145,155,156,-1,156,155,157,-1,156,157,141,-1,141,157,158,-1,141,158,142,-1,159,160,140,-1,140,160,161,-1,140,161,138,-1,162,163,159,-1,159,163,164,-1,159,164,165,-1,166,167,160,-1,167,168,160,-1,160,168,169,-1,160,169,170,-1,165,171,159,-1,159,171,137,-1,159,137,160,-1,160,137,136,-1,160,136,166,-1,6,158,16,-1,16,158,157,-1,95,97,158,-1,113,142,101,-1,101,142,158,-1,101,158,99,-1,99,158,97,-1,4,40,6,-1,6,40,59,-1,6,77,79,-1,6,85,158,-1,158,85,86,-1,158,86,89,-1,89,91,158,-1,158,91,93,-1,158,93,95,-1,59,73,6,-1,6,73,75,-1,6,75,77,-1,79,81,6,-1,6,81,83,-1,6,83,85,-1,157,155,103,-1,16,76,74,-1,56,17,58,-1,58,17,16,-1,58,16,72,-1,72,16,74,-1,90,88,157,-1,157,88,87,-1,157,87,16,-1,16,87,84,-1,16,84,82,-1,103,100,157,-1,157,100,98,-1,157,98,96,-1,96,94,157,-1,157,94,92,-1,157,92,90,-1,82,80,16,-1,16,80,78,-1,16,78,76,-1,19,21,63,-1,63,21,46,-1,55,18,56,-1,56,18,17,-1,46,21,44,-1,44,21,13,-1,44,13,50,-1,50,13,12,-1,50,12,51,-1,51,12,11,-1,51,11,53,-1,53,11,9,-1,53,9,54,-1,54,9,8,-1,54,8,55,-1,55,8,18,-1,161,121,138,-1,138,121,110,-1,138,110,152,-1,152,110,109,-1,152,109,151,-1,151,109,108,-1,151,108,146,-1,146,108,105,-1,146,105,147,-1,147,105,104,-1,147,104,154,-1,154,104,111,-1,119,121,160,-1,160,121,161,-1,103,155,111,-1,111,155,154,-1,40,4,38,-1,38,4,3,-1,38,3,47,-1,47,3,2,-1,47,2,48,-1,48,2,1,-1,48,1,49,-1,49,1,14,-1,49,14,42,-1,42,14,15,-1,42,15,43,-1,43,15,23,-1,43,23,45,-1,45,23,22,-1,64,45,20,-1,20,45,22,-1,159,140,120,-1,120,140,122,-1,144,114,153,-1,153,114,115,-1,153,115,148,-1,148,115,118,-1,148,118,149,-1,149,118,117,-1,149,117,150,-1,150,117,116,-1,150,116,139,-1,139,116,123,-1,139,123,140,-1,140,123,122,-1,114,144,113,-1,113,144,142,-1,107,143,106,-1,106,143,145,-1,112,141,107,-1,107,141,143,-1,102,156,112,-1,112,156,141,-1,106,145,102,-1,102,145,156,-1,57,7,52,-1,52,7,10,-1,41,5,57,-1,57,5,7,-1,39,0,41,-1,41,0,5,-1,52,10,39,-1,39,10,0,-1,119,160,170,-1,119,170,130,-1,130,170,169,-1,130,169,124,-1,124,169,168,-1,124,168,125,-1,125,168,167,-1,125,167,126,-1,126,167,166,-1,126,166,129,-1,129,166,136,-1,129,136,128,-1,127,137,171,-1,127,171,134,-1,134,171,165,-1,134,165,131,-1,131,165,164,-1,131,164,132,-1,132,164,163,-1,132,163,133,-1,133,163,162,-1,133,162,135,-1,135,162,159,-1,135,159,120,-1,19,63,71,-1,19,71,24,-1,24,71,67,-1,24,67,25,-1,25,67,69,-1,25,69,26,-1,26,69,70,-1,26,70,27,-1,27,70,68,-1,27,68,33,-1,33,68,36,-1,33,36,34,-1,35,37,62,-1,35,62,28,-1,28,62,61,-1,28,61,29,-1,29,61,60,-1,29,60,30,-1,30,60,65,-1,30,65,32,-1,32,65,66,-1,32,66,31,-1,31,66,64,-1,31,64,20,-1,172,173,174,-1,174,173,175,-1,175,176,177,-1,175,177,174,-1,174,177,178,-1,174,178,179,-1,180,181,182,-1,182,181,183,-1,177,184,178,-1,178,184,181,-1,178,181,185,-1,185,181,180,-1,186,187,179,-1,179,187,188,-1,179,188,174,-1,186,189,187,-1,187,189,190,-1,187,190,191,-1,179,178,192,-1,192,178,193,-1,194,195,196,-1,196,195,197,-1,197,198,199,-1,197,199,196,-1,196,199,192,-1,196,192,193,-1,200,201,202,-1,202,201,203,-1,199,204,192,-1,192,204,201,-1,192,201,205,-1,205,201,200,-1,206,207,193,-1,193,207,208,-1,193,208,196,-1,206,209,207,-1,207,209,210,-1,207,210,211,-1,173,197,175,-1,175,197,195,-1,198,197,172,-1,172,197,173,-1,175,195,176,-1,176,195,194,-1,177,176,196,-1,196,176,194,-1,184,177,208,-1,208,177,196,-1,204,199,188,-1,188,199,174,-1,172,174,198,-1,198,174,199,-1,179,192,205,-1,179,205,186,-1,186,205,200,-1,186,200,189,-1,189,200,202,-1,189,202,190,-1,190,202,203,-1,190,203,191,-1,191,203,201,-1,191,201,187,-1,187,201,204,-1,187,204,188,-1,184,208,207,-1,184,207,181,-1,181,207,211,-1,181,211,183,-1,183,211,210,-1,183,210,182,-1,182,210,209,-1,182,209,180,-1,180,209,206,-1,180,206,185,-1,185,206,193,-1,185,193,178,-1,212,213,214,-1,215,216,217,-1,214,215,212,-1,212,215,217,-1,212,217,218,-1,218,217,219,-1,220,219,221,-1,221,219,222,-1,221,222,223,-1,224,225,226,-1,220,227,219,-1,219,227,228,-1,219,228,218,-1,218,228,229,-1,218,229,230,-1,230,229,224,-1,230,224,231,-1,231,224,226,-1,229,228,232,-1,232,228,233,-1,234,235,236,-1,237,238,239,-1,236,237,234,-1,234,237,239,-1,234,239,240,-1,240,239,241,-1,242,243,244,-1,245,241,246,-1,246,241,247,-1,246,247,248,-1,242,244,249,-1,245,250,241,-1,241,250,232,-1,241,232,240,-1,240,232,233,-1,240,233,244,-1,244,233,251,-1,244,251,249,-1,214,237,215,-1,215,237,236,-1,238,237,213,-1,213,237,214,-1,215,236,216,-1,216,236,235,-1,217,216,234,-1,234,216,235,-1,219,217,240,-1,240,217,234,-1,241,239,218,-1,218,239,212,-1,213,212,238,-1,238,212,239,-1,229,232,250,-1,229,250,224,-1,224,250,245,-1,224,245,225,-1,225,245,246,-1,225,246,226,-1,226,246,248,-1,226,248,231,-1,231,248,247,-1,231,247,230,-1,230,247,241,-1,230,241,218,-1,219,240,244,-1,219,244,222,-1,222,244,243,-1,222,243,223,-1,223,243,242,-1,223,242,221,-1,221,242,249,-1,221,249,220,-1,220,249,251,-1,220,251,227,-1,227,251,233,-1,227,233,228,-1,252,253,254,-1,255,256,257,-1,254,255,252,-1,252,255,257,-1,252,257,258,-1,258,257,259,-1,260,261,262,-1,260,262,263,-1,264,265,266,-1,266,265,267,-1,266,267,268,-1,264,266,269,-1,269,266,258,-1,269,258,270,-1,270,258,259,-1,270,259,262,-1,262,259,271,-1,262,271,263,-1,269,270,272,-1,272,270,273,-1,274,275,276,-1,277,278,279,-1,276,277,274,-1,274,277,279,-1,274,279,280,-1,280,279,281,-1,282,283,284,-1,282,284,285,-1,286,287,288,-1,288,289,286,-1,286,289,290,-1,286,290,273,-1,273,290,280,-1,273,280,272,-1,272,280,281,-1,272,281,284,-1,284,281,291,-1,284,291,285,-1,254,277,255,-1,255,277,276,-1,278,277,253,-1,253,277,254,-1,255,276,256,-1,256,276,275,-1,257,256,274,-1,274,256,275,-1,259,257,280,-1,280,257,274,-1,281,279,258,-1,258,279,252,-1,253,252,278,-1,278,252,279,-1,269,272,284,-1,269,284,264,-1,264,284,283,-1,264,283,265,-1,265,283,282,-1,265,282,267,-1,267,282,285,-1,267,285,268,-1,268,285,291,-1,268,291,266,-1,266,291,281,-1,266,281,258,-1,259,280,290,-1,259,290,271,-1,271,290,289,-1,271,289,263,-1,263,289,288,-1,263,288,260,-1,260,288,287,-1,260,287,261,-1,261,287,286,-1,261,286,262,-1,262,286,273,-1,262,273,270,-1,292,293,294,-1,294,293,295,-1,295,296,297,-1,295,297,294,-1,294,297,298,-1,294,298,299,-1,300,301,302,-1,302,301,303,-1,297,304,298,-1,298,304,301,-1,298,301,305,-1,305,301,300,-1,306,307,299,-1,299,307,308,-1,299,308,294,-1,306,309,307,-1,307,309,310,-1,307,310,311,-1,299,298,312,-1,312,298,313,-1,314,315,316,-1,316,315,317,-1,317,318,319,-1,317,319,316,-1,316,319,312,-1,316,312,313,-1,320,321,322,-1,322,321,323,-1,319,324,312,-1,312,324,321,-1,312,321,325,-1,325,321,320,-1,326,327,313,-1,313,327,328,-1,313,328,316,-1,326,329,327,-1,327,329,330,-1,327,330,331,-1,315,295,317,-1,317,295,293,-1,315,314,295,-1,295,314,296,-1,317,293,318,-1,318,293,292,-1,292,294,318,-1,318,294,319,-1,294,308,319,-1,319,308,324,-1,316,328,297,-1,297,328,304,-1,297,296,316,-1,316,296,314,-1,304,328,327,-1,304,327,301,-1,301,327,331,-1,301,331,303,-1,303,331,330,-1,303,330,302,-1,302,330,329,-1,302,329,300,-1,300,329,326,-1,300,326,305,-1,305,326,313,-1,305,313,298,-1,299,312,325,-1,299,325,306,-1,306,325,320,-1,306,320,309,-1,309,320,322,-1,309,322,310,-1,310,322,323,-1,310,323,311,-1,311,323,321,-1,311,321,307,-1,307,321,324,-1,307,324,308,-1,332,333,334,-1,335,336,337,-1,334,335,332,-1,332,335,337,-1,332,337,338,-1,338,337,339,-1,340,341,342,-1,339,343,344,-1,344,343,345,-1,344,345,346,-1,346,345,347,-1,346,347,348,-1,340,342,349,-1,339,344,338,-1,338,344,350,-1,338,350,342,-1,342,350,351,-1,342,351,349,-1,350,344,352,-1,352,344,353,-1,354,355,356,-1,357,358,359,-1,356,357,354,-1,354,357,359,-1,354,359,360,-1,360,359,361,-1,362,363,364,-1,353,360,352,-1,352,360,361,-1,352,361,365,-1,362,364,361,-1,361,364,366,-1,361,366,365,-1,367,368,369,-1,369,368,370,-1,369,370,353,-1,353,370,371,-1,353,371,360,-1,356,335,357,-1,357,335,334,-1,356,355,335,-1,335,355,336,-1,357,334,358,-1,358,334,333,-1,333,332,358,-1,358,332,359,-1,332,338,359,-1,359,338,361,-1,354,360,337,-1,337,360,339,-1,337,336,354,-1,354,336,355,-1,339,360,371,-1,339,371,343,-1,343,371,370,-1,343,370,345,-1,345,370,368,-1,345,368,347,-1,347,368,367,-1,347,367,348,-1,348,367,369,-1,348,369,346,-1,346,369,353,-1,346,353,344,-1,350,352,365,-1,350,365,351,-1,351,365,366,-1,351,366,349,-1,349,366,364,-1,349,364,340,-1,340,364,363,-1,340,363,341,-1,341,363,362,-1,341,362,342,-1,342,362,361,-1,342,361,338,-1,372,373,374,-1,375,376,377,-1,374,375,372,-1,372,375,377,-1,372,377,378,-1,378,377,379,-1,380,381,379,-1,379,381,382,-1,379,382,378,-1,378,382,383,-1,378,383,384,-1,380,385,381,-1,381,385,386,-1,381,386,387,-1,383,388,384,-1,384,388,389,-1,384,389,390,-1,390,389,391,-1,383,382,392,-1,392,382,393,-1,394,395,396,-1,397,398,399,-1,400,401,402,-1,402,401,403,-1,396,397,394,-1,394,397,399,-1,394,399,404,-1,404,399,405,-1,404,405,392,-1,392,405,403,-1,392,403,406,-1,406,403,401,-1,392,393,404,-1,404,393,407,-1,404,407,408,-1,408,409,404,-1,404,409,410,-1,404,410,411,-1,396,375,397,-1,397,375,374,-1,396,395,375,-1,375,395,376,-1,397,374,398,-1,398,374,373,-1,373,372,398,-1,398,372,399,-1,372,378,399,-1,399,378,405,-1,394,404,377,-1,377,404,379,-1,377,376,394,-1,394,376,395,-1,379,404,411,-1,379,411,380,-1,380,411,410,-1,380,410,385,-1,385,410,409,-1,385,409,386,-1,386,409,408,-1,386,408,387,-1,387,408,407,-1,387,407,381,-1,381,407,393,-1,381,393,382,-1,383,392,406,-1,383,406,388,-1,388,406,401,-1,388,401,389,-1,389,401,400,-1,389,400,391,-1,391,400,402,-1,391,402,390,-1,390,402,403,-1,390,403,384,-1,384,403,405,-1,384,405,378,-1,412,413,414,-1,414,413,415,-1,416,417,418,-1,412,414,418,-1,418,414,419,-1,418,419,416,-1,420,421,422,-1,422,421,423,-1,424,425,413,-1,413,425,426,-1,413,426,415,-1,415,426,421,-1,415,421,427,-1,427,421,420,-1,414,415,428,-1,428,415,429,-1,430,431,432,-1,432,431,433,-1,434,435,436,-1,436,437,434,-1,434,437,428,-1,434,428,438,-1,439,440,429,-1,429,440,432,-1,429,432,428,-1,428,432,433,-1,428,433,438,-1,439,441,440,-1,440,441,442,-1,440,442,443,-1,431,430,444,-1,431,444,445,-1,445,444,446,-1,445,446,447,-1,447,446,448,-1,447,448,449,-1,449,448,450,-1,449,450,451,-1,451,450,452,-1,451,452,453,-1,453,452,454,-1,453,454,455,-1,455,454,456,-1,455,456,457,-1,458,459,456,-1,456,459,457,-1,459,458,460,-1,459,460,461,-1,461,460,462,-1,461,462,463,-1,463,462,464,-1,463,464,465,-1,465,464,466,-1,465,466,467,-1,467,466,468,-1,467,468,469,-1,469,468,470,-1,469,470,471,-1,472,473,474,-1,474,473,475,-1,476,477,478,-1,472,474,478,-1,478,474,479,-1,478,479,476,-1,471,470,473,-1,473,470,480,-1,473,480,475,-1,475,480,481,-1,475,481,482,-1,482,483,475,-1,475,483,484,-1,475,484,485,-1,474,475,486,-1,486,475,487,-1,488,489,490,-1,491,492,493,-1,490,494,488,-1,488,494,486,-1,488,486,487,-1,494,495,486,-1,486,495,491,-1,486,491,496,-1,496,491,493,-1,497,487,498,-1,498,487,499,-1,497,500,487,-1,487,500,501,-1,487,501,488,-1,490,489,502,-1,502,489,503,-1,502,503,504,-1,504,503,505,-1,504,505,506,-1,506,505,507,-1,506,507,508,-1,508,507,509,-1,508,509,510,-1,510,509,511,-1,510,511,512,-1,512,511,513,-1,514,515,513,-1,513,515,512,-1,515,514,516,-1,516,514,517,-1,516,517,518,-1,518,517,519,-1,518,519,520,-1,520,519,521,-1,520,521,522,-1,522,521,523,-1,522,523,524,-1,524,523,525,-1,524,525,526,-1,526,525,527,-1,526,527,424,-1,424,527,425,-1,413,433,424,-1,424,433,431,-1,424,431,526,-1,526,431,445,-1,526,445,524,-1,524,445,447,-1,524,447,522,-1,522,447,449,-1,522,449,520,-1,520,449,451,-1,520,451,518,-1,518,451,453,-1,518,453,516,-1,516,453,455,-1,516,455,515,-1,515,455,457,-1,515,457,512,-1,512,457,459,-1,512,459,510,-1,510,459,461,-1,510,461,508,-1,508,461,463,-1,508,463,506,-1,506,463,465,-1,506,465,504,-1,504,465,467,-1,504,467,502,-1,502,467,469,-1,502,469,490,-1,490,469,471,-1,490,471,494,-1,494,471,473,-1,488,480,489,-1,489,480,470,-1,489,470,503,-1,503,470,468,-1,503,468,505,-1,505,468,466,-1,505,466,507,-1,507,466,464,-1,507,464,509,-1,509,464,462,-1,509,462,511,-1,511,462,460,-1,511,460,513,-1,513,460,458,-1,513,458,514,-1,514,458,456,-1,514,456,517,-1,517,456,454,-1,517,454,519,-1,519,454,452,-1,519,452,521,-1,521,452,450,-1,521,450,523,-1,523,450,448,-1,523,448,525,-1,525,448,446,-1,525,446,527,-1,527,446,444,-1,527,444,425,-1,425,444,430,-1,425,430,426,-1,426,430,432,-1,494,473,472,-1,494,472,495,-1,495,472,478,-1,495,478,491,-1,491,478,477,-1,491,477,492,-1,492,477,476,-1,492,476,493,-1,493,476,479,-1,493,479,496,-1,496,479,474,-1,496,474,486,-1,480,488,501,-1,480,501,481,-1,481,501,500,-1,481,500,482,-1,482,500,497,-1,482,497,483,-1,483,497,498,-1,483,498,484,-1,484,498,499,-1,484,499,485,-1,485,499,487,-1,485,487,475,-1,433,413,412,-1,433,412,438,-1,438,412,418,-1,438,418,434,-1,434,418,417,-1,434,417,435,-1,435,417,416,-1,435,416,436,-1,436,416,419,-1,436,419,437,-1,437,419,414,-1,437,414,428,-1,426,432,440,-1,426,440,421,-1,421,440,443,-1,421,443,423,-1,423,443,442,-1,423,442,422,-1,422,442,441,-1,422,441,420,-1,420,441,439,-1,420,439,427,-1,427,439,429,-1,427,429,415,-1,528,529,530,-1,530,529,531,-1,529,528,532,-1,532,528,533,-1,532,533,534,-1,534,533,535,-1,534,535,536,-1,536,535,537,-1,536,537,538,-1,538,537,539,-1,540,541,542,-1,542,541,543,-1,534,544,532,-1,532,544,541,-1,532,541,545,-1,545,541,540,-1,544,534,546,-1,546,534,547,-1,548,530,547,-1,548,547,549,-1,550,551,552,-1,530,531,547,-1,547,531,553,-1,547,553,546,-1,546,553,554,-1,546,554,555,-1,549,547,552,-1,552,547,556,-1,552,556,550,-1,557,558,555,-1,555,558,559,-1,555,559,546,-1,553,531,532,-1,532,531,529,-1,533,528,548,-1,548,528,530,-1,553,532,545,-1,553,545,554,-1,554,545,540,-1,554,540,555,-1,555,540,542,-1,555,542,557,-1,557,542,543,-1,557,543,558,-1,558,543,541,-1,558,541,559,-1,559,541,544,-1,559,544,546,-1,533,548,549,-1,533,549,535,-1,535,549,552,-1,535,552,537,-1,537,552,551,-1,537,551,539,-1,539,551,550,-1,539,550,538,-1,538,550,556,-1,538,556,536,-1,536,556,547,-1,536,547,534,-1,560,561,562,-1,562,561,563,-1,561,560,564,-1,564,560,565,-1,566,567,565,-1,565,567,568,-1,565,568,564,-1,566,569,567,-1,567,569,570,-1,567,570,571,-1,572,573,574,-1,574,573,575,-1,568,576,564,-1,564,576,573,-1,564,573,577,-1,577,573,572,-1,576,568,578,-1,578,568,579,-1,562,563,580,-1,580,563,581,-1,582,583,584,-1,581,578,580,-1,580,578,579,-1,580,579,585,-1,586,587,588,-1,581,589,578,-1,578,589,582,-1,578,582,590,-1,590,582,584,-1,585,579,588,-1,588,579,591,-1,588,591,586,-1,581,563,564,-1,564,563,561,-1,565,560,580,-1,580,560,562,-1,576,578,590,-1,576,590,573,-1,573,590,584,-1,573,584,575,-1,575,584,583,-1,575,583,574,-1,574,583,582,-1,574,582,572,-1,572,582,589,-1,572,589,577,-1,577,589,581,-1,577,581,564,-1,579,568,567,-1,579,567,591,-1,591,567,571,-1,591,571,586,-1,586,571,570,-1,586,570,587,-1,587,570,569,-1,587,569,588,-1,588,569,566,-1,588,566,585,-1,585,566,565,-1,585,565,580,-1,
        ]
    }
}
Shape{
    appearance Appearance {
        material  Material 	{
            diffuseColor 0.2980392156862745 0.2980392156862745 0.2980392156862745
            specularColor 0.09019607843137255 0.09019607843137255 0.09019607843137255
            ambientIntensity 0.298
            transparency 0.0
            shininess 0.5
        }
    }
    geometry IndexedFaceSet {
        ccw TRUE
        solid FALSE
        coord DEF co Coordinate {
            point [
                -2.675 -1.6319 1.7932, -2.675 -1.6319 1.7298, -2.5209 -1.6319 1.7298, -2.675 -1.6319 2.0472, -2.675 -1.6319 2.0003, -2.5209 -1.6319 2.0003, -2.4597 -1.6319 2.2086, -2.4476 -1.6319 2.2101, -2.5113 -1.6319 2.2101, -2.3458 -1.6319 2.1903, -2.3458 -1.6319 2.1391, -2.3026 -1.6319 2.1391, -2.336 -1.6319 1.794, -2.3426 -1.6319 1.7932, -2.3026 -1.6319 1.7932, -2.3732 -1.6319 1.7941, -2.3758 -1.6319 1.7951, -2.3758 -1.6319 1.7932, -2.1453 -1.6319 1.8667, -2.1453 -1.6319 1.8128, -2.1153 -1.6319 1.8128, -2.8138 -1.6319 2.0838, -2.7829 -1.6319 2.0577, -2.675 -1.6319 2.2101, -2.94 -1.6319 2.2101, -2.9148 -1.6319 2.1925, -2.8747 -1.6319 2.1452, -2.8533 -1.6319 2.1026, -2.8477 -1.6319 2.1007, -3.0697 -1.6319 2.2517, -3.0143 -1.6319 2.2448, -2.675 -1.6319 2.5591, -2.958 -1.6319 2.2226, -3.1197 -1.6319 2.2462, -3.6144 -1.6319 2.5591, -3.1726 -1.6319 2.2275, -3.6144 -1.6319 2.2101, -3.3271 -1.6319 2.154, -3.2826 -1.6319 2.1595, -3.6144 -1.6319 2.0472, -3.4508 -1.6319 2.0472, -3.4409 -1.6319 2.0698, -3.4135 -1.6319 2.1048, -3.2016 -1.6319 2.2101, -3.2063 -1.6319 2.2073, -3.233 -1.6319 2.1844, -3.2695 -1.6319 2.1588, -3.2564 -1.6319 2.1572, -3.4056 -1.6319 2.1123, -3.3693 -1.6319 2.1377, -3.3281 -1.6319 1.7963, -3.3433 -1.6319 1.8009, -3.6144 -1.6319 1.7932, -3.3844 -1.6319 1.8211, -3.4192 -1.6319 1.8509, -3.4453 -1.6319 1.8883, -3.4616 -1.6319 1.9307, -3.6144 -1.6319 2.0003, -3.467 -1.6319 1.975, -3.4667 -1.6319 1.986, -3.4641 -1.6319 2.0003, -3.459 -1.6319 2.0288, -3.2775 -1.6319 1.7342, -3.2998 -1.6319 1.751, -3.6144 -1.6319 1.7298, -3.3167 -1.6319 1.7719, -3.3267 -1.6319 1.7932, -3.6144 -1.6319 0.1969, -3.2512 -1.6319 1.7231, -3.267 -1.6319 1.7298, -3.1728 -1.6319 1.7298, -3.1924 -1.6319 1.7222, -2.675 -1.6319 0.1969, -3.2199 -1.6319 1.7189, -3.2243 -1.6319 1.7189, -3.1133 -1.6319 1.7932, -3.1133 -1.6319 1.7928, -3.1268 -1.6319 1.7674, -3.1443 -1.6319 1.7478, -3.167 -1.6319 1.732, -2.7458 -1.6319 1.9905, -2.7406 -1.6319 1.9534, -2.9679 -1.6319 1.8604, -2.9601 -1.6319 1.8635, -2.9467 -1.6319 1.9283, -2.7827 -1.6319 1.8452, -2.8137 -1.6319 1.819, -3.1346 -1.6319 1.909, -2.982 -1.6319 1.9887, -3.1544 -1.6319 1.9271, -3.1786 -1.6319 1.9401, -2.9749 -1.6319 1.8554, -2.7601 -1.6319 1.8767, -2.8117 -1.6319 1.9622, -2.8171 -1.6319 1.9841, -2.8258 -1.6319 2.0003, -3.3925 -1.6319 2.0003, -2.7458 -1.6319 1.9127, -2.9512 -1.6319 1.8646, -2.9501 -1.6319 1.8645, -2.9467 -1.6319 1.8638, -3.3858 -1.6319 1.9319, -3.3722 -1.6319 1.9088, -3.3144 -1.6319 1.8971, -3.3518 -1.6319 1.8878, -3.327 -1.6319 1.8726, -3.2723 -1.6319 1.9347, -3.2955 -1.6319 1.9186, -3.3953 -1.6319 1.9773, -3.3939 -1.6319 1.9598, -3.2471 -1.6319 1.9444, -3.2199 -1.6319 1.9477, -3.2061 -1.6319 1.9469, -2.9865 -1.6319 1.8293, -2.9862 -1.6319 1.8338, -3.1061 -1.6319 1.8441, -2.984 -1.6319 1.8425, -2.9796 -1.6319 1.8502, -2.8343 -1.6319 1.892, -2.8218 -1.6319 1.9098, -2.8139 -1.6319 1.9301, -2.8112 -1.6319 1.9523, -2.9599 -1.6319 1.795, -2.9675 -1.6319 1.798, -2.9748 -1.6319 1.8032, -2.9775 -1.6319 1.8059, -2.9825 -1.6319 1.8131, -2.9855 -1.6319 1.8208, -3.1067 -1.6319 1.8209, -3.1061 -1.6319 1.8327, -2.8485 -1.6319 1.802, -2.8863 -1.6319 1.794, -2.9535 -1.6319 1.794, -2.9444 -1.6319 1.8635, -2.8932 -1.6319 1.8635, -2.8728 -1.6319 1.8674, -2.8527 -1.6319 1.8767, -2.8358 -1.6319 1.8904, -2.9091 -1.6319 2.0411, -3.3821 -1.6319 2.0302, -3.3919 -1.6319 2.0049, -2.9 -1.6319 2.0411, -2.8277 -1.6319 2.0037, -2.8408 -1.6319 2.0184, -2.8585 -1.6319 2.0307, -2.8784 -1.6319 2.0384, -2.9336 -1.6319 2.1094, -2.9593 -1.6319 2.1401, -3.2211 -1.6319 2.0741, -2.9622 -1.6319 2.1428, -2.9942 -1.6319 2.165, -3.2037 -1.6319 2.1101, -3.3703 -1.6319 2.0472, -3.2293 -1.6319 2.0786, -2.9105 -1.6319 2.0472, -2.9161 -1.6319 2.0727, -3.2548 -1.6319 2.0879, -3.2814 -1.6319 2.0912, -3.2932 -1.6319 2.0906, -3.1782 -1.6319 2.1406, -3.0299 -1.6319 2.1786, -3.1476 -1.6319 2.1629, -3.0685 -1.6319 2.1834, -3.1104 -1.6319 2.178, -3.3213 -1.6319 2.0839, -3.3467 -1.6319 2.0704, -3.3664 -1.6319 2.0529, -2.7754 -1.6319 2.0472, -2.7597 -1.6319 2.0253, -2.7497 -1.6319 2.0003, -2.0798 -1.6319 1.8128, -2.0798 -1.6319 1.7946, -2.0647 -1.6319 1.7932, -2.1153 -1.6319 1.7932, -2.0647 -1.6319 2.0003, -2.0835 -1.6319 1.9547, -2.0835 -1.6319 1.9363, -2.088 -1.6319 1.885, -2.088 -1.6319 1.8667, -2.1153 -1.6319 1.8667, -2.1153 -1.6319 1.9363, -2.1153 -1.6319 1.885, -2.1453 -1.6319 1.9363, -2.1453 -1.6319 1.885, -2.1153 -1.6319 1.7946, -2.166 -1.6319 1.7946, -2.1768 -1.6319 1.7932, -2.166 -1.6319 1.9547, -2.4966 -1.6319 1.8484, -2.493 -1.6319 1.8814, -2.5008 -1.6319 1.8419, -2.5032 -1.6319 1.8345, -2.4122 -1.6319 1.7946, -2.4323 -1.6319 1.7946, -2.4567 -1.6319 1.7932, -2.4487 -1.6319 1.8945, -2.4555 -1.6319 1.8953, -2.4662 -1.6319 1.8625, -2.385 -1.6319 1.8193, -2.4122 -1.6319 1.8682, -2.385 -1.6319 1.7986, -2.4739 -1.6319 1.9091, -2.5113 -1.6319 2.0003, -2.4888 -1.6319 1.9033, -2.493 -1.6319 1.9009, -2.4907 -1.6319 1.8538, -2.4826 -1.6319 1.8583, -2.4792 -1.6319 1.8901, -2.4666 -1.6319 1.8942, -2.4323 -1.6319 1.8122, -2.4328 -1.6319 1.8122, -2.4375 -1.6319 1.8055, -2.5113 -1.6319 1.7298, -2.4795 -1.6319 1.7932, -2.5113 -1.6319 1.7932, -2.4799 -1.6319 1.7932, -2.4875 -1.6319 1.7961, -2.444 -1.6319 1.7993, -2.4487 -1.6319 1.7963, -2.4943 -1.6319 1.8009, -2.4965 -1.6319 1.8031, -2.5007 -1.6319 1.8092, -2.5031 -1.6319 1.816, -2.5041 -1.6319 1.8252, -2.4323 -1.6319 1.8673, -2.433 -1.6319 1.8761, -2.4351 -1.6319 1.8833, -2.4374 -1.6319 1.8874, -2.3767 -1.6319 1.8142, -2.3758 -1.6319 1.8138, -2.3758 -1.6319 1.8564, -2.4536 -1.6319 1.9115, -2.4409 -1.6319 1.9103, -2.4326 -1.6319 1.9077, -2.3817 -1.6319 1.8917, -2.4207 -1.6319 1.8986, -2.3841 -1.6319 1.8852, -2.4167 -1.6319 1.8919, -2.3849 -1.6319 1.8781, -2.4136 -1.6319 1.8825, -2.3841 -1.6319 1.8703, -2.4404 -1.6319 1.8906, -2.444 -1.6319 1.8929, -2.376 -1.6319 1.8565, -2.3792 -1.6319 1.86, -2.3818 -1.6319 1.8641, -2.3653 -1.6319 1.7932, -2.3758 -1.6319 1.7298, -2.354 -1.6319 1.7919, -2.3133 -1.6319 1.9065, -2.3133 -1.6319 1.887, -2.378 -1.6319 1.8971, -2.3758 -1.6319 1.8991, -2.3758 -1.6319 2.0003, -2.3721 -1.6319 1.9025, -2.3653 -1.6319 1.9064, -2.3088 -1.6319 1.8176, -2.3112 -1.6319 1.8112, -2.315 -1.6319 1.806, -2.3541 -1.6319 1.9102, -2.3404 -1.6319 1.9115, -2.3026 -1.6319 2.0003, -2.3263 -1.6319 1.9103, -2.3145 -1.6319 1.8446, -2.3108 -1.6319 1.8391, -2.3086 -1.6319 1.8331, -2.3078 -1.6319 1.8257, -2.3207 -1.6319 1.8009, -2.3254 -1.6319 1.798, -2.3424 -1.6319 1.8953, -2.3483 -1.6319 1.8948, -2.3643 -1.6319 1.8799, -2.3537 -1.6319 1.8934, -2.3582 -1.6319 1.891, -2.3641 -1.6319 1.8772, -2.3633 -1.6319 1.8741, -2.3618 -1.6319 1.8714, -2.3599 -1.6319 1.8692, -2.3528 -1.6319 1.8648, -2.3298 -1.6319 1.8939, -2.3404 -1.6319 1.8594, -2.3185 -1.6319 1.8899, -2.3326 -1.6319 1.8563, -2.3193 -1.6319 1.8488, -2.3612 -1.6319 1.8883, -2.3629 -1.6319 1.8858, -2.3639 -1.6319 1.8831, -2.3641 -1.6319 1.8096, -2.3545 -1.6319 1.8448, -2.3665 -1.6319 1.8503, -2.3521 -1.6319 1.8082, -2.3512 -1.6319 1.8082, -2.3414 -1.6319 1.8393, -2.3409 -1.6319 1.8094, -2.3284 -1.6319 1.8237, -2.3286 -1.6319 1.8262, -2.3357 -1.6319 1.8113, -2.3339 -1.6319 1.8124, -2.3316 -1.6319 1.8144, -2.3298 -1.6319 1.817, -2.3288 -1.6319 1.8199, -2.3295 -1.6319 1.8293, -2.3311 -1.6319 1.832, -2.3335 -1.6319 1.8346, -2.0059 -1.6319 2.0924, -2.0647 -1.6319 2.0924, -1.9896 -1.6319 2.0486, -2.0647 -1.6319 2.0472, -1.9668 -1.6319 2.0486, 0.3524 -1.6319 2.0472, 0.3524 -1.6319 2.2101, -2.0278 -1.6319 2.2087, -2.0647 -1.6319 2.2101, -2.0726 -1.6319 2.0924, -2.088 -1.6319 2.0486, -2.1153 -1.6319 2.0472, -2.1109 -1.6319 2.0486, -2.1153 -1.6319 2.2101, -2.0647 -1.6319 2.1698, -2.0499 -1.6319 2.2087, -2.1768 -1.6319 2.2101, -2.2652 -1.6319 2.2101, -2.2044 -1.6319 2.2087, -2.2501 -1.6319 2.2087, -2.2501 -1.6319 2.0486, -2.2652 -1.6319 2.0472, -2.2061 -1.6319 2.0486, -2.1768 -1.6319 2.0472, -2.1789 -1.6319 2.0519, -2.1241 -1.6319 2.1018, -2.132 -1.6319 2.0852, -2.1383 -1.6319 2.182, -2.1283 -1.6319 2.1681, -2.1439 -1.6319 2.071, -2.1606 -1.6319 2.059, -2.1768 -1.6319 2.0527, -2.1439 -1.6319 2.1875, -2.18 -1.6319 2.206, -2.1768 -1.6319 2.2049, -2.1607 -1.6319 2.199, -2.1224 -1.6319 2.1528, -2.1197 -1.6319 2.1307, -2.1202 -1.6319 2.1205, -2.3026 -1.6319 2.2101, -2.284 -1.6319 2.2087, -2.3026 -1.6319 2.2087, -2.3458 -1.6319 2.0669, -2.3026 -1.6319 2.0669, -2.3458 -1.6319 2.1207, -2.3026 -1.6319 2.1207, -2.2886 -1.6319 2.1207, -2.2804 -1.6319 2.0669, -2.2886 -1.6319 2.1391, -2.284 -1.6319 2.1903, -2.3026 -1.6319 2.1903, -2.3665 -1.6319 2.0486, -2.3758 -1.6319 2.0472, -2.3026 -1.6319 2.0472, -2.2804 -1.6319 2.0486, -2.3026 -1.6319 2.0486, -2.3665 -1.6319 2.2087, -2.3758 -1.6319 2.2101, -2.4193 -1.6319 2.2101, -2.4155 -1.6319 2.2098, -2.3986 -1.6319 2.2049, -2.3986 -1.6319 2.1833, -2.3986 -1.6319 2.075, -2.3986 -1.6319 2.0552, -2.4013 -1.6319 2.0539, -2.4185 -1.6319 2.0482, -2.4288 -1.6319 2.0472, -2.4166 -1.6319 2.1904, -2.4363 -1.6319 2.1928, -2.4003 -1.6319 2.1842, -2.4442 -1.6319 2.1924, -2.4579 -1.6319 2.1893, -2.4704 -1.6319 2.1831, -2.4799 -1.6319 2.175, -2.481 -1.6319 2.1738, -2.4887 -1.6319 2.1627, -2.4941 -1.6319 2.1489, -2.4968 -1.6319 2.1269, -2.4965 -1.6319 2.1192, -2.4936 -1.6319 2.1035, -2.4324 -1.6319 2.0646, -2.4143 -1.6319 2.068, -2.4674 -1.6319 2.0706, -2.4559 -1.6319 2.0662, -2.4399 -1.6319 2.0643, -2.4882 -1.6319 2.0909, -2.481 -1.6319 2.0812, -2.4778 -1.6319 2.078, -2.4365 -1.6319 2.2114, -2.5113 -1.6319 2.5591, -2.3758 -1.6319 2.5591, -2.5069 -1.6319 2.1727, -2.4953 -1.6319 2.1879, -2.4914 -1.6319 2.1916, -2.4764 -1.6319 2.2021, -2.5113 -1.6319 2.0893, -2.5153 -1.6319 2.0995, -2.5209 -1.6319 2.0472, -2.5185 -1.6319 2.1256, -2.5182 -1.6319 2.134, -2.5209 -1.6319 2.2101, -2.5145 -1.6319 2.1549, -2.5113 -1.6319 2.1625, -2.485 -1.6319 2.0571, -2.4979 -1.6319 2.0678, -2.5113 -1.6319 2.0472, -2.4992 -1.6319 2.0692, -2.5088 -1.6319 2.0828, -2.4429 -1.6319 2.0459, -2.4526 -1.6319 2.0464, -2.4569 -1.6319 2.0472, -2.4699 -1.6319 2.0499, -2.426 -1.6319 1.9038, -2.4567 -1.6319 1.7932, -2.4679 -1.6319 1.7919, -2.2084 -1.6319 1.9089, -2.1876 -1.6319 1.9089, -2.1768 -1.6319 2.0003, -2.1153 -1.6319 1.9547, -2.1153 -1.6319 2.0003, -2.2332 -1.6319 1.7932, -2.245 -1.6319 1.823, -2.2426 -1.6319 1.8135, -2.2421 -1.6319 1.8135, -2.2652 -1.6319 2.0003, -2.2652 -1.6319 1.8811, -2.2396 -1.6319 1.8228, -2.2411 -1.6319 1.8175, -2.2652 -1.6319 1.7932, -2.2652 -1.6319 1.8272, -2.2974 -1.6319 1.9089, -2.2749 -1.6319 1.9089, -2.2525 -1.6319 1.7948, -2.2532 -1.6319 1.7932, -2.2613 -1.6319 1.774, -2.3026 -1.6319 1.7298, -2.2932 -1.6319 1.7423, -2.2932 -1.6319 1.7602, -2.269 -1.6319 1.7625, -2.2653 -1.6319 1.7667, -2.2652 -1.6319 1.7668, -2.2891 -1.6319 1.7588, -2.2818 -1.6319 1.7579, -2.2652 -1.6319 1.7443, -2.2722 -1.6319 1.7416, -2.2652 -1.6319 1.7298, -2.2803 -1.6319 1.7407, -2.2847 -1.6319 1.7408, -2.2767 -1.6319 1.7585, -2.2724 -1.6319 1.7602, -2.2395 -1.6319 1.7773, -2.2486 -1.6319 1.7596, -2.1768 -1.6319 1.7298, -2.2559 -1.6319 1.7508, -2.2573 -1.6319 1.7495, -2.2643 -1.6319 1.7446, -3.7618 -1.6319 0.1969, -3.7618 -1.6319 1.7298, -3.7618 -1.6319 1.7932, -3.7618 -1.6319 2.0003, -3.7618 -1.6319 2.0472, -3.7618 -1.6319 2.2101, -3.7618 -1.6319 2.5591, -2.525 -1.6319 2.0669, -2.525 -1.6319 2.0486, -2.6095 -1.6319 2.0486, -2.5888 -1.6319 2.2087, -2.5888 -1.6319 2.0669, -2.6095 -1.6319 2.2087, -2.5209 -1.6319 1.7932, -2.5233 -1.6319 1.7946, -2.6095 -1.6319 1.7946, -2.5233 -1.6319 1.8128, -2.527 -1.6319 1.9363, -2.5888 -1.6319 1.8667, -2.5888 -1.6319 1.8128, -2.5315 -1.6319 1.8667, -2.5315 -1.6319 1.885, -2.5888 -1.6319 1.885, -2.5888 -1.6319 1.9363, -2.6095 -1.6319 1.9547, -2.527 -1.6319 1.9547, -2.5209 -1.6319 2.5591, -2.3026 -1.6319 2.5591, -2.2652 -1.6319 2.5591, -2.1768 -1.6319 2.5591, -2.1153 -1.6319 2.5591, -2.0647 -1.6319 2.5591, 0.3524 -1.6319 2.5591, -2.0496 -1.6319 1.7946, -2.0496 -1.6319 1.9547, -2.0055 -1.6319 1.7946, -1.7891 -1.6319 1.7946, -1.7662 -1.6319 1.7946, 0.3524 -1.6319 1.7932, -1.8272 -1.6319 1.9547, 0.3524 -1.6319 2.0003, -1.8054 -1.6319 1.8384, -1.8721 -1.6319 1.8384, -1.8875 -1.6319 1.7946, -1.9103 -1.6319 1.7946, -1.8493 -1.6319 1.9547, -1.9314 -1.6319 1.8312, -1.9434 -1.6319 1.817, -1.9601 -1.6319 1.805, -1.9783 -1.6319 1.7979, -1.9434 -1.6319 1.9335, -1.9377 -1.6319 1.928, -1.9278 -1.6319 1.914, -1.9219 -1.6319 1.8987, -2.0039 -1.6319 1.9547, -1.9794 -1.6319 1.952, -1.9601 -1.6319 1.9449, -1.9192 -1.6319 1.8767, -1.9197 -1.6319 1.8665, -1.9236 -1.6319 1.8477, -2.1153 -1.6319 1.7298, -2.0647 -1.6319 1.7298, 0.3524 -1.6319 1.7298, -2.5209 -1.6319 0.1969, -2.5113 -1.6319 0.1969, -2.3758 -1.6319 0.1969, -2.3026 -1.6319 0.1969, -2.2652 -1.6319 0.1969, -2.1768 -1.6319 0.1969, -2.1153 -1.6319 0.1969, -2.0647 -1.6319 0.1969, 0.3524 -1.6319 0.1969, 2.439 0.3479 0.376, 2.439 0.4154 0.376, 2.439 0.3479 0.1969, 2.439 0.4154 0.0, 2.439 -0.345 0.1969, 2.439 -0.4114 0.0, 2.439 -0.345 0.376, 2.439 -0.4114 0.376, 2.439 0.3479 0.7594, 2.439 0.3479 0.7874, 2.439 0.4154 0.7594, 2.439 0.4154 0.7874
            ]
        }
        coordIndex [
            0,1,2,-1,3,4,5,-1,6,7,8,-1,9,10,11,-1,12,13,14,-1,15,16,17,-1,18,19,20,-1,21,22,23,-1,23,22,3,-1,24,25,23,-1,23,25,26,-1,26,27,23,-1,23,27,28,-1,23,28,21,-1,29,30,31,-1,31,30,32,-1,29,31,33,-1,33,31,34,-1,33,34,35,-1,36,37,38,-1,39,40,36,-1,36,40,41,-1,36,41,42,-1,35,34,43,-1,43,34,36,-1,43,36,44,-1,44,36,38,-1,44,38,45,-1,45,38,46,-1,45,46,47,-1,42,48,36,-1,36,48,49,-1,36,49,37,-1,50,51,52,-1,52,51,53,-1,52,53,54,-1,54,55,52,-1,52,55,56,-1,52,56,57,-1,57,56,58,-1,58,59,57,-1,57,59,60,-1,57,60,39,-1,39,60,61,-1,39,61,40,-1,62,63,64,-1,64,63,65,-1,64,65,52,-1,52,65,66,-1,52,66,50,-1,67,68,64,-1,64,68,69,-1,64,69,62,-1,70,71,72,-1,72,71,73,-1,72,73,67,-1,67,73,74,-1,67,74,68,-1,0,75,1,-1,1,75,76,-1,1,76,77,-1,77,78,1,-1,1,78,79,-1,1,79,70,-1,80,81,4,-1,82,83,84,-1,85,86,0,-1,87,88,89,-1,89,88,90,-1,82,84,91,-1,85,0,92,-1,93,94,88,-1,88,94,95,-1,88,95,96,-1,4,81,0,-1,0,81,97,-1,0,97,92,-1,83,98,84,-1,84,98,99,-1,84,99,100,-1,101,102,103,-1,103,102,104,-1,103,104,105,-1,106,96,107,-1,107,96,108,-1,107,108,103,-1,103,108,109,-1,103,109,101,-1,106,110,96,-1,96,110,111,-1,96,111,88,-1,88,111,112,-1,88,112,90,-1,113,114,115,-1,115,114,116,-1,115,116,84,-1,84,116,117,-1,84,117,91,-1,118,119,84,-1,84,119,120,-1,84,120,88,-1,88,120,121,-1,88,121,93,-1,122,123,75,-1,75,123,124,-1,75,124,125,-1,125,126,75,-1,75,126,127,-1,75,127,128,-1,128,127,113,-1,128,113,129,-1,129,113,115,-1,86,130,0,-1,0,130,131,-1,0,131,75,-1,75,131,132,-1,75,132,122,-1,100,133,84,-1,84,133,134,-1,84,134,135,-1,135,136,84,-1,84,136,137,-1,84,137,118,-1,138,139,140,-1,140,96,138,-1,138,96,95,-1,138,95,141,-1,141,95,142,-1,142,143,141,-1,141,143,144,-1,141,144,145,-1,146,147,148,-1,147,149,148,-1,148,149,150,-1,148,150,151,-1,152,148,153,-1,139,138,152,-1,152,138,154,-1,152,154,148,-1,148,154,155,-1,148,155,146,-1,153,156,152,-1,152,156,157,-1,152,157,158,-1,151,150,159,-1,159,150,160,-1,159,160,161,-1,161,160,162,-1,161,162,163,-1,164,165,158,-1,158,165,166,-1,158,166,152,-1,22,167,3,-1,3,167,168,-1,3,168,4,-1,4,168,169,-1,4,169,80,-1,170,171,172,-1,172,171,173,-1,174,175,176,-1,177,178,170,-1,170,178,20,-1,20,178,179,-1,20,179,18,-1,176,180,181,-1,181,180,182,-1,181,182,183,-1,171,184,173,-1,173,184,185,-1,173,185,186,-1,186,185,187,-1,188,189,190,-1,190,189,191,-1,192,193,194,-1,195,196,197,-1,198,199,200,-1,200,199,192,-1,200,192,16,-1,201,202,203,-1,203,202,204,-1,188,205,189,-1,189,205,206,-1,189,206,207,-1,207,206,197,-1,207,197,208,-1,208,197,196,-1,209,210,193,-1,193,210,211,-1,212,213,214,-1,214,213,215,-1,214,215,216,-1,211,217,193,-1,193,217,218,-1,193,218,194,-1,216,219,214,-1,214,219,220,-1,214,220,221,-1,221,222,214,-1,214,222,223,-1,214,223,202,-1,202,223,191,-1,202,191,204,-1,204,191,189,-1,224,225,197,-1,197,225,226,-1,197,226,227,-1,228,229,230,-1,201,231,202,-1,202,231,232,-1,202,232,233,-1,234,235,236,-1,236,235,237,-1,236,237,238,-1,238,237,239,-1,238,239,240,-1,240,239,199,-1,227,241,197,-1,197,241,242,-1,197,242,195,-1,228,230,198,-1,230,243,198,-1,198,243,244,-1,198,244,199,-1,199,244,245,-1,199,245,240,-1,15,17,246,-1,246,17,247,-1,246,247,248,-1,249,250,14,-1,251,252,253,-1,253,252,254,-1,253,254,255,-1,256,257,14,-1,14,257,258,-1,255,259,253,-1,253,259,260,-1,253,260,261,-1,261,260,262,-1,261,262,249,-1,263,264,250,-1,250,264,265,-1,250,265,14,-1,14,265,266,-1,14,266,256,-1,258,267,14,-1,14,267,268,-1,14,268,12,-1,269,270,271,-1,271,270,272,-1,271,272,273,-1,271,274,269,-1,269,274,275,-1,269,275,276,-1,276,277,269,-1,269,277,278,-1,269,278,279,-1,279,278,280,-1,279,280,281,-1,281,280,282,-1,281,282,250,-1,250,282,283,-1,250,283,263,-1,284,285,273,-1,273,285,286,-1,273,286,271,-1,287,288,229,-1,229,288,289,-1,229,289,230,-1,287,290,288,-1,288,290,291,-1,288,291,292,-1,292,291,293,-1,292,294,295,-1,293,296,292,-1,292,296,297,-1,292,297,298,-1,298,299,292,-1,292,299,300,-1,292,300,294,-1,295,301,292,-1,292,301,302,-1,292,302,303,-1,304,305,306,-1,306,305,307,-1,306,307,308,-1,309,310,311,-1,311,310,312,-1,305,313,307,-1,307,313,314,-1,307,314,315,-1,315,314,316,-1,315,316,317,-1,317,316,318,-1,317,318,312,-1,312,318,319,-1,312,319,311,-1,320,321,322,-1,322,321,323,-1,323,321,324,-1,324,321,325,-1,324,325,326,-1,326,325,327,-1,326,327,328,-1,329,330,315,-1,331,332,317,-1,330,333,315,-1,315,333,334,-1,315,334,327,-1,327,334,335,-1,327,335,328,-1,331,317,336,-1,322,337,320,-1,320,337,338,-1,320,338,317,-1,317,338,339,-1,317,339,336,-1,332,340,317,-1,317,340,341,-1,317,341,315,-1,315,341,342,-1,315,342,329,-1,321,343,344,-1,344,343,345,-1,346,347,348,-1,348,347,349,-1,349,347,350,-1,350,347,351,-1,350,351,352,-1,352,351,353,-1,352,353,11,-1,11,353,354,-1,11,354,9,-1,355,356,357,-1,344,353,321,-1,321,353,351,-1,321,351,325,-1,325,351,358,-1,325,358,357,-1,357,358,359,-1,357,359,355,-1,345,343,360,-1,360,343,361,-1,360,361,355,-1,362,363,361,-1,361,363,364,-1,361,364,365,-1,366,367,356,-1,367,368,356,-1,356,368,369,-1,356,369,370,-1,371,372,366,-1,355,361,356,-1,356,361,365,-1,356,365,366,-1,366,365,373,-1,366,373,371,-1,372,374,366,-1,366,374,375,-1,366,375,376,-1,376,377,366,-1,366,377,378,-1,366,378,379,-1,379,380,366,-1,366,380,381,-1,366,381,382,-1,383,384,382,-1,382,384,385,-1,382,385,366,-1,386,387,388,-1,383,389,384,-1,384,389,390,-1,384,390,388,-1,388,390,391,-1,388,391,386,-1,7,392,393,-1,393,392,362,-1,393,362,394,-1,8,395,396,-1,396,397,8,-1,8,397,398,-1,8,398,6,-1,399,400,401,-1,402,403,404,-1,404,403,405,-1,404,405,8,-1,8,405,406,-1,8,406,395,-1,407,408,409,-1,409,408,410,-1,409,410,411,-1,412,413,202,-1,202,413,414,-1,202,414,409,-1,409,414,415,-1,409,415,407,-1,370,412,253,-1,253,412,202,-1,253,202,251,-1,251,202,233,-1,251,233,234,-1,234,233,416,-1,234,416,235,-1,16,192,17,-1,17,192,194,-1,17,194,247,-1,247,194,417,-1,247,417,212,-1,212,417,418,-1,212,418,213,-1,419,420,421,-1,175,174,422,-1,422,174,423,-1,422,423,187,-1,187,423,421,-1,187,421,186,-1,186,421,420,-1,186,420,424,-1,425,426,427,-1,421,428,419,-1,419,428,429,-1,419,429,430,-1,430,429,425,-1,430,425,431,-1,431,425,427,-1,432,433,14,-1,14,433,434,-1,249,14,261,-1,261,14,434,-1,261,434,428,-1,428,434,435,-1,428,435,429,-1,436,433,437,-1,437,433,432,-1,437,432,438,-1,439,440,441,-1,442,443,432,-1,432,443,444,-1,432,444,438,-1,248,247,13,-1,13,247,439,-1,13,439,14,-1,14,439,441,-1,14,441,432,-1,432,441,445,-1,432,445,446,-1,447,448,449,-1,449,448,450,-1,449,450,439,-1,439,450,451,-1,439,451,440,-1,446,452,432,-1,432,452,453,-1,432,453,442,-1,454,455,456,-1,454,456,424,-1,455,457,456,-1,456,457,458,-1,456,458,449,-1,449,458,459,-1,449,459,447,-1,460,67,461,-1,461,67,64,-1,461,64,462,-1,462,64,52,-1,462,52,463,-1,463,52,57,-1,463,57,464,-1,464,57,39,-1,464,39,465,-1,465,39,36,-1,465,36,466,-1,466,36,34,-1,467,468,401,-1,401,468,469,-1,470,404,23,-1,400,402,401,-1,401,402,404,-1,401,404,467,-1,467,404,470,-1,467,470,471,-1,5,401,3,-1,3,401,469,-1,3,469,23,-1,23,469,472,-1,23,472,470,-1,473,474,475,-1,474,473,476,-1,476,473,5,-1,476,5,477,-1,478,479,480,-1,480,479,476,-1,480,476,481,-1,481,476,477,-1,481,477,482,-1,482,477,483,-1,2,473,0,-1,0,473,475,-1,0,475,4,-1,4,475,484,-1,4,484,5,-1,5,484,485,-1,5,485,477,-1,7,393,8,-1,8,393,486,-1,8,486,404,-1,404,486,31,-1,404,31,23,-1,23,31,32,-1,23,32,24,-1,2,212,473,-1,473,212,214,-1,473,214,5,-1,5,214,202,-1,5,202,401,-1,401,202,409,-1,401,409,399,-1,399,409,411,-1,370,253,356,-1,356,253,261,-1,356,261,357,-1,357,261,428,-1,357,428,325,-1,325,428,421,-1,325,421,327,-1,327,421,423,-1,327,423,315,-1,315,423,174,-1,315,174,307,-1,362,361,394,-1,394,361,343,-1,394,343,487,-1,487,343,321,-1,487,321,488,-1,488,321,320,-1,488,320,489,-1,489,320,317,-1,489,317,490,-1,490,317,312,-1,490,312,491,-1,491,312,310,-1,491,310,492,-1,493,494,174,-1,181,177,176,-1,176,177,170,-1,176,170,174,-1,174,170,172,-1,174,172,493,-1,493,172,495,-1,496,172,497,-1,497,172,498,-1,497,498,499,-1,499,498,500,-1,501,502,496,-1,496,502,503,-1,496,503,172,-1,172,503,504,-1,172,504,495,-1,311,308,309,-1,309,308,307,-1,309,307,500,-1,500,307,174,-1,500,174,499,-1,499,174,505,-1,504,506,507,-1,507,508,504,-1,504,508,509,-1,504,509,495,-1,510,511,505,-1,505,511,512,-1,505,512,513,-1,494,514,174,-1,174,514,515,-1,174,515,505,-1,505,515,516,-1,505,516,510,-1,513,517,505,-1,505,517,518,-1,505,518,504,-1,504,518,519,-1,504,519,506,-1,424,456,186,-1,186,456,520,-1,186,520,173,-1,173,520,521,-1,173,521,172,-1,172,521,522,-1,172,522,498,-1,70,72,1,-1,1,72,523,-1,1,523,2,-1,2,523,524,-1,2,524,212,-1,212,524,525,-1,212,525,247,-1,247,525,526,-1,247,526,439,-1,439,526,527,-1,439,527,449,-1,449,527,528,-1,449,528,456,-1,456,528,529,-1,456,529,520,-1,520,529,530,-1,520,530,521,-1,521,530,531,-1,521,531,522,-1,532,533,534,-1,534,533,535,-1,534,535,536,-1,536,535,537,-1,536,537,538,-1,538,537,539,-1,540,541,542,-1,542,541,543,-1,
        ]
    }
}
Shape{
    appearance Appearance {
        material  Material 	{
            diffuseColor 0.8313725490196079 0.6705882352941176 0.12941176470588237
            specularColor 0.6666666666666666 0.5372549019607843 0.10196078431372549
            ambientIntensity 0.657
            transparency 0.0
            shininess 0.5
        }
    }
    geometry IndexedFaceSet {
        ccw TRUE
        solid FALSE
        coord DEF co Coordinate {
            point [
                2.0165 0.3479 0.1969, 2.439 0.3479 0.1969, 2.0165 -0.345 0.1969, 2.439 -0.345 0.1969, 1.2268 -0.345 0.1969, 0.797 -0.345 0.1969, 1.2268 0.3479 0.1969, 0.797 0.3479 0.1969
            ]
        }
        coordIndex [
            0,1,2,-1,2,1,3,-1,4,5,6,-1,6,5,7,-1,
        ]
    }
}
Shape{
    appearance Appearance {
        material  Material 	{
            diffuseColor 0.2980392156862745 0.2980392156862745 0.2980392156862745
            specularColor 0.09019607843137255 0.09019607843137255 0.09019607843137255
            ambientIntensity 0.298
            transparency 0.0
            shininess 0.5
        }
    }
    geometry IndexedFaceSet {
        ccw TRUE
        solid FALSE
        coord DEF co Coordinate {
            point [
                2.1437 -0.345 0.7594, 2.439 -0.345 0.7594, 2.439 -0.345 0.7874, 2.439 -0.345 0.1969, 2.439 -0.345 0.376, 2.0165 -0.345 0.1969, 2.1437 -0.345 0.376, 0.797 -0.345 0.7874, 0.797 -0.345 0.1969, 1.2268 -0.345 0.1969, 2.0165 -0.345 0.0787, 1.2268 -0.345 0.0787, 2.1437 0.3479 0.376, 2.439 0.3479 0.376, 2.439 0.3479 0.1969, 2.0165 0.3479 0.0787, 1.2268 0.3479 0.0787, 2.0165 0.3479 0.1969, 1.2268 0.3479 0.1969, 0.797 0.3479 0.7874, 2.439 0.3479 0.7874, 2.1437 0.3479 0.7594, 2.439 0.3479 0.7594, 0.797 0.3479 0.1969, -3.2303 0.8878 0.0, -3.7618 0.8878 0.0, -3.2303 0.8878 0.1969, -3.7618 0.8878 0.1969, -2.2461 0.8878 0.7874, -2.1673 0.8878 0.7874, -2.2461 0.8878 0.0, -2.1673 0.8878 0.0, -1.1831 0.8878 0.7874, -1.1043 0.8878 0.7874, -1.1831 0.8878 0.0, -1.1043 0.8878 0.0, 0.0768 -0.8839 0.0, 2.9311 -0.8839 0.0, 0.0768 -0.8839 0.1969, 2.9311 -0.8839 0.1969, -0.9075 -0.8839 0.7874, -0.9862 -0.8839 0.7874, -0.9075 -0.8839 0.0, -0.9862 -0.8839 0.0, -1.9705 -0.8839 0.7874, -2.0492 -0.8839 0.7874, -1.9705 -0.8839 0.0, -2.0492 -0.8839 0.0, -3.7618 1.6358 2.5591, 0.3524 1.6358 2.5591, -3.7618 1.6358 0.1969, 0.3524 1.6358 0.1969, 1.376 1.6358 2.5591, 1.7151 1.6358 2.5591, 1.7151 1.6358 2.2047, 2.0111 1.6358 2.5591, 2.9311 1.6358 2.5591, 2.0111 1.6358 2.2047, 2.9311 1.6358 0.1969, 1.376 1.6358 0.1969, 1.376 1.5571 0.1969, 1.376 1.5571 2.2047, 1.376 -1.5531 0.1969, 1.376 -1.6319 0.1969, 1.376 -1.5531 2.2047, 1.376 -1.6319 2.5591, 0.3524 -1.6319 0.1969, 0.3524 -1.5531 0.1969, 0.3524 -1.5531 2.2047, 0.3524 1.5571 0.1969, 0.3524 1.5571 2.2047, 0.3524 -1.6319 2.5591, 1.0552 1.5571 1.1132, 0.675 1.5571 1.1132, 0.675 1.5571 0.7137, 1.0552 1.5571 0.7137, 0.675 -1.5531 0.7137, 0.675 -1.5531 1.1132, 1.0552 -1.5531 0.7137, 1.0552 -1.5531 1.1132, -1.8439 0.6319 0.0, -1.6756 0.4154 0.0, -3.5873 -0.4114 0.0, -3.7618 -0.8839 0.0, -3.5873 0.4154 0.0, -3.7618 0.002 0.0, 0.797 0.4154 0.0, 1.3563 0.6516 0.0, 1.363 0.6006 0.0, 1.4547 0.8221 0.0, 1.414 0.7908 0.0, -0.1201 0.8878 0.0, -3.2109 0.8145 0.0, -3.1735 0.7485 0.0, -3.1206 0.6941 0.0, -3.0556 0.6551 0.0, -2.9827 0.6339 0.0, -2.9069 0.6319 0.0, -1.1353 -0.6448 0.0, -1.1916 -0.6258 0.0, -1.6756 -0.4114 0.0, -1.2507 -0.6201 0.0, -1.3096 -0.628 0.0, 1.75 0.6516 0.0, 1.7433 0.7025 0.0, 2.9311 0.8878 0.0, -2.1479 0.8145 0.0, -2.1106 0.7485 0.0, -2.0576 0.6941 0.0, -1.9926 0.6551 0.0, -1.9197 0.6339 0.0, -2.1477 -0.6761 0.0, -2.1982 -0.6448 0.0, -3.0335 -0.8839 0.0, -2.3726 -0.628 0.0, -2.3137 -0.6201 0.0, -2.2546 -0.6258 0.0, -1.5897 -0.049 0.0, -1.5701 -0.0965 0.0, -1.5388 -0.1372 0.0, -1.2095 0.0529 0.0, -1.2291 0.1004 0.0, -1.5965 0.002 0.0, -1.5897 0.0529 0.0, 1.3827 0.75 0.0, 1.363 0.7025 0.0, -0.7809 0.6319 0.0, 1.3827 0.5531 0.0, 1.414 0.5124 0.0, 1.4547 0.4811 0.0, -1.498 -0.1685 0.0, -1.4506 -0.1882 0.0, -0.0723 -0.6448 0.0, -1.2291 -0.0965 0.0, -1.2095 -0.049 0.0, -0.8567 0.6339 0.0, -1.2604 0.1412 0.0, -1.498 0.1724 0.0, -1.5388 0.1412 0.0, -1.5701 0.1004 0.0, -2.0551 -0.8247 0.0, -2.0742 -0.7685 0.0, -2.1057 -0.718 0.0, -1.3012 -0.1685 0.0, -0.2466 -0.628 0.0, -1.2604 -0.1372 0.0, -0.1877 -0.6201 0.0, 1.6516 0.4811 0.0, 1.6923 0.5124 0.0, 2.439 0.4154 0.0, 1.7236 0.5531 0.0, 1.7433 0.6006 0.0, 1.7236 0.75 0.0, 1.6923 0.7908 0.0, 1.6516 0.8221 0.0, 1.6041 0.8417 0.0, 1.5532 0.8484 0.0, 1.5022 0.8417 0.0, -0.1286 -0.6258 0.0, -1.3487 0.1921 0.0, -1.3996 0.1988 0.0, -1.4506 0.1921 0.0, -0.9921 -0.8247 0.0, 0.0709 -0.8247 0.0, 0.0518 -0.7685 0.0, 0.797 -0.4114 0.0, 0.0203 -0.718 0.0, -0.0217 -0.6761 0.0, -1.085 0.8145 0.0, -1.0476 0.7485 0.0, -1.3012 0.1724 0.0, -0.9946 0.6941 0.0, -0.9296 0.6551 0.0, 1.5022 0.4614 0.0, 1.5532 0.4547 0.0, 1.6041 0.4614 0.0, 2.439 -0.4114 0.0, -1.0112 -0.7685 0.0, -1.0427 -0.718 0.0, -1.0847 -0.6761 0.0, -1.3487 -0.1882 0.0, -1.3996 -0.1949 0.0, -1.2028 0.002 0.0, 2.0111 -1.4223 2.5591, 2.0111 -1.6319 2.5591, 2.9311 -1.6319 2.5591, 1.7151 -1.4223 2.5591, 1.7151 -1.6319 2.5591, 2.0111 1.4262 2.5591, 1.7151 1.4262 2.5591, -3.7618 1.0898 0.6059, -3.7618 1.1951 0.8173, -3.7618 1.1951 1.7417, -3.7618 1.0898 1.9531, -3.7618 0.5723 2.4249, -3.7618 0.3521 2.5102, -3.7618 0.12 2.5536, -3.7618 0.002 2.5591, -3.7618 0.12 0.0055, -3.7618 0.3521 0.0488, -3.7618 0.5723 0.1341, -3.7618 0.7731 0.2584, -3.7618 0.9476 0.4175, -3.7618 0.9476 2.1415, -3.7618 0.7731 2.3006, -3.7618 1.2597 1.0444, -3.7618 1.2815 1.2795, -3.7618 1.2597 1.5146, 2.9311 -0.5948 1.1109, 2.9311 -0.4935 0.376, 2.9311 -0.4935 0.7594, 2.9311 0.4974 0.7594, 2.9311 1.5573 1.1109, 2.9311 0.5987 1.1109, 2.9311 -1.5534 1.645, 2.9311 -1.5534 1.1109, 2.9311 -1.6319 0.1969, 2.9311 -0.5948 1.645, 2.9311 -0.4935 1.9965, 2.9311 -0.4935 2.3799, 2.9311 0.4974 2.3799, 2.9311 1.5573 1.645, 2.9311 0.4974 1.9965, 2.9311 0.5987 1.645, 2.9311 0.8878 0.1969, 2.9311 0.4974 0.376, -3.7618 -0.1161 0.0055, -3.7618 -0.3482 0.0488, -3.7618 -1.6319 2.5591, -3.7618 -0.1161 2.5536, -3.7618 -0.3482 2.5102, -3.7618 -0.5684 2.4249, -3.7618 -0.7691 2.3006, -3.7618 -1.1912 0.8173, -3.7618 -1.0859 0.6059, -3.7618 -1.6319 0.1969, -3.7618 -0.9436 0.4175, -3.7618 -0.8839 0.1969, -3.7618 -0.7691 0.2584, -3.7618 -0.5684 0.1341, -3.7618 -0.9436 2.1415, -3.7618 -1.0859 1.9531, -3.7618 -1.1912 1.7417, -3.7618 -1.2558 1.5146, -3.7618 -1.2776 1.2795, -3.7618 -1.2558 1.0444, 1.7151 -1.6319 2.2047, 2.0111 -1.6319 2.2047, -3.5653 0.2995 2.5591, -3.5653 -0.2956 2.5591, -3.2408 -0.2956 2.5591, -3.2408 0.2995 2.5591, -5.1398 -0.1161 0.0055, -5.1398 -0.3482 0.0488, -5.1398 -0.5684 0.1341, -5.1398 -0.7691 0.2584, -5.1398 -0.9436 0.4175, -5.1398 -1.0859 0.6059, -5.1398 -1.1912 0.8173, -5.1398 -1.2558 1.0444, -5.1398 -1.2776 1.2795, -5.1398 -1.2558 1.5146, -5.1398 -1.1912 1.7417, -5.1398 -1.0859 1.9531, -5.1398 -0.9436 2.1415, -5.1398 -0.7691 2.3006, -5.1398 -0.5684 2.4249, -5.1398 -0.3482 2.5102, -5.1398 -0.1161 2.5536, -5.1398 0.12 2.5536, -5.1398 0.3521 2.5102, -5.1398 0.5723 2.4249, -5.1398 0.7731 2.3006, -5.1398 0.9476 2.1415, -5.1398 1.0898 1.9531, -5.1398 1.1951 1.7417, -5.1398 1.2597 1.5146, -5.1398 1.2815 1.2795, -5.1398 1.2597 1.0444, -5.1398 1.1951 0.8173, -5.1398 1.0898 0.6059, -5.1398 0.9476 0.4175, -5.1398 0.7731 0.2584, -5.1398 0.5723 0.1341, -5.1398 0.3521 0.0488, -5.1398 0.12 0.0055, -5.1398 0.002 0.1181, -5.1398 -0.2246 0.1404, -5.1398 -0.4425 0.2065, -5.1398 -0.6433 0.3138, -5.1398 -0.8193 0.4583, -5.1398 -0.9637 0.6343, -5.1398 -1.071 0.8351, -5.1398 -1.1371 1.0529, -5.1398 -1.1594 1.2795, -5.1398 -1.1371 1.5061, -5.1398 -1.071 1.724, -5.1398 -0.9637 1.9248, -5.1398 -0.8193 2.1008, -5.1398 -0.6433 2.2452, -5.1398 -0.4425 2.3525, -5.1398 -0.2246 2.4186, -5.1398 0.002 2.4409, -5.1398 0.2285 2.4186, -5.1398 0.4464 2.3525, -5.1398 0.6472 2.2452, -5.1398 0.8232 2.1008, -5.1398 0.9677 1.9248, -5.1398 1.075 1.724, -5.1398 1.1411 1.5061, -5.1398 1.1634 1.2795, -5.1398 1.1411 1.0529, -5.1398 1.075 0.8351, -5.1398 0.9677 0.6343, -5.1398 0.8232 0.4583, -5.1398 0.6472 0.3138, -5.1398 0.4464 0.2065, -5.1398 0.2285 0.1404
            ]
        }
        coordIndex [
            0,1,2,-1,3,4,5,-1,5,4,6,-1,2,7,0,-1,0,7,8,-1,0,8,9,-1,6,0,5,-1,5,0,9,-1,5,9,10,-1,10,9,11,-1,12,13,14,-1,15,16,17,-1,17,16,18,-1,19,20,21,-1,21,20,22,-1,14,17,12,-1,12,17,18,-1,12,18,21,-1,21,18,23,-1,21,23,19,-1,24,25,26,-1,26,25,27,-1,28,29,30,-1,30,29,31,-1,32,33,34,-1,34,33,35,-1,36,37,38,-1,38,37,39,-1,40,41,42,-1,42,41,43,-1,44,45,46,-1,46,45,47,-1,48,49,50,-1,50,49,51,-1,52,53,54,-1,55,56,57,-1,57,56,58,-1,57,58,54,-1,54,58,59,-1,54,59,52,-1,59,60,61,-1,62,63,64,-1,64,63,65,-1,64,65,61,-1,61,65,52,-1,61,52,59,-1,66,67,68,-1,69,51,70,-1,70,51,49,-1,70,49,68,-1,68,49,71,-1,68,71,66,-1,72,61,60,-1,61,72,70,-1,70,72,73,-1,70,73,69,-1,69,73,74,-1,69,74,60,-1,60,74,75,-1,60,75,72,-1,67,76,77,-1,76,67,78,-1,78,67,62,-1,78,62,79,-1,79,62,64,-1,79,64,77,-1,77,64,68,-1,77,68,67,-1,70,68,61,-1,61,68,64,-1,80,34,81,-1,82,83,84,-1,84,83,85,-1,86,87,88,-1,89,90,91,-1,85,25,84,-1,84,25,24,-1,84,24,92,-1,92,93,84,-1,84,93,94,-1,84,94,95,-1,95,96,84,-1,84,96,97,-1,84,97,81,-1,98,99,100,-1,100,99,101,-1,100,101,102,-1,103,104,105,-1,30,31,97,-1,97,31,106,-1,97,106,107,-1,107,108,97,-1,97,108,109,-1,97,109,81,-1,81,109,110,-1,81,110,80,-1,102,46,47,-1,100,111,112,-1,113,83,114,-1,114,83,82,-1,114,82,115,-1,115,82,100,-1,115,100,116,-1,116,100,112,-1,117,118,100,-1,100,118,119,-1,120,121,86,-1,117,100,122,-1,122,100,81,-1,122,81,123,-1,90,124,91,-1,91,124,125,-1,91,125,126,-1,88,127,86,-1,86,127,128,-1,86,128,129,-1,119,130,100,-1,100,130,131,-1,100,131,98,-1,132,133,134,-1,125,87,126,-1,126,87,86,-1,126,86,135,-1,135,86,121,-1,135,121,136,-1,137,138,81,-1,81,138,139,-1,81,139,123,-1,47,140,102,-1,102,140,141,-1,102,141,100,-1,100,141,142,-1,100,142,111,-1,42,143,144,-1,144,143,145,-1,144,145,146,-1,147,148,149,-1,149,148,150,-1,103,105,151,-1,104,152,105,-1,105,152,153,-1,105,153,154,-1,154,155,105,-1,105,155,156,-1,105,156,91,-1,91,156,157,-1,91,157,89,-1,133,132,145,-1,145,132,158,-1,145,158,146,-1,35,159,34,-1,34,159,160,-1,34,160,81,-1,81,160,161,-1,81,161,137,-1,42,43,162,-1,163,164,165,-1,165,164,166,-1,165,166,167,-1,35,168,159,-1,159,168,169,-1,159,169,170,-1,170,169,171,-1,170,171,136,-1,136,171,172,-1,136,172,135,-1,129,173,86,-1,86,173,174,-1,86,174,149,-1,149,174,175,-1,149,175,147,-1,150,151,149,-1,149,151,105,-1,149,105,176,-1,176,105,37,-1,176,37,165,-1,165,37,36,-1,165,36,163,-1,162,177,42,-1,42,177,178,-1,42,178,143,-1,143,178,179,-1,143,179,180,-1,180,179,98,-1,180,98,181,-1,181,98,131,-1,167,132,165,-1,165,132,134,-1,165,134,86,-1,86,134,182,-1,86,182,120,-1,183,184,185,-1,52,65,186,-1,186,65,187,-1,56,55,188,-1,53,52,189,-1,189,52,186,-1,189,186,188,-1,188,186,183,-1,188,183,56,-1,56,183,185,-1,190,191,50,-1,192,193,48,-1,194,195,48,-1,48,195,196,-1,48,196,197,-1,25,85,198,-1,198,199,25,-1,25,199,200,-1,25,200,27,-1,27,200,201,-1,27,201,50,-1,50,201,202,-1,50,202,190,-1,193,203,48,-1,48,203,204,-1,48,204,194,-1,191,205,50,-1,50,205,206,-1,50,206,48,-1,48,206,207,-1,48,207,192,-1,208,209,210,-1,211,212,213,-1,214,185,215,-1,215,185,216,-1,215,216,39,-1,217,218,214,-1,214,218,219,-1,214,219,185,-1,185,219,220,-1,185,220,56,-1,221,222,223,-1,223,222,213,-1,210,211,208,-1,208,211,213,-1,208,213,217,-1,217,213,222,-1,217,222,218,-1,220,222,56,-1,56,222,221,-1,56,221,58,-1,58,221,212,-1,58,212,224,-1,224,212,211,-1,224,211,105,-1,105,211,225,-1,105,225,37,-1,37,225,209,-1,37,209,39,-1,39,209,208,-1,39,208,215,-1,85,83,226,-1,226,83,227,-1,228,197,229,-1,229,230,228,-1,228,230,231,-1,228,231,232,-1,233,234,235,-1,235,234,236,-1,235,236,237,-1,237,236,238,-1,237,238,83,-1,83,238,239,-1,83,239,227,-1,232,240,228,-1,228,240,241,-1,228,241,242,-1,242,243,228,-1,228,243,244,-1,228,244,235,-1,235,244,245,-1,235,245,233,-1,187,65,246,-1,246,65,63,-1,246,63,247,-1,247,63,216,-1,247,216,184,-1,184,216,185,-1,49,48,248,-1,248,48,197,-1,248,197,249,-1,249,197,228,-1,249,228,250,-1,250,228,71,-1,250,71,251,-1,251,71,49,-1,251,49,248,-1,252,227,253,-1,253,227,239,-1,253,239,254,-1,254,239,238,-1,254,238,255,-1,255,238,236,-1,255,236,256,-1,256,236,234,-1,256,234,257,-1,257,234,233,-1,257,233,258,-1,258,233,245,-1,258,245,259,-1,259,245,244,-1,259,244,260,-1,260,244,243,-1,260,243,261,-1,261,243,242,-1,261,242,262,-1,262,242,241,-1,262,241,263,-1,263,241,240,-1,263,240,264,-1,264,240,232,-1,264,232,265,-1,265,232,231,-1,265,231,266,-1,266,231,230,-1,266,230,267,-1,267,230,229,-1,267,229,268,-1,268,229,197,-1,268,197,269,-1,197,196,269,-1,269,196,195,-1,269,195,270,-1,270,195,194,-1,270,194,271,-1,271,194,204,-1,271,204,272,-1,272,204,203,-1,272,203,273,-1,273,203,193,-1,273,193,274,-1,274,193,192,-1,274,192,275,-1,275,192,207,-1,275,207,276,-1,276,207,206,-1,276,206,277,-1,277,206,205,-1,277,205,278,-1,278,205,191,-1,278,191,279,-1,279,191,190,-1,279,190,280,-1,280,190,202,-1,280,202,281,-1,281,202,201,-1,281,201,282,-1,282,201,200,-1,282,200,283,-1,283,200,199,-1,283,199,284,-1,284,199,198,-1,284,198,285,-1,285,198,85,-1,285,85,252,-1,252,85,226,-1,252,226,227,-1,286,252,287,-1,287,252,253,-1,287,253,288,-1,288,253,254,-1,288,254,289,-1,289,254,255,-1,289,255,290,-1,290,255,256,-1,290,256,291,-1,291,256,257,-1,291,257,292,-1,292,257,258,-1,292,258,293,-1,293,258,259,-1,293,259,294,-1,294,259,260,-1,294,260,295,-1,295,260,261,-1,295,261,296,-1,296,261,262,-1,296,262,297,-1,297,262,263,-1,297,263,298,-1,298,263,264,-1,298,264,299,-1,299,264,265,-1,299,265,300,-1,300,265,266,-1,300,266,301,-1,301,266,267,-1,301,267,302,-1,267,268,302,-1,302,268,269,-1,302,269,303,-1,303,269,270,-1,303,270,304,-1,304,270,271,-1,304,271,305,-1,305,271,272,-1,305,272,306,-1,306,272,273,-1,306,273,307,-1,307,273,274,-1,307,274,308,-1,308,274,275,-1,308,275,309,-1,309,275,276,-1,309,276,310,-1,310,276,277,-1,310,277,311,-1,311,277,278,-1,311,278,312,-1,312,278,279,-1,312,279,313,-1,313,279,280,-1,313,280,314,-1,314,280,281,-1,314,281,315,-1,315,281,282,-1,315,282,316,-1,316,282,283,-1,316,283,317,-1,317,283,284,-1,317,284,286,-1,286,284,285,-1,286,285,252,-1,
        ]
    }
}
Shape{
    appearance Appearance {
        material  Material 	{
            diffuseColor 0.8313725490196079 0.6705882352941176 0.12941176470588237
            specularColor 0.6666666666666666 0.5372549019607843 0.10196078431372549
            ambientIntensity 0.657
            transparency 0.0
            shininess 0.5
        }
    }
    geometry IndexedFaceSet {
        ccw TRUE
        solid FALSE
        coord DEF co Coordinate {
            point [
                -4.7826 -0.8164 1.6185, -4.7826 -0.7952 1.6634, 0.7658 -0.7961 1.6639, -4.7826 -0.7793 0.862, -4.7826 -0.7952 0.8956, -2.648 -0.7346 0.7874, -4.7826 0.5639 0.5948, -4.7826 0.554 0.5874, -3.0792 0.6667 0.694, -4.7826 -0.4902 0.543, -4.7826 -0.55 0.5874, -3.5873 -0.4114 0.4961, -4.7826 0.3859 0.4824, -3.5873 0.3863 0.4814, -4.7826 0.4195 0.4983, -3.5873 0.4154 0.4961, -1.6756 0.4154 0.4961, -4.7826 0.4941 0.543, -1.6756 -0.4114 0.4961, 0.7658 -0.5503 0.587, -1.6756 -0.3824 0.4814, 0.7658 -0.3824 0.4814, -1.6756 -0.1951 0.4159, 0.7658 -0.1951 0.4159, -1.6756 0.002 0.3937, 0.7658 0.002 0.3937, -1.6756 0.1991 0.4159, 0.7658 0.1991 0.4159, -1.6756 0.3863 0.4814, 0.7658 0.3863 0.4814, 0.7658 0.5543 0.587, -4.7826 0.1989 0.4168, -3.5873 0.1991 0.4159, -4.7826 0.2591 0.4318, -4.7826 0.341 0.4611, -4.7826 0.1748 0.4107, -4.7826 0.0888 0.398, -3.5873 0.002 0.3937, -4.7826 0.002 0.3937, -4.7826 -0.0849 0.398, -3.5873 -0.1951 0.4159, -4.7826 -0.1708 0.4107, -4.7826 -0.1949 0.4168, -4.7826 -0.2552 0.4318, -4.7826 -0.337 0.4611, -3.5873 -0.3824 0.4814, -4.7826 -0.3819 0.4824, -4.7826 -0.4156 0.4983, -1.0398 0.7385 0.7874, -0.5056 0.7385 0.7874, 0.7658 0.8001 0.8952, -4.7826 0.7991 0.8956, -4.7826 0.7832 0.862, -3.1657 0.7385 0.7874, -4.7826 0.7385 0.7874, -3.1211 0.6945 0.7272, 0.7658 0.6945 0.7272, -0.6191 0.6945 0.7272, -0.7809 0.6319 0.6567, -0.8116 0.6303 0.6552, -0.8645 0.6352 0.6601, -0.9024 0.6448 0.67, -1.8439 0.6319 0.6567, -0.9532 0.6667 0.694, -1.6821 0.6945 0.7272, -0.9951 0.6945 0.7272, -1.5686 0.7385 0.7874, -1.8746 0.6303 0.6552, -1.9275 0.6352 0.6601, -2.9069 0.6319 0.6567, -2.1028 0.7385 0.7874, -2.6316 0.7385 0.7874, -2.0581 0.6945 0.7272, -2.7451 0.6945 0.7272, -2.0162 0.6667 0.694, -1.9654 0.6448 0.67, -3.0283 0.6448 0.67, -2.9376 0.6303 0.6552, -2.9905 0.6352 0.6601, -4.7826 0.6941 0.7275, -4.7826 0.6867 0.7176, -4.7826 0.6283 0.6532, -0.522 -0.7346 0.7874, 0.7658 -0.7961 0.8952, -2.0935 -0.7346 0.7874, -2.3726 -0.628 0.6567, -4.7826 -0.56 0.5948, -4.7826 -0.6244 0.6532, -2.5344 -0.6906 0.7272, -4.7826 -0.6828 0.7176, -4.7826 -0.6902 0.7275, -4.7826 -0.7346 0.7874, -2.2816 -0.6215 0.6502, -2.2363 -0.6304 0.6592, -1.3096 -0.628 0.6567, -2.3082 -0.62 0.6488, -2.3389 -0.6218 0.6505, -2.205 -0.6417 0.6709, -2.164 -0.6642 0.6956, -1.4714 -0.6906 0.7272, -2.1309 -0.6906 0.7272, -1.585 -0.7346 0.7874, -1.2186 -0.6215 0.6502, -1.1733 -0.6304 0.6592, -0.2466 -0.628 0.6567, -1.2452 -0.62 0.6488, -1.2759 -0.6218 0.6505, -1.0305 -0.7346 0.7874, -1.0679 -0.6906 0.7272, -0.4084 -0.6906 0.7272, -1.101 -0.6642 0.6956, -1.142 -0.6417 0.6709, -0.1556 -0.6215 0.6502, -0.1103 -0.6304 0.6592, -0.2129 -0.6218 0.6505, -0.1822 -0.62 0.6488, -0.079 -0.6417 0.6709, -0.038 -0.6642 0.6956, 0.7658 -0.6906 0.7272, -0.0049 -0.6906 0.7272, 0.0325 -0.7346 0.7874, -4.7826 -0.8457 1.5367, 0.7658 -0.8616 1.4766, -4.7826 -0.8608 1.4764, -4.7826 -0.7793 1.6971, -4.7826 -0.7346 1.7717, 0.7658 -0.6906 1.8318, -4.7826 -0.6902 1.8315, 0.7658 -0.5503 1.9721, -4.7826 -0.6828 1.8415, -4.7826 -0.6244 1.9059, -4.7826 -0.56 1.9643, -4.7826 -0.55 1.9717, -4.7826 -0.3819 2.0767, 0.7658 -0.3824 2.0776, -4.7826 -0.4156 2.0608, -4.7826 -0.4902 2.0161, -4.7826 -0.337 2.0979, -4.7826 -0.2552 2.1272, 0.7658 -0.1951 2.1431, -4.7826 -0.1949 2.1423, 0.7658 0.002 2.1654, -4.7826 -0.1708 2.1483, -4.7826 -0.0849 2.1611, -4.7826 0.002 2.1654, -4.7826 0.0888 2.1611, 0.7658 0.1991 2.1431, -4.7826 0.1748 2.1483, -4.7826 0.1989 2.1423, -4.7826 0.3859 2.0767, 0.7658 0.3863 2.0776, -4.7826 0.341 2.0979, -4.7826 0.2591 2.1272, -4.7826 0.4195 2.0608, -4.7826 0.4941 2.0161, 0.7658 0.5543 1.9721, -4.7826 0.554 1.9717, 0.7658 0.6945 1.8318, -4.7826 0.5639 1.9643, -4.7826 0.6283 1.9059, -4.7826 0.6867 1.8415, -4.7826 0.6941 1.8315, -4.7826 0.7385 1.7717, -4.7826 0.7832 1.6971, 0.7658 0.8001 1.6639, -4.7826 0.7991 1.6634, -4.7826 0.8204 1.6185, 0.7658 0.8656 1.4766, -4.7826 0.8497 1.5367, -4.7826 0.8647 1.4764, 0.7658 0.8878 1.2795, -4.7826 0.8708 1.4523, -4.7826 0.8835 1.3664, -4.7826 0.8878 1.2795, -4.7826 0.8835 1.1927, 0.7658 0.8656 1.0824, -4.7826 0.8708 1.1067, -4.7826 0.8647 1.0826, -4.7826 0.8204 0.9405, -4.7826 0.8497 1.0224, -4.7826 -0.8796 1.1927, -4.7826 -0.8839 1.2795, 0.7658 -0.8839 1.2795, -4.7826 -0.8796 1.3664, -4.7826 -0.8668 1.4523, -4.7826 -0.8164 0.9405, -4.7826 -0.8457 1.0224, 0.7658 -0.8616 1.0824, -4.7826 -0.8608 1.0826, -4.7826 -0.8668 1.1067, 0.7658 0.002 1.2795
            ]
        }
        coordIndex [
            0,1,2,-1,3,4,5,-1,6,7,8,-1,9,10,11,-1,12,13,14,-1,14,13,15,-1,16,7,15,-1,15,7,17,-1,15,17,14,-1,11,10,18,-1,18,10,19,-1,18,19,20,-1,20,19,21,-1,20,21,22,-1,22,21,23,-1,22,23,24,-1,24,23,25,-1,24,25,26,-1,26,25,27,-1,26,27,28,-1,28,27,29,-1,28,29,16,-1,16,29,30,-1,16,30,7,-1,31,32,33,-1,33,32,13,-1,33,13,34,-1,34,13,12,-1,31,35,32,-1,32,35,36,-1,32,36,37,-1,36,38,37,-1,37,38,39,-1,37,39,40,-1,40,39,41,-1,40,41,42,-1,42,43,40,-1,40,43,44,-1,40,44,45,-1,45,44,46,-1,45,46,11,-1,11,46,47,-1,11,47,9,-1,48,49,50,-1,51,52,53,-1,53,52,54,-1,53,54,55,-1,50,49,56,-1,56,49,57,-1,56,57,30,-1,30,57,58,-1,30,58,59,-1,60,61,62,-1,62,61,63,-1,62,63,64,-1,64,63,65,-1,64,65,66,-1,67,68,69,-1,67,30,62,-1,62,30,59,-1,62,59,60,-1,65,48,66,-1,66,48,50,-1,66,50,70,-1,70,50,71,-1,70,71,72,-1,72,71,73,-1,72,73,74,-1,74,73,69,-1,74,69,75,-1,75,69,68,-1,8,7,76,-1,67,69,30,-1,30,69,77,-1,30,77,7,-1,7,77,78,-1,7,78,76,-1,54,79,55,-1,55,79,80,-1,55,80,8,-1,8,80,81,-1,8,81,6,-1,82,4,83,-1,5,4,84,-1,85,86,87,-1,85,87,88,-1,87,89,88,-1,88,89,90,-1,88,90,5,-1,5,90,91,-1,5,91,3,-1,92,93,94,-1,92,94,95,-1,86,85,10,-1,10,85,96,-1,10,96,95,-1,93,97,94,-1,94,97,98,-1,94,98,99,-1,99,98,100,-1,99,100,101,-1,102,103,104,-1,102,104,105,-1,95,94,10,-1,10,94,106,-1,10,106,105,-1,100,84,101,-1,101,84,4,-1,101,4,107,-1,107,4,82,-1,107,82,108,-1,108,82,109,-1,108,109,110,-1,110,109,104,-1,110,104,111,-1,111,104,103,-1,112,113,19,-1,105,104,10,-1,10,104,114,-1,10,114,19,-1,19,114,115,-1,19,115,112,-1,113,116,19,-1,19,116,117,-1,19,117,118,-1,118,117,119,-1,118,119,83,-1,83,119,120,-1,83,120,82,-1,0,2,121,-1,121,2,122,-1,121,122,123,-1,1,124,2,-1,2,124,125,-1,2,125,126,-1,126,125,127,-1,126,127,128,-1,128,127,129,-1,129,130,128,-1,128,130,131,-1,128,131,132,-1,133,134,135,-1,135,134,128,-1,135,128,136,-1,136,128,132,-1,133,137,134,-1,134,137,138,-1,134,138,139,-1,139,138,140,-1,139,140,141,-1,141,140,142,-1,141,142,143,-1,143,144,141,-1,141,144,145,-1,141,145,146,-1,146,145,147,-1,146,147,148,-1,149,150,151,-1,151,150,146,-1,151,146,152,-1,152,146,148,-1,149,153,150,-1,150,153,154,-1,150,154,155,-1,155,154,156,-1,155,156,157,-1,157,156,158,-1,158,159,157,-1,157,159,160,-1,157,160,161,-1,161,162,157,-1,157,162,163,-1,157,163,164,-1,163,165,164,-1,164,165,166,-1,164,166,167,-1,166,168,167,-1,167,168,169,-1,167,169,170,-1,170,169,171,-1,170,171,172,-1,172,173,170,-1,170,173,174,-1,170,174,175,-1,175,174,176,-1,175,176,177,-1,53,71,51,-1,51,71,50,-1,51,50,178,-1,178,50,175,-1,178,175,179,-1,179,175,177,-1,180,181,182,-1,182,181,183,-1,182,183,122,-1,122,183,184,-1,122,184,123,-1,4,185,83,-1,83,185,186,-1,83,186,187,-1,187,186,188,-1,187,188,182,-1,182,188,189,-1,182,189,180,-1,182,122,190,-1,118,83,190,-1,190,83,187,-1,190,187,182,-1,23,21,190,-1,190,21,19,-1,190,19,118,-1,29,27,190,-1,190,27,25,-1,190,25,23,-1,50,56,190,-1,190,56,30,-1,190,30,29,-1,167,170,190,-1,190,170,175,-1,190,175,50,-1,155,157,190,-1,190,157,164,-1,190,164,167,-1,141,146,190,-1,190,146,150,-1,190,150,155,-1,128,134,190,-1,190,134,139,-1,190,139,141,-1,122,2,190,-1,190,2,126,-1,190,126,128,-1,
        ]
    }
}
Shape{
    appearance Appearance {
        material  Material 	{
            diffuseColor 0.2980392156862745 0.2980392156862745 0.2980392156862745
            specularColor 0.09019607843137255 0.09019607843137255 0.09019607843137255
            ambientIntensity 0.298
            transparency 0.0
            shininess 0.5
        }
    }
    geometry IndexedFaceSet {
        ccw TRUE
        solid FALSE
        coord DEF co Coordinate {
            point [
                1.7151 1.4262 2.2047, 2.0111 1.4262 2.2047, 1.7151 1.6358 2.2047, 2.0111 1.6358 2.2047, 2.0111 1.4262 2.5591, 2.0111 1.6358 2.5591, 1.7151 1.4262 2.5591, 1.7151 1.6358 2.5591, 1.7151 -1.4223 2.2047, 1.7151 -1.6319 2.2047, 2.0111 -1.4223 2.2047, 2.0111 -1.6319 2.2047, 1.7151 -1.4223 2.5591, 1.7151 -1.6319 2.5591, 2.0111 -1.4223 2.5591, 2.0111 -1.6319 2.5591, -3.2408 0.2995 2.2047, -3.2408 -0.2956 2.2047, -3.2408 0.2995 2.5591, -3.2408 -0.2956 2.5591, -3.5653 -0.2956 2.2047, -3.5653 -0.2956 2.5591, -3.5653 0.2995 2.2047, -3.5653 0.2995 2.5591, 0.675 -1.6319 0.7137, 0.675 -1.6319 1.1132, 0.675 -1.5531 0.7137, 0.675 -1.5531 1.1132, 1.0552 -1.6319 0.7137, 1.0552 -1.5531 0.7137, 1.0552 -1.6319 1.1132, 1.0552 -1.5531 1.1132, 0.675 1.6358 1.1132, 0.675 1.6358 0.7137, 0.675 1.5571 1.1132, 0.675 1.5571 0.7137, 1.0552 1.6358 1.1132, 1.0552 1.5571 1.1132, 1.0552 1.6358 0.7137, 1.0552 1.5571 0.7137, 1.376 1.5571 0.1969, 1.376 1.6358 0.1969, 2.9311 1.6358 0.1969, -0.1201 1.2224 0.1969, -0.1201 1.3406 0.1969, 0.3524 1.6358 0.1969, -1.1043 1.3406 0.1969, -3.7618 1.6358 0.1969, -0.1201 1.0846 0.1969, 0.3524 1.5571 0.1969, -0.1201 0.8878 0.1969, 2.9311 0.8878 0.1969, -3.2303 0.8878 0.1969, -3.7618 0.8878 0.1969, -3.2303 1.0846 0.1969, -1.1831 1.2224 0.1969, -2.1673 1.2224 0.1969, -2.2461 1.3406 0.1969, -3.2303 1.3406 0.1969, -3.2303 1.2224 0.1969, -2.2461 1.2224 0.1969, -2.1673 1.3406 0.1969, -1.1831 1.3406 0.1969, -1.1043 1.2224 0.1969, -0.1201 0.8878 0.0, 2.9311 0.8878 0.0, 1.376 -1.5531 0.1969, 0.3524 -1.5531 0.1969, 0.0768 -1.0807 0.1969, -3.0335 -1.2185 0.1969, -3.0335 -1.3366 0.1969, -3.7618 -1.6319 0.1969, -2.0492 -1.3366 0.1969, 0.3524 -1.6319 0.1969, -0.9862 -1.2185 0.1969, -1.9705 -1.2185 0.1969, -3.0335 -1.0807 0.1969, 2.9311 -1.6319 0.1969, 1.376 -1.6319 0.1969, 2.9311 -0.8839 0.1969, 0.0768 -0.8839 0.1969, -3.7618 -0.8839 0.1969, -3.0335 -0.8839 0.1969, -0.9075 -1.2185 0.1969, 0.0768 -1.2185 0.1969, 0.0768 -1.3366 0.1969, -0.9075 -1.3366 0.1969, -2.0492 -1.2185 0.1969, -1.9705 -1.3366 0.1969, -0.9862 -1.3366 0.1969, -3.0335 -0.8839 0.0, -3.7618 -0.8839 0.0, -1.2028 0.002 0.0, -1.2095 0.0529 -0.2756, -1.2095 0.0529 0.0, -1.2291 0.1004 -0.2756, -1.2291 0.1004 0.0, -1.2604 0.1412 -0.2756, -1.2604 0.1412 0.0, -1.3012 0.1724 -0.2756, -1.3012 0.1724 0.0, -1.3487 0.1921 -0.2756, -1.3487 0.1921 0.0, -1.3996 0.1988 -0.2756, -1.3996 0.1988 0.0, -1.4506 0.1921 -0.2756, -1.4506 0.1921 0.0, -1.498 0.1724 -0.2756, -1.498 0.1724 0.0, -1.5388 0.1412 -0.2756, -1.5388 0.1412 0.0, -1.5701 0.1004 -0.2756, -1.5701 0.1004 0.0, -1.5897 0.0529 -0.2756, -1.5897 0.0529 0.0, -1.5965 0.002 -0.2756, -1.5965 0.002 0.0, -1.5897 -0.049 -0.2756, -1.5897 -0.049 0.0, -1.5701 -0.0965 -0.2756, -1.5701 -0.0965 0.0, -1.5388 -0.1372 -0.2756, -1.5388 -0.1372 0.0, -1.498 -0.1685 -0.2756, -1.498 -0.1685 0.0, -1.4506 -0.1882 -0.2756, -1.4506 -0.1882 0.0, -1.3996 -0.1949 -0.2756, -1.3996 -0.1949 0.0, -1.3487 -0.1882 -0.2756, -1.3487 -0.1882 0.0, -1.3012 -0.1685 -0.2756, -1.3012 -0.1685 0.0, -1.2604 -0.1372 -0.2756, -1.2604 -0.1372 0.0, -1.2291 -0.0965 -0.2756, -1.2291 -0.0965 0.0, -1.2095 -0.049 -0.2756, -1.2095 -0.049 0.0, -1.2028 0.002 -0.2756, -1.536 -0.0768 -0.315, -1.5517 -0.0388 -0.315, -1.3996 0.002 -0.315, -1.5571 0.002 -0.315, -1.5517 0.0427 -0.315, -1.4404 -0.1501 -0.315, -1.4783 -0.1344 -0.315, -1.511 -0.1094 -0.315, -1.3209 -0.1344 -0.315, -1.3588 -0.1501 -0.315, -1.3996 -0.1555 -0.315, -1.2475 -0.0388 -0.315, -1.2632 -0.0768 -0.315, -1.2882 -0.1094 -0.315, -1.2632 0.0807 -0.315, -1.2475 0.0427 -0.315, -1.2421 0.002 -0.315, -1.3588 0.1541 -0.315, -1.3209 0.1384 -0.315, -1.2882 0.1133 -0.315, -1.4783 0.1384 -0.315, -1.4404 0.1541 -0.315, -1.3996 0.1594 -0.315, -1.536 0.0807 -0.315, -1.511 0.1133 -0.315, 1.75 0.6516 0.0, 1.7433 0.7025 -0.2756, 1.7433 0.7025 0.0, 1.7236 0.75 -0.2756, 1.7236 0.75 0.0, 1.6923 0.7908 -0.2756, 1.6923 0.7908 0.0, 1.6516 0.8221 -0.2756, 1.6516 0.8221 0.0, 1.6041 0.8417 -0.2756, 1.6041 0.8417 0.0, 1.5532 0.8484 -0.2756, 1.5532 0.8484 0.0, 1.5022 0.8417 -0.2756, 1.5022 0.8417 0.0, 1.4547 0.8221 -0.2756, 1.4547 0.8221 0.0, 1.414 0.7908 -0.2756, 1.414 0.7908 0.0, 1.3827 0.75 -0.2756, 1.3827 0.75 0.0, 1.363 0.7025 -0.2756, 1.363 0.7025 0.0, 1.3563 0.6516 -0.2756, 1.3563 0.6516 0.0, 1.363 0.6006 -0.2756, 1.363 0.6006 0.0, 1.3827 0.5531 -0.2756, 1.3827 0.5531 0.0, 1.414 0.5124 -0.2756, 1.414 0.5124 0.0, 1.4547 0.4811 -0.2756, 1.4547 0.4811 0.0, 1.5022 0.4614 -0.2756, 1.5022 0.4614 0.0, 1.5532 0.4547 -0.2756, 1.5532 0.4547 0.0, 1.6041 0.4614 -0.2756, 1.6041 0.4614 0.0, 1.6516 0.4811 -0.2756, 1.6516 0.4811 0.0, 1.6923 0.5124 -0.2756, 1.6923 0.5124 0.0, 1.7236 0.5531 -0.2756, 1.7236 0.5531 0.0, 1.7433 0.6006 -0.2756, 1.7433 0.6006 0.0, 1.75 0.6516 -0.2756, 1.4168 0.5728 -0.315, 1.401 0.6108 -0.315, 1.5532 0.6516 -0.315, 1.3957 0.6516 -0.315, 1.401 0.6923 -0.315, 1.5124 0.4995 -0.315, 1.4744 0.5152 -0.315, 1.4418 0.5402 -0.315, 1.6319 0.5152 -0.315, 1.5939 0.4995 -0.315, 1.5532 0.4941 -0.315, 1.7053 0.6108 -0.315, 1.6895 0.5728 -0.315, 1.6645 0.5402 -0.315, 1.6895 0.7303 -0.315, 1.7053 0.6923 -0.315, 1.7106 0.6516 -0.315, 1.5939 0.8037 -0.315, 1.6319 0.788 -0.315, 1.6645 0.7629 -0.315, 1.4744 0.788 -0.315, 1.5124 0.8037 -0.315, 1.5532 0.8091 -0.315, 1.4168 0.7303 -0.315, 1.4418 0.7629 -0.315, -2.0492 -1.2185 0.7874, -2.0492 -1.3366 0.7874, -3.0335 -1.2185 0.7874, -3.0335 -1.3366 0.7874, -1.9705 -1.2185 0.7874, -0.9862 -1.2185 0.7874, -1.9705 -1.3366 0.7874, -0.9862 -1.3366 0.7874, -0.9075 -1.2185 0.7874, 0.0768 -1.2185 0.7874, -0.9075 -1.3366 0.7874, 0.0768 -1.3366 0.7874, -0.1201 1.3406 0.7874, -1.1043 1.3406 0.7874, -1.1043 1.2224 0.7874, -0.1201 1.2224 0.7874, -2.2461 1.2224 0.7874, -2.2461 1.3406 0.7874, -3.2303 1.3406 0.7874, -3.2303 1.2224 0.7874, -1.1831 1.3406 0.7874, -2.1673 1.3406 0.7874, -2.1673 1.2224 0.7874, -1.1831 1.2224 0.7874, -3.5873 -0.3824 0.4814, -3.5873 -0.4114 0.4961, -3.5873 -0.4114 0.0, -3.5873 0.4154 0.0, -3.5873 0.4154 0.4961, -3.5873 0.3863 0.4814, -3.5873 0.1991 0.4159, -3.5873 0.002 0.3937, -3.5873 -0.1951 0.4159, -1.6756 -0.4114 0.0, -1.6756 -0.4114 0.4961, -1.6756 0.4154 0.4961, -1.6756 0.4154 0.0, -1.6756 0.3863 0.4814, -1.6756 0.1991 0.4159, -1.6756 -0.3824 0.4814, -1.6756 -0.1951 0.4159, -1.6756 0.002 0.3937, 2.439 -0.4114 0.7874, 2.439 -0.4114 0.7594, 2.1437 -0.4114 0.7594, 2.439 -0.4114 0.376, 2.439 -0.4114 0.0, 2.1437 -0.4114 0.376, 0.797 -0.4114 0.0, 0.797 -0.4114 0.7874, 2.439 -0.345 0.7874, 0.797 -0.345 0.7874, 2.439 -0.345 0.7594, 2.439 0.4154 0.0, 2.439 0.4154 0.376, 2.1437 0.4154 0.376, 2.439 0.4154 0.7594, 2.439 0.4154 0.7874, 2.1437 0.4154 0.7594, 0.797 0.4154 0.7874, 0.797 0.4154 0.0, 0.797 -0.345 0.1969, 0.797 0.3479 0.1969, 0.797 0.3479 0.7874, 2.439 0.3479 0.7874, -0.9862 -0.8839 0.7874, -0.9075 -0.8839 0.7874, 0.0768 -1.0807 0.7874, -3.0335 -1.0807 0.7874, -3.0335 -0.8839 0.7874, -2.648 -0.7346 0.7874, -2.0551 -0.8247 0.7874, -2.0492 -0.8839 0.7874, -1.9705 -0.8839 0.7874, -2.0742 -0.7685 0.7874, -2.0935 -0.7346 0.7874, -1.585 -0.7346 0.7874, -1.0305 -0.7346 0.7874, -1.0112 -0.7685 0.7874, -0.9921 -0.8247 0.7874, -0.522 -0.7346 0.7874, 0.0325 -0.7346 0.7874, 0.0518 -0.7685 0.7874, 0.0709 -0.8247 0.7874, 0.0768 -0.8839 0.7874, -0.1286 -0.6258 0.0, -0.1579 -0.6212 0.65, -0.1877 -0.6201 0.0, -0.1877 -0.6201 0.6488, -0.2466 -0.628 0.0, -0.2178 -0.6224 0.6511, -0.2466 -0.628 0.6567, -0.0723 -0.6448 0.0, -0.0994 -0.6338 0.6627, -0.1286 -0.6258 0.6545, -0.0217 -0.6761 0.0, -0.0454 -0.6594 0.6902, -0.0723 -0.6448 0.6742, 0.0518 -0.7685 0.0, 0.0192 -0.719 0.766, 0.0203 -0.718 0.0, -0.0049 -0.6906 0.7272, -0.0225 -0.677 0.7111, 0.0768 -0.8839 0.0, 0.0709 -0.8247 0.0, -0.4084 -0.6906 0.7272, -0.9075 -0.8839 0.0, -1.1916 -0.6258 0.0, -1.2209 -0.6212 0.65, -1.2507 -0.6201 0.0, -1.2507 -0.6201 0.6488, -1.3096 -0.628 0.0, -1.2808 -0.6224 0.6511, -1.3096 -0.628 0.6567, -1.1353 -0.6448 0.0, -1.1624 -0.6338 0.6627, -1.1916 -0.6258 0.6545, -1.0847 -0.6761 0.0, -1.1084 -0.6594 0.6902, -1.1353 -0.6448 0.6742, -1.0112 -0.7685 0.0, -1.0438 -0.719 0.766, -1.0427 -0.718 0.0, -1.0679 -0.6906 0.7272, -1.0855 -0.677 0.7111, -0.9921 -0.8247 0.0, -0.9862 -0.8839 0.0, -1.4714 -0.6906 0.7272, -1.9705 -0.8839 0.0, -2.2546 -0.6258 0.0, -2.2839 -0.6212 0.65, -2.3137 -0.6201 0.0, -2.3137 -0.6201 0.6488, -2.3726 -0.628 0.0, -2.3438 -0.6224 0.6511, -2.3726 -0.628 0.6567, -2.1982 -0.6448 0.0, -2.2254 -0.6338 0.6627, -2.2546 -0.6258 0.6545, -2.1477 -0.6761 0.0, -2.1713 -0.6594 0.6902, -2.1982 -0.6448 0.6742, -2.0742 -0.7685 0.0, -2.1068 -0.719 0.766, -2.1057 -0.718 0.0, -2.1309 -0.6906 0.7272, -2.1485 -0.677 0.7111, -2.0551 -0.8247 0.0, -2.0492 -0.8839 0.0, -2.5344 -0.6906 0.7272, -1.085 0.8145 0.7874, -1.1043 0.8878 0.7874, -0.1201 1.0846 0.7874, -0.1201 0.8878 0.7874, -0.5056 0.7385 0.7874, -1.0476 0.7485 0.7874, -1.0398 0.7385 0.7874, -1.1831 0.8878 0.7874, -1.5686 0.7385 0.7874, -2.1028 0.7385 0.7874, -2.1106 0.7485 0.7874, -2.1479 0.8145 0.7874, -2.1673 0.8878 0.7874, -2.6316 0.7385 0.7874, -3.1657 0.7385 0.7874, -2.2461 0.8878 0.7874, -3.1735 0.7485 0.7874, -3.2109 0.8145 0.7874, -3.2303 1.0846 0.7874, -3.2303 0.8878 0.7874, -2.9069 0.6319 0.6567, -2.9069 0.6319 0.0, -2.9451 0.6304 0.6553, -2.9827 0.6339 0.0, -2.9827 0.6339 0.6587, -3.0206 0.6424 0.6675, -3.0556 0.6551 0.0, -3.0556 0.6551 0.6811, -3.0905 0.6733 0.7015, -3.1206 0.6941 0.0, -3.1206 0.6942 0.7268, -3.1211 0.6945 0.7272, -3.1735 0.7485 0.0, -3.2303 0.8878 0.0, -3.2109 0.8145 0.0, -2.7451 0.6945 0.7272, -2.2461 0.8878 0.0, -1.8439 0.6319 0.6567, -1.8439 0.6319 0.0, -1.8821 0.6304 0.6553, -1.9197 0.6339 0.0, -1.9197 0.6339 0.6587, -1.9576 0.6424 0.6675, -1.9926 0.6551 0.0, -1.9926 0.6551 0.6811, -2.0275 0.6733 0.7015, -2.0576 0.6941 0.0, -2.0576 0.6942 0.7268, -2.0581 0.6945 0.7272, -2.1106 0.7485 0.0, -2.1673 0.8878 0.0, -2.1479 0.8145 0.0, -1.6821 0.6945 0.7272, -1.1831 0.8878 0.0, -0.7809 0.6319 0.6567, -0.7809 0.6319 0.0, -0.8191 0.6304 0.6553, -0.8567 0.6339 0.0, -0.8567 0.6339 0.6587, -0.8946 0.6424 0.6675, -0.9296 0.6551 0.0, -0.9296 0.6551 0.6811, -0.9646 0.6733 0.7015, -0.9946 0.6941 0.0, -0.9946 0.6942 0.7268, -0.9951 0.6945 0.7272, -1.0476 0.7485 0.0, -1.1043 0.8878 0.0, -1.085 0.8145 0.0, -0.6191 0.6945 0.7272, -1.5616 0.0454 -0.3136, -1.5448 0.0858 -0.3136, -1.5182 0.1205 -0.3136, -1.4834 0.1472 -0.3136, -1.443 0.1639 -0.3136, -1.3996 0.1696 -0.3136, -1.3562 0.1639 -0.3136, -1.3158 0.1472 -0.3136, -1.281 0.1205 -0.3136, -1.2544 0.0858 -0.3136, -1.2376 0.0454 -0.3136, -1.2319 0.002 -0.3136, -1.2376 -0.0414 -0.3136, -1.2544 -0.0819 -0.3136, -1.281 -0.1166 -0.3136, -1.3158 -0.1432 -0.3136, -1.3562 -0.16 -0.3136, -1.3996 -0.1657 -0.3136, -1.443 -0.16 -0.3136, -1.4834 -0.1432 -0.3136, -1.5182 -0.1166 -0.3136, -1.5448 -0.0819 -0.3136, -1.5616 -0.0414 -0.3136, -1.5673 0.002 -0.3136, -1.5707 0.0478 -0.3097, -1.553 0.0906 -0.3097, -1.5249 0.1272 -0.3097, -1.4882 0.1554 -0.3097, -1.4455 0.1731 -0.3097, -1.3996 0.1791 -0.3097, -1.3538 0.1731 -0.3097, -1.311 0.1554 -0.3097, -1.2743 0.1272 -0.3097, -1.2462 0.0906 -0.3097, -1.2285 0.0478 -0.3097, -1.2224 0.002 -0.3097, -1.2285 -0.0439 -0.3097, -1.2462 -0.0866 -0.3097, -1.2743 -0.1233 -0.3097, -1.311 -0.1515 -0.3097, -1.3538 -0.1692 -0.3097, -1.3996 -0.1752 -0.3097, -1.4455 -0.1692 -0.3097, -1.4882 -0.1515 -0.3097, -1.5249 -0.1233 -0.3097, -1.553 -0.0866 -0.3097, -1.5707 -0.0439 -0.3097, -1.5768 0.002 -0.3097, -1.5786 0.0499 -0.3034, -1.5601 0.0946 -0.3034, -1.5306 0.133 -0.3034, -1.4923 0.1625 -0.3034, -1.4476 0.181 -0.3034, -1.3996 0.1873 -0.3034, -1.3516 0.181 -0.3034, -1.3069 0.1625 -0.3034, -1.2686 0.133 -0.3034, -1.2391 0.0946 -0.3034, -1.2206 0.0499 -0.3034, -1.2143 0.002 -0.3034, -1.2206 -0.046 -0.3034, -1.2391 -0.0907 -0.3034, -1.2686 -0.1291 -0.3034, -1.3069 -0.1585 -0.3034, -1.3516 -0.177 -0.3034, -1.3996 -0.1834 -0.3034, -1.4476 -0.177 -0.3034, -1.4923 -0.1585 -0.3034, -1.5306 -0.1291 -0.3034, -1.5601 -0.0907 -0.3034, -1.5786 -0.046 -0.3034, -1.5849 0.002 -0.3034, -1.5847 0.0516 -0.2953, -1.5655 0.0978 -0.2953, -1.5351 0.1374 -0.2953, -1.4954 0.1679 -0.2953, -1.4492 0.187 -0.2953, -1.3996 0.1935 -0.2953, -1.35 0.187 -0.2953, -1.3038 0.1679 -0.2953, -1.2641 0.1374 -0.2953, -1.2337 0.0978 -0.2953, -1.2146 0.0516 -0.2953, -1.208 0.002 -0.2953, -1.2146 -0.0476 -0.2953, -1.2337 -0.0938 -0.2953, -1.2641 -0.1335 -0.2953, -1.3038 -0.1639 -0.2953, -1.35 -0.1831 -0.2953, -1.3996 -0.1896 -0.2953, -1.4492 -0.1831 -0.2953, -1.4954 -0.1639 -0.2953, -1.5351 -0.1335 -0.2953, -1.5655 -0.0938 -0.2953, -1.5847 -0.0476 -0.2953, -1.5912 0.002 -0.2953, -1.5885 0.0526 -0.2858, -1.5689 0.0997 -0.2858, -1.5378 0.1402 -0.2858, -1.4974 0.1713 -0.2858, -1.4502 0.1908 -0.2858, -1.3996 0.1975 -0.2858, -1.349 0.1908 -0.2858, -1.3018 0.1713 -0.2858, -1.2614 0.1402 -0.2858, -1.2303 0.0997 -0.2858, -1.2108 0.0526 -0.2858, -1.2041 0.002 -0.2858, -1.2108 -0.0486 -0.2858, -1.2303 -0.0958 -0.2858, -1.2614 -0.1363 -0.2858, -1.3018 -0.1673 -0.2858, -1.349 -0.1869 -0.2858, -1.3996 -0.1935 -0.2858, -1.4502 -0.1869 -0.2858, -1.4974 -0.1673 -0.2858, -1.5378 -0.1363 -0.2858, -1.5689 -0.0958 -0.2858, -1.5885 -0.0486 -0.2858, -1.5951 0.002 -0.2858, 1.3912 0.695 -0.3136, 1.4079 0.7354 -0.3136, 1.4346 0.7701 -0.3136, 1.4693 0.7968 -0.3136, 1.5098 0.8135 -0.3136, 1.5532 0.8192 -0.3136, 1.5965 0.8135 -0.3136, 1.637 0.7968 -0.3136, 1.6717 0.7701 -0.3136, 1.6984 0.7354 -0.3136, 1.7151 0.695 -0.3136, 1.7208 0.6516 -0.3136, 1.7151 0.6082 -0.3136, 1.6984 0.5677 -0.3136, 1.6717 0.533 -0.3136, 1.637 0.5064 -0.3136, 1.5965 0.4896 -0.3136, 1.5532 0.4839 -0.3136, 1.5098 0.4896 -0.3136, 1.4693 0.5064 -0.3136, 1.4346 0.533 -0.3136, 1.4079 0.5677 -0.3136, 1.3912 0.6082 -0.3136, 1.3855 0.6516 -0.3136, 1.382 0.6974 -0.3097, 1.3997 0.7402 -0.3097, 1.4279 0.7768 -0.3097, 1.4646 0.805 -0.3097, 1.5073 0.8227 -0.3097, 1.5532 0.8287 -0.3097, 1.599 0.8227 -0.3097, 1.6417 0.805 -0.3097, 1.6784 0.7768 -0.3097, 1.7066 0.7402 -0.3097, 1.7243 0.6974 -0.3097, 1.7303 0.6516 -0.3097, 1.7243 0.6057 -0.3097, 1.7066 0.563 -0.3097, 1.6784 0.5263 -0.3097, 1.6417 0.4981 -0.3097, 1.599 0.4804 -0.3097, 1.5532 0.4744 -0.3097, 1.5073 0.4804 -0.3097, 1.4646 0.4981 -0.3097, 1.4279 0.5263 -0.3097, 1.3997 0.563 -0.3097, 1.382 0.6057 -0.3097, 1.376 0.6516 -0.3097, 1.3741 0.6995 -0.3034, 1.3927 0.7442 -0.3034, 1.4221 0.7826 -0.3034, 1.4605 0.8121 -0.3034, 1.5052 0.8306 -0.3034, 1.5532 0.8369 -0.3034, 1.6011 0.8306 -0.3034, 1.6458 0.8121 -0.3034, 1.6842 0.7826 -0.3034, 1.7136 0.7442 -0.3034, 1.7322 0.6995 -0.3034, 1.7385 0.6516 -0.3034, 1.7322 0.6036 -0.3034, 1.7136 0.5589 -0.3034, 1.6842 0.5205 -0.3034, 1.6458 0.4911 -0.3034, 1.6011 0.4726 -0.3034, 1.5532 0.4663 -0.3034, 1.5052 0.4726 -0.3034, 1.4605 0.4911 -0.3034, 1.4221 0.5205 -0.3034, 1.3927 0.5589 -0.3034, 1.3741 0.6036 -0.3034, 1.3678 0.6516 -0.3034, 1.3681 0.7012 -0.2953, 1.3872 0.7474 -0.2953, 1.4177 0.787 -0.2953, 1.4574 0.8175 -0.2953, 1.5036 0.8366 -0.2953, 1.5532 0.8432 -0.2953, 1.6027 0.8366 -0.2953, 1.6489 0.8175 -0.2953, 1.6886 0.787 -0.2953, 1.7191 0.7474 -0.2953, 1.7382 0.7012 -0.2953, 1.7447 0.6516 -0.2953, 1.7382 0.602 -0.2953, 1.7191 0.5558 -0.2953, 1.6886 0.5161 -0.2953, 1.6489 0.4857 -0.2953, 1.6027 0.4665 -0.2953, 1.5532 0.46 -0.2953, 1.5036 0.4665 -0.2953, 1.4574 0.4857 -0.2953, 1.4177 0.5161 -0.2953, 1.3872 0.5558 -0.2953, 1.3681 0.602 -0.2953, 1.3616 0.6516 -0.2953, 1.3643 0.7022 -0.2858, 1.3838 0.7493 -0.2858, 1.4149 0.7898 -0.2858, 1.4554 0.8209 -0.2858, 1.5026 0.8404 -0.2858, 1.5532 0.8471 -0.2858, 1.6038 0.8404 -0.2858, 1.6509 0.8209 -0.2858, 1.6914 0.7898 -0.2858, 1.7225 0.7493 -0.2858, 1.742 0.7022 -0.2858, 1.7487 0.6516 -0.2858, 1.742 0.601 -0.2858, 1.7225 0.5538 -0.2858, 1.6914 0.5133 -0.2858, 1.6509 0.4823 -0.2858, 1.6038 0.4627 -0.2858, 1.5532 0.4561 -0.2858, 1.5026 0.4627 -0.2858, 1.4554 0.4823 -0.2858, 1.4149 0.5133 -0.2858, 1.3838 0.5538 -0.2858, 1.3643 0.601 -0.2858, 1.3576 0.6516 -0.2858, 2.0165 -0.345 0.0787, 2.0165 0.3479 0.0787, 2.0165 -0.345 0.1969, 2.0165 0.3479 0.1969, 1.2268 0.3479 0.0787, 1.2268 -0.345 0.0787, 1.2268 0.3479 0.1969, 1.2268 -0.345 0.1969, 2.1437 0.4974 0.376, 2.439 0.3479 0.376, 2.9311 -0.4935 0.376, 2.9311 0.4974 0.376, 2.1437 -0.4935 0.376, 2.439 -0.345 0.376, 2.1437 -0.345 0.376, 2.1437 0.3479 0.376, 2.1437 -0.345 0.7594, 2.1437 0.3479 0.7594, 2.1437 0.4974 0.7594, 2.9311 0.4974 0.7594, 2.439 0.3479 0.7594, 2.9311 -0.4935 0.7594, 2.1437 -0.4935 0.7594, 2.1437 -0.5948 1.1109, 2.1437 -1.5534 1.1109, 2.9311 -0.5948 1.1109, 2.9311 -1.5534 1.1109, 2.1437 -1.5534 1.645, 2.9311 -1.5534 1.645, 2.1437 -0.5948 1.645, 2.9311 -0.5948 1.645, 2.1437 0.5987 1.645, 2.1437 1.5573 1.645, 2.9311 0.5987 1.645, 2.9311 1.5573 1.645, 2.1437 1.5573 1.1109, 2.9311 1.5573 1.1109, 2.1437 0.5987 1.1109, 2.9311 0.5987 1.1109, 2.1437 0.4974 1.9965, 2.1437 -0.4935 1.9965, 2.9311 0.4974 1.9965, 2.9311 -0.4935 1.9965, 2.1437 -0.4935 2.3799, 2.9311 -0.4935 2.3799, 2.1437 0.4974 2.3799, 2.9311 0.4974 2.3799
            ]
        }
        coordIndex [
            0,1,2,-1,2,1,3,-1,4,5,1,-1,1,5,3,-1,0,2,6,-1,6,2,7,-1,1,0,4,-1,4,0,6,-1,8,9,10,-1,10,9,11,-1,12,13,8,-1,8,13,9,-1,10,11,14,-1,14,11,15,-1,8,10,12,-1,12,10,14,-1,16,17,18,-1,18,17,19,-1,17,20,19,-1,19,20,21,-1,20,22,21,-1,21,22,23,-1,22,16,23,-1,23,16,18,-1,22,20,16,-1,16,20,17,-1,24,25,26,-1,26,25,27,-1,28,24,29,-1,29,24,26,-1,30,28,31,-1,31,28,29,-1,25,30,27,-1,27,30,31,-1,28,30,24,-1,24,30,25,-1,32,33,34,-1,34,33,35,-1,36,32,37,-1,37,32,34,-1,38,36,39,-1,39,36,37,-1,33,38,35,-1,35,38,39,-1,36,38,32,-1,32,38,33,-1,40,41,42,-1,43,44,45,-1,45,44,46,-1,45,46,47,-1,48,49,50,-1,50,49,40,-1,50,40,51,-1,51,40,42,-1,52,53,54,-1,54,53,47,-1,55,48,56,-1,56,48,54,-1,57,58,47,-1,47,58,59,-1,47,59,54,-1,54,59,60,-1,54,60,56,-1,56,60,61,-1,60,57,61,-1,61,57,47,-1,61,47,62,-1,62,47,46,-1,62,46,55,-1,55,46,63,-1,55,63,48,-1,48,63,43,-1,48,43,49,-1,49,43,45,-1,50,51,64,-1,64,51,65,-1,66,67,68,-1,69,70,71,-1,71,70,72,-1,71,72,73,-1,74,75,76,-1,77,78,79,-1,79,78,66,-1,79,66,80,-1,80,66,68,-1,81,82,76,-1,83,68,84,-1,84,68,67,-1,84,67,85,-1,85,67,73,-1,85,73,86,-1,71,81,69,-1,69,81,76,-1,69,76,87,-1,87,76,75,-1,87,75,72,-1,72,75,88,-1,72,88,73,-1,73,88,89,-1,73,89,86,-1,86,89,74,-1,86,74,83,-1,83,74,76,-1,83,76,68,-1,82,81,90,-1,90,81,91,-1,92,93,94,-1,94,93,95,-1,94,95,96,-1,96,95,97,-1,96,97,98,-1,98,97,99,-1,98,99,100,-1,100,99,101,-1,100,101,102,-1,102,101,103,-1,102,103,104,-1,104,103,105,-1,104,105,106,-1,106,105,107,-1,106,107,108,-1,108,107,109,-1,108,109,110,-1,110,109,111,-1,110,111,112,-1,112,111,113,-1,112,113,114,-1,114,113,115,-1,114,115,116,-1,116,115,117,-1,116,117,118,-1,118,117,119,-1,118,119,120,-1,120,119,121,-1,120,121,122,-1,122,121,123,-1,122,123,124,-1,124,123,125,-1,124,125,126,-1,126,125,127,-1,126,127,128,-1,128,127,129,-1,128,129,130,-1,130,129,131,-1,130,131,132,-1,132,131,133,-1,132,133,134,-1,134,133,135,-1,134,135,136,-1,136,135,137,-1,136,137,138,-1,138,137,139,-1,138,139,92,-1,92,139,93,-1,140,141,142,-1,142,141,143,-1,142,143,144,-1,145,146,142,-1,142,146,147,-1,142,147,140,-1,148,149,142,-1,142,149,150,-1,142,150,145,-1,151,152,142,-1,142,152,153,-1,142,153,148,-1,154,155,142,-1,142,155,156,-1,142,156,151,-1,157,158,142,-1,142,158,159,-1,142,159,154,-1,160,161,142,-1,142,161,162,-1,142,162,157,-1,144,163,142,-1,142,163,164,-1,142,164,160,-1,165,166,167,-1,167,166,168,-1,167,168,169,-1,169,168,170,-1,169,170,171,-1,171,170,172,-1,171,172,173,-1,173,172,174,-1,173,174,175,-1,175,174,176,-1,175,176,177,-1,177,176,178,-1,177,178,179,-1,179,178,180,-1,179,180,181,-1,181,180,182,-1,181,182,183,-1,183,182,184,-1,183,184,185,-1,185,184,186,-1,185,186,187,-1,187,186,188,-1,187,188,189,-1,189,188,190,-1,189,190,191,-1,191,190,192,-1,191,192,193,-1,193,192,194,-1,193,194,195,-1,195,194,196,-1,195,196,197,-1,197,196,198,-1,197,198,199,-1,199,198,200,-1,199,200,201,-1,201,200,202,-1,201,202,203,-1,203,202,204,-1,203,204,205,-1,205,204,206,-1,205,206,207,-1,207,206,208,-1,207,208,209,-1,209,208,210,-1,209,210,211,-1,211,210,212,-1,211,212,165,-1,165,212,166,-1,213,214,215,-1,215,214,216,-1,215,216,217,-1,218,219,215,-1,215,219,220,-1,215,220,213,-1,221,222,215,-1,215,222,223,-1,215,223,218,-1,224,225,215,-1,215,225,226,-1,215,226,221,-1,227,228,215,-1,215,228,229,-1,215,229,224,-1,230,231,215,-1,215,231,232,-1,215,232,227,-1,233,234,215,-1,215,234,235,-1,215,235,230,-1,217,236,215,-1,215,236,237,-1,215,237,233,-1,238,87,239,-1,239,87,72,-1,240,69,238,-1,238,69,87,-1,241,70,240,-1,240,70,69,-1,239,72,241,-1,241,72,70,-1,241,240,239,-1,239,240,238,-1,242,75,243,-1,243,75,74,-1,244,88,242,-1,242,88,75,-1,245,89,244,-1,244,89,88,-1,243,74,245,-1,245,74,89,-1,245,244,243,-1,243,244,242,-1,246,83,247,-1,247,83,84,-1,248,86,246,-1,246,86,83,-1,249,85,248,-1,248,85,86,-1,247,84,249,-1,249,84,85,-1,249,248,247,-1,247,248,246,-1,250,251,44,-1,44,251,46,-1,251,252,46,-1,46,252,63,-1,252,253,63,-1,63,253,43,-1,253,250,43,-1,43,250,44,-1,253,252,250,-1,250,252,251,-1,254,255,60,-1,60,255,57,-1,255,256,57,-1,57,256,58,-1,256,257,58,-1,58,257,59,-1,257,254,59,-1,59,254,60,-1,257,256,254,-1,254,256,255,-1,258,259,62,-1,62,259,61,-1,259,260,61,-1,61,260,56,-1,260,261,56,-1,56,261,55,-1,261,258,55,-1,55,258,62,-1,261,260,258,-1,258,260,259,-1,262,263,264,-1,265,266,267,-1,267,268,265,-1,265,268,269,-1,265,269,264,-1,264,269,270,-1,264,270,262,-1,264,263,271,-1,271,263,272,-1,273,274,275,-1,275,274,276,-1,272,277,271,-1,271,277,278,-1,271,278,274,-1,274,278,279,-1,274,279,276,-1,274,273,265,-1,265,273,266,-1,280,281,282,-1,283,284,285,-1,285,284,286,-1,285,286,282,-1,282,286,287,-1,282,287,280,-1,288,280,289,-1,289,280,287,-1,281,280,290,-1,290,280,288,-1,291,292,293,-1,294,295,296,-1,296,295,297,-1,296,297,293,-1,293,297,298,-1,293,298,291,-1,289,287,299,-1,299,287,286,-1,299,286,300,-1,300,286,298,-1,300,298,301,-1,301,298,297,-1,301,297,302,-1,302,297,295,-1,303,304,305,-1,306,307,308,-1,309,310,306,-1,306,310,311,-1,309,306,312,-1,312,306,308,-1,312,308,313,-1,314,315,311,-1,311,315,316,-1,305,306,303,-1,303,306,311,-1,303,311,317,-1,317,311,316,-1,318,319,304,-1,304,319,320,-1,320,321,304,-1,304,321,322,-1,304,322,305,-1,305,68,306,-1,306,68,76,-1,306,76,307,-1,307,76,82,-1,322,80,305,-1,305,80,68,-1,80,322,321,-1,323,324,325,-1,325,324,326,-1,325,326,327,-1,327,326,328,-1,327,328,329,-1,330,331,323,-1,323,331,332,-1,323,332,324,-1,333,334,330,-1,330,334,335,-1,330,335,331,-1,336,337,338,-1,338,337,339,-1,338,339,333,-1,333,339,340,-1,333,340,334,-1,341,80,342,-1,342,80,321,-1,342,321,336,-1,336,321,320,-1,336,320,337,-1,337,320,319,-1,318,304,343,-1,343,304,344,-1,343,344,329,-1,329,344,327,-1,345,346,347,-1,347,346,348,-1,347,348,349,-1,349,348,350,-1,349,350,351,-1,352,353,345,-1,345,353,354,-1,345,354,346,-1,355,356,352,-1,352,356,357,-1,352,357,353,-1,358,359,360,-1,360,359,361,-1,360,361,355,-1,355,361,362,-1,355,362,356,-1,315,359,316,-1,316,359,358,-1,316,358,317,-1,317,358,363,-1,317,363,303,-1,303,363,364,-1,314,311,365,-1,365,311,366,-1,365,366,351,-1,351,366,349,-1,367,368,369,-1,369,368,370,-1,369,370,371,-1,371,370,372,-1,371,372,373,-1,374,375,367,-1,367,375,376,-1,367,376,368,-1,377,378,374,-1,374,378,379,-1,374,379,375,-1,380,381,382,-1,382,381,383,-1,382,383,377,-1,377,383,384,-1,377,384,378,-1,313,381,312,-1,312,381,380,-1,312,380,309,-1,309,380,385,-1,309,385,310,-1,310,385,386,-1,387,308,307,-1,371,373,90,-1,90,373,387,-1,90,387,82,-1,82,387,307,-1,388,389,390,-1,390,391,392,-1,388,390,393,-1,393,390,392,-1,393,392,394,-1,395,396,397,-1,397,398,395,-1,395,398,399,-1,395,399,400,-1,401,402,403,-1,403,402,404,-1,403,404,405,-1,389,395,390,-1,390,395,400,-1,390,400,406,-1,406,400,403,-1,406,403,407,-1,407,403,405,-1,52,407,405,-1,408,409,410,-1,410,409,411,-1,410,411,412,-1,412,411,413,-1,413,411,414,-1,413,414,415,-1,415,414,416,-1,416,414,417,-1,416,417,418,-1,418,417,419,-1,419,417,420,-1,419,420,402,-1,421,52,422,-1,422,52,405,-1,422,405,420,-1,420,405,404,-1,420,404,402,-1,401,403,423,-1,423,403,424,-1,423,424,408,-1,408,424,409,-1,425,426,427,-1,427,426,428,-1,427,428,429,-1,429,428,430,-1,430,428,431,-1,430,431,432,-1,432,431,433,-1,433,431,434,-1,433,434,435,-1,435,434,436,-1,436,434,437,-1,436,437,397,-1,438,400,439,-1,439,400,399,-1,439,399,437,-1,437,399,398,-1,437,398,397,-1,396,395,440,-1,440,395,441,-1,440,441,425,-1,425,441,426,-1,442,443,444,-1,444,443,445,-1,444,445,446,-1,446,445,447,-1,447,445,448,-1,447,448,449,-1,449,448,450,-1,450,448,451,-1,450,451,452,-1,452,451,453,-1,453,451,454,-1,453,454,394,-1,455,389,456,-1,456,389,388,-1,456,388,454,-1,454,388,393,-1,454,393,394,-1,457,392,391,-1,443,442,64,-1,64,442,457,-1,64,457,50,-1,50,457,391,-1,391,390,50,-1,50,390,48,-1,390,406,48,-1,48,406,54,-1,406,407,54,-1,54,407,52,-1,143,458,144,-1,144,458,459,-1,144,459,163,-1,163,459,460,-1,163,460,164,-1,164,460,461,-1,164,461,160,-1,160,461,462,-1,160,462,161,-1,161,462,463,-1,161,463,162,-1,162,463,464,-1,162,464,157,-1,157,464,465,-1,157,465,158,-1,158,465,466,-1,158,466,159,-1,159,466,467,-1,159,467,154,-1,154,467,468,-1,154,468,155,-1,155,468,469,-1,155,469,156,-1,156,469,470,-1,156,470,151,-1,151,470,471,-1,151,471,152,-1,152,471,472,-1,152,472,153,-1,153,472,473,-1,153,473,148,-1,148,473,474,-1,148,474,149,-1,149,474,475,-1,149,475,150,-1,150,475,476,-1,150,476,145,-1,145,476,477,-1,145,477,146,-1,146,477,478,-1,146,478,147,-1,147,478,479,-1,147,479,140,-1,140,479,480,-1,140,480,141,-1,141,480,481,-1,141,481,143,-1,143,481,458,-1,481,482,458,-1,458,482,483,-1,458,483,459,-1,459,483,484,-1,459,484,460,-1,460,484,485,-1,460,485,461,-1,461,485,486,-1,461,486,462,-1,462,486,487,-1,462,487,463,-1,463,487,488,-1,463,488,464,-1,464,488,489,-1,464,489,465,-1,465,489,490,-1,465,490,466,-1,466,490,491,-1,466,491,467,-1,467,491,492,-1,467,492,468,-1,468,492,493,-1,468,493,469,-1,469,493,494,-1,469,494,470,-1,470,494,495,-1,470,495,471,-1,471,495,496,-1,471,496,472,-1,472,496,497,-1,472,497,473,-1,473,497,498,-1,473,498,474,-1,474,498,499,-1,474,499,475,-1,475,499,500,-1,475,500,476,-1,476,500,501,-1,476,501,477,-1,477,501,502,-1,477,502,478,-1,478,502,503,-1,478,503,479,-1,479,503,504,-1,479,504,480,-1,480,504,505,-1,480,505,481,-1,481,505,482,-1,505,506,482,-1,482,506,507,-1,482,507,483,-1,483,507,508,-1,483,508,484,-1,484,508,509,-1,484,509,485,-1,485,509,510,-1,485,510,486,-1,486,510,511,-1,486,511,487,-1,487,511,512,-1,487,512,488,-1,488,512,513,-1,488,513,489,-1,489,513,514,-1,489,514,490,-1,490,514,515,-1,490,515,491,-1,491,515,516,-1,491,516,492,-1,492,516,517,-1,492,517,493,-1,493,517,518,-1,493,518,494,-1,494,518,519,-1,494,519,495,-1,495,519,520,-1,495,520,496,-1,496,520,521,-1,496,521,497,-1,497,521,522,-1,497,522,498,-1,498,522,523,-1,498,523,499,-1,499,523,524,-1,499,524,500,-1,500,524,525,-1,500,525,501,-1,501,525,526,-1,501,526,502,-1,502,526,527,-1,502,527,503,-1,503,527,528,-1,503,528,504,-1,504,528,529,-1,504,529,505,-1,505,529,506,-1,529,530,506,-1,506,530,531,-1,506,531,507,-1,507,531,532,-1,507,532,508,-1,508,532,533,-1,508,533,509,-1,509,533,534,-1,509,534,510,-1,510,534,535,-1,510,535,511,-1,511,535,536,-1,511,536,512,-1,512,536,537,-1,512,537,513,-1,513,537,538,-1,513,538,514,-1,514,538,539,-1,514,539,515,-1,515,539,540,-1,515,540,516,-1,516,540,541,-1,516,541,517,-1,517,541,542,-1,517,542,518,-1,518,542,543,-1,518,543,519,-1,519,543,544,-1,519,544,520,-1,520,544,545,-1,520,545,521,-1,521,545,546,-1,521,546,522,-1,522,546,547,-1,522,547,523,-1,523,547,548,-1,523,548,524,-1,524,548,549,-1,524,549,525,-1,525,549,550,-1,525,550,526,-1,526,550,551,-1,526,551,527,-1,527,551,552,-1,527,552,528,-1,528,552,553,-1,528,553,529,-1,529,553,530,-1,553,554,530,-1,530,554,555,-1,530,555,531,-1,531,555,556,-1,531,556,532,-1,532,556,557,-1,532,557,533,-1,533,557,558,-1,533,558,534,-1,534,558,559,-1,534,559,535,-1,535,559,560,-1,535,560,536,-1,536,560,561,-1,536,561,537,-1,537,561,562,-1,537,562,538,-1,538,562,563,-1,538,563,539,-1,539,563,564,-1,539,564,540,-1,540,564,565,-1,540,565,541,-1,541,565,566,-1,541,566,542,-1,542,566,567,-1,542,567,543,-1,543,567,568,-1,543,568,544,-1,544,568,569,-1,544,569,545,-1,545,569,570,-1,545,570,546,-1,546,570,571,-1,546,571,547,-1,547,571,572,-1,547,572,548,-1,548,572,573,-1,548,573,549,-1,549,573,574,-1,549,574,550,-1,550,574,575,-1,550,575,551,-1,551,575,576,-1,551,576,552,-1,552,576,577,-1,552,577,553,-1,553,577,554,-1,577,113,554,-1,554,113,111,-1,554,111,555,-1,555,111,109,-1,555,109,556,-1,556,109,107,-1,556,107,557,-1,557,107,105,-1,557,105,558,-1,558,105,103,-1,558,103,559,-1,559,103,101,-1,559,101,560,-1,560,101,99,-1,560,99,561,-1,561,99,97,-1,561,97,562,-1,562,97,95,-1,562,95,563,-1,563,95,93,-1,563,93,564,-1,564,93,139,-1,564,139,565,-1,565,139,137,-1,565,137,566,-1,566,137,135,-1,566,135,567,-1,567,135,133,-1,567,133,568,-1,568,133,131,-1,568,131,569,-1,569,131,129,-1,569,129,570,-1,570,129,127,-1,570,127,571,-1,571,127,125,-1,571,125,572,-1,572,125,123,-1,572,123,573,-1,573,123,121,-1,573,121,574,-1,574,121,119,-1,574,119,575,-1,575,119,117,-1,575,117,576,-1,576,117,115,-1,576,115,577,-1,577,115,113,-1,216,578,217,-1,217,578,579,-1,217,579,236,-1,236,579,580,-1,236,580,237,-1,237,580,581,-1,237,581,233,-1,233,581,582,-1,233,582,234,-1,234,582,583,-1,234,583,235,-1,235,583,584,-1,235,584,230,-1,230,584,585,-1,230,585,231,-1,231,585,586,-1,231,586,232,-1,232,586,587,-1,232,587,227,-1,227,587,588,-1,227,588,228,-1,228,588,589,-1,228,589,229,-1,229,589,590,-1,229,590,224,-1,224,590,591,-1,224,591,225,-1,225,591,592,-1,225,592,226,-1,226,592,593,-1,226,593,221,-1,221,593,594,-1,221,594,222,-1,222,594,595,-1,222,595,223,-1,223,595,596,-1,223,596,218,-1,218,596,597,-1,218,597,219,-1,219,597,598,-1,219,598,220,-1,220,598,599,-1,220,599,213,-1,213,599,600,-1,213,600,214,-1,214,600,601,-1,214,601,216,-1,216,601,578,-1,601,602,578,-1,578,602,603,-1,578,603,579,-1,579,603,604,-1,579,604,580,-1,580,604,605,-1,580,605,581,-1,581,605,606,-1,581,606,582,-1,582,606,607,-1,582,607,583,-1,583,607,608,-1,583,608,584,-1,584,608,609,-1,584,609,585,-1,585,609,610,-1,585,610,586,-1,586,610,611,-1,586,611,587,-1,587,611,612,-1,587,612,588,-1,588,612,613,-1,588,613,589,-1,589,613,614,-1,589,614,590,-1,590,614,615,-1,590,615,591,-1,591,615,616,-1,591,616,592,-1,592,616,617,-1,592,617,593,-1,593,617,618,-1,593,618,594,-1,594,618,619,-1,594,619,595,-1,595,619,620,-1,595,620,596,-1,596,620,621,-1,596,621,597,-1,597,621,622,-1,597,622,598,-1,598,622,623,-1,598,623,599,-1,599,623,624,-1,599,624,600,-1,600,624,625,-1,600,625,601,-1,601,625,602,-1,625,626,602,-1,602,626,627,-1,602,627,603,-1,603,627,628,-1,603,628,604,-1,604,628,629,-1,604,629,605,-1,605,629,630,-1,605,630,606,-1,606,630,631,-1,606,631,607,-1,607,631,632,-1,607,632,608,-1,608,632,633,-1,608,633,609,-1,609,633,634,-1,609,634,610,-1,610,634,635,-1,610,635,611,-1,611,635,636,-1,611,636,612,-1,612,636,637,-1,612,637,613,-1,613,637,638,-1,613,638,614,-1,614,638,639,-1,614,639,615,-1,615,639,640,-1,615,640,616,-1,616,640,641,-1,616,641,617,-1,617,641,642,-1,617,642,618,-1,618,642,643,-1,618,643,619,-1,619,643,644,-1,619,644,620,-1,620,644,645,-1,620,645,621,-1,621,645,646,-1,621,646,622,-1,622,646,647,-1,622,647,623,-1,623,647,648,-1,623,648,624,-1,624,648,649,-1,624,649,625,-1,625,649,626,-1,649,650,626,-1,626,650,651,-1,626,651,627,-1,627,651,652,-1,627,652,628,-1,628,652,653,-1,628,653,629,-1,629,653,654,-1,629,654,630,-1,630,654,655,-1,630,655,631,-1,631,655,656,-1,631,656,632,-1,632,656,657,-1,632,657,633,-1,633,657,658,-1,633,658,634,-1,634,658,659,-1,634,659,635,-1,635,659,660,-1,635,660,636,-1,636,660,661,-1,636,661,637,-1,637,661,662,-1,637,662,638,-1,638,662,663,-1,638,663,639,-1,639,663,664,-1,639,664,640,-1,640,664,665,-1,640,665,641,-1,641,665,666,-1,641,666,642,-1,642,666,667,-1,642,667,643,-1,643,667,668,-1,643,668,644,-1,644,668,669,-1,644,669,645,-1,645,669,670,-1,645,670,646,-1,646,670,671,-1,646,671,647,-1,647,671,672,-1,647,672,648,-1,648,672,673,-1,648,673,649,-1,649,673,650,-1,673,674,650,-1,650,674,675,-1,650,675,651,-1,651,675,676,-1,651,676,652,-1,652,676,677,-1,652,677,653,-1,653,677,678,-1,653,678,654,-1,654,678,679,-1,654,679,655,-1,655,679,680,-1,655,680,656,-1,656,680,681,-1,656,681,657,-1,657,681,682,-1,657,682,658,-1,658,682,683,-1,658,683,659,-1,659,683,684,-1,659,684,660,-1,660,684,685,-1,660,685,661,-1,661,685,686,-1,661,686,662,-1,662,686,687,-1,662,687,663,-1,663,687,688,-1,663,688,664,-1,664,688,689,-1,664,689,665,-1,665,689,690,-1,665,690,666,-1,666,690,691,-1,666,691,667,-1,667,691,692,-1,667,692,668,-1,668,692,693,-1,668,693,669,-1,669,693,694,-1,669,694,670,-1,670,694,695,-1,670,695,671,-1,671,695,696,-1,671,696,672,-1,672,696,697,-1,672,697,673,-1,673,697,674,-1,697,186,674,-1,674,186,184,-1,674,184,675,-1,675,184,182,-1,675,182,676,-1,676,182,180,-1,676,180,677,-1,677,180,178,-1,677,178,678,-1,678,178,176,-1,678,176,679,-1,679,176,174,-1,679,174,680,-1,680,174,172,-1,680,172,681,-1,681,172,170,-1,681,170,682,-1,682,170,168,-1,682,168,683,-1,683,168,166,-1,683,166,684,-1,684,166,212,-1,684,212,685,-1,685,212,210,-1,685,210,686,-1,686,210,208,-1,686,208,687,-1,687,208,206,-1,687,206,688,-1,688,206,204,-1,688,204,689,-1,689,204,202,-1,689,202,690,-1,690,202,200,-1,690,200,691,-1,691,200,198,-1,691,198,692,-1,692,198,196,-1,692,196,693,-1,693,196,194,-1,693,194,694,-1,694,194,192,-1,694,192,695,-1,695,192,190,-1,695,190,696,-1,696,190,188,-1,696,188,697,-1,697,188,186,-1,698,699,700,-1,700,699,701,-1,702,703,704,-1,704,703,705,-1,703,702,698,-1,698,702,699,-1,706,293,292,-1,707,708,292,-1,292,708,709,-1,292,709,706,-1,285,710,283,-1,283,710,708,-1,283,708,711,-1,711,708,707,-1,711,707,712,-1,712,707,713,-1,290,714,715,-1,296,716,294,-1,294,716,717,-1,294,717,718,-1,718,717,719,-1,715,718,290,-1,290,718,719,-1,290,719,281,-1,281,719,720,-1,281,720,282,-1,715,714,713,-1,713,714,712,-1,710,285,720,-1,720,285,282,-1,716,296,706,-1,706,296,293,-1,710,720,708,-1,708,720,719,-1,716,706,717,-1,717,706,709,-1,721,722,723,-1,723,722,724,-1,722,725,724,-1,724,725,726,-1,725,727,726,-1,726,727,728,-1,727,721,728,-1,728,721,723,-1,727,725,721,-1,721,725,722,-1,729,730,731,-1,731,730,732,-1,730,733,732,-1,732,733,734,-1,733,735,734,-1,734,735,736,-1,735,729,736,-1,736,729,731,-1,735,733,729,-1,729,733,730,-1,737,738,739,-1,739,738,740,-1,738,741,740,-1,740,741,742,-1,741,743,742,-1,742,743,744,-1,743,737,744,-1,744,737,739,-1,743,741,737,-1,737,741,738,-1,
        ]
    }
}
Shape{
    appearance Appearance {
        material  Material 	{
            diffuseColor 0.8313725490196079 0.6705882352941176 0.12941176470588237
            specularColor 0.6666666666666666 0.5372549019607843 0.10196078431372549
            ambientIntensity 0.657
            transparency 0.0
            shininess 0.5
        }
    }
    geometry IndexedFaceSet {
        ccw TRUE
        solid FALSE
        coord DEF co Coordinate {
            point [
                -5.1398 -1.1594 1.2795, -4.9218 -0.9415 1.2795, -4.9218 -0.937 1.1871, -5.1398 -1.1371 1.0529, -4.9218 -0.9234 1.0955, -4.9218 -0.9009 1.0056, -5.1398 -1.071 0.8351, -4.9218 -0.8697 0.9185, -4.9218 -0.8301 0.8348, -5.1398 -0.9637 0.6343, -4.9218 -0.7825 0.7554, -4.9218 -0.7274 0.681, -5.1398 -0.8193 0.4583, -4.9218 -0.6652 0.6124, -4.9218 -0.5966 0.5502, -5.1398 -0.6433 0.3138, -4.9218 -0.5222 0.4951, -4.9218 -0.4428 0.4475, -5.1398 -0.4425 0.2065, -4.9218 -0.3591 0.4079, -4.9218 -0.2719 0.3767, -5.1398 -0.2246 0.1404, -4.9218 -0.1821 0.3542, -4.9218 -0.0905 0.3406, -5.1398 0.002 0.1181, -4.9218 0.002 0.336, -4.9218 0.0944 0.3406, -5.1398 0.2285 0.1404, -4.9218 0.186 0.3542, -4.9218 0.2758 0.3767, -5.1398 0.4464 0.2065, -4.9218 0.363 0.4079, -4.9218 0.4467 0.4475, -5.1398 0.6472 0.3138, -4.9218 0.5261 0.4951, -4.9218 0.6005 0.5502, -5.1398 0.8232 0.4583, -4.9218 0.6691 0.6124, -4.9218 0.7313 0.681, -5.1398 0.9677 0.6343, -4.9218 0.7864 0.7554, -4.9218 0.834 0.8348, -5.1398 1.075 0.8351, -4.9218 0.8736 0.9185, -4.9218 0.9048 1.0056, -5.1398 1.1411 1.0529, -4.9218 0.9273 1.0955, -5.1398 1.1634 1.2795, -4.9218 0.9409 1.1871, -4.9218 0.9455 1.2795, -4.9218 0.9409 1.372, -5.1398 1.1411 1.5061, -4.9218 0.9273 1.4636, -4.9218 0.9048 1.5534, -5.1398 1.075 1.724, -4.9218 0.8736 1.6406, -4.9218 0.834 1.7243, -5.1398 0.9677 1.9248, -4.9218 0.7864 1.8037, -4.9218 0.7313 1.8781, -5.1398 0.8232 2.1008, -4.9218 0.6691 1.9467, -5.1398 0.6472 2.2452, -4.9218 0.6005 2.0089, -4.9218 0.5261 2.064, -5.1398 0.4464 2.3525, -4.9218 0.4467 2.1116, -4.9218 0.363 2.1512, -4.9218 0.2758 2.1824, -5.1398 0.2285 2.4186, -4.9218 0.186 2.2049, -5.1398 0.002 2.4409, -4.9218 0.0944 2.2185, -4.9218 0.002 2.223, -4.9218 -0.0905 2.2185, -5.1398 -0.2246 2.4186, -4.9218 -0.1821 2.2049, -4.9218 -0.2719 2.1824, -5.1398 -0.4425 2.3525, -4.9218 -0.3591 2.1512, -5.1398 -0.6433 2.2452, -4.9218 -0.4428 2.1116, -4.9218 -0.5222 2.064, -5.1398 -0.8193 2.1008, -4.9218 -0.5966 2.0089, -4.9218 -0.6652 1.9467, -4.9218 -0.7274 1.8781, -5.1398 -0.9637 1.9248, -4.9218 -0.7825 1.8037, -4.9218 -0.8301 1.7243, -5.1398 -1.071 1.724, -4.9218 -0.8697 1.6406, -4.9218 -0.9009 1.5534, -5.1398 -1.1371 1.5061, -4.9218 -0.9234 1.4636, -4.9218 -0.937 1.372, -4.7826 0.8204 1.6185, -4.8336 0.8266 1.6211, -4.8336 0.8561 1.5386, -4.7826 -0.8164 0.9405, -4.8336 -0.8226 0.938, -4.8336 -0.8521 1.0204, -4.8336 0.8266 0.938, -4.7826 0.8497 1.0224, -4.8336 0.8561 1.0204, -4.7826 0.8647 1.0826, -4.8336 0.8774 1.1054, -4.8336 0.7441 0.7837, -4.7826 0.7832 0.862, -4.8336 0.7891 0.8588, -4.7826 0.7991 0.8956, -4.7826 0.8204 0.9405, -4.8336 0.5682 0.5896, -4.7826 0.6283 0.6532, -4.8336 0.6331 0.6484, -4.7826 0.6867 0.7176, -4.8336 0.6919 0.7133, -4.7826 0.6941 0.7275, -4.7826 0.7385 0.7874, -4.8336 0.4227 0.4924, -4.7826 0.4941 0.543, -4.8336 0.4978 0.5374, -4.7826 0.554 0.5874, -4.7826 0.5639 0.5948, -4.7826 0.341 0.4611, -4.7826 0.3859 0.4824, -4.7826 0.4195 0.4983, -4.8336 0.3435 0.4549, -4.8336 0.2611 0.4254, -4.7826 0.2591 0.4318, -4.7826 0.1989 0.4168, -4.8336 0.1761 0.4041, -4.7826 0.1748 0.4107, -4.8336 0.0895 0.3913, -4.7826 0.0888 0.398, -4.8336 0.002 0.387, -4.7826 0.002 0.3937, -4.8336 -0.0855 0.3913, -4.7826 -0.0849 0.398, -4.8336 -0.1722 0.4041, -4.7826 -0.1708 0.4107, -4.7826 -0.1949 0.4168, -4.8336 -0.2571 0.4254, -4.7826 -0.2552 0.4318, -4.8336 -0.3396 0.4549, -4.7826 -0.337 0.4611, -4.7826 -0.3819 0.4824, -4.8336 -0.4188 0.4924, -4.7826 -0.4156 0.4983, -4.8336 -0.4939 0.5374, -4.7826 -0.4902 0.543, -4.7826 -0.55 0.5874, -4.8336 -0.5642 0.5896, -4.7826 -0.56 0.5948, -4.8336 -0.6291 0.6484, -4.7826 -0.6244 0.6532, -4.8336 -0.688 0.7133, -4.7826 -0.6828 0.7176, -4.7826 -0.6902 0.7275, -4.8336 -0.7401 0.7837, -4.7826 -0.7346 0.7874, -4.8336 -0.7852 0.8588, -4.7826 -0.7793 0.862, -4.7826 -0.7952 0.8956, -4.8336 -0.8734 1.4537, -4.7826 -0.8796 1.3664, -4.8336 -0.8863 1.367, -4.7826 -0.8839 1.2795, -4.8336 -0.8906 1.2795, -4.7826 -0.8796 1.1927, -4.8336 -0.8863 1.192, -4.7826 -0.8668 1.1067, -4.8336 -0.8734 1.1054, -4.7826 -0.8608 1.0826, -4.7826 -0.8457 1.0224, -4.8336 -0.8226 1.6211, -4.7826 -0.8457 1.5367, -4.8336 -0.8521 1.5386, -4.7826 -0.8608 1.4764, -4.7826 -0.8668 1.4523, -4.8336 -0.7401 1.7754, -4.7826 -0.7793 1.6971, -4.8336 -0.7852 1.7003, -4.7826 -0.7952 1.6634, -4.7826 -0.8164 1.6185, -4.8336 -0.5642 1.9695, -4.7826 -0.6244 1.9059, -4.8336 -0.6291 1.9106, -4.7826 -0.6828 1.8415, -4.8336 -0.688 1.8457, -4.7826 -0.6902 1.8315, -4.7826 -0.7346 1.7717, -4.8336 -0.4188 2.0667, -4.7826 -0.4902 2.0161, -4.8336 -0.4939 2.0216, -4.7826 -0.55 1.9717, -4.7826 -0.56 1.9643, -4.7826 -0.337 2.0979, -4.7826 -0.3819 2.0767, -4.7826 -0.4156 2.0608, -4.8336 -0.3396 2.1041, -4.8336 -0.2571 2.1336, -4.7826 -0.2552 2.1272, -4.7826 -0.1949 2.1423, -4.8336 -0.1722 2.1549, -4.7826 -0.1708 2.1483, -4.8336 -0.0855 2.1678, -4.7826 -0.0849 2.1611, -4.8336 0.002 2.1721, -4.7826 0.002 2.1654, -4.8336 0.0895 2.1678, -4.7826 0.0888 2.1611, -4.8336 0.1761 2.1549, -4.7826 0.1748 2.1483, -4.7826 0.1989 2.1423, -4.8336 0.2611 2.1336, -4.7826 0.2591 2.1272, -4.8336 0.3435 2.1041, -4.7826 0.341 2.0979, -4.7826 0.3859 2.0767, -4.8336 0.4227 2.0667, -4.7826 0.4195 2.0608, -4.8336 0.4978 2.0216, -4.7826 0.4941 2.0161, -4.7826 0.554 1.9717, -4.8336 0.5682 1.9695, -4.7826 0.5639 1.9643, -4.8336 0.6331 1.9106, -4.7826 0.6283 1.9059, -4.8336 0.6919 1.8457, -4.7826 0.6867 1.8415, -4.7826 0.6941 1.8315, -4.8336 0.7441 1.7754, -4.7826 0.7385 1.7717, -4.8336 0.7891 1.7003, -4.7826 0.7832 1.6971, -4.7826 0.7991 1.6634, -4.8811 0.9098 1.3689, -4.8811 0.8966 1.4575, -4.8811 0.8749 1.5443, -4.8811 0.8447 1.6286, -4.8811 0.8065 1.7095, -4.8811 0.7604 1.7863, -4.8811 0.7071 1.8582, -4.8811 0.647 1.9246, -4.8811 0.5807 1.9847, -4.8811 0.5088 2.038, -4.8811 0.432 2.084, -4.8811 0.3511 2.1223, -4.8811 0.2668 2.1524, -4.8811 0.1799 2.1742, -4.8811 0.0914 2.1873, -4.8811 0.002 2.1917, -4.8811 -0.0874 2.1873, -4.8811 -0.176 2.1742, -4.8811 -0.2628 2.1524, -4.8811 -0.3471 2.1223, -4.8811 -0.428 2.084, -4.8811 -0.5048 2.038, -4.8811 -0.5767 1.9847, -4.8811 -0.6431 1.9246, -4.8811 -0.7032 1.8582, -4.8811 -0.7565 1.7863, -4.8811 -0.8025 1.7095, -4.8811 -0.8408 1.6286, -4.8811 -0.871 1.5443, -4.8811 -0.8927 1.4575, -4.8811 -0.9058 1.3689, -4.8811 -0.9102 1.2795, -4.8811 -0.9058 1.1901, -4.8811 -0.8927 1.1016, -4.8811 -0.871 1.0147, -4.8811 -0.8408 0.9304, -4.8811 -0.8025 0.8495, -4.8811 -0.7565 0.7727, -4.8811 -0.7032 0.7008, -4.8811 -0.6431 0.6345, -4.8811 -0.5767 0.5744, -4.8811 -0.5048 0.5211, -4.8811 -0.428 0.475, -4.8811 -0.3471 0.4368, -4.8811 -0.2628 0.4066, -4.8811 -0.176 0.3849, -4.8811 -0.0874 0.3717, -4.8811 0.002 0.3673, -4.8811 0.0914 0.3717, -4.8811 0.1799 0.3849, -4.8811 0.2668 0.4066, -4.8811 0.3511 0.4368, -4.8811 0.432 0.475, -4.8811 0.5088 0.5211, -4.8811 0.5807 0.5744, -4.8811 0.647 0.6345, -4.8811 0.7071 0.7008, -4.8811 0.7604 0.7727, -4.8811 0.8065 0.8495, -4.8811 0.8447 0.9304, -4.8811 0.8749 1.0147, -4.8811 0.8966 1.1016, -4.8811 0.9098 1.1901, -4.8811 0.9142 1.2795, -4.8336 0.8902 1.367, -4.8336 0.8774 1.4537, -4.8336 0.8902 1.192, -4.8336 0.8945 1.2795, -4.7826 0.8708 1.1067, -4.7826 0.8835 1.1927, -4.7826 0.8878 1.2795, -4.7826 0.8835 1.3664, -4.7826 0.8708 1.4523, -4.7826 0.8647 1.4764, -4.7826 0.8497 1.5367
            ]
        }
        coordIndex [
            0,1,2,-1,0,2,3,-1,2,4,3,-1,3,4,5,-1,3,5,6,-1,5,7,6,-1,6,7,8,-1,6,8,9,-1,8,10,9,-1,9,10,11,-1,9,11,12,-1,11,13,12,-1,12,13,14,-1,12,14,15,-1,14,16,15,-1,15,16,17,-1,15,17,18,-1,17,19,18,-1,18,19,20,-1,18,20,21,-1,20,22,21,-1,21,22,23,-1,21,23,24,-1,23,25,24,-1,24,25,26,-1,24,26,27,-1,26,28,27,-1,27,28,29,-1,27,29,30,-1,29,31,30,-1,30,31,32,-1,30,32,33,-1,32,34,33,-1,33,34,35,-1,33,35,36,-1,35,37,36,-1,36,37,38,-1,36,38,39,-1,38,40,39,-1,39,40,41,-1,39,41,42,-1,41,43,42,-1,42,43,44,-1,42,44,45,-1,45,44,46,-1,45,46,47,-1,47,46,48,-1,48,49,47,-1,47,49,50,-1,47,50,51,-1,50,52,51,-1,51,52,53,-1,51,53,54,-1,53,55,54,-1,54,55,56,-1,54,56,57,-1,56,58,57,-1,57,58,59,-1,57,59,60,-1,60,59,61,-1,60,61,62,-1,61,63,62,-1,62,63,64,-1,62,64,65,-1,65,64,66,-1,66,67,65,-1,65,67,68,-1,65,68,69,-1,69,68,70,-1,69,70,71,-1,71,70,72,-1,72,73,71,-1,71,73,74,-1,71,74,75,-1,74,76,75,-1,75,76,77,-1,75,77,78,-1,78,77,79,-1,78,79,80,-1,79,81,80,-1,80,81,82,-1,80,82,83,-1,83,82,84,-1,84,85,83,-1,83,85,86,-1,83,86,87,-1,86,88,87,-1,87,88,89,-1,87,89,90,-1,89,91,90,-1,90,91,92,-1,90,92,93,-1,93,92,94,-1,93,94,0,-1,0,94,95,-1,0,95,1,-1,96,97,98,-1,99,100,101,-1,102,103,104,-1,104,103,105,-1,104,105,106,-1,107,108,109,-1,109,108,110,-1,109,110,102,-1,102,110,111,-1,102,111,103,-1,112,113,114,-1,114,113,115,-1,114,115,116,-1,116,115,117,-1,116,117,107,-1,107,117,118,-1,107,118,108,-1,119,120,121,-1,121,120,122,-1,121,122,112,-1,112,122,123,-1,112,123,113,-1,124,125,119,-1,119,125,126,-1,119,126,120,-1,119,127,124,-1,124,127,128,-1,124,128,129,-1,129,128,130,-1,130,128,131,-1,130,131,132,-1,132,131,133,-1,132,133,134,-1,134,133,135,-1,134,135,136,-1,136,135,137,-1,136,137,138,-1,138,137,139,-1,138,139,140,-1,140,139,141,-1,141,139,142,-1,141,142,143,-1,143,142,144,-1,143,144,145,-1,145,144,146,-1,146,144,147,-1,146,147,148,-1,148,147,149,-1,148,149,150,-1,150,149,151,-1,151,149,152,-1,151,152,153,-1,153,152,154,-1,153,154,155,-1,155,154,156,-1,155,156,157,-1,157,156,158,-1,158,156,159,-1,158,159,160,-1,160,159,161,-1,160,161,162,-1,100,99,161,-1,161,99,163,-1,161,163,162,-1,164,165,166,-1,166,165,167,-1,166,167,168,-1,168,167,169,-1,168,169,170,-1,170,169,171,-1,170,171,172,-1,172,171,173,-1,172,173,101,-1,101,173,174,-1,101,174,99,-1,175,176,177,-1,177,176,178,-1,177,178,164,-1,164,178,179,-1,164,179,165,-1,180,181,182,-1,182,181,183,-1,182,183,175,-1,175,183,184,-1,175,184,176,-1,185,186,187,-1,187,186,188,-1,187,188,189,-1,189,188,190,-1,189,190,180,-1,180,190,191,-1,180,191,181,-1,192,193,194,-1,194,193,195,-1,194,195,185,-1,185,195,196,-1,185,196,186,-1,197,198,192,-1,192,198,199,-1,192,199,193,-1,192,200,197,-1,197,200,201,-1,197,201,202,-1,202,201,203,-1,203,201,204,-1,203,204,205,-1,205,204,206,-1,205,206,207,-1,207,206,208,-1,207,208,209,-1,209,208,210,-1,209,210,211,-1,211,210,212,-1,211,212,213,-1,213,212,214,-1,214,212,215,-1,214,215,216,-1,216,215,217,-1,216,217,218,-1,218,217,219,-1,219,217,220,-1,219,220,221,-1,221,220,222,-1,221,222,223,-1,223,222,224,-1,224,222,225,-1,224,225,226,-1,226,225,227,-1,226,227,228,-1,228,227,229,-1,228,229,230,-1,230,229,231,-1,231,229,232,-1,231,232,233,-1,233,232,234,-1,233,234,235,-1,97,96,234,-1,234,96,236,-1,234,236,235,-1,49,237,50,-1,50,237,238,-1,50,238,52,-1,52,238,239,-1,52,239,53,-1,53,239,240,-1,53,240,55,-1,55,240,241,-1,55,241,56,-1,56,241,242,-1,56,242,58,-1,58,242,243,-1,58,243,59,-1,59,243,244,-1,59,244,61,-1,61,244,245,-1,61,245,63,-1,63,245,246,-1,63,246,64,-1,64,246,247,-1,64,247,66,-1,66,247,248,-1,66,248,67,-1,67,248,249,-1,67,249,68,-1,68,249,250,-1,68,250,70,-1,70,250,251,-1,70,251,72,-1,72,251,252,-1,72,252,73,-1,73,252,253,-1,73,253,74,-1,74,253,254,-1,74,254,76,-1,76,254,255,-1,76,255,77,-1,77,255,256,-1,77,256,79,-1,79,256,257,-1,79,257,81,-1,81,257,258,-1,81,258,82,-1,82,258,259,-1,82,259,84,-1,84,259,260,-1,84,260,85,-1,85,260,261,-1,85,261,86,-1,86,261,262,-1,86,262,88,-1,88,262,263,-1,88,263,89,-1,89,263,264,-1,89,264,91,-1,91,264,265,-1,91,265,92,-1,92,265,266,-1,92,266,94,-1,94,266,267,-1,94,267,95,-1,95,267,268,-1,95,268,1,-1,1,268,269,-1,1,269,2,-1,2,269,270,-1,2,270,4,-1,4,270,271,-1,4,271,5,-1,5,271,272,-1,5,272,7,-1,7,272,273,-1,7,273,8,-1,8,273,274,-1,8,274,10,-1,10,274,275,-1,10,275,11,-1,11,275,276,-1,11,276,13,-1,13,276,277,-1,13,277,14,-1,14,277,278,-1,14,278,16,-1,16,278,279,-1,16,279,17,-1,17,279,280,-1,17,280,19,-1,19,280,281,-1,19,281,20,-1,20,281,282,-1,20,282,22,-1,22,282,283,-1,22,283,23,-1,23,283,284,-1,23,284,25,-1,25,284,285,-1,25,285,26,-1,26,285,286,-1,26,286,28,-1,28,286,287,-1,28,287,29,-1,29,287,288,-1,29,288,31,-1,31,288,289,-1,31,289,32,-1,32,289,290,-1,32,290,34,-1,34,290,291,-1,34,291,35,-1,35,291,292,-1,35,292,37,-1,37,292,293,-1,37,293,38,-1,38,293,294,-1,38,294,40,-1,40,294,295,-1,40,295,41,-1,41,295,296,-1,41,296,43,-1,43,296,297,-1,43,297,44,-1,44,297,298,-1,44,298,46,-1,46,298,299,-1,46,299,48,-1,48,299,300,-1,48,300,49,-1,49,300,237,-1,300,301,237,-1,237,301,302,-1,237,302,238,-1,238,302,98,-1,238,98,239,-1,239,98,97,-1,239,97,240,-1,240,97,234,-1,240,234,241,-1,241,234,232,-1,241,232,242,-1,242,232,229,-1,242,229,243,-1,243,229,227,-1,243,227,244,-1,244,227,225,-1,244,225,245,-1,245,225,222,-1,245,222,246,-1,246,222,220,-1,246,220,247,-1,247,220,217,-1,247,217,248,-1,248,217,215,-1,248,215,249,-1,249,215,212,-1,249,212,250,-1,250,212,210,-1,250,210,251,-1,251,210,208,-1,251,208,252,-1,252,208,206,-1,252,206,253,-1,253,206,204,-1,253,204,254,-1,254,204,201,-1,254,201,255,-1,255,201,200,-1,255,200,256,-1,256,200,192,-1,256,192,257,-1,257,192,194,-1,257,194,258,-1,258,194,185,-1,258,185,259,-1,259,185,187,-1,259,187,260,-1,260,187,189,-1,260,189,261,-1,261,189,180,-1,261,180,262,-1,262,180,182,-1,262,182,263,-1,263,182,175,-1,263,175,264,-1,264,175,177,-1,264,177,265,-1,265,177,164,-1,265,164,266,-1,266,164,166,-1,266,166,267,-1,267,166,168,-1,267,168,268,-1,268,168,170,-1,268,170,269,-1,269,170,172,-1,269,172,270,-1,270,172,101,-1,270,101,271,-1,271,101,100,-1,271,100,272,-1,272,100,161,-1,272,161,273,-1,273,161,159,-1,273,159,274,-1,274,159,156,-1,274,156,275,-1,275,156,154,-1,275,154,276,-1,276,154,152,-1,276,152,277,-1,277,152,149,-1,277,149,278,-1,278,149,147,-1,278,147,279,-1,279,147,144,-1,279,144,280,-1,280,144,142,-1,280,142,281,-1,281,142,139,-1,281,139,282,-1,282,139,137,-1,282,137,283,-1,283,137,135,-1,283,135,284,-1,284,135,133,-1,284,133,285,-1,285,133,131,-1,285,131,286,-1,286,131,128,-1,286,128,287,-1,287,128,127,-1,287,127,288,-1,288,127,119,-1,288,119,289,-1,289,119,121,-1,289,121,290,-1,290,121,112,-1,290,112,291,-1,291,112,114,-1,291,114,292,-1,292,114,116,-1,292,116,293,-1,293,116,107,-1,293,107,294,-1,294,107,109,-1,294,109,295,-1,295,109,102,-1,295,102,296,-1,296,102,104,-1,296,104,297,-1,297,104,106,-1,297,106,298,-1,298,106,303,-1,298,303,299,-1,299,303,304,-1,299,304,300,-1,300,304,301,-1,105,305,106,-1,106,305,306,-1,106,306,303,-1,303,306,307,-1,303,307,304,-1,304,307,308,-1,304,308,301,-1,301,308,309,-1,301,309,302,-1,302,309,310,-1,302,310,98,-1,98,310,311,-1,98,311,96,-1,
        ]
    }
}
Shape{
    appearance Appearance {
        material  Material 	{
            diffuseColor 1.0 1.0 1.0
            specularColor 0.8784313725490196 0.8784313725490196 0.8784313725490196
            ambientIntensity 1.0
            transparency 0.0
            shininess 0.5
        }
    }
    geometry IndexedFaceSet {
        ccw TRUE
        solid FALSE
        coord DEF co Coordinate {
            point [
                -2.525 -1.6358 2.0669, -2.525 -1.6358 2.0486, -2.525 -1.6319 2.0669, -2.525 -1.6319 2.0486, -2.5888 -1.6358 2.0669, -2.5888 -1.6319 2.0669, -2.5888 -1.6358 2.2087, -2.5888 -1.6319 2.2087, -2.6095 -1.6358 2.2087, -2.6095 -1.6319 2.2087, -2.6095 -1.6358 2.0486, -2.6095 -1.6319 2.0486, -2.4429 -1.6358 2.0459, -2.4429 -1.6319 2.0459, -2.4185 -1.6358 2.0482, -2.4288 -1.6319 2.0472, -2.4185 -1.6319 2.0482, -2.4013 -1.6319 2.0539, -2.4013 -1.6358 2.0539, -2.3986 -1.6319 2.0552, -2.3986 -1.6358 2.0552, -2.3986 -1.6358 2.075, -2.3986 -1.6319 2.075, -2.4143 -1.6319 2.068, -2.4143 -1.6358 2.068, -2.4324 -1.6319 2.0646, -2.4324 -1.6358 2.0646, -2.4399 -1.6319 2.0643, -2.4399 -1.6358 2.0643, -2.4559 -1.6319 2.0662, -2.4559 -1.6358 2.0662, -2.4674 -1.6319 2.0706, -2.4674 -1.6358 2.0706, -2.4778 -1.6319 2.078, -2.4778 -1.6358 2.078, -2.481 -1.6319 2.0812, -2.481 -1.6358 2.0812, -2.4882 -1.6319 2.0909, -2.4882 -1.6358 2.0909, -2.4936 -1.6319 2.1035, -2.4936 -1.6358 2.1035, -2.4965 -1.6319 2.1192, -2.4965 -1.6358 2.1192, -2.4968 -1.6319 2.1269, -2.4968 -1.6358 2.1269, -2.4941 -1.6319 2.1489, -2.4941 -1.6358 2.1489, -2.4887 -1.6319 2.1627, -2.4887 -1.6358 2.1627, -2.481 -1.6319 2.1738, -2.481 -1.6358 2.1738, -2.4799 -1.6319 2.175, -2.4799 -1.6358 2.175, -2.4704 -1.6319 2.1831, -2.4704 -1.6358 2.1831, -2.4579 -1.6319 2.1893, -2.4579 -1.6358 2.1893, -2.4442 -1.6319 2.1924, -2.4442 -1.6358 2.1924, -2.4363 -1.6319 2.1928, -2.4363 -1.6358 2.1928, -2.4166 -1.6319 2.1904, -2.4166 -1.6358 2.1904, -2.4003 -1.6319 2.1842, -2.4003 -1.6358 2.1842, -2.3986 -1.6319 2.1833, -2.3986 -1.6358 2.1833, -2.3986 -1.6358 2.2049, -2.3986 -1.6319 2.2049, -2.4365 -1.6319 2.2114, -2.4365 -1.6358 2.2114, -2.4193 -1.6319 2.2101, -2.4155 -1.6358 2.2098, -2.4155 -1.6319 2.2098, -2.4476 -1.6319 2.2101, -2.4597 -1.6358 2.2086, -2.4597 -1.6319 2.2086, -2.4764 -1.6319 2.2021, -2.4764 -1.6358 2.2021, -2.4914 -1.6319 2.1916, -2.4914 -1.6358 2.1916, -2.4953 -1.6319 2.1879, -2.4953 -1.6358 2.1879, -2.5069 -1.6319 2.1727, -2.5113 -1.6319 2.1625, -2.5145 -1.6358 2.1549, -2.5069 -1.6358 2.1727, -2.5145 -1.6319 2.1549, -2.5182 -1.6319 2.134, -2.5182 -1.6358 2.134, -2.5185 -1.6319 2.1256, -2.5185 -1.6358 2.1256, -2.5153 -1.6319 2.0995, -2.5113 -1.6319 2.0893, -2.5088 -1.6358 2.0828, -2.5153 -1.6358 2.0995, -2.5088 -1.6319 2.0828, -2.4992 -1.6319 2.0692, -2.4992 -1.6358 2.0692, -2.4979 -1.6319 2.0678, -2.4979 -1.6358 2.0678, -2.4699 -1.6319 2.0499, -2.485 -1.6358 2.0571, -2.485 -1.6319 2.0571, -2.4569 -1.6319 2.0472, -2.4526 -1.6358 2.0464, -2.4699 -1.6358 2.0499, -2.4526 -1.6319 2.0464, -2.2804 -1.6358 2.0669, -2.2804 -1.6358 2.0486, -2.2804 -1.6319 2.0669, -2.2804 -1.6319 2.0486, -2.3458 -1.6319 2.0669, -2.3458 -1.6358 2.0669, -2.3026 -1.6319 2.0669, -2.3458 -1.6358 2.1207, -2.3458 -1.6319 2.1207, -2.2886 -1.6319 2.1207, -2.2886 -1.6358 2.1207, -2.3026 -1.6319 2.1207, -2.2886 -1.6358 2.1391, -2.2886 -1.6319 2.1391, -2.3458 -1.6319 2.1391, -2.3458 -1.6358 2.1391, -2.3026 -1.6319 2.1391, -2.3458 -1.6358 2.1903, -2.3458 -1.6319 2.1903, -2.284 -1.6319 2.1903, -2.284 -1.6358 2.1903, -2.3026 -1.6319 2.1903, -2.284 -1.6358 2.2087, -2.284 -1.6319 2.2087, -2.3665 -1.6319 2.2087, -2.3665 -1.6358 2.2087, -2.3026 -1.6319 2.2087, -2.3665 -1.6358 2.0486, -2.3665 -1.6319 2.0486, -2.3026 -1.6319 2.0486, -2.1439 -1.6358 2.071, -2.1604 -1.6358 2.0818, -2.1606 -1.6358 2.059, -2.1708 -1.6358 2.0746, -2.1789 -1.6358 2.0519, -2.184 -1.6358 2.0695, -2.2061 -1.6358 2.0486, -2.2062 -1.6358 2.0669, -2.2501 -1.6358 2.0486, -2.2295 -1.6358 2.0669, -2.2501 -1.6358 2.2087, -2.2295 -1.6358 2.1903, -2.2044 -1.6358 2.2087, -2.2053 -1.6358 2.1903, -2.2031 -1.6358 2.1903, -2.18 -1.6358 2.206, -2.1828 -1.6358 2.1876, -2.1607 -1.6358 2.199, -2.1692 -1.6358 2.1822, -2.1439 -1.6358 2.1875, -2.159 -1.6358 2.1753, -2.1383 -1.6358 2.182, -2.1546 -1.6358 2.1709, -2.1283 -1.6358 2.1681, -2.1484 -1.6358 2.1619, -2.1224 -1.6358 2.1528, -2.1439 -1.6358 2.1502, -2.1197 -1.6358 2.1307, -2.1415 -1.6358 2.1301, -2.1202 -1.6358 2.1205, -2.1422 -1.6358 2.1187, -2.1241 -1.6358 2.1018, -2.1454 -1.6358 2.1044, -2.132 -1.6358 2.0852, -2.1511 -1.6358 2.0926, -2.1586 -1.6358 2.0836, -2.2061 -1.6319 2.0486, -2.2501 -1.6319 2.0486, -2.1439 -1.6319 2.071, -2.1789 -1.6319 2.0519, -2.1768 -1.6319 2.0527, -2.1606 -1.6319 2.059, -2.132 -1.6319 2.0852, -2.1241 -1.6319 2.1018, -2.1202 -1.6319 2.1205, -2.1197 -1.6319 2.1307, -2.1224 -1.6319 2.1528, -2.1283 -1.6319 2.1681, -2.1383 -1.6319 2.182, -2.1439 -1.6319 2.1875, -2.1607 -1.6319 2.199, -2.1768 -1.6319 2.2049, -2.18 -1.6319 2.206, -2.2044 -1.6319 2.2087, -2.2501 -1.6319 2.2087, -2.2053 -1.6319 2.1903, -2.2295 -1.6319 2.1903, -2.2295 -1.6319 2.0669, -2.2062 -1.6319 2.0669, -2.1586 -1.6319 2.0836, -2.1604 -1.6319 2.0818, -2.1708 -1.6319 2.0746, -2.184 -1.6319 2.0695, -2.1415 -1.6319 2.1301, -2.1422 -1.6319 2.1187, -2.1454 -1.6319 2.1044, -2.1511 -1.6319 2.0926, -2.159 -1.6319 2.1753, -2.1546 -1.6319 2.1709, -2.1484 -1.6319 2.1619, -2.1439 -1.6319 2.1502, -2.2031 -1.6319 2.1903, -2.1828 -1.6319 2.1876, -2.1692 -1.6319 2.1822
            ]
        }
        coordIndex [
            0,1,2,-1,2,1,3,-1,4,0,5,-1,5,0,2,-1,6,4,7,-1,7,4,5,-1,8,6,9,-1,9,6,7,-1,10,8,11,-1,11,8,9,-1,1,10,3,-1,3,10,11,-1,6,8,4,-1,4,8,10,-1,4,10,0,-1,0,10,1,-1,12,13,14,-1,14,13,15,-1,15,16,14,-1,14,16,17,-1,14,17,18,-1,18,17,19,-1,18,19,20,-1,21,20,22,-1,22,20,19,-1,21,22,23,-1,21,23,24,-1,24,23,25,-1,24,25,26,-1,26,25,27,-1,26,27,28,-1,28,27,29,-1,28,29,30,-1,30,29,31,-1,30,31,32,-1,32,31,33,-1,32,33,34,-1,34,33,35,-1,34,35,36,-1,36,35,37,-1,36,37,38,-1,38,37,39,-1,38,39,40,-1,40,39,41,-1,40,41,42,-1,42,41,43,-1,42,43,44,-1,44,43,45,-1,44,45,46,-1,46,45,47,-1,46,47,48,-1,48,47,49,-1,48,49,50,-1,50,49,51,-1,50,51,52,-1,52,51,53,-1,52,53,54,-1,54,53,55,-1,54,55,56,-1,56,55,57,-1,56,57,58,-1,58,57,59,-1,58,59,60,-1,60,59,61,-1,60,61,62,-1,62,61,63,-1,62,63,64,-1,64,63,65,-1,64,65,66,-1,67,66,68,-1,68,66,65,-1,69,70,71,-1,71,70,72,-1,71,72,73,-1,73,72,67,-1,73,67,68,-1,70,69,74,-1,70,74,75,-1,74,76,75,-1,75,76,77,-1,75,77,78,-1,78,77,79,-1,78,79,80,-1,80,79,81,-1,80,81,82,-1,82,81,83,-1,84,85,83,-1,83,85,86,-1,83,86,82,-1,84,87,85,-1,85,87,88,-1,85,88,89,-1,89,88,90,-1,89,90,91,-1,91,90,92,-1,93,94,92,-1,92,94,95,-1,92,95,91,-1,93,96,94,-1,94,96,97,-1,94,97,98,-1,98,97,99,-1,98,99,100,-1,101,102,103,-1,103,102,100,-1,103,100,99,-1,104,105,101,-1,101,105,106,-1,101,106,102,-1,104,107,105,-1,105,107,13,-1,105,13,12,-1,54,56,75,-1,46,48,86,-1,86,48,82,-1,75,56,70,-1,56,58,70,-1,70,58,60,-1,70,60,72,-1,72,60,62,-1,72,62,67,-1,67,62,64,-1,67,64,66,-1,20,21,18,-1,18,21,24,-1,18,24,14,-1,14,24,26,-1,14,26,12,-1,12,26,28,-1,12,28,105,-1,105,28,30,-1,105,30,106,-1,106,30,32,-1,106,32,102,-1,102,32,34,-1,102,34,100,-1,100,34,36,-1,100,36,98,-1,98,36,38,-1,98,38,94,-1,91,44,89,-1,89,44,46,-1,89,46,85,-1,85,46,86,-1,48,50,82,-1,82,50,52,-1,82,52,80,-1,80,52,54,-1,80,54,78,-1,78,54,75,-1,94,38,95,-1,95,38,40,-1,95,40,91,-1,91,40,42,-1,91,42,44,-1,108,109,110,-1,110,109,111,-1,112,113,114,-1,114,113,108,-1,114,108,110,-1,115,113,116,-1,116,113,112,-1,117,118,119,-1,119,118,115,-1,119,115,116,-1,120,118,121,-1,121,118,117,-1,122,123,124,-1,124,123,120,-1,124,120,121,-1,125,123,126,-1,126,123,122,-1,127,128,129,-1,129,128,125,-1,129,125,126,-1,130,128,131,-1,131,128,127,-1,132,133,134,-1,134,133,130,-1,134,130,131,-1,135,133,136,-1,136,133,132,-1,111,109,137,-1,137,109,135,-1,137,135,136,-1,135,109,108,-1,108,113,135,-1,135,113,115,-1,135,115,133,-1,128,130,125,-1,125,130,133,-1,125,133,123,-1,123,133,115,-1,123,115,120,-1,120,115,118,-1,138,139,140,-1,140,139,141,-1,140,141,142,-1,142,141,143,-1,142,143,144,-1,144,143,145,-1,144,145,146,-1,146,145,147,-1,146,147,148,-1,148,147,149,-1,148,149,150,-1,149,151,150,-1,150,151,152,-1,150,152,153,-1,153,152,154,-1,153,154,155,-1,155,154,156,-1,155,156,157,-1,157,156,158,-1,157,158,159,-1,159,158,160,-1,159,160,161,-1,161,160,162,-1,161,162,163,-1,163,162,164,-1,163,164,165,-1,165,164,166,-1,165,166,167,-1,167,166,168,-1,167,168,169,-1,169,168,170,-1,169,170,171,-1,171,170,172,-1,171,172,138,-1,138,172,173,-1,138,173,139,-1,144,146,174,-1,174,146,175,-1,176,138,140,-1,144,174,177,-1,144,177,142,-1,142,177,178,-1,142,178,140,-1,140,178,179,-1,140,179,176,-1,138,176,180,-1,138,180,171,-1,171,180,181,-1,171,181,169,-1,169,181,182,-1,169,182,167,-1,167,182,183,-1,167,183,165,-1,165,183,184,-1,165,184,163,-1,163,184,185,-1,163,185,161,-1,161,185,186,-1,161,186,159,-1,159,186,187,-1,159,187,157,-1,157,187,188,-1,189,153,188,-1,188,153,155,-1,188,155,157,-1,189,190,153,-1,153,190,191,-1,153,191,150,-1,148,150,192,-1,192,150,191,-1,146,148,175,-1,175,148,192,-1,151,149,193,-1,193,149,194,-1,149,147,194,-1,194,147,195,-1,147,145,195,-1,195,145,196,-1,173,197,198,-1,173,198,139,-1,139,198,199,-1,139,199,141,-1,141,199,200,-1,141,200,143,-1,143,200,196,-1,143,196,145,-1,166,201,202,-1,166,202,168,-1,168,202,203,-1,168,203,170,-1,170,203,204,-1,170,204,172,-1,172,204,197,-1,172,197,173,-1,158,205,206,-1,158,206,160,-1,160,206,207,-1,160,207,162,-1,162,207,208,-1,162,208,164,-1,164,208,201,-1,164,201,166,-1,151,193,209,-1,151,209,152,-1,152,209,210,-1,152,210,154,-1,154,210,211,-1,154,211,156,-1,156,211,205,-1,156,205,158,-1,
        ]
    }
}
Shape{
    appearance Appearance {
        material  Material 	{
            diffuseColor 0.2980392156862745 0.2980392156862745 0.2980392156862745
            specularColor 0.09019607843137255 0.09019607843137255 0.09019607843137255
            ambientIntensity 0.298
            transparency 0.0
            shininess 0.5
        }
    }
    geometry IndexedFaceSet {
        ccw TRUE
        solid FALSE
        coord DEF co Coordinate {
            point [
                -2.2295 -1.6319 2.1903, -2.2295 -1.6319 2.0669, -2.2053 -1.6319 2.1903, -2.2062 -1.6319 2.0669, -2.2031 -1.6319 2.1903, -2.184 -1.6319 2.0695, -2.1708 -1.6319 2.0746, -2.1604 -1.6319 2.0818, -2.1586 -1.6319 2.0836, -2.1511 -1.6319 2.0926, -2.1415 -1.6319 2.1301, -2.159 -1.6319 2.1753, -2.1422 -1.6319 2.1187, -2.1692 -1.6319 2.1822, -2.1454 -1.6319 2.1044, -2.1828 -1.6319 2.1876, -2.1439 -1.6319 2.1502, -2.1484 -1.6319 2.1619, -2.1546 -1.6319 2.1709
            ]
        }
        coordIndex [
            0,1,2,-1,2,1,3,-1,2,3,4,-1,4,3,5,-1,4,5,6,-1,6,7,4,-1,4,7,8,-1,4,8,9,-1,10,11,12,-1,12,11,13,-1,9,14,4,-1,4,14,12,-1,4,12,15,-1,15,12,13,-1,16,17,10,-1,10,17,18,-1,10,18,11,-1,
        ]
    }
}
Shape{
    appearance Appearance {
        material  Material 	{
            diffuseColor 1.0 1.0 1.0
            specularColor 0.8784313725490196 0.8784313725490196 0.8784313725490196
            ambientIntensity 1.0
            transparency 0.0
            shininess 0.5
        }
    }
    geometry IndexedFaceSet {
        ccw TRUE
        solid FALSE
        coord DEF co Coordinate {
            point [
                -2.0661 -1.6358 2.1105, -2.0726 -1.6358 2.0924, -2.0123 -1.6358 2.1105, -2.0059 -1.6358 2.0924, -2.0421 -1.6358 2.1771, -2.0499 -1.6358 2.2087, -2.1109 -1.6358 2.0486, -2.088 -1.6358 2.0486, -2.0407 -1.6358 2.1818, -2.0395 -1.6358 2.1883, -2.0278 -1.6358 2.2087, -2.039 -1.6358 2.1883, -2.0377 -1.6358 2.1815, -2.0365 -1.6358 2.1771, -1.9668 -1.6358 2.0486, -1.9896 -1.6358 2.0486, -2.0278 -1.6319 2.2087, -1.9668 -1.6319 2.0486, -2.0499 -1.6319 2.2087, -2.1109 -1.6319 2.0486, -2.0647 -1.6319 2.1698, -2.088 -1.6319 2.0486, -2.0726 -1.6319 2.0924, -2.0059 -1.6319 2.0924, -2.0647 -1.6319 2.0924, -1.9896 -1.6319 2.0486, -2.0661 -1.6319 2.1105, -2.0123 -1.6319 2.1105, -2.0365 -1.6319 2.1771, -2.039 -1.6319 2.1883, -2.0377 -1.6319 2.1815, -2.0395 -1.6319 2.1883, -2.0421 -1.6319 2.1771, -2.0407 -1.6319 2.1818
            ]
        }
        coordIndex [
            0,1,2,-1,2,1,3,-1,4,5,0,-1,0,5,6,-1,0,6,1,-1,1,6,7,-1,4,8,5,-1,5,8,9,-1,5,9,10,-1,10,9,11,-1,10,11,12,-1,12,13,10,-1,10,13,2,-1,10,2,14,-1,14,2,3,-1,14,3,15,-1,10,14,16,-1,16,14,17,-1,5,10,18,-1,18,10,16,-1,19,6,20,-1,20,6,5,-1,20,5,18,-1,7,6,21,-1,21,6,19,-1,1,7,22,-1,22,7,21,-1,23,3,24,-1,24,3,1,-1,24,1,22,-1,15,3,25,-1,25,3,23,-1,14,15,17,-1,17,15,25,-1,0,2,26,-1,26,2,27,-1,2,13,27,-1,27,13,28,-1,11,29,30,-1,11,30,12,-1,12,30,28,-1,12,28,13,-1,11,9,29,-1,29,9,31,-1,4,32,33,-1,4,33,8,-1,8,33,31,-1,8,31,9,-1,4,0,32,-1,32,0,26,-1,
        ]
    }
}
Shape{
    appearance Appearance {
        material  Material 	{
            diffuseColor 0.2980392156862745 0.2980392156862745 0.2980392156862745
            specularColor 0.09019607843137255 0.09019607843137255 0.09019607843137255
            ambientIntensity 0.298
            transparency 0.0
            shininess 0.5
        }
    }
    geometry IndexedFaceSet {
        ccw TRUE
        solid FALSE
        coord DEF co Coordinate {
            point [
                -2.039 -1.6319 2.1883, -2.0395 -1.6319 2.1883, -2.0377 -1.6319 2.1815, -2.0407 -1.6319 2.1818, -2.0365 -1.6319 2.1771, -2.0421 -1.6319 2.1771, -2.0123 -1.6319 2.1105, -2.0661 -1.6319 2.1105
            ]
        }
        coordIndex [
            0,1,2,-1,2,1,3,-1,2,3,4,-1,4,3,5,-1,4,5,6,-1,6,5,7,-1,
        ]
    }
}
Shape{
    appearance Appearance {
        material  Material 	{
            diffuseColor 1.0 1.0 1.0
            specularColor 0.8784313725490196 0.8784313725490196 0.8784313725490196
            ambientIntensity 1.0
            transparency 0.0
            shininess 0.5
        }
    }
    geometry IndexedFaceSet {
        ccw TRUE
        solid FALSE
        coord DEF co Coordinate {
            point [
                -2.5233 -1.6358 1.8128, -2.5233 -1.6358 1.7946, -2.5233 -1.6319 1.8128, -2.5233 -1.6319 1.7946, -2.5888 -1.6358 1.8128, -2.5888 -1.6319 1.8128, -2.5888 -1.6358 1.8667, -2.5888 -1.6319 1.8667, -2.5315 -1.6358 1.8667, -2.5315 -1.6319 1.8667, -2.5315 -1.6358 1.885, -2.5315 -1.6319 1.885, -2.5888 -1.6358 1.885, -2.5888 -1.6319 1.885, -2.5888 -1.6358 1.9363, -2.5888 -1.6319 1.9363, -2.527 -1.6358 1.9363, -2.527 -1.6319 1.9363, -2.527 -1.6358 1.9547, -2.527 -1.6319 1.9547, -2.6095 -1.6358 1.9547, -2.6095 -1.6319 1.9547, -2.6095 -1.6358 1.7946, -2.6095 -1.6319 1.7946, -2.4323 -1.6358 1.8673, -2.4323 -1.6358 1.8519, -2.4136 -1.6358 1.8825, -2.4591 -1.6358 1.8483, -2.4662 -1.6358 1.8625, -2.4724 -1.6358 1.8451, -2.4826 -1.6358 1.8583, -2.4766 -1.6358 1.8428, -2.4328 -1.6358 1.8122, -2.4323 -1.6358 1.8122, -2.4336 -1.6358 1.8307, -2.4323 -1.6358 1.7946, -2.4122 -1.6358 1.7946, -2.4122 -1.6358 1.8682, -2.4323 -1.6358 1.8396, -2.4323 -1.6358 1.841, -2.493 -1.6358 1.9009, -2.493 -1.6358 1.8814, -2.4888 -1.6358 1.9033, -2.4792 -1.6358 1.8901, -2.4739 -1.6358 1.9091, -2.4666 -1.6358 1.8942, -2.4536 -1.6358 1.9115, -2.4555 -1.6358 1.8953, -2.4409 -1.6358 1.9103, -2.4487 -1.6358 1.8945, -2.4326 -1.6358 1.9077, -2.444 -1.6358 1.8929, -2.426 -1.6358 1.9038, -2.4404 -1.6358 1.8906, -2.4207 -1.6358 1.8986, -2.4374 -1.6358 1.8874, -2.4167 -1.6358 1.8919, -2.4351 -1.6358 1.8833, -2.433 -1.6358 1.8761, -2.4365 -1.6358 1.8235, -2.4409 -1.6358 1.8176, -2.4375 -1.6358 1.8055, -2.4434 -1.6358 1.8152, -2.444 -1.6358 1.7993, -2.4491 -1.6358 1.8114, -2.4487 -1.6358 1.7963, -2.4552 -1.6358 1.8091, -2.4567 -1.6358 1.7932, -2.4627 -1.6358 1.8083, -2.4679 -1.6358 1.7919, -2.4694 -1.6358 1.8091, -2.4799 -1.6358 1.7932, -2.474 -1.6358 1.8107, -2.4875 -1.6358 1.7961, -2.478 -1.6358 1.8135, -2.4943 -1.6358 1.8009, -2.4797 -1.6358 1.8152, -2.4785 -1.6358 1.8413, -2.4907 -1.6358 1.8538, -2.4809 -1.6358 1.8383, -2.4966 -1.6358 1.8484, -2.4826 -1.6358 1.8346, -2.5008 -1.6358 1.8419, -2.4836 -1.6358 1.83, -2.5032 -1.6358 1.8345, -2.4838 -1.6358 1.8268, -2.5041 -1.6358 1.8252, -2.4833 -1.6358 1.8222, -2.5031 -1.6358 1.816, -2.482 -1.6358 1.8186, -2.5007 -1.6358 1.8092, -2.4965 -1.6358 1.8031, -2.4536 -1.6319 1.9115, -2.4739 -1.6319 1.9091, -2.4888 -1.6319 1.9033, -2.493 -1.6319 1.9009, -2.493 -1.6319 1.8814, -2.4792 -1.6319 1.8901, -2.4666 -1.6319 1.8942, -2.4555 -1.6319 1.8953, -2.4487 -1.6319 1.8945, -2.444 -1.6319 1.8929, -2.4404 -1.6319 1.8906, -2.4374 -1.6319 1.8874, -2.4351 -1.6319 1.8833, -2.433 -1.6319 1.8761, -2.4323 -1.6319 1.8673, -2.4662 -1.6319 1.8625, -2.4826 -1.6319 1.8583, -2.4907 -1.6319 1.8538, -2.4966 -1.6319 1.8484, -2.5008 -1.6319 1.8419, -2.5032 -1.6319 1.8345, -2.5041 -1.6319 1.8252, -2.5031 -1.6319 1.816, -2.5007 -1.6319 1.8092, -2.4965 -1.6319 1.8031, -2.4943 -1.6319 1.8009, -2.4679 -1.6319 1.7919, -2.4795 -1.6319 1.7932, -2.4799 -1.6319 1.7932, -2.4875 -1.6319 1.7961, -2.4567 -1.6319 1.7932, -2.4567 -1.6319 1.7932, -2.4487 -1.6319 1.7963, -2.444 -1.6319 1.7993, -2.4375 -1.6319 1.8055, -2.4328 -1.6319 1.8122, -2.4323 -1.6319 1.8122, -2.4323 -1.6319 1.7946, -2.4122 -1.6319 1.7946, -2.4122 -1.6319 1.8682, -2.4136 -1.6319 1.8825, -2.4167 -1.6319 1.8919, -2.4207 -1.6319 1.8986, -2.426 -1.6319 1.9038, -2.4326 -1.6319 1.9077, -2.4409 -1.6319 1.9103, -2.4785 -1.6319 1.8413, -2.4766 -1.6319 1.8428, -2.4724 -1.6319 1.8451, -2.4591 -1.6319 1.8483, -2.4838 -1.6319 1.8268, -2.4836 -1.6319 1.83, -2.4826 -1.6319 1.8346, -2.4809 -1.6319 1.8383, -2.478 -1.6319 1.8135, -2.4797 -1.6319 1.8152, -2.482 -1.6319 1.8186, -2.4833 -1.6319 1.8222, -2.4627 -1.6319 1.8083, -2.4694 -1.6319 1.8091, -2.474 -1.6319 1.8107, -2.4409 -1.6319 1.8176, -2.4434 -1.6319 1.8152, -2.4491 -1.6319 1.8114, -2.4552 -1.6319 1.8091, -2.4323 -1.6319 1.841, -2.4323 -1.6319 1.8396, -2.4336 -1.6319 1.8307, -2.4365 -1.6319 1.8235, -2.4323 -1.6319 1.8519
            ]
        }
        coordIndex [
            0,1,2,-1,2,1,3,-1,4,0,5,-1,5,0,2,-1,6,4,7,-1,7,4,5,-1,8,6,9,-1,9,6,7,-1,10,8,11,-1,11,8,9,-1,12,10,13,-1,13,10,11,-1,14,12,15,-1,15,12,13,-1,16,14,17,-1,17,14,15,-1,18,16,19,-1,19,16,17,-1,20,18,21,-1,21,18,19,-1,22,20,23,-1,23,20,21,-1,1,22,3,-1,3,22,23,-1,22,1,0,-1,0,4,22,-1,22,4,6,-1,22,6,20,-1,16,18,14,-1,14,18,20,-1,14,20,12,-1,12,20,6,-1,12,6,10,-1,10,6,8,-1,24,25,26,-1,25,24,27,-1,27,24,28,-1,27,28,29,-1,29,28,30,-1,29,30,31,-1,32,33,34,-1,35,36,33,-1,33,36,37,-1,33,37,34,-1,34,37,38,-1,26,25,37,-1,37,25,39,-1,37,39,38,-1,40,41,42,-1,42,41,43,-1,42,43,44,-1,44,43,45,-1,44,45,46,-1,46,45,47,-1,46,47,48,-1,48,47,49,-1,48,49,50,-1,50,49,51,-1,50,51,52,-1,52,51,53,-1,52,53,54,-1,54,53,55,-1,54,55,56,-1,56,55,57,-1,56,57,26,-1,26,57,58,-1,26,58,24,-1,34,59,32,-1,32,59,60,-1,32,60,61,-1,61,60,62,-1,61,62,63,-1,63,62,64,-1,63,64,65,-1,65,64,66,-1,65,66,67,-1,67,66,68,-1,67,68,69,-1,69,68,70,-1,69,70,71,-1,71,70,72,-1,71,72,73,-1,73,72,74,-1,73,74,75,-1,75,74,76,-1,31,30,77,-1,77,30,78,-1,77,78,79,-1,79,78,80,-1,79,80,81,-1,81,80,82,-1,81,82,83,-1,83,82,84,-1,83,84,85,-1,85,84,86,-1,85,86,87,-1,87,86,88,-1,87,88,89,-1,89,88,90,-1,89,90,76,-1,76,90,91,-1,76,91,75,-1,46,92,93,-1,46,93,44,-1,44,93,94,-1,44,94,42,-1,42,94,95,-1,42,95,40,-1,41,40,96,-1,96,40,95,-1,41,96,97,-1,41,97,43,-1,43,97,98,-1,43,98,45,-1,45,98,99,-1,45,99,47,-1,47,99,100,-1,47,100,49,-1,49,100,101,-1,49,101,51,-1,51,101,102,-1,51,102,53,-1,53,102,103,-1,53,103,55,-1,55,103,104,-1,55,104,57,-1,57,104,105,-1,57,105,58,-1,58,105,106,-1,58,106,24,-1,28,24,107,-1,107,24,106,-1,28,107,108,-1,28,108,30,-1,30,108,109,-1,30,109,78,-1,78,109,110,-1,78,110,80,-1,80,110,111,-1,80,111,82,-1,82,111,112,-1,82,112,84,-1,84,112,113,-1,84,113,86,-1,86,113,114,-1,86,114,88,-1,88,114,115,-1,88,115,90,-1,90,115,116,-1,90,116,91,-1,91,116,117,-1,91,117,75,-1,118,69,119,-1,119,69,71,-1,119,71,120,-1,120,71,73,-1,120,73,121,-1,121,73,75,-1,121,75,117,-1,69,118,122,-1,69,122,67,-1,67,122,123,-1,67,123,65,-1,123,124,65,-1,65,124,125,-1,65,125,63,-1,63,125,126,-1,63,126,61,-1,61,126,127,-1,61,127,32,-1,33,32,128,-1,128,32,127,-1,35,33,129,-1,129,33,128,-1,36,35,130,-1,130,35,129,-1,37,36,131,-1,131,36,130,-1,37,131,132,-1,37,132,26,-1,26,132,133,-1,26,133,56,-1,56,133,134,-1,56,134,54,-1,54,134,135,-1,54,135,52,-1,52,135,136,-1,52,136,50,-1,50,136,137,-1,50,137,48,-1,48,137,92,-1,48,92,46,-1,77,138,139,-1,77,139,31,-1,31,139,140,-1,31,140,29,-1,29,140,141,-1,29,141,27,-1,85,142,143,-1,85,143,83,-1,83,143,144,-1,83,144,81,-1,81,144,145,-1,81,145,79,-1,79,145,138,-1,79,138,77,-1,74,146,147,-1,74,147,76,-1,76,147,148,-1,76,148,89,-1,89,148,149,-1,89,149,87,-1,87,149,142,-1,87,142,85,-1,68,150,151,-1,68,151,70,-1,70,151,152,-1,70,152,72,-1,72,152,146,-1,72,146,74,-1,60,153,154,-1,60,154,62,-1,62,154,155,-1,62,155,64,-1,64,155,156,-1,64,156,66,-1,66,156,150,-1,66,150,68,-1,39,157,158,-1,39,158,38,-1,38,158,159,-1,38,159,34,-1,34,159,160,-1,34,160,59,-1,59,160,153,-1,59,153,60,-1,39,25,157,-1,157,25,161,-1,25,27,161,-1,161,27,141,-1,
        ]
    }
}
Shape{
    appearance Appearance {
        material  Material 	{
            diffuseColor 0.2980392156862745 0.2980392156862745 0.2980392156862745
            specularColor 0.09019607843137255 0.09019607843137255 0.09019607843137255
            ambientIntensity 0.298
            transparency 0.0
            shininess 0.5
        }
    }
    geometry IndexedFaceSet {
        ccw TRUE
        solid FALSE
        coord DEF co Coordinate {
            point [
                -2.4323 -1.6319 1.8396, -2.4323 -1.6319 1.841, -2.4785 -1.6319 1.8413, -2.4323 -1.6319 1.8519, -2.4591 -1.6319 1.8483, -2.4724 -1.6319 1.8451, -2.4766 -1.6319 1.8428, -2.4336 -1.6319 1.8307, -2.4809 -1.6319 1.8383, -2.4365 -1.6319 1.8235, -2.4797 -1.6319 1.8152, -2.478 -1.6319 1.8135, -2.4434 -1.6319 1.8152, -2.482 -1.6319 1.8186, -2.4491 -1.6319 1.8114, -2.4552 -1.6319 1.8091, -2.4627 -1.6319 1.8083, -2.4826 -1.6319 1.8346, -2.4836 -1.6319 1.83, -2.4409 -1.6319 1.8176, -2.4838 -1.6319 1.8268, -2.4833 -1.6319 1.8222, -2.474 -1.6319 1.8107, -2.4694 -1.6319 1.8091
            ]
        }
        coordIndex [
            0,1,2,-1,1,3,4,-1,4,5,1,-1,1,5,6,-1,1,6,2,-1,0,2,7,-1,7,2,8,-1,7,8,9,-1,10,11,12,-1,10,12,13,-1,14,12,15,-1,15,12,16,-1,8,17,9,-1,9,17,18,-1,9,18,19,-1,19,18,20,-1,19,20,12,-1,12,20,21,-1,12,21,13,-1,11,22,12,-1,12,22,23,-1,12,23,16,-1,
        ]
    }
}
Shape{
    appearance Appearance {
        material  Material 	{
            diffuseColor 1.0 1.0 1.0
            specularColor 0.8784313725490196 0.8784313725490196 0.8784313725490196
            ambientIntensity 1.0
            transparency 0.0
            shininess 0.5
        }
    }
    geometry IndexedFaceSet {
        ccw TRUE
        solid FALSE
        coord DEF co Coordinate {
            point [
                -2.385 -1.6319 1.8193, -2.385 -1.6358 1.8193, -2.3767 -1.6358 1.8142, -2.3521 -1.6358 1.8082, -2.3521 -1.6319 1.8082, -2.3641 -1.6319 1.8096, -2.3641 -1.6358 1.8096, -2.3758 -1.6319 1.8138, -2.3767 -1.6319 1.8142, -2.385 -1.6358 1.7986, -2.385 -1.6319 1.7986, -2.3732 -1.6358 1.7941, -2.3758 -1.6319 1.7951, -2.354 -1.6319 1.7919, -2.354 -1.6358 1.7919, -2.3653 -1.6319 1.7932, -2.3732 -1.6319 1.7941, -2.336 -1.6358 1.794, -2.3426 -1.6319 1.7932, -2.336 -1.6319 1.794, -2.3254 -1.6319 1.798, -2.3254 -1.6358 1.798, -2.3207 -1.6319 1.8009, -2.3207 -1.6358 1.8009, -2.315 -1.6319 1.806, -2.315 -1.6358 1.806, -2.3112 -1.6319 1.8112, -2.3112 -1.6358 1.8112, -2.3088 -1.6319 1.8176, -2.3088 -1.6358 1.8176, -2.3078 -1.6319 1.8257, -2.3078 -1.6358 1.8257, -2.3086 -1.6319 1.8331, -2.3086 -1.6358 1.8331, -2.3108 -1.6319 1.8391, -2.3108 -1.6358 1.8391, -2.3145 -1.6319 1.8446, -2.3145 -1.6358 1.8446, -2.3193 -1.6319 1.8488, -2.3193 -1.6358 1.8488, -2.3326 -1.6319 1.8563, -2.3326 -1.6358 1.8563, -2.3404 -1.6319 1.8594, -2.3404 -1.6358 1.8594, -2.3528 -1.6319 1.8648, -2.3528 -1.6358 1.8648, -2.3599 -1.6319 1.8692, -2.3599 -1.6358 1.8692, -2.3618 -1.6319 1.8714, -2.3618 -1.6358 1.8714, -2.3633 -1.6319 1.8741, -2.3633 -1.6358 1.8741, -2.3641 -1.6319 1.8772, -2.3641 -1.6358 1.8772, -2.3643 -1.6319 1.8799, -2.3643 -1.6358 1.8799, -2.3639 -1.6319 1.8831, -2.3639 -1.6358 1.8831, -2.3629 -1.6319 1.8858, -2.3629 -1.6358 1.8858, -2.3612 -1.6319 1.8883, -2.3612 -1.6358 1.8883, -2.3582 -1.6319 1.891, -2.3582 -1.6358 1.891, -2.3537 -1.6319 1.8934, -2.3537 -1.6358 1.8934, -2.3483 -1.6319 1.8948, -2.3483 -1.6358 1.8948, -2.3424 -1.6319 1.8953, -2.3424 -1.6358 1.8953, -2.3298 -1.6319 1.8939, -2.3298 -1.6358 1.8939, -2.3185 -1.6319 1.8899, -2.3185 -1.6358 1.8899, -2.3133 -1.6319 1.887, -2.3133 -1.6358 1.887, -2.3133 -1.6358 1.9065, -2.3133 -1.6319 1.9065, -2.3263 -1.6319 1.9103, -2.3263 -1.6358 1.9103, -2.3404 -1.6319 1.9115, -2.3404 -1.6358 1.9115, -2.3541 -1.6319 1.9102, -2.3541 -1.6358 1.9102, -2.3653 -1.6319 1.9064, -2.3653 -1.6358 1.9064, -2.3721 -1.6319 1.9025, -2.3721 -1.6358 1.9025, -2.378 -1.6358 1.8971, -2.3758 -1.6319 1.8991, -2.378 -1.6319 1.8971, -2.3817 -1.6319 1.8917, -2.3817 -1.6358 1.8917, -2.3841 -1.6319 1.8852, -2.3841 -1.6358 1.8852, -2.3849 -1.6319 1.8781, -2.3849 -1.6358 1.8781, -2.3841 -1.6319 1.8703, -2.3841 -1.6358 1.8703, -2.3818 -1.6319 1.8641, -2.3818 -1.6358 1.8641, -2.3792 -1.6319 1.86, -2.3792 -1.6358 1.86, -2.3545 -1.6319 1.8448, -2.3545 -1.6358 1.8448, -2.3665 -1.6358 1.8503, -2.376 -1.6319 1.8565, -2.376 -1.6358 1.8565, -2.3758 -1.6319 1.8564, -2.3665 -1.6319 1.8503, -2.3414 -1.6319 1.8393, -2.3414 -1.6358 1.8393, -2.3335 -1.6319 1.8346, -2.3335 -1.6358 1.8346, -2.3311 -1.6319 1.832, -2.3311 -1.6358 1.832, -2.3295 -1.6319 1.8293, -2.3295 -1.6358 1.8293, -2.3286 -1.6319 1.8262, -2.3286 -1.6358 1.8262, -2.3284 -1.6319 1.8237, -2.3284 -1.6358 1.8237, -2.3288 -1.6319 1.8199, -2.3288 -1.6358 1.8199, -2.3298 -1.6319 1.817, -2.3298 -1.6358 1.817, -2.3316 -1.6319 1.8144, -2.3316 -1.6358 1.8144, -2.3339 -1.6319 1.8124, -2.3339 -1.6358 1.8124, -2.3357 -1.6319 1.8113, -2.3357 -1.6358 1.8113, -2.3409 -1.6319 1.8094, -2.3409 -1.6358 1.8094, -2.3512 -1.6319 1.8082, -2.3512 -1.6358 1.8082, -2.2084 -1.6358 1.9089, -2.1876 -1.6358 1.9089, -2.2084 -1.6319 1.9089, -2.1876 -1.6319 1.9089, -2.2396 -1.6358 1.8228, -2.2396 -1.6319 1.8228, -2.2411 -1.6319 1.8175, -2.2411 -1.6358 1.8175, -2.2421 -1.6319 1.8135, -2.2421 -1.6358 1.8135, -2.2426 -1.6358 1.8135, -2.2426 -1.6319 1.8135, -2.245 -1.6358 1.823, -2.245 -1.6319 1.823, -2.2749 -1.6319 1.9089, -2.2749 -1.6358 1.9089, -2.2652 -1.6319 1.8811, -2.2974 -1.6358 1.9089, -2.2974 -1.6319 1.9089, -2.2525 -1.6319 1.7948, -2.2525 -1.6358 1.7948, -2.2652 -1.6319 1.8272, -2.2613 -1.6319 1.774, -2.2613 -1.6358 1.774, -2.2532 -1.6319 1.7932, -2.2652 -1.6319 1.7668, -2.2653 -1.6358 1.7667, -2.2653 -1.6319 1.7667, -2.269 -1.6319 1.7625, -2.269 -1.6358 1.7625, -2.2724 -1.6319 1.7602, -2.2724 -1.6358 1.7602, -2.2767 -1.6319 1.7585, -2.2767 -1.6358 1.7585, -2.2818 -1.6319 1.7579, -2.2818 -1.6358 1.7579, -2.2891 -1.6319 1.7588, -2.2891 -1.6358 1.7588, -2.2932 -1.6319 1.7602, -2.2932 -1.6358 1.7602, -2.2932 -1.6358 1.7423, -2.2932 -1.6319 1.7423, -2.2847 -1.6319 1.7408, -2.2847 -1.6358 1.7408, -2.2803 -1.6319 1.7407, -2.2803 -1.6358 1.7407, -2.2722 -1.6319 1.7416, -2.2722 -1.6358 1.7416, -2.2652 -1.6319 1.7443, -2.2643 -1.6358 1.7446, -2.2643 -1.6319 1.7446, -2.2573 -1.6319 1.7495, -2.2573 -1.6358 1.7495, -2.2559 -1.6319 1.7508, -2.2559 -1.6358 1.7508, -2.2486 -1.6319 1.7596, -2.2486 -1.6358 1.7596, -2.2395 -1.6319 1.7773, -2.2395 -1.6358 1.7773, -2.2332 -1.6319 1.7932, -2.0798 -1.6358 1.8128, -2.0798 -1.6358 1.7946, -2.0798 -1.6319 1.8128, -2.0798 -1.6319 1.7946, -2.1453 -1.6319 1.8128, -2.1453 -1.6358 1.8128, -2.1153 -1.6319 1.8128, -2.1453 -1.6358 1.8667, -2.1453 -1.6319 1.8667, -2.088 -1.6319 1.8667, -2.088 -1.6358 1.8667, -2.1153 -1.6319 1.8667, -2.088 -1.6358 1.885, -2.088 -1.6319 1.885, -2.1453 -1.6319 1.885, -2.1453 -1.6358 1.885, -2.1153 -1.6319 1.885, -2.1453 -1.6358 1.9363, -2.1453 -1.6319 1.9363, -2.0835 -1.6319 1.9363, -2.0835 -1.6358 1.9363, -2.1153 -1.6319 1.9363, -2.0835 -1.6358 1.9547, -2.0835 -1.6319 1.9547, -2.166 -1.6319 1.9547, -2.166 -1.6358 1.9547, -2.1153 -1.6319 1.9547, -2.166 -1.6358 1.7946, -2.166 -1.6319 1.7946, -2.1153 -1.6319 1.7946, -1.9434 -1.6358 1.817, -1.9599 -1.6358 1.8278, -1.9601 -1.6358 1.805, -1.9702 -1.6358 1.8206, -1.9783 -1.6358 1.7979, -1.9834 -1.6358 1.8155, -2.0055 -1.6358 1.7946, -2.0057 -1.6358 1.8128, -2.0496 -1.6358 1.7946, -2.0289 -1.6358 1.8128, -2.0496 -1.6358 1.9547, -2.0289 -1.6358 1.9363, -2.0039 -1.6358 1.9547, -2.0047 -1.6358 1.9363, -2.0026 -1.6358 1.9362, -1.9794 -1.6358 1.952, -1.9823 -1.6358 1.9335, -1.9601 -1.6358 1.9449, -1.9687 -1.6358 1.9282, -1.9434 -1.6358 1.9335, -1.9585 -1.6358 1.9212, -1.9377 -1.6358 1.928, -1.954 -1.6358 1.9168, -1.9278 -1.6358 1.914, -1.9478 -1.6358 1.9078, -1.9219 -1.6358 1.8987, -1.9433 -1.6358 1.8962, -1.9192 -1.6358 1.8767, -1.9409 -1.6358 1.8761, -1.9197 -1.6358 1.8665, -1.9416 -1.6358 1.8647, -1.9236 -1.6358 1.8477, -1.9449 -1.6358 1.8503, -1.9314 -1.6358 1.8312, -1.9506 -1.6358 1.8386, -1.958 -1.6358 1.8295, -2.0055 -1.6319 1.7946, -2.0496 -1.6319 1.7946, -1.9783 -1.6319 1.7979, -1.9601 -1.6319 1.805, -1.9434 -1.6319 1.817, -1.9314 -1.6319 1.8312, -1.9236 -1.6319 1.8477, -1.9197 -1.6319 1.8665, -1.9192 -1.6319 1.8767, -1.9219 -1.6319 1.8987, -1.9278 -1.6319 1.914, -1.9377 -1.6319 1.928, -1.9434 -1.6319 1.9335, -1.9601 -1.6319 1.9449, -1.9794 -1.6319 1.952, -2.0039 -1.6319 1.9547, -2.0496 -1.6319 1.9547, -2.0047 -1.6319 1.9363, -2.0289 -1.6319 1.9363, -2.0289 -1.6319 1.8128, -2.0057 -1.6319 1.8128, -1.958 -1.6319 1.8295, -1.9599 -1.6319 1.8278, -1.9702 -1.6319 1.8206, -1.9834 -1.6319 1.8155, -1.9409 -1.6319 1.8761, -1.9416 -1.6319 1.8647, -1.9449 -1.6319 1.8503, -1.9506 -1.6319 1.8386, -1.9585 -1.6319 1.9212, -1.954 -1.6319 1.9168, -1.9478 -1.6319 1.9078, -1.9433 -1.6319 1.8962, -2.0026 -1.6319 1.9362, -1.9823 -1.6319 1.9335, -1.9687 -1.6319 1.9282
            ]
        }
        coordIndex [
            0,1,2,-1,3,4,5,-1,3,5,6,-1,6,5,7,-1,6,7,2,-1,2,7,8,-1,2,8,0,-1,9,1,10,-1,10,1,0,-1,9,10,11,-1,11,10,12,-1,13,14,15,-1,15,14,11,-1,15,11,16,-1,16,11,12,-1,14,13,17,-1,17,13,18,-1,18,19,17,-1,17,19,20,-1,17,20,21,-1,21,20,22,-1,21,22,23,-1,23,22,24,-1,23,24,25,-1,25,24,26,-1,25,26,27,-1,27,26,28,-1,27,28,29,-1,29,28,30,-1,29,30,31,-1,31,30,32,-1,31,32,33,-1,33,32,34,-1,33,34,35,-1,35,34,36,-1,35,36,37,-1,37,36,38,-1,37,38,39,-1,39,38,40,-1,39,40,41,-1,41,40,42,-1,41,42,43,-1,43,42,44,-1,43,44,45,-1,45,44,46,-1,45,46,47,-1,47,46,48,-1,47,48,49,-1,49,48,50,-1,49,50,51,-1,51,50,52,-1,51,52,53,-1,53,52,54,-1,53,54,55,-1,55,54,56,-1,55,56,57,-1,57,56,58,-1,57,58,59,-1,59,58,60,-1,59,60,61,-1,61,60,62,-1,61,62,63,-1,63,62,64,-1,63,64,65,-1,65,64,66,-1,65,66,67,-1,67,66,68,-1,67,68,69,-1,69,68,70,-1,69,70,71,-1,71,70,72,-1,71,72,73,-1,73,72,74,-1,73,74,75,-1,76,75,77,-1,77,75,74,-1,76,77,78,-1,76,78,79,-1,79,78,80,-1,79,80,81,-1,81,80,82,-1,81,82,83,-1,83,82,84,-1,83,84,85,-1,85,84,86,-1,85,86,87,-1,87,86,88,-1,88,86,89,-1,89,90,88,-1,88,90,91,-1,88,91,92,-1,92,91,93,-1,92,93,94,-1,94,93,95,-1,94,95,96,-1,96,95,97,-1,96,97,98,-1,98,97,99,-1,98,99,100,-1,100,99,101,-1,100,101,102,-1,103,104,105,-1,102,101,106,-1,102,106,107,-1,107,106,108,-1,107,108,105,-1,105,108,109,-1,105,109,103,-1,104,103,110,-1,104,110,111,-1,111,110,112,-1,111,112,113,-1,113,112,114,-1,113,114,115,-1,115,114,116,-1,115,116,117,-1,117,116,118,-1,117,118,119,-1,119,118,120,-1,119,120,121,-1,121,120,122,-1,121,122,123,-1,123,122,124,-1,123,124,125,-1,125,124,126,-1,125,126,127,-1,127,126,128,-1,127,128,129,-1,129,128,130,-1,129,130,131,-1,131,130,132,-1,131,132,133,-1,133,132,134,-1,133,134,135,-1,135,134,4,-1,135,4,3,-1,61,63,85,-1,85,63,83,-1,111,43,104,-1,104,43,45,-1,21,23,127,-1,127,23,25,-1,127,25,125,-1,125,25,27,-1,125,27,123,-1,123,27,29,-1,123,29,121,-1,121,29,31,-1,121,31,119,-1,119,31,33,-1,119,33,117,-1,117,33,35,-1,117,35,115,-1,115,35,37,-1,115,37,113,-1,113,37,39,-1,113,39,111,-1,111,39,41,-1,111,41,43,-1,14,3,11,-1,11,3,6,-1,11,6,9,-1,9,6,2,-1,9,2,1,-1,63,65,83,-1,83,65,67,-1,83,67,81,-1,81,67,69,-1,81,69,79,-1,79,69,71,-1,79,71,76,-1,76,71,73,-1,76,73,75,-1,127,129,21,-1,21,129,131,-1,21,131,17,-1,17,131,133,-1,17,133,14,-1,14,133,135,-1,14,135,3,-1,85,87,61,-1,61,87,88,-1,61,88,59,-1,59,88,92,-1,59,92,57,-1,57,92,94,-1,57,94,55,-1,55,94,96,-1,55,96,53,-1,53,96,98,-1,53,98,51,-1,51,98,100,-1,51,100,49,-1,49,100,102,-1,49,102,47,-1,47,102,107,-1,47,107,45,-1,45,107,105,-1,45,105,104,-1,136,137,138,-1,138,137,139,-1,140,136,141,-1,141,136,138,-1,140,141,142,-1,140,142,143,-1,143,142,144,-1,143,144,145,-1,146,145,147,-1,147,145,144,-1,148,146,149,-1,149,146,147,-1,150,151,152,-1,152,151,148,-1,152,148,149,-1,153,151,154,-1,154,151,150,-1,155,156,157,-1,157,156,153,-1,157,153,154,-1,158,159,160,-1,160,159,156,-1,160,156,155,-1,158,161,159,-1,159,161,162,-1,161,163,162,-1,162,163,164,-1,162,164,165,-1,165,164,166,-1,165,166,167,-1,167,166,168,-1,167,168,169,-1,169,168,170,-1,169,170,171,-1,171,170,172,-1,171,172,173,-1,173,172,174,-1,173,174,175,-1,176,175,177,-1,177,175,174,-1,176,177,178,-1,176,178,179,-1,179,178,180,-1,179,180,181,-1,181,180,182,-1,181,182,183,-1,183,182,184,-1,183,184,185,-1,184,186,185,-1,185,186,187,-1,185,187,188,-1,188,187,189,-1,188,189,190,-1,190,189,191,-1,190,191,192,-1,192,191,193,-1,192,193,194,-1,139,137,195,-1,195,137,194,-1,195,194,193,-1,143,145,194,-1,137,136,194,-1,194,136,140,-1,194,140,143,-1,151,153,148,-1,148,153,156,-1,148,156,146,-1,175,176,173,-1,173,176,179,-1,173,179,171,-1,171,179,181,-1,171,181,169,-1,169,181,183,-1,169,183,167,-1,167,183,185,-1,167,185,165,-1,145,146,194,-1,194,146,156,-1,194,156,192,-1,156,159,192,-1,192,159,162,-1,192,162,190,-1,190,162,165,-1,190,165,188,-1,188,165,185,-1,196,197,198,-1,198,197,199,-1,200,201,202,-1,202,201,196,-1,202,196,198,-1,203,201,204,-1,204,201,200,-1,205,206,207,-1,207,206,203,-1,207,203,204,-1,208,206,209,-1,209,206,205,-1,210,211,212,-1,212,211,208,-1,212,208,209,-1,213,211,214,-1,214,211,210,-1,215,216,217,-1,217,216,213,-1,217,213,214,-1,218,216,219,-1,219,216,215,-1,220,221,222,-1,222,221,218,-1,222,218,219,-1,223,221,224,-1,224,221,220,-1,199,197,225,-1,225,197,223,-1,225,223,224,-1,223,197,196,-1,196,201,223,-1,223,201,203,-1,223,203,221,-1,216,218,213,-1,213,218,221,-1,213,221,211,-1,211,221,203,-1,211,203,208,-1,208,203,206,-1,226,227,228,-1,228,227,229,-1,228,229,230,-1,230,229,231,-1,230,231,232,-1,232,231,233,-1,232,233,234,-1,234,233,235,-1,234,235,236,-1,236,235,237,-1,236,237,238,-1,237,239,238,-1,238,239,240,-1,238,240,241,-1,241,240,242,-1,241,242,243,-1,243,242,244,-1,243,244,245,-1,245,244,246,-1,245,246,247,-1,247,246,248,-1,247,248,249,-1,249,248,250,-1,249,250,251,-1,251,250,252,-1,251,252,253,-1,253,252,254,-1,253,254,255,-1,255,254,256,-1,255,256,257,-1,257,256,258,-1,257,258,259,-1,259,258,260,-1,259,260,226,-1,226,260,261,-1,226,261,227,-1,232,234,262,-1,262,234,263,-1,232,262,264,-1,232,264,230,-1,230,264,265,-1,230,265,228,-1,228,265,266,-1,228,266,226,-1,226,266,267,-1,226,267,259,-1,259,267,268,-1,259,268,257,-1,257,268,269,-1,257,269,255,-1,255,269,270,-1,255,270,253,-1,253,270,271,-1,253,271,251,-1,251,271,272,-1,251,272,249,-1,249,272,273,-1,249,273,247,-1,247,273,274,-1,247,274,245,-1,245,274,275,-1,245,275,243,-1,243,275,276,-1,243,276,241,-1,241,276,277,-1,241,277,238,-1,236,238,278,-1,278,238,277,-1,234,236,263,-1,263,236,278,-1,239,237,279,-1,279,237,280,-1,237,235,280,-1,280,235,281,-1,235,233,281,-1,281,233,282,-1,261,283,284,-1,261,284,227,-1,227,284,285,-1,227,285,229,-1,229,285,286,-1,229,286,231,-1,231,286,282,-1,231,282,233,-1,254,287,288,-1,254,288,256,-1,256,288,289,-1,256,289,258,-1,258,289,290,-1,258,290,260,-1,260,290,283,-1,260,283,261,-1,246,291,292,-1,246,292,248,-1,248,292,293,-1,248,293,250,-1,250,293,294,-1,250,294,252,-1,252,294,287,-1,252,287,254,-1,239,279,295,-1,239,295,240,-1,240,295,296,-1,240,296,242,-1,242,296,297,-1,242,297,244,-1,244,297,291,-1,244,291,246,-1,
        ]
    }
}
Shape{
    appearance Appearance {
        material  Material 	{
            diffuseColor 0.2980392156862745 0.2980392156862745 0.2980392156862745
            specularColor 0.09019607843137255 0.09019607843137255 0.09019607843137255
            ambientIntensity 0.298
            transparency 0.0
            shininess 0.5
        }
    }
    geometry IndexedFaceSet {
        ccw TRUE
        solid FALSE
        coord DEF co Coordinate {
            point [
                -2.0289 -1.6319 1.9363, -2.0289 -1.6319 1.8128, -2.0047 -1.6319 1.9363, -2.0057 -1.6319 1.8128, -2.0026 -1.6319 1.9362, -1.9834 -1.6319 1.8155, -1.9702 -1.6319 1.8206, -1.9599 -1.6319 1.8278, -1.958 -1.6319 1.8295, -1.9506 -1.6319 1.8386, -1.9409 -1.6319 1.8761, -1.9585 -1.6319 1.9212, -1.9416 -1.6319 1.8647, -1.9687 -1.6319 1.9282, -1.9449 -1.6319 1.8503, -1.9823 -1.6319 1.9335, -1.9433 -1.6319 1.8962, -1.9478 -1.6319 1.9078, -1.954 -1.6319 1.9168
            ]
        }
        coordIndex [
            0,1,2,-1,2,1,3,-1,2,3,4,-1,4,3,5,-1,4,5,6,-1,6,7,4,-1,4,7,8,-1,4,8,9,-1,10,11,12,-1,12,11,13,-1,9,14,4,-1,4,14,12,-1,4,12,15,-1,15,12,13,-1,16,17,10,-1,10,17,18,-1,10,18,11,-1,
        ]
    }
}
Shape{
    appearance Appearance {
        material  Material 	{
            diffuseColor 1.0 1.0 1.0
            specularColor 0.8784313725490196 0.8784313725490196 0.8784313725490196
            ambientIntensity 1.0
            transparency 0.0
            shininess 0.5
        }
    }
    geometry IndexedFaceSet {
        ccw TRUE
        solid FALSE
        coord DEF co Coordinate {
            point [
                -1.8655 -1.6358 1.8564, -1.8721 -1.6358 1.8384, -1.8118 -1.6358 1.8564, -1.8054 -1.6358 1.8384, -1.8416 -1.6358 1.923, -1.8493 -1.6358 1.9547, -1.9103 -1.6358 1.7946, -1.8875 -1.6358 1.7946, -1.8402 -1.6358 1.9278, -1.839 -1.6358 1.9342, -1.8272 -1.6358 1.9547, -1.8385 -1.6358 1.9342, -1.8372 -1.6358 1.9274, -1.836 -1.6358 1.923, -1.7662 -1.6358 1.7946, -1.7891 -1.6358 1.7946, -1.8272 -1.6319 1.9547, -1.7662 -1.6319 1.7946, -1.8493 -1.6319 1.9547, -1.9103 -1.6319 1.7946, -1.8875 -1.6319 1.7946, -1.8721 -1.6319 1.8384, -1.8054 -1.6319 1.8384, -1.7891 -1.6319 1.7946, -1.8655 -1.6319 1.8564, -1.8118 -1.6319 1.8564, -1.836 -1.6319 1.923, -1.8385 -1.6319 1.9342, -1.8372 -1.6319 1.9274, -1.839 -1.6319 1.9342, -1.8416 -1.6319 1.923, -1.8402 -1.6319 1.9278
            ]
        }
        coordIndex [
            0,1,2,-1,2,1,3,-1,4,5,0,-1,0,5,6,-1,0,6,1,-1,1,6,7,-1,4,8,5,-1,5,8,9,-1,5,9,10,-1,10,9,11,-1,10,11,12,-1,12,13,10,-1,10,13,2,-1,10,2,14,-1,14,2,3,-1,14,3,15,-1,10,14,16,-1,16,14,17,-1,5,10,18,-1,18,10,16,-1,6,5,19,-1,19,5,18,-1,7,6,20,-1,20,6,19,-1,1,7,21,-1,21,7,20,-1,3,1,22,-1,22,1,21,-1,15,3,23,-1,23,3,22,-1,14,15,17,-1,17,15,23,-1,0,2,24,-1,24,2,25,-1,2,13,25,-1,25,13,26,-1,11,27,28,-1,11,28,12,-1,12,28,26,-1,12,26,13,-1,11,9,27,-1,27,9,29,-1,4,30,31,-1,4,31,8,-1,8,31,29,-1,8,29,9,-1,4,0,30,-1,30,0,24,-1,
        ]
    }
}
Shape{
    appearance Appearance {
        material  Material 	{
            diffuseColor 0.2980392156862745 0.2980392156862745 0.2980392156862745
            specularColor 0.09019607843137255 0.09019607843137255 0.09019607843137255
            ambientIntensity 0.298
            transparency 0.0
            shininess 0.5
        }
    }
    geometry IndexedFaceSet {
        ccw TRUE
        solid FALSE
        coord DEF co Coordinate {
            point [
                -1.8385 -1.6319 1.9342, -1.839 -1.6319 1.9342, -1.8372 -1.6319 1.9274, -1.8402 -1.6319 1.9278, -1.836 -1.6319 1.923, -1.8416 -1.6319 1.923, -1.8118 -1.6319 1.8564, -1.8655 -1.6319 1.8564
            ]
        }
        coordIndex [
            0,1,2,-1,2,1,3,-1,2,3,4,-1,4,3,5,-1,4,5,6,-1,6,5,7,-1,
        ]
    }
}
Shape{
    appearance Appearance {
        material  Material 	{
            diffuseColor 1.0 1.0 1.0
            specularColor 0.8784313725490196 0.8784313725490196 0.8784313725490196
            ambientIntensity 1.0
            transparency 0.0
            shininess 0.5
        }
    }
    geometry IndexedFaceSet {
        ccw TRUE
        solid FALSE
        coord DEF co Coordinate {
            point [
                -3.3167 -1.6358 1.7719, -3.2998 -1.6358 1.751, -3.327 -1.6358 1.8726, -3.3467 -1.6358 2.0704, -3.3213 -1.6358 2.0839, -3.3271 -1.6358 2.154, -3.1268 -1.6358 1.7674, -3.1133 -1.6358 1.7928, -3.1067 -1.6358 1.8209, -3.2564 -1.6358 2.1572, -3.2211 -1.6358 2.0741, -3.2037 -1.6358 2.1101, -3.3518 -1.6358 1.8878, -3.3433 -1.6358 1.8009, -3.3281 -1.6358 1.7963, -3.2826 -1.6358 2.1595, -2.9467 -1.6358 1.9283, -2.982 -1.6358 1.9887, -3.1061 -1.6358 1.8441, -3.1346 -1.6358 1.909, -3.1061 -1.6358 1.8327, -3.167 -1.6358 1.732, -3.1443 -1.6358 1.7478, -3.2504 -1.6358 1.7983, -3.2413 -1.6358 1.792, -3.2775 -1.6358 1.7342, -3.2307 -1.6358 1.7882, -3.1802 -1.6358 1.8488, -3.1772 -1.6358 1.8384, -3.1769 -1.6358 1.8274, -3.1794 -1.6358 1.8164, -3.1845 -1.6358 1.8065, -2.9091 -1.6358 2.0411, -2.9 -1.6358 2.0411, -2.8533 -1.6358 2.1026, -2.8784 -1.6358 2.0384, -2.8477 -1.6358 2.1007, -2.8585 -1.6358 2.0307, -2.8138 -1.6358 2.0838, -2.7829 -1.6358 2.0577, -3.233 -1.6358 2.1844, -3.1782 -1.6358 2.1406, -3.2063 -1.6358 2.2073, -3.1476 -1.6358 2.1629, -3.1726 -1.6358 2.2275, -3.2932 -1.6358 2.0906, -3.2814 -1.6358 2.0912, -3.2695 -1.6358 2.1588, -3.2548 -1.6358 2.0879, -3.2293 -1.6358 2.0786, -3.2652 -1.6358 1.8263, -3.2626 -1.6358 1.8158, -3.2577 -1.6358 1.8065, -3.2512 -1.6358 1.7231, -3.2243 -1.6358 1.7189, -3.2211 -1.6358 1.7872, -3.2199 -1.6358 1.7189, -3.2105 -1.6358 1.7884, -3.1924 -1.6358 1.7222, -3.2005 -1.6358 1.7922, -3.1918 -1.6358 1.7982, -2.7827 -1.6358 1.8452, -2.8358 -1.6358 1.8904, -2.8137 -1.6358 1.819, -2.8527 -1.6358 1.8767, -2.8485 -1.6358 1.802, -2.8728 -1.6358 1.8674, -2.8863 -1.6358 1.794, -2.8932 -1.6358 1.8635, -2.9535 -1.6358 1.794, -2.9444 -1.6358 1.8635, -2.9599 -1.6358 1.795, -2.8408 -1.6358 2.0184, -2.8277 -1.6358 2.0037, -2.7597 -1.6358 2.0253, -2.8171 -1.6358 1.9841, -2.7458 -1.6358 1.9905, -2.8117 -1.6358 1.9622, -2.7406 -1.6358 1.9534, -2.8112 -1.6358 1.9523, -2.7458 -1.6358 1.9127, -2.8139 -1.6358 1.9301, -2.7601 -1.6358 1.8767, -2.8218 -1.6358 1.9098, -2.8343 -1.6358 1.892, -2.9148 -1.6358 2.1925, -2.9593 -1.6358 2.1401, -2.8747 -1.6358 2.1452, -2.9336 -1.6358 2.1094, -2.9161 -1.6358 2.0727, -3.3919 -1.6358 2.0049, -3.4667 -1.6358 1.986, -3.3953 -1.6358 1.9773, -3.467 -1.6358 1.975, -3.3939 -1.6358 1.9598, -3.4616 -1.6358 1.9307, -3.3858 -1.6358 1.9319, -3.4453 -1.6358 1.8883, -3.3722 -1.6358 1.9088, -3.4192 -1.6358 1.8509, -3.3844 -1.6358 1.8211, -3.2651 -1.6358 1.8374, -3.2622 -1.6358 1.8483, -3.3144 -1.6358 1.8971, -3.2567 -1.6358 1.858, -3.2955 -1.6358 1.9186, -3.2506 -1.6358 1.8647, -3.2723 -1.6358 1.9347, -3.2416 -1.6358 1.8709, -3.2471 -1.6358 1.9444, -3.2316 -1.6358 1.8747, -3.2199 -1.6358 1.9477, -3.2211 -1.6358 1.876, -3.2061 -1.6358 1.9469, -3.2131 -1.6358 1.8752, -3.1786 -1.6358 1.9401, -3.2024 -1.6358 1.8718, -3.1544 -1.6358 1.9271, -3.193 -1.6358 1.8659, -3.1854 -1.6358 1.858, -3.1197 -1.6358 2.2462, -3.1104 -1.6358 2.178, -3.0697 -1.6358 2.2517, -3.0685 -1.6358 2.1834, -3.0143 -1.6358 2.2448, -3.0299 -1.6358 2.1786, -2.958 -1.6358 2.2226, -2.9942 -1.6358 2.165, -2.9622 -1.6358 2.1428, -3.3693 -1.6358 2.1377, -3.4056 -1.6358 2.1123, -3.3664 -1.6358 2.0529, -3.4135 -1.6358 2.1048, -3.3821 -1.6358 2.0302, -3.4409 -1.6358 2.0698, -3.459 -1.6358 2.0288, -2.9501 -1.6358 1.8645, -2.9775 -1.6358 1.8059, -2.9748 -1.6358 1.8032, -2.9467 -1.6358 1.8638, -2.9675 -1.6358 1.798, -2.9865 -1.6358 1.8293, -2.9855 -1.6358 1.8208, -2.9825 -1.6358 1.8131, -2.9601 -1.6358 1.8635, -2.9679 -1.6358 1.8604, -2.9862 -1.6358 1.8338, -2.9749 -1.6358 1.8554, -2.9796 -1.6358 1.8502, -2.984 -1.6358 1.8425, -2.9512 -1.6358 1.8646, -2.7406 -1.6319 1.9534, -2.7458 -1.6319 1.9905, -2.7754 -1.6319 2.0472, -2.7497 -1.6319 2.0003, -2.7597 -1.6319 2.0253, -2.7829 -1.6319 2.0577, -2.8138 -1.6319 2.0838, -2.8477 -1.6319 2.1007, -2.8533 -1.6319 2.1026, -2.8747 -1.6319 2.1452, -2.9148 -1.6319 2.1925, -2.94 -1.6319 2.2101, -2.958 -1.6319 2.2226, -3.0143 -1.6319 2.2448, -3.0697 -1.6319 2.2517, -3.1197 -1.6319 2.2462, -3.1726 -1.6319 2.2275, -3.2016 -1.6319 2.2101, -3.2063 -1.6319 2.2073, -3.233 -1.6319 2.1844, -3.2564 -1.6319 2.1572, -3.2695 -1.6319 2.1588, -3.2826 -1.6319 2.1595, -3.3271 -1.6319 2.154, -3.3693 -1.6319 2.1377, -3.4056 -1.6319 2.1123, -3.4135 -1.6319 2.1048, -3.467 -1.6319 1.975, -3.4409 -1.6319 2.0698, -3.4508 -1.6319 2.0472, -3.459 -1.6319 2.0288, -3.4641 -1.6319 2.0003, -3.4667 -1.6319 1.986, -3.4616 -1.6319 1.9307, -3.4453 -1.6319 1.8883, -3.4192 -1.6319 1.8509, -3.3844 -1.6319 1.8211, -3.3433 -1.6319 1.8009, -3.3281 -1.6319 1.7963, -3.3267 -1.6319 1.7932, -3.3167 -1.6319 1.7719, -3.2998 -1.6319 1.751, -3.2775 -1.6319 1.7342, -3.267 -1.6319 1.7298, -3.2512 -1.6319 1.7231, -3.2243 -1.6319 1.7189, -3.2199 -1.6319 1.7189, -3.1061 -1.6319 1.8327, -3.1924 -1.6319 1.7222, -3.1728 -1.6319 1.7298, -3.167 -1.6319 1.732, -3.1443 -1.6319 1.7478, -3.1268 -1.6319 1.7674, -3.1133 -1.6319 1.7928, -3.1133 -1.6319 1.7932, -3.1067 -1.6319 1.8209, -3.1061 -1.6319 1.8441, -2.9467 -1.6319 1.9283, -2.982 -1.6319 1.9887, -3.1346 -1.6319 1.909, -3.1544 -1.6319 1.9271, -3.1786 -1.6319 1.9401, -3.2061 -1.6319 1.9469, -3.2199 -1.6319 1.9477, -3.2471 -1.6319 1.9444, -3.2723 -1.6319 1.9347, -3.2955 -1.6319 1.9186, -3.3144 -1.6319 1.8971, -3.327 -1.6319 1.8726, -3.3518 -1.6319 1.8878, -3.3722 -1.6319 1.9088, -3.3858 -1.6319 1.9319, -3.3939 -1.6319 1.9598, -3.3953 -1.6319 1.9773, -3.3925 -1.6319 2.0003, -3.3919 -1.6319 2.0049, -3.3821 -1.6319 2.0302, -3.3703 -1.6319 2.0472, -3.3664 -1.6319 2.0529, -3.3467 -1.6319 2.0704, -3.3213 -1.6319 2.0839, -3.2932 -1.6319 2.0906, -3.2814 -1.6319 2.0912, -3.2548 -1.6319 2.0879, -3.2293 -1.6319 2.0786, -3.2211 -1.6319 2.0741, -3.2037 -1.6319 2.1101, -3.1782 -1.6319 2.1406, -3.1476 -1.6319 2.1629, -3.1104 -1.6319 2.178, -3.0685 -1.6319 2.1834, -3.0299 -1.6319 2.1786, -2.9942 -1.6319 2.165, -2.9622 -1.6319 2.1428, -2.9593 -1.6319 2.1401, -2.9336 -1.6319 2.1094, -2.9161 -1.6319 2.0727, -2.9105 -1.6319 2.0472, -2.9091 -1.6319 2.0411, -2.9 -1.6319 2.0411, -2.8784 -1.6319 2.0384, -2.8585 -1.6319 2.0307, -2.8408 -1.6319 2.0184, -2.8277 -1.6319 2.0037, -2.8258 -1.6319 2.0003, -2.8171 -1.6319 1.9841, -2.8117 -1.6319 1.9622, -2.8112 -1.6319 1.9523, -2.8139 -1.6319 1.9301, -2.8218 -1.6319 1.9098, -2.8343 -1.6319 1.892, -2.8358 -1.6319 1.8904, -2.8527 -1.6319 1.8767, -2.8728 -1.6319 1.8674, -2.8932 -1.6319 1.8635, -2.9444 -1.6319 1.8635, -2.9467 -1.6319 1.8638, -2.9501 -1.6319 1.8645, -2.9512 -1.6319 1.8646, -2.9601 -1.6319 1.8635, -2.9679 -1.6319 1.8604, -2.9749 -1.6319 1.8554, -2.9796 -1.6319 1.8502, -2.984 -1.6319 1.8425, -2.9862 -1.6319 1.8338, -2.9865 -1.6319 1.8293, -2.9855 -1.6319 1.8208, -2.9825 -1.6319 1.8131, -2.9775 -1.6319 1.8059, -2.9748 -1.6319 1.8032, -2.9675 -1.6319 1.798, -2.9599 -1.6319 1.795, -2.9535 -1.6319 1.794, -2.8863 -1.6319 1.794, -2.8485 -1.6319 1.802, -2.8137 -1.6319 1.819, -2.7827 -1.6319 1.8452, -2.7601 -1.6319 1.8767, -2.7458 -1.6319 1.9127, -3.2211 -1.6319 1.876, -3.2131 -1.6319 1.8752, -3.2024 -1.6319 1.8718, -3.193 -1.6319 1.8659, -3.1854 -1.6319 1.858, -3.1802 -1.6319 1.8488, -3.1772 -1.6319 1.8384, -3.1769 -1.6319 1.8274, -3.1794 -1.6319 1.8164, -3.1845 -1.6319 1.8065, -3.1918 -1.6319 1.7982, -3.2005 -1.6319 1.7922, -3.2105 -1.6319 1.7884, -3.2211 -1.6319 1.7872, -3.2307 -1.6319 1.7882, -3.2413 -1.6319 1.792, -3.2504 -1.6319 1.7983, -3.2577 -1.6319 1.8065, -3.2626 -1.6319 1.8158, -3.2652 -1.6319 1.8263, -3.2651 -1.6319 1.8374, -3.2622 -1.6319 1.8483, -3.2567 -1.6319 1.858, -3.2506 -1.6319 1.8647, -3.2416 -1.6319 1.8709, -3.2316 -1.6319 1.8747
            ]
        }
        coordIndex [
            0,1,2,-1,3,4,5,-1,6,7,8,-1,9,10,11,-1,12,13,2,-1,2,13,14,-1,2,14,0,-1,5,4,15,-1,16,17,18,-1,18,17,19,-1,18,19,20,-1,20,19,21,-1,20,21,8,-1,8,21,22,-1,8,22,6,-1,23,1,24,-1,24,1,25,-1,24,25,26,-1,27,28,19,-1,19,28,29,-1,19,29,21,-1,21,29,30,-1,21,30,31,-1,32,33,34,-1,34,33,35,-1,34,35,36,-1,36,35,37,-1,36,37,38,-1,38,37,39,-1,9,11,40,-1,40,11,41,-1,40,41,42,-1,42,41,43,-1,42,43,44,-1,4,45,15,-1,15,45,46,-1,15,46,47,-1,47,46,48,-1,47,48,9,-1,9,48,49,-1,9,49,10,-1,50,2,51,-1,51,2,1,-1,51,1,52,-1,52,1,23,-1,25,53,26,-1,26,53,54,-1,26,54,55,-1,55,54,56,-1,55,56,57,-1,57,56,58,-1,57,58,59,-1,59,58,21,-1,59,21,60,-1,60,21,31,-1,61,62,63,-1,63,62,64,-1,63,64,65,-1,65,64,66,-1,65,66,67,-1,67,66,68,-1,67,68,69,-1,69,68,70,-1,69,70,71,-1,37,72,39,-1,39,72,73,-1,39,73,74,-1,74,73,75,-1,74,75,76,-1,76,75,77,-1,76,77,78,-1,78,77,79,-1,78,79,80,-1,80,79,81,-1,80,81,82,-1,82,81,83,-1,82,83,61,-1,61,83,84,-1,61,84,62,-1,85,86,87,-1,87,86,88,-1,87,88,34,-1,34,88,89,-1,34,89,32,-1,90,91,92,-1,92,91,93,-1,92,93,94,-1,94,93,95,-1,94,95,96,-1,96,95,97,-1,96,97,98,-1,98,97,99,-1,98,99,12,-1,12,99,100,-1,12,100,13,-1,50,101,2,-1,2,101,102,-1,2,102,103,-1,103,102,104,-1,103,104,105,-1,105,104,106,-1,105,106,107,-1,107,106,108,-1,107,108,109,-1,109,108,110,-1,109,110,111,-1,111,110,112,-1,111,112,113,-1,113,112,114,-1,113,114,115,-1,115,114,116,-1,115,116,117,-1,117,116,118,-1,117,118,19,-1,19,118,119,-1,19,119,27,-1,44,43,120,-1,120,43,121,-1,120,121,122,-1,122,121,123,-1,122,123,124,-1,124,123,125,-1,124,125,126,-1,126,125,127,-1,126,127,85,-1,85,127,128,-1,85,128,86,-1,5,129,3,-1,3,129,130,-1,3,130,131,-1,131,130,132,-1,131,132,133,-1,133,132,134,-1,133,134,90,-1,90,134,135,-1,90,135,91,-1,136,137,138,-1,70,139,71,-1,71,139,136,-1,71,136,140,-1,140,136,138,-1,141,142,136,-1,136,142,143,-1,136,143,137,-1,144,145,146,-1,145,147,146,-1,146,147,148,-1,146,148,149,-1,141,136,146,-1,146,136,150,-1,146,150,144,-1,78,151,152,-1,153,39,74,-1,78,152,76,-1,76,152,154,-1,76,154,74,-1,74,154,155,-1,74,155,153,-1,153,156,39,-1,39,156,157,-1,39,157,38,-1,38,157,158,-1,38,158,36,-1,36,158,159,-1,36,159,34,-1,34,159,160,-1,34,160,87,-1,87,160,161,-1,87,161,85,-1,126,85,162,-1,162,85,161,-1,162,163,126,-1,126,163,164,-1,126,164,124,-1,124,164,165,-1,124,165,122,-1,122,165,166,-1,122,166,120,-1,120,166,167,-1,120,167,44,-1,44,167,42,-1,42,167,168,-1,42,168,169,-1,42,169,170,-1,42,170,40,-1,40,170,171,-1,40,171,9,-1,9,171,172,-1,9,172,47,-1,47,172,173,-1,47,173,15,-1,15,173,174,-1,15,174,5,-1,5,174,175,-1,5,175,129,-1,129,175,176,-1,129,176,130,-1,130,176,177,-1,130,177,132,-1,178,93,91,-1,132,177,179,-1,132,179,134,-1,134,179,180,-1,134,180,135,-1,180,181,135,-1,135,181,182,-1,135,182,91,-1,91,182,183,-1,91,183,178,-1,93,178,184,-1,93,184,95,-1,95,184,185,-1,95,185,97,-1,97,185,186,-1,97,186,99,-1,99,186,187,-1,99,187,100,-1,100,187,188,-1,100,188,13,-1,13,188,189,-1,13,189,14,-1,14,189,190,-1,14,190,0,-1,190,191,0,-1,0,191,192,-1,0,192,1,-1,1,192,193,-1,1,193,25,-1,25,193,194,-1,25,194,53,-1,194,195,53,-1,53,195,196,-1,53,196,54,-1,54,196,197,-1,54,197,56,-1,198,20,8,-1,56,197,199,-1,200,21,199,-1,199,21,58,-1,199,58,56,-1,200,201,21,-1,21,201,202,-1,21,202,22,-1,22,202,203,-1,22,203,6,-1,6,203,204,-1,6,204,7,-1,7,204,205,-1,7,205,8,-1,8,205,206,-1,8,206,198,-1,18,20,207,-1,207,20,198,-1,16,18,208,-1,208,18,207,-1,17,16,209,-1,209,16,208,-1,19,17,210,-1,210,17,209,-1,19,210,211,-1,19,211,117,-1,117,211,212,-1,117,212,115,-1,115,212,213,-1,115,213,113,-1,113,213,214,-1,113,214,111,-1,111,214,215,-1,111,215,109,-1,109,215,216,-1,109,216,107,-1,107,216,217,-1,107,217,105,-1,105,217,218,-1,105,218,103,-1,103,218,219,-1,103,219,2,-1,2,219,220,-1,2,220,12,-1,12,220,221,-1,12,221,98,-1,98,221,222,-1,98,222,96,-1,96,222,223,-1,96,223,94,-1,94,223,224,-1,94,224,92,-1,90,92,224,-1,224,225,90,-1,90,225,226,-1,90,226,227,-1,228,131,227,-1,227,131,133,-1,227,133,90,-1,228,229,131,-1,131,229,230,-1,131,230,3,-1,3,230,231,-1,3,231,4,-1,4,231,232,-1,4,232,45,-1,45,232,233,-1,45,233,46,-1,46,233,234,-1,46,234,48,-1,48,234,235,-1,48,235,49,-1,49,235,236,-1,49,236,10,-1,10,236,237,-1,10,237,11,-1,11,237,238,-1,11,238,41,-1,41,238,239,-1,41,239,43,-1,43,239,240,-1,43,240,121,-1,121,240,241,-1,121,241,123,-1,123,241,242,-1,123,242,125,-1,125,242,243,-1,125,243,127,-1,127,243,244,-1,127,244,128,-1,128,244,245,-1,128,245,86,-1,86,245,246,-1,86,246,88,-1,88,246,247,-1,88,247,89,-1,89,247,32,-1,32,247,248,-1,32,248,249,-1,33,32,250,-1,250,32,249,-1,33,250,251,-1,33,251,35,-1,35,251,252,-1,35,252,37,-1,37,252,253,-1,37,253,72,-1,72,253,254,-1,72,254,73,-1,73,254,255,-1,73,255,75,-1,255,256,75,-1,75,256,257,-1,75,257,77,-1,77,257,258,-1,77,258,79,-1,79,258,259,-1,79,259,81,-1,81,259,260,-1,81,260,83,-1,83,260,261,-1,83,261,84,-1,84,261,262,-1,84,262,62,-1,62,262,263,-1,62,263,64,-1,64,263,264,-1,64,264,66,-1,66,264,265,-1,66,265,68,-1,70,68,266,-1,266,68,265,-1,70,266,267,-1,70,267,139,-1,139,267,268,-1,139,268,136,-1,136,268,269,-1,136,269,150,-1,150,269,270,-1,150,270,144,-1,144,270,271,-1,144,271,145,-1,145,271,272,-1,145,272,147,-1,147,272,273,-1,147,273,148,-1,148,273,274,-1,148,274,149,-1,149,274,275,-1,149,275,146,-1,146,275,276,-1,146,276,141,-1,141,276,277,-1,141,277,142,-1,142,277,278,-1,142,278,143,-1,143,278,279,-1,143,279,137,-1,137,279,280,-1,137,280,138,-1,138,280,281,-1,138,281,140,-1,140,281,282,-1,140,282,71,-1,71,282,283,-1,71,283,69,-1,67,69,284,-1,284,69,283,-1,67,284,285,-1,67,285,65,-1,65,285,286,-1,65,286,63,-1,63,286,287,-1,63,287,61,-1,61,287,288,-1,61,288,82,-1,82,288,289,-1,82,289,80,-1,80,289,151,-1,80,151,78,-1,112,290,291,-1,112,291,114,-1,114,291,292,-1,114,292,116,-1,116,292,293,-1,116,293,118,-1,118,293,294,-1,118,294,119,-1,119,294,295,-1,119,295,27,-1,27,295,296,-1,27,296,28,-1,28,296,297,-1,28,297,29,-1,29,297,298,-1,29,298,30,-1,30,298,299,-1,30,299,31,-1,31,299,300,-1,31,300,60,-1,60,300,301,-1,60,301,59,-1,59,301,302,-1,59,302,57,-1,57,302,303,-1,57,303,55,-1,55,303,304,-1,55,304,26,-1,26,304,305,-1,26,305,24,-1,24,305,306,-1,24,306,23,-1,23,306,307,-1,23,307,52,-1,52,307,308,-1,52,308,51,-1,51,308,309,-1,51,309,50,-1,50,309,310,-1,50,310,101,-1,101,310,311,-1,101,311,102,-1,102,311,312,-1,102,312,104,-1,104,312,313,-1,104,313,106,-1,106,313,314,-1,106,314,108,-1,108,314,315,-1,108,315,110,-1,110,315,290,-1,110,290,112,-1,
        ]
    }
}
Shape{
    appearance Appearance {
        material  Material 	{
            diffuseColor 0.2980392156862745 0.2980392156862745 0.2980392156862745
            specularColor 0.09019607843137255 0.09019607843137255 0.09019607843137255
            ambientIntensity 0.298
            transparency 0.0
            shininess 0.5
        }
    }
    geometry IndexedFaceSet {
        ccw TRUE
        solid FALSE
        coord DEF co Coordinate {
            point [
                -3.2105 -1.6319 1.7884, -3.2131 -1.6319 1.8752, -3.2211 -1.6319 1.7872, -3.2211 -1.6319 1.876, -3.2316 -1.6319 1.8747, -3.2416 -1.6319 1.8709, -3.2506 -1.6319 1.8647, -3.2567 -1.6319 1.858, -3.1918 -1.6319 1.7982, -3.1854 -1.6319 1.858, -3.193 -1.6319 1.8659, -3.2626 -1.6319 1.8158, -3.2577 -1.6319 1.8065, -3.2504 -1.6319 1.7983, -3.2005 -1.6319 1.7922, -3.2024 -1.6319 1.8718, -3.2413 -1.6319 1.792, -3.2307 -1.6319 1.7882, -3.2622 -1.6319 1.8483, -3.2651 -1.6319 1.8374, -3.2652 -1.6319 1.8263, -3.1794 -1.6319 1.8164, -3.1769 -1.6319 1.8274, -3.1845 -1.6319 1.8065, -3.1772 -1.6319 1.8384, -3.1802 -1.6319 1.8488
            ]
        }
        coordIndex [
            0,1,2,-1,2,1,3,-1,2,3,4,-1,4,5,2,-1,2,5,6,-1,2,6,7,-1,8,9,10,-1,11,12,7,-1,7,12,13,-1,0,14,1,-1,1,14,8,-1,1,8,15,-1,15,8,10,-1,13,16,7,-1,7,16,17,-1,7,17,2,-1,18,19,7,-1,7,19,20,-1,7,20,11,-1,21,22,23,-1,23,22,24,-1,23,24,8,-1,8,24,25,-1,8,25,9,-1,
        ]
    }
}