#VRML V2.0 utf8
# 3D model generated by easyeda2kicad.py (https://github.com/uPesy/easyeda2kicad.py)

Shape{
    appearance Appearance {
        material  Material 	{
            diffuseColor 0.9686274509803922 0.8784313725490196 0.6
            specularColor 0.6784313725490196 0.615686274509804 0.4196078431372549
            ambientIntensity 0.8737
            transparency 0.0
            shininess 0.5
        }
    }
    geometry IndexedFaceSet {
        ccw TRUE
        solid FALSE
        coord DEF co Coordinate {
            point [
                -0.4331 1.0315 0.2559, -0.4486 1.0315 0.2574, -0.4331 1.1102 0.2559, -0.4486 1.1102 0.2574, -0.9682 1.1102 0.3614, -0.9682 1.0315 0.3614, -0.9853 1.0315 0.3669, -0.9853 1.1102 0.3669, -1.0007 1.0315 0.3761, -1.0007 1.1102 0.3761, -1.0136 1.0315 0.3886, -1.0136 1.1102 0.3886, -1.0234 1.0315 0.4038, -1.0234 1.1102 0.4038, -1.0294 1.0315 0.4207, -1.0294 1.1102 0.4207, -1.0315 1.0315 0.4386, -1.0315 1.1102 0.4386, -1.0315 1.1102 1.3331, -1.0315 1.0315 1.3331, -1.0294 1.0315 1.351, -1.0294 1.1102 1.351, -1.0234 1.0315 1.3679, -1.0234 1.1102 1.3679, -1.0136 1.0315 1.383, -1.0136 1.1102 1.383, -1.0007 1.0315 1.3955, -1.0007 1.1102 1.3955, -0.9853 1.0315 1.4048, -0.9853 1.1102 1.4048, -0.9682 1.0315 1.4103, -0.9682 1.1102 1.4103, -0.4486 1.1102 1.5142, -0.4486 1.0315 1.5142, -0.4331 1.0315 1.5157, -0.4331 1.1102 1.5157, 0.0 1.1102 1.122, 0.0 1.0315 1.122, -0.6075 1.1102 1.1218, -0.6074 1.0315 1.1217, -0.6123 1.1102 0.6299, -0.6123 1.0315 0.6299, -0.6276 1.1102 0.6279, -0.6276 1.0315 0.6279, -0.6419 1.1102 0.622, -0.6419 1.0315 0.622, -0.6541 1.1102 0.6126, -0.6541 1.0315 0.6126, -0.6635 1.1102 0.6004, -0.6635 1.0315 0.6004, -0.6694 1.1102 0.5862, -0.6694 1.0315 0.5862, -0.6714 1.1102 0.5709, -0.6714 1.0315 0.5709, -0.6694 1.1102 0.5556, -0.6694 1.0315 0.5556, -0.6635 1.1102 0.5413, -0.6635 1.0315 0.5413, -0.6541 1.1102 0.5291, -0.6541 1.0315 0.5291, -0.6419 1.1102 0.5197, -0.6419 1.0315 0.5197, -0.6276 1.1102 0.5138, -0.6276 1.0315 0.5138, -0.6123 1.1102 0.5118, -0.6123 1.0315 0.5118, -0.5897 1.1092 1.1212, -0.5897 1.0295 1.1206, -0.572 1.1062 1.1206, -0.572 1.1062 0.6299, -0.6074 1.1102 0.6299, -0.5897 1.0295 0.6299, -0.6074 1.0315 0.6299, 0.4258 0.8652 1.0752, 0.4258 0.8652 0.6299, 0.4114 0.8728 1.0757, 0.3992 0.8793 0.6299, 0.3992 0.8793 1.0761, 0.3965 0.8802 1.0762, 0.3706 0.8886 0.6299, 0.3706 0.8886 1.077, 0.6522 0.7181 0.6299, 1.0074 0.4875 1.0439, 1.0074 0.4875 0.649, 0.6093 0.6521 0.6299, 0.9645 0.4214 0.649, 0.9645 0.4214 1.0439, 0.3829 0.7991 1.0752, 0.3829 0.7991 0.6299, 0.3684 0.8068 0.6299, 0.3751 0.8033 1.0757, 0.3684 0.8068 1.0761, 0.3529 0.8119 0.6299, 0.367 0.8073 1.0762, 0.3529 0.8119 1.077, 1.0195 0.4815 0.6498, 1.1274 0.5288 1.0353, 1.1301 0.5358 1.0348, 1.1301 0.5358 0.6581, 1.1275 0.5288 0.6577, 1.1241 0.5195 0.6571, 1.1232 0.5179 1.036, 1.1234 0.5181 1.0359, 1.1123 0.502 1.0371, 1.1128 0.5027 1.037, 1.1132 0.5029 0.6559, 1.1213 0.5151 1.0362, 1.1212 0.5152 0.6568, 1.1231 0.518 0.657, 1.1129 0.5027 0.6559, 1.1123 0.5021 0.6558, 1.1121 0.5017 1.0371, 1.1017 0.4924 0.655, 1.1016 0.4925 1.0379, 1.0987 0.4896 0.6547, 1.098 0.4893 1.0382, 1.098 0.4892 0.6547, 1.0966 0.4881 1.0383, 1.0782 0.4792 0.6534, 1.0643 0.4754 0.6525, 1.0626 0.4753 1.0405, 1.0811 0.48 0.6535, 1.0635 0.4755 1.0404, 1.0812 0.48 0.6536, 1.0782 0.4793 1.0395, 1.0812 0.48 1.0394, 1.0892 0.4844 0.6541, 1.0812 0.4801 1.0394, 1.0893 0.4843 1.0388, 1.0636 0.4754 0.6525, 1.0626 0.4754 0.6524, 1.0618 0.4751 1.0405, 1.0486 0.4749 0.6516, 1.0486 0.475 1.0413, 1.0434 0.475 1.0416, 1.0438 0.4748 0.6513, 1.0434 0.4749 0.6513, 1.0422 0.4749 1.0417, 1.0337 0.477 0.6507, 1.0337 0.477 1.0422, 1.0247 0.4792 1.0428, 1.0194 0.4814 1.0431, 1.0229 0.4796 1.0429, 1.0244 0.4791 0.6501, 1.0246 0.479 0.6501, 1.1726 0.4514 0.6559, 1.1895 0.4757 0.6568, 1.1925 0.4816 0.657, 1.1988 0.4936 0.6574, 1.2018 0.5027 0.6577, 1.2065 0.5167 0.6581, 1.1869 0.4707 0.6566, 1.0811 0.48 0.6535, 1.11 0.4068 0.6536, 1.1263 0.4148 0.6541, 1.1716 0.4501 0.6558, 1.1542 0.433 0.6551, 1.151 0.4308 0.655, 1.1431 0.4252 0.6547, 1.1332 0.4181 0.6543, 1.1043 0.405 0.6534, 1.0867 0.3996 0.6528, 1.0753 0.398 0.6525, 1.0733 0.3977 0.6524, 1.0612 0.396 0.6521, 1.0459 0.3963 0.6516, 1.0355 0.3965 0.6513, 1.0162 0.3999 0.6507, 1.0115 0.4008 0.6505, 1.0244 0.4791 0.6501, 0.9987 0.4052 0.6501, 0.9871 0.4092 0.6498, 0.988 0.4089 0.6498, 0.9859 0.4098 1.0432, 0.9881 0.409 1.0431, 0.9987 0.4052 1.0428, 1.0102 0.4011 1.0424, 1.0115 0.4008 0.6505, 1.0162 0.4 1.0422, 1.0355 0.3965 1.0416, 1.0459 0.3962 1.0413, 1.0599 0.3959 1.0409, 1.0612 0.396 0.652, 1.0733 0.3977 1.0405, 1.0753 0.3979 1.0404, 1.0854 0.3993 1.0401, 1.1042 0.405 1.0395, 1.11 0.4068 1.0394, 1.1264 0.4147 1.0388, 1.132 0.4174 1.0386, 1.1431 0.4252 1.0382, 1.151 0.4307 1.0379, 1.1531 0.4321 1.0379, 1.1542 0.433 0.6551, 1.1716 0.4501 1.0371, 1.1726 0.4514 1.037, 1.1862 0.4696 1.0364, 1.2065 0.5167 1.0348, 1.2017 0.5027 1.0353, 1.1983 0.4924 1.0356, 1.1926 0.4816 1.036, 1.1895 0.4757 1.0362, 1.0812 0.4801 1.0394, 1.0599 0.3959 1.0409, 1.1531 0.4321 1.0379, 1.1121 0.5017 1.0371, 1.1862 0.4696 1.0364, 1.1939 0.7917 1.0229, 1.1939 0.7917 0.67, 1.2703 0.7727 0.67, 1.2703 0.7727 1.0229, 1.399 0.9435 1.0138, 1.399 0.9435 0.6791, 1.3839 0.9432 1.0143, 1.384 0.9424 0.6786, 1.3712 0.943 1.0147, 1.3531 0.9402 0.6776, 1.3534 0.9392 1.0153, 1.3473 0.9379 1.0155, 1.3497 0.94 0.6775, 1.347 0.9391 0.6774, 1.3226 0.9326 1.0164, 1.3114 0.9274 0.6761, 1.3117 0.9272 1.0168, 1.3093 0.9266 0.6761, 1.3096 0.9262 1.0168, 1.2783 0.9107 1.018, 1.3025 0.9244 0.6758, 1.278 0.9106 1.018, 1.2791 0.9095 0.6749, 1.2697 0.9035 0.6745, 1.2699 0.9036 1.0184, 1.2607 0.8978 0.6742, 1.25 0.8866 1.0192, 1.2502 0.8866 0.6737, 1.2365 0.8721 0.673, 1.2262 0.8584 1.0205, 1.2362 0.8726 1.0199, 1.2404 0.8784 1.0197, 1.2266 0.8616 0.6725, 1.2252 0.8591 0.6724, 1.2117 0.8379 1.0213, 1.2113 0.8341 0.6715, 1.2104 0.8346 1.0214, 1.2073 0.8265 1.0217, 1.2024 0.8181 0.6709, 1.207 0.8264 0.6712, 1.3948 0.8649 0.6791, 1.3857 0.8647 0.6786, 1.3782 0.8646 0.6782, 1.3671 0.8622 0.6776, 1.3634 0.8615 0.6774, 1.3486 0.8583 0.6766, 1.3418 0.855 0.6761, 1.3406 0.8544 0.6761, 1.2607 0.8978 0.6742, 1.3215 0.845 0.6749, 1.3215 0.845 0.6749, 1.3025 0.9244 0.6758, 1.3164 0.8406 0.6745, 1.3043 0.8303 0.6737, 1.2986 0.8255 0.6733, 1.296 0.8218 0.673, 1.2266 0.8616 0.6725, 1.2899 0.8131 0.6724, 1.2811 0.8008 0.6716, 1.2803 0.7987 0.6715, 1.2784 0.7938 0.6712, 1.2024 0.8181 0.6709, 1.322 0.8442 1.018, 1.3164 0.8406 1.0184, 1.2809 0.7984 1.0214, 1.2783 0.7937 1.0217, 1.2754 0.7885 1.022, 1.2962 0.8215 1.0199, 1.2893 0.8136 1.0205, 1.29 0.815 1.0204, 1.2986 0.8255 0.6733, 1.3045 0.8303 1.0192, 1.3107 0.837 1.0187, 1.3215 0.845 0.6749, 1.3361 0.8532 1.0171, 1.3404 0.8546 1.0168, 1.3486 0.8583 0.6766, 1.3948 0.8649 1.0138, 1.3858 0.8642 1.0143, 1.3782 0.8646 0.6782, 1.367 0.8629 1.0153, 1.3648 0.8627 1.0154, 1.3633 0.8622 1.0155, 1.3417 0.855 1.0168, 1.2754 0.7885 1.022, 1.2117 0.8379 1.0213, 1.2901 0.815 1.0204, 1.2404 0.8784 1.0197, 1.3107 0.837 1.0187, 1.278 0.9106 1.018, 1.3361 0.8532 1.0171, 1.3226 0.9326 1.0164, 1.3712 0.943 1.0147, 1.6113 0.9324 1.0042, 1.6113 0.9324 0.6887, 1.6071 0.8537 0.6887, 1.6071 0.8537 1.0042, 1.9587 1.1715 1.5157, 1.9606 1.189 1.5157, 1.9606 1.189 0.2559, 1.8819 1.1102 0.2559, 1.8819 1.1102 0.5118, 1.8994 1.1122 0.2559, 1.8994 1.1122 0.5118, 1.9161 1.118 0.2559, 1.9161 1.118 0.5118, 1.931 1.1274 0.2559, 1.931 1.1274 0.5118, 1.9435 1.1399 0.2559, 1.9435 1.1399 0.5118, 1.9528 1.1548 0.2559, 1.9528 1.1548 0.5118, 1.9587 1.1715 0.2559, 1.955 1.1598 0.5118, 1.955 1.1598 1.2008, 1.8819 1.1102 1.2008, 1.8819 1.1102 1.5157, 1.8994 1.1122 1.2008, 1.8994 1.1122 1.5157, 1.9161 1.118 1.2008, 1.9161 1.118 1.5157, 1.931 1.1274 1.2008, 1.931 1.1274 1.5157, 1.9435 1.1399 1.2008, 1.9435 1.1399 1.5157, 1.9528 1.1548 1.2008, 1.9528 1.1548 1.5157, 2.0282 1.1307 1.2008, 2.0282 1.1307 0.5118, 1.9606 1.2677 0.2559, 1.9606 1.2677 1.5157, 2.0394 1.2677 1.5157, 2.0394 1.2677 0.2559, 2.0394 1.189 0.2559, 2.0394 1.189 1.5157, 1.1683 1.1102 1.5157, 1.1683 1.0315 1.5157, 1.1809 1.1102 1.5168, 1.1809 1.0315 1.5168, 1.1932 1.1102 1.5198, 1.1932 1.0315 1.5198, 2.0238 1.1206 1.2008, 2.005 1.0908 1.2008, 1.9801 1.0659 1.2008, 1.9502 1.0471 1.2008, 1.9169 1.0354 1.2008, 1.8819 1.0315 1.2008, 0.7466 1.1102 1.2008, 0.7466 1.0315 1.2008, 0.7466 1.0315 1.122, 0.7466 1.1102 1.122, 1.4052 1.0315 1.5904, 1.4052 1.1102 1.5904, 1.4301 1.0315 1.5945, 1.4301 1.1102 1.5945, 1.4175 1.1102 1.5935, 1.4175 1.0315 1.5935, 1.5748 1.0315 1.5945, 1.5748 1.1102 1.5945, 1.5748 1.0315 1.4961, 1.5748 1.1102 1.4961, 1.5766 1.1102 1.4817, 1.5766 1.0315 1.4817, 1.5818 1.1102 1.4682, 1.5818 1.0315 1.4682, 1.5901 1.1102 1.4564, 1.5901 1.0315 1.4564, 1.601 1.1102 1.447, 1.601 1.0315 1.447, 1.6139 1.1102 1.4405, 1.6139 1.0315 1.4405, 1.628 1.1102 1.4373, 1.628 1.0315 1.4373, 1.6425 1.1102 1.4376, 1.6425 1.0315 1.4376, 1.6564 1.1102 1.4415, 1.6564 1.0315 1.4415, 1.669 1.1102 1.4486, 1.669 1.0315 1.4486, 1.6795 1.1102 1.4586, 1.6795 1.0315 1.4586, 1.6872 1.1102 1.4708, 1.6872 1.0315 1.4708, 1.7584 1.0315 1.5157, 1.7584 1.1102 1.5157, 1.7408 1.1102 1.5138, 1.7408 1.0315 1.5138, 1.724 1.1102 1.5079, 1.724 1.0315 1.5079, 1.7091 1.1102 1.4984, 1.7091 1.0315 1.4984, 1.6966 1.1102 1.4858, 1.6966 1.0315 1.4858, 1.8819 1.0315 1.5157, 1.9169 1.0354 1.5157, 1.9502 1.0471 1.5157, 1.9801 1.0659 1.5157, 2.005 1.0908 1.5157, 2.0238 1.1206 1.5157, 2.0354 1.1539 1.5157, 1.8819 1.0315 0.5118, 1.8819 1.0315 0.2559, 1.9169 1.0354 0.2559, 1.9169 1.0354 0.5118, 1.9502 1.0471 0.2559, 1.9502 1.0471 0.5118, 1.9801 1.0659 0.2559, 1.9801 1.0659 0.5118, 2.005 1.0908 0.2559, 2.005 1.0908 0.5118, 2.0238 1.1206 0.2559, 2.0238 1.1206 0.5118, 2.0354 1.1539 0.2559, 0.7598 1.1102 0.2559, 0.7598 1.0315 0.2559, 0.7578 1.1102 0.2712, 0.7578 1.0315 0.2712, 0.7519 1.1102 0.2854, 0.7519 1.0315 0.2854, 0.7426 1.1102 0.2977, 0.7426 1.0315 0.2977, 0.7303 1.1102 0.307, 0.7303 1.0315 0.307, 0.7161 1.1102 0.3129, 0.7161 1.0315 0.3129, 0.7008 1.1102 0.315, 0.7008 1.0315 0.315, 0.6855 1.1102 0.3129, 0.6855 1.0315 0.3129, 0.6713 1.1102 0.307, 0.6713 1.0315 0.307, 0.659 1.1102 0.2977, 0.659 1.0315 0.2977, 0.6496 1.1102 0.2854, 0.6496 1.0315 0.2854, 0.5985 1.0315 0.2559, 0.5985 1.1102 0.2559, 0.6108 1.1102 0.2572, 0.6108 1.0315 0.2572, 0.6225 1.1102 0.261, 0.6225 1.0315 0.261, 0.6332 1.1102 0.2672, 0.6332 1.0315 0.2672, 0.6424 1.1102 0.2754, 0.6424 1.0315 0.2754, 1.3149 1.1102 0.2559, 1.3149 1.0315 0.2559, 1.2637 1.0315 0.2854, 1.2637 1.1102 0.2854, 1.271 1.1102 0.2754, 1.271 1.0315 0.2754, 1.2802 1.1102 0.2672, 1.2802 1.0315 0.2672, 1.2909 1.1102 0.261, 1.2909 1.0315 0.261, 1.3026 1.1102 0.2572, 1.3026 1.0315 0.2572, 1.2544 1.1102 0.2977, 1.2544 1.0315 0.2977, 1.2421 1.1102 0.307, 1.2421 1.0315 0.307, 1.2279 1.1102 0.3129, 1.2279 1.0315 0.3129, 1.2126 1.1102 0.315, 1.2126 1.0315 0.315, 1.1973 1.1102 0.3129, 1.1973 1.0315 0.3129, 1.1831 1.1102 0.307, 1.1831 1.0315 0.307, 1.1708 1.1102 0.2977, 1.1708 1.0315 0.2977, 1.1615 1.1102 0.2854, 1.1615 1.0315 0.2854, 1.1556 1.1102 0.2712, 1.1556 1.0315 0.2712, 1.1535 1.1102 0.2559, 1.1535 1.0315 0.2559, 1.1535 1.1102 0.1575, 0.7598 1.1102 0.1575, 1.1535 1.0315 0.1575, 1.1535 1.1129 0.1371, 1.1535 1.0369 0.1167, 1.1535 1.1208 0.1181, 1.1535 1.0526 0.0787, 1.1535 1.1333 0.1018, 1.1535 1.0776 0.0461, 1.1535 1.1496 0.0893, 1.1535 1.1102 0.0211, 1.1535 1.1686 0.0814, 1.1535 1.1482 0.0054, 1.1535 1.189 0.0787, 1.1535 1.189 0.0, 1.1535 1.5945 0.0787, 1.1535 1.5945 0.0, 0.7598 1.5945 0.0787, 0.7598 1.5945 0.0, 0.7598 1.189 0.0787, 0.7598 1.189 0.0, 0.7598 1.1686 0.0814, 0.7598 1.1482 0.0054, 0.7598 1.1496 0.0893, 0.7598 1.1102 0.0211, 0.7598 1.1333 0.1018, 0.7598 1.0776 0.0461, 0.7598 1.1208 0.1181, 0.7598 1.0526 0.0787, 0.7598 1.1129 0.1371, 0.7598 1.0369 0.1167, 0.7598 1.0315 0.1575, 0.9835 1.513 0.0787, 0.9756 1.5073 0.0787, 0.9378 1.5073 0.0787, 0.9299 1.513 0.0787, 0.9236 1.5205 0.0787, 0.9193 1.5294 0.0787, 0.8189 1.6535 0.0787, 0.8354 1.6535 0.0787, 1.022 1.6132 0.0787, 0.994 1.5294 0.0787, 0.9898 1.5205 0.0787, 0.9664 1.5037 0.0787, 0.9567 1.5025 0.0787, 0.947 1.5037 0.0787, 0.8914 1.6132 0.0787, 0.8851 1.6264 0.0787, 0.8756 1.6377 0.0787, 0.8637 1.6463 0.0787, 0.85 1.6517 0.0787, 0.7771 1.6362 0.0787, 0.7894 1.6456 0.0787, 0.8036 1.6515 0.0787, 0.7678 1.624 0.0787, 0.7619 1.6098 0.0787, 1.0945 1.6535 0.0787, 1.078 1.6535 0.0787, 1.0634 1.6517 0.0787, 1.0497 1.6463 0.0787, 1.1515 1.6098 0.0787, 1.1456 1.624 0.0787, 1.1363 1.6362 0.0787, 1.124 1.6456 0.0787, 1.1098 1.6515 0.0787, 1.0378 1.6377 0.0787, 1.0283 1.6264 0.0787, 0.8189 1.6535 0.0, 0.8036 1.6515 0.0, 0.7894 1.6456 0.0, 0.7771 1.6362 0.0, 0.7678 1.624 0.0, 0.7619 1.6098 0.0, 0.8851 1.6264 0.0, 0.8914 1.6132 0.0, 0.9664 1.5037 0.0, 0.9756 1.5073 0.0, 0.9835 1.513 0.0, 0.9898 1.5205 0.0, 0.9193 1.5294 0.0, 0.9236 1.5205 0.0, 0.9299 1.513 0.0, 1.0634 1.6517 0.0, 1.078 1.6535 0.0, 1.0945 1.6535 0.0, 0.994 1.5294 0.0, 1.022 1.6132 0.0, 1.0283 1.6264 0.0, 0.85 1.6517 0.0, 0.8637 1.6463 0.0, 0.8756 1.6377 0.0, 0.9378 1.5073 0.0, 0.947 1.5037 0.0, 0.9567 1.5025 0.0, 0.8354 1.6535 0.0, 1.0378 1.6377 0.0, 1.0497 1.6463 0.0, 1.1363 1.6362 0.0, 1.124 1.6456 0.0, 1.1098 1.6515 0.0, 1.1456 1.624 0.0, 1.1515 1.6098 0.0, -0.9215 -0.5559 0.1729, -0.9215 -0.5559 0.1969, -0.9116 -0.5605 0.1729, -0.9116 -0.5605 0.1969, -0.9087 -0.5627 0.1729, -0.9087 -0.5627 0.1969, -0.8994 -0.5698 0.1729, -0.8994 -0.5698 0.1969, -0.8977 -0.572 0.1729, -0.8977 -0.572 0.1969, -0.89 -0.5821 0.1729, -0.89 -0.5821 0.1969, -0.8893 -0.5838 0.1729, -0.8893 -0.5838 0.1969, -0.8841 -0.5963 0.1729, -0.8841 -0.5963 0.1969, -0.884 -0.5972 0.1729, -0.884 -0.5972 0.1969, -0.8821 -0.6116 0.1969, -0.8821 -0.6116 0.1729, -0.8624 -0.5984 0.1515, -0.8624 -0.5963 0.1512, -0.8672 -0.5963 0.1518, -0.9215 -0.554 0.144, -0.9215 -0.554 0.1444, -0.9196 -0.5546 0.1454, -0.9215 -0.5547 0.1541, -0.9104 -0.5605 0.162, -0.9215 -0.555 0.159, -0.8765 -0.5546 0.1111, -0.8624 -0.5546 0.1095, -0.8624 -0.5542 0.1068, -0.9215 -0.5528 0.1253, -0.912 -0.5546 0.1334, -0.9215 -0.5525 0.1208, -0.902 -0.5546 0.1233, -0.9115 -0.5525 0.1114, -0.8899 -0.5546 0.1157, -0.8966 -0.5525 0.102, -0.8799 -0.5525 0.0961, -0.8624 -0.5525 0.0942, -0.9067 -0.5605 0.1516, -0.9009 -0.5605 0.1422, -0.8931 -0.5605 0.1344, -0.8838 -0.5605 0.1286, -0.8734 -0.5605 0.1249, -0.8624 -0.5586 0.1193, -0.8624 -0.5698 0.1359, -0.8624 -0.5656 0.1304, -0.8624 -0.5605 0.1237, -0.8706 -0.5698 0.1369, -0.8784 -0.5698 0.1396, -0.8855 -0.5698 0.144, -0.8913 -0.5698 0.1499, -0.8957 -0.5698 0.1569, -0.8985 -0.5698 0.1647, -0.8893 -0.5821 0.1668, -0.8873 -0.5821 0.1609, -0.884 -0.5821 0.1557, -0.8796 -0.5821 0.1513, -0.8744 -0.5821 0.1481, -0.8685 -0.5821 0.146, -0.8624 -0.586 0.1469, -0.8624 -0.5821 0.1453, -0.8624 -0.5749 0.1398, -0.8718 -0.5963 0.1534, -0.8759 -0.5963 0.156, -0.8794 -0.5963 0.1594, -0.882 -0.5963 0.1635, -0.8836 -0.5963 0.1681, -0.8668 -0.6116 0.1537, -0.8624 -0.6116 0.1532, -0.8709 -0.6116 0.1552, -0.8747 -0.6116 0.1575, -0.8778 -0.6116 0.1606, -0.8801 -0.6116 0.1644, -0.8816 -0.6116 0.1685, -0.9215 -0.5525 0.2489, -0.9215 -0.5528 0.2444, -0.9215 -0.554 0.2258, -0.9215 -0.5547 0.2156, -0.9215 -0.554 0.2253, -0.9215 -0.555 0.2107, -0.9104 -0.5605 0.2078, -0.8624 -0.5542 0.263, -0.8624 -0.5546 0.2603, -0.8765 -0.5546 0.2587, -0.902 -0.5546 0.2465, -0.912 -0.5546 0.2364, -0.9196 -0.5546 0.2244, -0.9067 -0.5605 0.2182, -0.9115 -0.5525 0.2584, -0.8966 -0.5525 0.2678, -0.8899 -0.5546 0.254, -0.8799 -0.5525 0.2736, -0.8624 -0.5525 0.2756, -0.9009 -0.5605 0.2275, -0.8931 -0.5605 0.2353, -0.8838 -0.5605 0.2412, -0.8734 -0.5605 0.2448, -0.8624 -0.5586 0.2505, -0.8985 -0.5698 0.2051, -0.8957 -0.5698 0.2129, -0.8913 -0.5698 0.2199, -0.8855 -0.5698 0.2258, -0.8784 -0.5698 0.2302, -0.8706 -0.5698 0.2329, -0.8893 -0.5821 0.203, -0.8624 -0.5605 0.2461, -0.8624 -0.5656 0.2393, -0.8624 -0.5698 0.2338, -0.8624 -0.5749 0.23, -0.8685 -0.5821 0.2238, -0.8744 -0.5821 0.2217, -0.8796 -0.5821 0.2184, -0.884 -0.5821 0.2141, -0.8873 -0.5821 0.2088, -0.8836 -0.5963 0.2017, -0.882 -0.5963 0.2063, -0.8794 -0.5963 0.2104, -0.8759 -0.5963 0.2138, -0.8718 -0.5963 0.2164, -0.8672 -0.5963 0.218, -0.8816 -0.6116 0.2012, -0.8624 -0.5821 0.2244, -0.8624 -0.586 0.2228, -0.8624 -0.5963 0.2185, -0.8624 -0.5984 0.2183, -0.8801 -0.6116 0.2054, -0.8778 -0.6116 0.2091, -0.8747 -0.6116 0.2122, -0.8709 -0.6116 0.2146, -0.8668 -0.6116 0.216, -0.8624 -0.6116 0.2165, -1.0199 -0.6313 0.1575, -1.0199 -0.5525 0.1575, -1.0165 -0.5525 0.132, -1.0165 -0.6313 0.132, -1.0067 -0.5525 0.1083, -1.0067 -0.6313 0.1083, -0.9911 -0.5525 0.0879, -0.9911 -0.6313 0.0879, -0.9707 -0.5525 0.0722, -0.9707 -0.6313 0.0722, -0.9469 -0.5525 0.0624, -0.9469 -0.6313 0.0624, -0.9215 -0.5525 0.0591, -0.9215 -0.6313 0.0591, -1.0199 -0.5525 0.1969, -1.0199 -0.6313 0.1969, -0.9215 -0.6313 0.2953, -0.9215 -0.5525 0.2953, -0.9469 -0.5525 0.2919, -0.9469 -0.6313 0.2919, -0.9707 -0.5525 0.2821, -0.9707 -0.6313 0.2821, -0.9911 -0.5525 0.2664, -0.9911 -0.6313 0.2664, -1.0067 -0.5525 0.2461, -1.0067 -0.6313 0.2461, -1.0165 -0.5525 0.2223, -1.0165 -0.6313 0.2223, -0.7559 -0.6442 0.0886, -0.2835 -0.6442 0.0886, -0.7559 -0.651 0.0882, -0.2835 -0.651 0.0882, -0.8798 -0.636 0.1634, -0.8754 -0.636 0.1549, -0.8688 -0.6416 0.1594, -0.875 -0.636 0.2001, -0.8795 -0.636 0.1916, -0.8721 -0.6416 0.1887, -0.8427 -0.6325 0.1285, -0.8544 -0.6325 0.1299, -0.8427 -0.6313 0.119, -0.8567 -0.6313 0.1207, -0.8699 -0.6313 0.1257, -0.8655 -0.6325 0.1341, -0.8815 -0.6313 0.1338, -0.8752 -0.6325 0.1409, -0.8908 -0.6313 0.1444, -0.8829 -0.6325 0.1498, -0.8973 -0.6313 0.1569, -0.8883 -0.6325 0.1602, -0.9006 -0.6313 0.1707, -0.8911 -0.6325 0.1717, -0.9004 -0.6313 0.1848, -0.891 -0.6325 0.1835, -0.8969 -0.6313 0.1984, -0.888 -0.6325 0.195, -0.8902 -0.6313 0.2109, -0.8824 -0.6325 0.2053, -0.8807 -0.6313 0.2213, -0.8745 -0.6325 0.2141, -0.8689 -0.6313 0.2291, -0.8646 -0.6325 0.2206, -0.8557 -0.6313 0.2339, -0.8427 -0.6313 0.2354, -0.8427 -0.6325 0.2258, -0.8535 -0.6325 0.2246, -0.8427 -0.6325 0.2257, -0.8515 -0.636 0.2157, -0.8427 -0.636 0.2167, -0.8427 -0.6361 0.2166, -0.8497 -0.6416 0.208, -0.8427 -0.6416 0.2087, -0.8685 -0.636 0.2071, -0.8605 -0.636 0.2125, -0.882 -0.636 0.1727, -0.8819 -0.636 0.1823, -0.8427 -0.6325 0.1287, -0.8522 -0.636 0.1388, -0.8612 -0.636 0.1422, -0.8691 -0.636 0.1477, -0.8498 -0.6416 0.2079, -0.8685 -0.6416 0.1954, -0.8634 -0.6416 0.201, -0.8633 -0.6416 0.2011, -0.8569 -0.6416 0.2054, -0.8722 -0.6416 0.1885, -0.8723 -0.6416 0.1662, -0.874 -0.6416 0.1733, -0.8741 -0.6416 0.1736, -0.874 -0.6416 0.1813, -0.8685 -0.6416 0.1591, -0.8498 -0.6416 0.1464, -0.8503 -0.6416 0.1465, -0.857 -0.6416 0.1491, -0.8575 -0.6416 0.1492, -0.8638 -0.6416 0.1536, -0.8427 -0.6416 0.1456, -0.8427 -0.6361 0.1378, -0.8427 -0.636 0.1376, -0.8346 -0.651 0.1671, -0.8346 -0.651 0.1695, -0.8346 -0.6509 0.1671, -0.8344 -0.6498 0.1608, -0.8326 -0.651 0.1495, -0.8344 -0.65 0.1614, -0.8338 -0.6483 0.156, -0.8327 -0.6479 0.1497, -0.8324 -0.651 0.1486, -0.8268 -0.6469 0.1331, -0.8267 -0.651 0.1329, -0.826 -0.651 0.1312, -0.8175 -0.646 0.1182, -0.8171 -0.651 0.1181, -0.805 -0.6452 0.1057, -0.7901 -0.6446 0.0964, -0.7898 -0.651 0.0964, -0.8017 -0.651 0.1029, -0.8048 -0.651 0.1056, -0.8146 -0.651 0.1144, -0.7734 -0.6443 0.0906, -0.767 -0.651 0.0889, -0.7733 -0.651 0.0906, -0.7849 -0.651 0.0937, -0.2055 -0.6483 0.156, -0.2067 -0.6479 0.1497, -0.2219 -0.646 0.1182, -0.2344 -0.6452 0.1057, -0.2493 -0.6446 0.0964, -0.2125 -0.6469 0.1331, -0.2659 -0.6443 0.0906, -0.2047 -0.6509 0.1671, -0.2047 -0.651 0.1671, -0.2049 -0.65 0.1614, -0.2054 -0.651 0.1564, -0.266 -0.651 0.0902, -0.265 -0.651 0.0904, -0.2494 -0.651 0.0962, -0.2477 -0.651 0.0968, -0.2346 -0.651 0.1057, -0.2222 -0.651 0.1181, -0.231 -0.651 0.1082, -0.2072 -0.651 0.1496, -0.205 -0.6498 0.1608, -0.2101 -0.651 0.1384, -0.213 -0.651 0.1331, -0.2192 -0.651 0.1215, -0.2047 -0.651 0.1695, -0.2047 -0.651 0.1848, -0.2047 -0.6504 0.191, -0.2047 -0.651 0.1998, -0.8346 -0.6504 0.191, -0.8346 -0.651 0.1998, -0.8346 -0.651 0.1848, -0.8427 -0.6499 0.1934, -0.8427 -0.6499 0.1935, -0.8464 -0.6499 0.1931, -0.8427 -0.6467 0.1526, -0.8482 -0.6467 0.1532, -0.8538 -0.6467 0.1553, -0.8628 -0.6467 0.1631, -0.8588 -0.6467 0.1586, -0.8671 -0.6467 0.1742, -0.8656 -0.6467 0.1684, -0.8656 -0.6467 0.186, -0.8671 -0.6467 0.1802, -0.8588 -0.6467 0.1957, -0.8628 -0.6467 0.1913, -0.8482 -0.6467 0.2011, -0.8538 -0.6467 0.1991, -0.8427 -0.6467 0.2017, -0.8427 -0.6467 0.2017, -0.8444 -0.651 0.1846, -0.8427 -0.651 0.1848, -0.8501 -0.6499 0.1917, -0.8462 -0.651 0.184, -0.8534 -0.6499 0.1895, -0.8477 -0.651 0.1829, -0.8561 -0.6499 0.1866, -0.849 -0.651 0.1815, -0.858 -0.6499 0.183, -0.8498 -0.651 0.1799, -0.859 -0.6499 0.1792, -0.8503 -0.651 0.1781, -0.859 -0.6499 0.1752, -0.8503 -0.651 0.1762, -0.858 -0.6499 0.1713, -0.8498 -0.651 0.1744, -0.8561 -0.6499 0.1678, -0.849 -0.651 0.1728, -0.8534 -0.6499 0.1648, -0.8477 -0.651 0.1714, -0.8501 -0.6499 0.1626, -0.8462 -0.651 0.1704, -0.8464 -0.6499 0.1612, -0.8444 -0.651 0.1697, -0.8427 -0.6499 0.1608, -0.8427 -0.651 0.1695, 0.1109 -0.6313 0.2099, 0.1174 -0.6313 0.1974, 0.2223 -0.6313 0.2953, 0.1206 -0.6313 0.1837, 0.2223 -0.6313 0.0591, 0.1205 -0.6313 0.1696, 0.117 -0.6313 0.1559, 0.1103 -0.6313 0.1435, 0.1007 -0.6313 0.133, 0.089 -0.6313 0.1252, 0.0768 -0.6313 0.2337, 0.09 -0.6313 0.2286, 0.1016 -0.6313 0.2206, 0.0757 -0.6313 0.1204, 0.0628 -0.6313 0.119, 0.0628 -0.6313 0.2354, 0.1315 -0.5525 0.2585, 0.1164 -0.5525 0.2679, 0.2223 -0.5525 0.2953, 0.1594 -0.5525 0.2139, 0.1536 -0.5525 0.2307, 0.1441 -0.5525 0.2459, 0.1164 -0.5525 0.1018, 0.1315 -0.5525 0.1113, 0.2223 -0.5525 0.0591, 0.1441 -0.5525 0.1239, 0.1536 -0.5525 0.139, 0.0825 -0.5525 0.0942, 0.0995 -0.5525 0.096, 0.0995 -0.5525 0.2737, 0.0825 -0.5525 0.2756, 0.1594 -0.5525 0.1559, 0.1612 -0.5525 0.1729, 0.1612 -0.5525 0.1969, 0.2831 -0.5605 0.2953, 0.2979 -0.565 0.2953, 0.3397 -0.5842 0.3501, 0.3398 -0.5839 0.0591, 0.382 -0.6147 0.4154, 0.3886 -0.6211 0.4271, 0.3886 -0.6211 0.0591, 0.3432 -0.5859 0.3548, 0.2831 -0.5605 0.0591, 0.0628 -0.6467 0.1526, 0.0628 -0.6416 0.1456, 0.0628 -0.6499 0.1608, 0.0628 -0.651 0.1695, 0.0628 -0.6499 0.1934, 0.0628 -0.651 0.1848, 0.0645 -0.651 0.1846, 0.0628 -0.6467 0.2017, 0.0628 -0.6499 0.1935, 0.0664 -0.6499 0.1931, 0.0698 -0.6416 0.2079, 0.0628 -0.6416 0.2087, 0.0683 -0.6467 0.2011, 0.0628 -0.6467 0.2017, 0.0704 -0.6416 0.2078, 0.0739 -0.6467 0.1991, 0.077 -0.6416 0.2053, 0.0776 -0.6416 0.2051, 0.0788 -0.6467 0.1958, 0.0838 -0.6416 0.2007, 0.0828 -0.6467 0.1914, 0.0885 -0.6416 0.1954, 0.0889 -0.6416 0.195, 0.0856 -0.6467 0.1861, 0.0924 -0.6416 0.1882, 0.0871 -0.6467 0.1804, 0.094 -0.6416 0.1813, 0.0942 -0.6416 0.1807, 0.0872 -0.6467 0.1744, 0.0941 -0.6416 0.173, 0.0858 -0.6467 0.1686, 0.0923 -0.6416 0.1662, 0.0922 -0.6416 0.1656, 0.0831 -0.6467 0.1633, 0.0885 -0.6416 0.1589, 0.0792 -0.6467 0.1589, 0.0838 -0.6416 0.1537, 0.0834 -0.6416 0.1532, 0.0743 -0.6467 0.1555, 0.077 -0.6416 0.149, 0.0687 -0.6467 0.1533, 0.0704 -0.6416 0.1466, 0.0698 -0.6416 0.1464, 0.0662 -0.651 0.184, 0.0702 -0.6499 0.1918, 0.0678 -0.651 0.1829, 0.0735 -0.6499 0.1896, 0.069 -0.651 0.1816, 0.0761 -0.6499 0.1866, 0.0699 -0.651 0.18, 0.078 -0.6499 0.1831, 0.0704 -0.651 0.1782, 0.079 -0.6499 0.1793, 0.0704 -0.651 0.1763, 0.0791 -0.6499 0.1753, 0.0699 -0.651 0.1745, 0.0781 -0.6499 0.1715, 0.0691 -0.651 0.1729, 0.0763 -0.6499 0.168, 0.0679 -0.651 0.1715, 0.0737 -0.6499 0.165, 0.0664 -0.651 0.1704, 0.0704 -0.6499 0.1627, 0.0646 -0.651 0.1698, 0.0667 -0.6499 0.1613, 0.0628 -0.6499 0.1608, 0.0628 -0.6361 0.2166, 0.0628 -0.636 0.2167, 0.0628 -0.6325 0.2257, 0.0628 -0.6325 0.2258, 0.0628 -0.6325 0.1285, 0.0628 -0.6325 0.1287, 0.0628 -0.636 0.1376, 0.0628 -0.6361 0.1378, 0.0999 -0.636 0.1909, 0.0955 -0.636 0.1994, 0.095 -0.636 0.1543, 0.0996 -0.636 0.1627, 0.0745 -0.6325 0.2244, 0.0855 -0.6325 0.2202, 0.0952 -0.6325 0.2135, 0.103 -0.6325 0.2046, 0.1084 -0.6325 0.1941, 0.1112 -0.6325 0.1826, 0.111 -0.6325 0.1708, 0.1081 -0.6325 0.1594, 0.1025 -0.6325 0.149, 0.0945 -0.6325 0.1403, 0.0847 -0.6325 0.1337, 0.0736 -0.6325 0.1297, 0.0716 -0.636 0.1386, 0.0886 -0.636 0.1472, 0.0806 -0.636 0.1419, 0.1021 -0.636 0.1816, 0.102 -0.636 0.172, 0.0723 -0.636 0.2156, 0.0813 -0.636 0.2121, 0.0892 -0.636 0.2067, 0.0825 -0.5539 0.1069, 0.0825 -0.5582 0.1194, 0.0825 -0.5652 0.1307, 0.0825 -0.5746 0.1402, 0.0825 -0.5858 0.1473, 0.0825 -0.5984 0.1517, 0.0825 -0.6116 0.1532, 0.1485 -0.5539 0.1729, 0.147 -0.5539 0.1586, 0.136 -0.5582 0.1729, 0.1347 -0.5582 0.1614, 0.1246 -0.5652 0.1729, 0.1237 -0.5652 0.1638, 0.1152 -0.5746 0.1729, 0.1144 -0.5746 0.1659, 0.1081 -0.5858 0.1729, 0.1075 -0.5858 0.1674, 0.1037 -0.5984 0.1729, 0.1032 -0.5984 0.1683, 0.1022 -0.6116 0.1729, 0.1017 -0.6116 0.1687, 0.0867 -0.6116 0.1537, 0.0871 -0.5984 0.1522, 0.088 -0.5858 0.1479, 0.0895 -0.5746 0.141, 0.0916 -0.5652 0.1317, 0.094 -0.5582 0.1207, 0.0967 -0.5539 0.1084, 0.1421 -0.5539 0.1445, 0.1308 -0.5582 0.1499, 0.1205 -0.5652 0.1548, 0.112 -0.5746 0.1588, 0.1056 -0.5858 0.1619, 0.1016 -0.5984 0.1638, 0.1002 -0.6116 0.1644, 0.1342 -0.5539 0.1318, 0.1243 -0.5582 0.1396, 0.1155 -0.5652 0.1467, 0.1081 -0.5746 0.1526, 0.1025 -0.5858 0.157, 0.0991 -0.5984 0.1597, 0.0979 -0.6116 0.1607, 0.1236 -0.5539 0.1212, 0.1158 -0.5582 0.1311, 0.1087 -0.5652 0.1399, 0.1028 -0.5746 0.1473, 0.0984 -0.5858 0.1529, 0.0957 -0.5984 0.1563, 0.0947 -0.6116 0.1575, 0.1109 -0.5539 0.1133, 0.1055 -0.5582 0.1246, 0.1006 -0.5652 0.1348, 0.0966 -0.5746 0.1434, 0.0935 -0.5858 0.1498, 0.0916 -0.5984 0.1538, 0.0909 -0.6116 0.1551, 0.1485 -0.5539 0.1969, 0.136 -0.5582 0.1969, 0.1246 -0.5652 0.1969, 0.1152 -0.5746 0.1969, 0.1081 -0.5858 0.1969, 0.1037 -0.5984 0.1969, 0.1022 -0.6116 0.1969, 0.0825 -0.5539 0.2629, 0.0967 -0.5539 0.2614, 0.0825 -0.5582 0.2503, 0.094 -0.5582 0.2491, 0.0825 -0.5652 0.239, 0.0916 -0.5652 0.238, 0.0825 -0.5746 0.2296, 0.0895 -0.5746 0.2288, 0.0825 -0.5858 0.2225, 0.088 -0.5858 0.2218, 0.0825 -0.5984 0.218, 0.0871 -0.5984 0.2175, 0.0825 -0.6116 0.2165, 0.0867 -0.6116 0.2161, 0.1017 -0.6116 0.2011, 0.1032 -0.5984 0.2014, 0.1075 -0.5858 0.2024, 0.1144 -0.5746 0.2039, 0.1237 -0.5652 0.206, 0.1347 -0.5582 0.2084, 0.147 -0.5539 0.2111, 0.1109 -0.5539 0.2565, 0.1055 -0.5582 0.2451, 0.1006 -0.5652 0.2349, 0.0966 -0.5746 0.2264, 0.0935 -0.5858 0.22, 0.0916 -0.5984 0.216, 0.0909 -0.6116 0.2146, 0.1236 -0.5539 0.2486, 0.1158 -0.5582 0.2387, 0.1087 -0.5652 0.2299, 0.1028 -0.5746 0.2225, 0.0984 -0.5858 0.2169, 0.0957 -0.5984 0.2134, 0.0947 -0.6116 0.2123, 0.1342 -0.5539 0.238, 0.1243 -0.5582 0.2301, 0.1155 -0.5652 0.2231, 0.1081 -0.5746 0.2172, 0.1025 -0.5858 0.2128, 0.0991 -0.5984 0.21, 0.0979 -0.6116 0.2091, 0.1421 -0.5539 0.2253, 0.1308 -0.5582 0.2199, 0.1205 -0.5652 0.215, 0.112 -0.5746 0.2109, 0.1056 -0.5858 0.2079, 0.1016 -0.5984 0.206, 0.1002 -0.6116 0.2053, 0.6713 -1.0124 1.031, 0.7267 -0.9565 1.031, 0.2594 -0.6038 0.2953, 0.2628 -0.6366 0.2953, 0.3006 -0.6522 0.2953, 0.3332 -0.677 0.2953, 0.7456 -0.9752 0.0591, 0.7356 -0.9653 1.0436, 0.7456 -0.9752 1.0527, 0.2628 -0.6366 0.0591, 0.3006 -0.6522 0.0591, 0.3332 -0.677 0.0591, 0.7765 -0.9941 1.061, 0.769 -0.9912 1.0607, 0.718 -1.0531 1.061, 0.7619 -0.9875 1.0594, 0.7034 -1.0428 1.059, 0.7595 -0.9862 1.059, 0.7525 -0.9812 1.0565, 0.6909 -1.0317 1.053, 0.7463 -0.9758 1.0531, 0.6902 -1.0311 1.0527, 0.6802 -1.0212 1.0436, 0.6902 -1.0311 0.0591, 0.7894 -1.0763 1.061, 0.7894 -0.9972 1.061, 0.7605 -1.0715 1.061, 0.7808 -0.9954 1.061, 0.7227 -1.0559 1.061, 1.1811 -0.998 0.8986, 1.1811 -1.0001 0.8734, 1.1811 -0.998 0.6496, 1.1811 -1.0061 0.8488, 1.1811 -1.0725 0.6496, 0.7808 -0.9954 0.0591, 0.7952 -0.9978 1.0612, 0.8011 -0.998 1.0619, 0.8011 -0.998 0.0591, 0.7619 -0.9876 0.0591, 1.4291 -1.003 0.1181, 1.4291 -1.0873 0.1181, 1.429 -1.0846 0.1233, 1.429 -1.002 0.1224, 1.4269 -1.0795 0.137, 1.4269 -0.9994 0.137, 1.4259 -1.0789 0.14, 1.4235 -1.0774 0.1474, 1.424 -0.9984 0.146, 1.4201 -1.0768 0.1547, 1.2717 -1.0768 0.1181, 1.2717 -0.998 0.1181, 1.2739 -1.0768 0.137, 1.2739 -0.998 0.137, 1.2807 -1.0768 0.1547, 1.2807 -0.998 0.1547, 1.2915 -1.0768 0.1703, 1.2915 -0.998 0.1703, 1.3057 -1.0768 0.1829, 1.3057 -0.998 0.1829, 1.3225 -1.0768 0.1917, 1.3225 -0.998 0.1917, 1.3409 -1.0768 0.1963, 1.3409 -0.998 0.1963, 1.3599 -1.0768 0.1963, 1.3599 -0.998 0.1963, 1.3783 -1.0768 0.1917, 1.3783 -0.998 0.1917, 1.3951 -1.0768 0.1829, 1.3951 -0.998 0.1829, 1.4093 -1.0768 0.1703, 1.4093 -0.998 0.1703, 1.4186 -1.0768 0.1575, 1.4186 -0.998 0.1575, 1.4199 -0.9981 0.1546, 1.2717 -0.998 0.0591, 1.2717 -1.0768 0.0591, 0.7227 -1.0559 0.0591, 0.7605 -1.0715 0.0591, 0.8011 -1.0768 0.0591, 0.8011 -1.0768 1.0619, 0.7952 -1.0767 1.0612, 0.7952 -0.9978 1.0612, 0.8083 -0.998 1.0633, 0.8083 -1.0768 1.0633, 0.8262 -0.998 1.0701, 0.8262 -1.0768 1.0701, 0.8418 -0.998 1.081, 0.8418 -1.0768 1.081, 0.8544 -0.998 1.0954, 0.8544 -1.0768 1.0954, 0.8632 -0.998 1.1123, 0.8632 -1.0768 1.1123, 0.8676 -0.998 1.1309, 0.8676 -1.0768 1.1309, 0.872 -1.0768 1.1495, 0.872 -0.998 1.1495, 0.8808 -1.0768 1.1664, 0.8808 -0.998 1.1664, 0.8934 -1.0768 1.1808, 0.8934 -0.998 1.1808, 0.9091 -1.0768 1.1917, 0.9091 -0.998 1.1917, 0.9269 -1.0768 1.1985, 0.9269 -0.998 1.1985, 0.9459 -1.0768 1.2008, 0.9459 -0.998 1.2008, 1.1811 -1.1476 0.6732, 1.1811 -1.0808 0.8737, 1.1811 -1.0768 0.6496, 1.1811 -1.0778 0.886, 1.1811 -1.0768 0.8986, 1.4291 -1.5945 0.0, 1.4291 -1.5945 0.0787, 1.4291 -1.1555 0.0, 1.4291 -1.1555 0.0787, 1.4291 -1.1205 0.0039, 1.4291 -1.138 0.0807, 1.4291 -1.0872 0.0156, 1.4291 -1.1213 0.0865, 1.4291 -1.0573 0.0344, 1.4291 -1.1064 0.0959, 1.4291 -1.0324 0.0593, 1.4291 -1.094 0.1084, 1.4291 -1.0136 0.0892, 1.8228 -1.5945 0.0787, 1.8228 -1.5945 0.0, 1.8228 -1.1555 0.0787, 1.8228 -1.1555 0.0, 1.8228 -1.138 0.0807, 1.8228 -1.1205 0.0039, 1.8228 -1.1213 0.0865, 1.8228 -1.0872 0.0156, 1.8228 -1.1064 0.0959, 1.8228 -1.0573 0.0344, 1.8228 -1.094 0.1084, 1.8228 -1.0324 0.0593, 1.8228 -1.0846 0.1233, 1.8228 -1.0136 0.0892, 1.8228 -1.0787 0.14, 1.8228 -1.002 0.1224, 1.8228 -1.0768 0.1575, 1.8228 -0.998 0.1575, 1.8228 -1.0768 1.122, 1.8228 -0.998 1.122, 1.4961 -1.1476 0.6732, 1.4961 -1.0808 0.8737, 1.4961 -1.0768 0.6496, 1.4961 -1.0768 0.8986, 1.4961 -1.0778 0.886, 1.4961 -1.0061 0.8488, 1.4961 -1.0725 0.6496, 1.4961 -1.0001 0.8734, 1.4961 -0.998 0.8986, 1.4961 -0.998 0.6496, 1.7441 -0.998 1.2008, 1.7441 -1.0768 1.2008, 1.7645 -1.0768 1.1981, 1.7645 -0.998 1.1981, 1.7835 -1.0768 1.1902, 1.7835 -0.998 1.1902, 1.7998 -1.0768 1.1777, 1.7998 -0.998 1.1777, 1.8123 -1.0768 1.1614, 1.8123 -0.998 1.1614, 1.8202 -1.0768 1.1424, 1.8202 -0.998 1.1424, 1.5047 -1.6535 0.0, 1.5047 -1.6535 0.0787, 1.4882 -1.6535 0.0, 1.4882 -1.6535 0.0787, 1.5607 -1.6132 0.0, 1.5607 -1.6132 0.0787, 1.5544 -1.6264 0.0787, 1.5544 -1.6264 0.0, 1.5449 -1.6377 0.0787, 1.5449 -1.6377 0.0, 1.533 -1.6463 0.0787, 1.533 -1.6463 0.0, 1.5193 -1.6517 0.0787, 1.5193 -1.6517 0.0, 1.5886 -1.5294 0.0787, 1.5886 -1.5294 0.0, 1.6633 -1.5294 0.0, 1.6633 -1.5294 0.0787, 1.6591 -1.5205 0.0, 1.6591 -1.5205 0.0787, 1.6528 -1.513 0.0, 1.6528 -1.513 0.0787, 1.6449 -1.5073 0.0, 1.6449 -1.5073 0.0787, 1.6357 -1.5037 0.0, 1.6357 -1.5037 0.0787, 1.626 -1.5025 0.0, 1.626 -1.5025 0.0787, 1.6163 -1.5037 0.0, 1.6163 -1.5037 0.0787, 1.6071 -1.5073 0.0, 1.6071 -1.5073 0.0787, 1.5992 -1.513 0.0, 1.5992 -1.513 0.0787, 1.5929 -1.5205 0.0, 1.5929 -1.5205 0.0787, 1.6913 -1.6132 0.0, 1.6913 -1.6132 0.0787, 1.6976 -1.6264 0.0, 1.6976 -1.6264 0.0787, 1.7071 -1.6377 0.0, 1.7071 -1.6377 0.0787, 1.719 -1.6463 0.0, 1.719 -1.6463 0.0787, 1.7327 -1.6517 0.0, 1.7327 -1.6517 0.0787, 1.7473 -1.6535 0.0, 1.7473 -1.6535 0.0787, 1.7638 -1.6535 0.0787, 1.7638 -1.6535 0.0, 1.8214 -1.6076 0.0787, 1.8214 -1.6076 0.0, 1.817 -1.6201 0.0787, 1.817 -1.6201 0.0, 1.81 -1.6313 0.0787, 1.81 -1.6313 0.0, 1.8006 -1.6407 0.0787, 1.8006 -1.6407 0.0, 1.7894 -1.6477 0.0787, 1.7894 -1.6477 0.0, 1.7769 -1.6521 0.0787, 1.7769 -1.6521 0.0, 1.4312 -1.6098 0.0, 1.4312 -1.6098 0.0787, 1.4371 -1.624 0.0, 1.4371 -1.624 0.0787, 1.4464 -1.6362 0.0, 1.4464 -1.6362 0.0787, 1.4587 -1.6456 0.0, 1.4587 -1.6456 0.0787, 1.4729 -1.6515 0.0, 1.4729 -1.6515 0.0787, 1.9606 0.6988 0.1575, 1.6457 0.6988 0.1575, 1.6457 0.7042 0.1167, 2.0394 0.7042 0.1167, 2.0394 0.6988 0.1575, 1.6457 0.7199 0.0787, 2.0394 0.7199 0.0787, 1.6457 0.7449 0.0461, 2.0394 0.7449 0.0461, 1.6457 0.7776 0.0211, 2.0394 0.7776 0.0211, 1.6457 0.8155 0.0054, 2.0394 0.8155 0.0054, 1.6457 0.8563 0.0, 2.0394 0.8563 0.0, 2.0394 0.8563 0.0787, 1.6457 0.8563 0.0787, 2.0394 0.8359 0.0814, 1.6457 0.8359 0.0814, 2.0394 0.8169 0.0893, 1.6457 0.8169 0.0893, 2.0394 0.8006 0.1018, 1.6457 0.8006 0.1018, 2.0394 0.7881 0.1181, 1.6457 0.7881 0.1181, 2.0394 0.7802 0.1371, 1.6457 0.7802 0.1371, 2.0394 0.7776 0.1575, 1.6457 0.7776 0.1575, 1.8237 1.5073 0.0787, 1.8157 1.513 0.0787, 1.8094 1.5205 0.0787, 1.6457 1.5945 0.0787, 1.8052 1.5294 0.0787, 1.8756 1.5205 0.0787, 1.8693 1.513 0.0787, 1.8614 1.5073 0.0787, 1.9078 1.6132 0.0787, 1.8799 1.5294 0.0787, 1.9638 1.6535 0.0787, 1.8523 1.5037 0.0787, 1.8425 1.5025 0.0787, 1.8328 1.5037 0.0787, 1.7709 1.6264 0.0787, 1.7614 1.6377 0.0787, 1.7495 1.6463 0.0787, 1.6752 1.6456 0.0787, 1.663 1.6362 0.0787, 1.9803 1.6535 0.0787, 1.7358 1.6517 0.0787, 1.7212 1.6535 0.0787, 1.7772 1.6132 0.0787, 1.6894 1.6515 0.0787, 1.6536 1.624 0.0787, 1.6477 1.6098 0.0787, 1.7047 1.6535 0.0787, 1.9355 1.6463 0.0787, 1.9236 1.6377 0.0787, 1.9142 1.6264 0.0787, 2.0315 1.624 0.0787, 2.0221 1.6362 0.0787, 2.0374 1.6098 0.0787, 2.0098 1.6456 0.0787, 1.9956 1.6515 0.0787, 1.9492 1.6517 0.0787, 2.0394 1.5945 0.0787, 1.7047 1.6535 0.0, 1.6894 1.6515 0.0, 1.6752 1.6456 0.0, 1.663 1.6362 0.0, 1.6536 1.624 0.0, 1.6477 1.6098 0.0, 1.6457 1.5945 0.0, 1.8094 1.5205 0.0, 1.8157 1.513 0.0, 1.7772 1.6132 0.0, 1.8052 1.5294 0.0, 1.7212 1.6535 0.0, 1.8523 1.5037 0.0, 1.8614 1.5073 0.0, 1.9638 1.6535 0.0, 1.9078 1.6132 0.0, 1.9142 1.6264 0.0, 1.8799 1.5294 0.0, 1.9803 1.6535 0.0, 1.9956 1.6515 0.0, 1.8237 1.5073 0.0, 1.8328 1.5037 0.0, 1.8425 1.5025 0.0, 1.9236 1.6377 0.0, 1.9355 1.6463 0.0, 1.9492 1.6517 0.0, 2.0098 1.6456 0.0, 2.0221 1.6362 0.0, 2.0315 1.624 0.0, 1.8693 1.513 0.0, 1.8756 1.5205 0.0, 2.0394 1.5945 0.0, 2.0374 1.6098 0.0, 1.7358 1.6517 0.0, 1.7495 1.6463 0.0, 1.7614 1.6377 0.0, 1.7709 1.6264 0.0, 1.4882 0.7776 0.1769, 1.4882 0.6988 0.1769, 0.9372 0.7776 0.177, 0.9371 0.6988 0.1769, 2.0394 0.7776 1.4173, 2.0394 0.6988 1.4173, 0.9247 0.7776 0.1781, 0.9247 0.6988 0.1781, 0.9059 0.6988 0.1836, 0.9059 0.7776 0.1836, 0.8891 0.6988 0.1935, 0.8891 0.7776 0.1935, 0.8752 0.6988 0.2072, 0.8752 0.7776 0.2072, 0.8651 0.6988 0.2239, 0.8651 0.7776 0.2239, 0.8594 0.6988 0.2426, 0.8594 0.7776 0.2426, 0.8583 0.6988 0.2559, 0.8583 0.7776 0.2559, 1.4699 0.7776 0.8032, 1.4705 0.7776 0.7983, 1.4488 0.7776 0.4724, 1.6457 0.7776 0.1772, 1.6815 0.7776 0.7167, 1.7057 0.7776 0.7352, 1.6787 0.7776 0.7145, 1.5305 0.7776 0.9521, 1.5069 0.7776 0.9341, 1.4488 0.7776 1.2008, 1.4657 0.7776 0.8346, 1.4699 0.7776 0.866, 1.4811 0.7776 0.7726, 1.4846 0.7776 0.7644, 1.5005 0.7776 0.7435, 1.7469 0.7776 0.8346, 1.7428 0.7776 0.866, 1.5339 0.7776 0.9548, 1.5026 0.7776 0.7408, 1.5069 0.7776 0.7352, 1.5311 0.7776 0.7167, 1.4258 0.7776 0.4168, 1.4383 0.7776 0.4331, 1.4904 0.7776 0.1958, 1.4461 0.7776 0.4521, 1.6434 0.7776 0.196, 1.6427 0.7776 0.6989, 1.6526 0.7776 0.703, 1.6766 0.7776 0.7129, 1.71 0.7776 0.7408, 1.7121 0.7776 0.7435, 1.728 0.7776 0.7644, 1.7315 0.7776 0.7726, 1.7421 0.7776 0.7983, 1.7427 0.7776 0.8032, 1.7421 0.7776 0.871, 1.7316 0.7776 0.8964, 1.728 0.7776 0.9049, 1.4383 0.7776 1.2402, 1.4258 0.7776 1.2565, 1.4052 0.7776 1.5708, 1.4846 0.7776 0.9049, 1.481 0.7776 0.8964, 1.4705 0.7776 0.871, 0.937 0.7776 0.3937, 1.3701 0.7776 0.3937, 1.3905 0.7776 0.3964, 1.4095 0.7776 0.4043, 1.5699 0.7776 0.6989, 1.5221 0.7776 0.2419, 1.5079 0.7776 0.2292, 1.6258 0.7776 0.2294, 1.6116 0.7776 0.242, 1.6063 0.7776 0.6941, 1.7124 0.7776 0.9254, 1.71 0.7776 0.9285, 1.7057 0.7776 0.9341, 1.9943 0.7776 1.4885, 2.0094 0.7776 1.4791, 1.6766 0.7776 0.9564, 1.5912 0.7776 1.4355, 1.6029 0.7776 1.4261, 1.6063 0.7776 0.9752, 1.4461 0.7776 1.2212, 1.5026 0.7776 0.9285, 1.5002 0.7776 0.9254, 1.4971 0.7776 0.2136, 1.56 0.7776 0.703, 1.536 0.7776 0.7129, 1.5339 0.7776 0.7145, 1.6366 0.7776 0.2138, 1.6289 0.7776 0.697, 1.6427 0.7776 0.9704, 1.7452 0.7776 1.4961, 1.6526 0.7776 0.9663, 1.9606 0.7776 1.4961, 1.9775 0.7776 1.4942, 1.4095 0.7776 1.269, 1.3905 0.7776 1.2768, 1.1932 0.7776 1.5001, 1.3701 0.7776 1.2795, 1.1809 0.7776 1.4971, 1.6821 0.7776 0.9521, 1.6787 0.7776 0.9548, 2.0374 0.7776 1.4349, 1.5837 0.7776 0.9723, 1.5699 0.7776 0.9704, 1.5823 0.7776 1.4476, 1.5767 0.7776 1.4615, 0.937 0.7776 1.2795, 0.937 0.7776 1.4961, 1.1683 0.7776 1.4961, 2.022 0.7776 1.4667, 2.0315 0.7776 1.4517, 1.7173 0.7776 1.489, 1.6895 0.7776 1.4567, 1.7055 0.7776 1.4807, 1.696 0.7776 1.4697, 1.7308 0.7776 1.4943, 1.6828 0.7776 1.4433, 1.6729 0.7776 1.432, 1.4175 0.7776 1.5738, 1.5748 0.7776 1.4764, 1.4301 0.7776 1.5748, 1.5748 0.7776 1.5748, 1.56 0.7776 0.9663, 1.536 0.7776 0.9564, 0.9028 0.7776 1.2873, 0.8879 0.7776 1.2967, 0.8755 0.7776 1.3092, 1.6166 0.7776 1.4199, 1.6314 0.7776 1.4174, 1.6289 0.7776 0.9723, 1.6463 0.7776 1.4186, 1.6604 0.7776 1.4236, 0.861 0.7776 1.4377, 0.8688 0.7776 1.4567, 0.8583 0.7776 0.315, 0.861 0.7776 0.3353, 0.8688 0.7776 0.3543, 1.5948 0.7776 0.2508, 1.5763 0.7776 0.2553, 1.5837 0.7776 0.697, 1.5573 0.7776 0.2553, 1.5389 0.7776 0.2507, 0.8661 0.7776 1.3241, 0.9195 0.7776 1.2815, 0.8602 0.7776 1.3407, 0.8583 0.7776 1.3583, 0.8583 0.7776 1.4173, 0.8813 0.7776 0.3706, 0.8976 0.7776 0.3832, 0.9166 0.7776 0.391, 0.8813 0.7776 1.473, 0.8976 0.7776 1.4855, 0.9166 0.7776 1.4934, 1.6457 0.6988 0.1772, 1.6434 0.6988 0.196, 1.6366 0.6988 0.2138, 1.6258 0.6988 0.2294, 1.6116 0.6988 0.242, 1.5948 0.6988 0.2508, 1.5763 0.6988 0.2553, 1.5573 0.6988 0.2553, 1.5389 0.6988 0.2507, 1.5221 0.6988 0.2419, 1.5079 0.6988 0.2292, 1.4971 0.6988 0.2136, 1.4904 0.6988 0.1958, 1.6193 0.6988 0.7341, 1.6063 0.6988 0.7324, 1.4461 0.6988 0.4521, 1.7051 0.6988 0.8082, 1.696 0.6988 0.7862, 1.6949 0.6988 0.7835, 1.6804 0.6988 0.7646, 1.6786 0.6988 0.7623, 1.3905 0.6988 0.3964, 0.8583 0.6988 0.315, 1.6786 0.6988 0.907, 1.6807 0.6988 0.9043, 1.6949 0.6988 0.8858, 1.6961 0.6988 0.8829, 1.7051 0.6988 0.8611, 1.7053 0.6988 0.8593, 1.7086 0.6988 0.8346, 1.7053 0.6988 0.8098, 1.6328 0.6988 0.7358, 1.6506 0.6988 0.7432, 1.6574 0.6988 0.7461, 1.4383 0.6988 0.4331, 1.4258 0.6988 0.4168, 1.4488 0.6988 0.4724, 1.534 0.6988 0.7623, 1.5322 0.6988 0.7646, 1.5177 0.6988 0.7835, 1.5166 0.6988 0.7862, 1.5075 0.6988 0.8082, 1.4095 0.6988 0.4043, 1.9606 0.6988 1.4961, 1.6828 0.6988 1.4433, 1.6729 0.6988 1.432, 1.4488 0.6988 1.2008, 1.5075 0.6988 0.8611, 1.5165 0.6988 0.8829, 1.5177 0.6988 0.8858, 1.5319 0.6988 0.9043, 1.534 0.6988 0.907, 1.6193 0.6988 0.9352, 1.6328 0.6988 0.9334, 1.6506 0.6988 0.9261, 1.6574 0.6988 0.9232, 1.6738 0.6988 0.7586, 1.6575 0.6988 0.7461, 1.1932 0.6988 1.5001, 1.3701 0.6988 1.2795, 1.4052 0.6988 1.5708, 1.3905 0.6988 1.2768, 1.4175 0.6988 1.5738, 1.4095 0.6988 1.269, 1.5823 0.6988 1.4476, 1.5767 0.6988 1.4615, 1.7173 0.6988 1.489, 1.7055 0.6988 1.4807, 1.696 0.6988 1.4697, 1.4383 0.6988 1.2402, 1.6166 0.6988 1.4199, 1.4258 0.6988 1.2565, 1.6029 0.6988 1.4261, 1.5912 0.6988 1.4355, 2.0374 0.6988 1.4349, 1.4461 0.6988 1.2212, 1.6063 0.6988 0.9369, 2.0315 0.6988 1.4517, 2.022 0.6988 1.4667, 2.0094 0.6988 1.4791, 1.5073 0.6988 0.8098, 1.504 0.6988 0.8346, 1.5073 0.6988 0.8593, 1.658 0.6988 0.9228, 1.6738 0.6988 0.9106, 1.5933 0.6988 0.7341, 1.5798 0.6988 0.7358, 1.562 0.6988 0.7432, 1.5552 0.6988 0.7461, 1.5551 0.6988 0.7461, 1.5388 0.6988 0.7586, 1.3701 0.6988 0.3937, 0.937 0.6988 0.3937, 0.861 0.6988 0.3353, 0.8976 0.6988 0.3832, 0.8813 0.6988 0.3706, 0.8688 0.6988 0.3543, 0.8583 0.6988 1.4173, 0.8583 0.6988 1.3583, 0.937 0.6988 1.2795, 0.8602 0.6988 1.3407, 1.5748 0.6988 1.4764, 1.5748 0.6988 1.5748, 1.4301 0.6988 1.5748, 1.6604 0.6988 1.4236, 1.6463 0.6988 1.4186, 1.6314 0.6988 1.4174, 1.5388 0.6988 0.9106, 1.5546 0.6988 0.9228, 1.5552 0.6988 0.9232, 1.562 0.6988 0.9261, 1.5798 0.6988 0.9334, 1.5933 0.6988 0.9352, 0.8976 0.6988 1.4855, 0.8813 0.6988 1.473, 0.8688 0.6988 1.4567, 0.861 0.6988 1.4377, 0.937 0.6988 1.4961, 1.1683 0.6988 1.4961, 1.1809 0.6988 1.4971, 1.6895 0.6988 1.4567, 1.7452 0.6988 1.4961, 1.7308 0.6988 1.4943, 1.9775 0.6988 1.4942, 1.9943 0.6988 1.4885, 0.9166 0.6988 0.391, 0.8755 0.6988 1.3092, 0.8879 0.6988 1.2967, 0.9028 0.6988 1.2873, 0.9166 0.6988 1.4934, 0.8661 0.6988 1.3241, 0.9195 0.6988 1.2815, 1.9775 0.6988 1.4942, 1.9943 0.6988 1.4885, 2.0094 0.6988 1.4791, 2.022 0.6988 1.4667, 2.0315 0.6988 1.4517, 2.0374 0.6988 1.4349, 1.3905 0.6988 1.2768, 1.4095 0.6988 1.269, 1.4258 0.6988 1.2565, 1.4383 0.6988 1.2402, 1.4461 0.6988 1.2212, 1.4461 0.6988 0.4521, 1.4383 0.6988 0.4331, 1.4258 0.6988 0.4168, 1.4095 0.6988 0.4043, 1.3905 0.6988 0.3964, 1.5075 0.6988 0.8082, 1.5256 0.711 0.7861, 1.5177 0.6988 0.7835, 1.535 0.7026 0.7645, 1.5599 0.7027 0.7461, 1.6786 0.6988 0.7623, 1.6776 0.7026 0.7645, 1.6949 0.6988 0.7835, 1.687 0.711 0.7861, 1.7051 0.6988 0.8082, 1.6929 0.7162 0.8098, 1.6627 0.7162 0.7645, 1.5798 0.6988 0.7358, 1.5742 0.711 0.7461, 1.5899 0.7162 0.7461, 1.6063 0.6988 0.7324, 1.6063 0.7179 0.7461, 1.6227 0.7162 0.7461, 1.6328 0.6988 0.7358, 1.6385 0.711 0.7461, 1.6527 0.7027 0.7461, 1.6574 0.6988 0.7461, 1.5552 0.6988 0.7461, 1.5177 0.7179 0.8346, 1.5197 0.7162 0.8098, 1.5362 0.7348 0.8346, 1.5377 0.7327 0.8098, 1.5577 0.7474 0.8346, 1.5588 0.745 0.8098, 1.5815 0.7552 0.8346, 1.582 0.7526 0.8098, 1.6063 0.7579 0.8346, 1.6063 0.7552 0.8098, 1.6312 0.7552 0.8346, 1.6306 0.7526 0.8098, 1.6549 0.7474 0.8346, 1.6538 0.745 0.8098, 1.6764 0.7348 0.8346, 1.6749 0.7327 0.8098, 1.6949 0.7179 0.8346, 1.5424 0.7264 0.7861, 1.562 0.7379 0.7861, 1.5837 0.745 0.7861, 1.6063 0.7474 0.7861, 1.629 0.745 0.7861, 1.6506 0.7379 0.7861, 1.6702 0.7264 0.7861, 1.5499 0.7162 0.7645, 1.5672 0.7264 0.7645, 1.5863 0.7327 0.7645, 1.6063 0.7348 0.7645, 1.6263 0.7327 0.7645, 1.6454 0.7264 0.7645, 1.534 0.6988 0.7623, 1.6796 0.7796 0.9522, 1.723 0.7952 0.866, 1.7185 0.7892 0.8966, 1.7111 0.7794 0.9256, 1.6874 0.7944 0.9256, 1.6563 0.7895 0.9522, 1.6316 0.7956 0.9522, 1.6063 0.7976 0.9522, 1.581 0.7956 0.9522, 1.5563 0.7895 0.9522, 1.533 0.7796 0.9522, 1.5015 0.7794 0.9256, 1.5252 0.7944 0.9256, 1.4941 0.7892 0.8966, 1.4881 0.7972 0.8346, 1.7245 0.7972 0.8346, 1.6977 0.8141 0.8346, 1.6966 0.8119 0.866, 1.6686 0.8265 0.8346, 1.6678 0.8241 0.866, 1.6379 0.8341 0.8346, 1.6375 0.8316 0.866, 1.6063 0.8366 0.8346, 1.6063 0.8341 0.866, 1.5748 0.8341 0.8346, 1.5752 0.8316 0.866, 1.544 0.8265 0.8346, 1.5448 0.8241 0.866, 1.5149 0.8141 0.8346, 1.5161 0.8119 0.866, 1.4896 0.7952 0.866, 1.5195 0.8052 0.8966, 1.5472 0.817 0.8966, 1.5764 0.8242 0.8966, 1.6063 0.8266 0.8966, 1.6363 0.8242 0.8966, 1.6654 0.817 0.8966, 1.6931 0.8052 0.8966, 1.5511 0.8054 0.9256, 1.5783 0.8121 0.9256, 1.6063 0.8144 0.9256, 1.6343 0.8121 0.9256, 1.6616 0.8054 0.9256, 1.6795 0.7793 0.7166, 1.5331 0.7793 0.7166, 1.4896 0.7952 0.8031, 1.4942 0.7891 0.7724, 1.5016 0.7792 0.7434, 1.5253 0.7942 0.7434, 1.5565 0.7892 0.7166, 1.5811 0.7953 0.7166, 1.6063 0.7973 0.7166, 1.6316 0.7953 0.7166, 1.6562 0.7892 0.7166, 1.6873 0.7942 0.7434, 1.711 0.7792 0.7434, 1.7184 0.7891 0.7724, 1.5511 0.8052 0.7434, 1.5783 0.8119 0.7434, 1.6063 0.8142 0.7434, 1.6343 0.8119 0.7434, 1.6615 0.8052 0.7434, 1.5196 0.8052 0.7724, 1.5472 0.8169 0.7724, 1.5764 0.8241 0.7724, 1.6063 0.8265 0.7724, 1.6362 0.8241 0.7724, 1.6654 0.8169 0.7724, 1.693 0.8052 0.7724, 1.5161 0.8119 0.8031, 1.5448 0.8241 0.8031, 1.5752 0.8316 0.8031, 1.6063 0.8341 0.8031, 1.6375 0.8316 0.8031, 1.6678 0.8241 0.8031, 1.6965 0.8119 0.8031, 1.723 0.7952 0.8031, 1.7051 0.6988 0.8611, 1.6871 0.7111 0.883, 1.6949 0.6988 0.8858, 1.6778 0.7028 0.9044, 1.653 0.703 0.9228, 1.534 0.6988 0.907, 1.5349 0.7028 0.9044, 1.5177 0.6988 0.8858, 1.5255 0.7111 0.883, 1.5075 0.6988 0.8611, 1.5197 0.7162 0.8593, 1.5497 0.7164 0.9044, 1.6328 0.6988 0.9334, 1.6386 0.7114 0.9228, 1.6228 0.7166 0.9228, 1.6063 0.6988 0.9369, 1.6063 0.7184 0.9228, 1.5898 0.7166 0.9228, 1.5798 0.6988 0.9334, 1.574 0.7114 0.9228, 1.5596 0.703 0.9228, 1.5552 0.6988 0.9232, 1.6574 0.6988 0.9232, 1.5671 0.7266 0.9044, 1.5863 0.7329 0.9044, 1.6063 0.7351 0.9044, 1.6264 0.7329 0.9044, 1.6455 0.7266 0.9044, 1.6629 0.7164 0.9044, 1.6786 0.6988 0.907, 1.5423 0.7265 0.883, 1.562 0.738 0.883, 1.5836 0.7451 0.883, 1.6063 0.7475 0.883, 1.629 0.7451 0.883, 1.6506 0.738 0.883, 1.6703 0.7265 0.883, 1.5377 0.7327 0.8593, 1.5588 0.745 0.8593, 1.582 0.7527 0.8593, 1.6063 0.7553 0.8593, 1.6306 0.7527 0.8593, 1.6538 0.745 0.8593, 1.6749 0.7327 0.8593, 1.6929 0.7162 0.8593, -0.3228 -0.6337 0.5625, -0.3247 -0.632 0.5352, -0.3267 -0.6146 0.5366, -0.3424 -0.6285 0.4773, -0.3427 -0.6284 0.4764, -0.3445 -0.611 0.4784, -0.3662 -0.6262 0.4404, -0.3781 -0.6254 0.4261, -0.3795 -0.608 0.4285, -0.3972 -0.6243 0.4092, -0.4012 -0.6241 0.4056, -0.4024 -0.6067 0.4083, -0.4345 -0.6229 0.3859, -0.4556 -0.6224 0.3768, -0.4562 -0.605 0.3797, -0.476 -0.622 0.3715, -0.4855 -0.6219 0.369, -0.4858 -0.6045 0.3721, -0.5197 -0.6217 0.3663, -0.5471 -0.6218 0.368, -0.5468 -0.6044 0.371, -0.6051 -0.6229 0.3856, -0.606 -0.6229 0.3859, -0.6051 -0.6055 0.3888, -0.642 -0.6243 0.4094, -0.6564 -0.6251 0.4212, -0.655 -0.6077 0.4237, -0.6733 -0.6262 0.4403, -0.6769 -0.6265 0.4443, -0.6753 -0.6091 0.4465, -0.6966 -0.6285 0.4775, -0.7058 -0.6298 0.4986, -0.7039 -0.6123 0.5003, -0.7111 -0.631 0.519, -0.7135 -0.6316 0.5284, -0.7116 -0.6142 0.5298, -0.5542 -0.5482 0.4546, -0.5361 -0.548 0.4506, -0.5593 -0.5492 0.4378, -0.5385 -0.5489 0.4332, -0.5642 -0.554 0.4215, -0.5409 -0.5537 0.4164, -0.5685 -0.5625 0.4067, -0.5429 -0.5622 0.401, -0.5722 -0.5742 0.394, -0.5447 -0.5738 0.3879, -0.5749 -0.5886 0.3842, -0.546 -0.5882 0.3778, -0.5766 -0.6048 0.3776, -0.4067 -0.553 0.5329, -0.4027 -0.5541 0.551, -0.39 -0.5547 0.5277, -0.3854 -0.5559 0.5484, -0.3741 -0.5602 0.5225, -0.3689 -0.5616 0.5457, -0.3598 -0.5693 0.5175, -0.3541 -0.5708 0.5431, -0.3479 -0.5815 0.5131, -0.3418 -0.5832 0.5406, -0.3389 -0.5962 0.5095, -0.3325 -0.598 0.5384, -0.3333 -0.6127 0.5068, -0.6378 -0.555 0.5653, -0.636 -0.5539 0.5469, -0.6553 -0.5569 0.5649, -0.6532 -0.5557 0.5437, -0.6719 -0.5627 0.5642, -0.6696 -0.5613 0.5405, -0.6869 -0.5721 0.5634, -0.6843 -0.5705 0.5373, -0.6993 -0.5845 0.5624, -0.6966 -0.5828 0.5344, -0.7087 -0.5994 0.5613, -0.7059 -0.5976 0.5318, -0.7145 -0.616 0.5602, -0.7165 -0.6335 0.5591, -0.6984 -0.5959 0.5032, -0.6896 -0.5811 0.5071, -0.6778 -0.5689 0.5119, -0.6637 -0.5599 0.5174, -0.6479 -0.5544 0.5231, -0.6314 -0.5528 0.529, -0.6935 -0.6281 0.4703, -0.6917 -0.6106 0.4723, -0.6866 -0.5942 0.476, -0.6783 -0.5796 0.4813, -0.6673 -0.5675 0.4879, -0.6541 -0.5585 0.4955, -0.6394 -0.5532 0.5037, -0.624 -0.5517 0.512, -0.614 -0.5508 0.4964, -0.628 -0.5521 0.4857, -0.6413 -0.5573 0.4754, -0.6532 -0.5661 0.4658, -0.6632 -0.5781 0.4576, -0.6707 -0.5927 0.451, -0.651 -0.5913 0.4289, -0.6445 -0.5768 0.4365, -0.6358 -0.5649 0.4462, -0.6254 -0.5562 0.4575, -0.6139 -0.5511 0.4698, -0.6017 -0.5499 0.4825, -0.6326 -0.6239 0.4016, -0.6314 -0.6065 0.4043, -0.6281 -0.5902 0.41, -0.6227 -0.5757 0.4186, -0.6156 -0.5639 0.4296, -0.607 -0.5553 0.4424, -0.5975 -0.5503 0.4563, -0.5874 -0.5492 0.4708, -0.5714 -0.5486 0.4614, -0.5791 -0.5496 0.4455, -0.5864 -0.5545 0.4303, -0.593 -0.5631 0.4163, -0.5984 -0.5749 0.4043, -0.6025 -0.5892 0.395, -0.5772 -0.6222 0.3746, -0.5634 -0.622 0.3716, -0.5162 -0.6217 0.3661, -0.5163 -0.6043 0.3691, -0.5164 -0.5881 0.376, -0.5165 -0.5737 0.3862, -0.5167 -0.5621 0.3994, -0.517 -0.5536 0.4149, -0.5173 -0.5488 0.4319, -0.5176 -0.5479 0.4495, -0.4992 -0.548 0.4513, -0.4961 -0.5489 0.4339, -0.4932 -0.5537 0.4172, -0.4906 -0.5622 0.4019, -0.4885 -0.5739 0.3889, -0.4868 -0.5882 0.3788, -0.4581 -0.5887 0.3862, -0.4612 -0.5743 0.396, -0.4652 -0.5626 0.4085, -0.4701 -0.5541 0.4232, -0.4755 -0.5493 0.4392, -0.4812 -0.5483 0.4559, -0.4272 -0.6231 0.3891, -0.4282 -0.6057 0.3919, -0.4309 -0.5894 0.398, -0.4353 -0.575 0.4072, -0.4412 -0.5633 0.419, -0.4482 -0.5547 0.4327, -0.456 -0.5498 0.4477, -0.4642 -0.5488 0.4633, -0.4486 -0.5494 0.4732, -0.438 -0.5505 0.4591, -0.428 -0.5555 0.4455, -0.419 -0.5641 0.433, -0.4115 -0.576 0.4223, -0.4059 -0.5904 0.4139, -0.3837 -0.5916 0.4336, -0.3904 -0.5771 0.441, -0.3994 -0.5652 0.4504, -0.4101 -0.5564 0.4613, -0.4221 -0.5513 0.4732, -0.4347 -0.5501 0.4855, -0.3584 -0.6268 0.4499, -0.36 -0.6094 0.4521, -0.3648 -0.593 0.4564, -0.3725 -0.5784 0.4627, -0.3827 -0.5664 0.4706, -0.3949 -0.5576 0.4797, -0.4086 -0.5523 0.4896, -0.4229 -0.551 0.4997, -0.4135 -0.552 0.5157, -0.3978 -0.5535 0.5079, -0.3828 -0.5588 0.5003, -0.3694 -0.5678 0.4932, -0.3582 -0.5799 0.4869, -0.3498 -0.5946 0.4819, -0.3314 -0.6302 0.5051, -0.3284 -0.631 0.519, -0.3229 -0.6339 0.566, -0.3248 -0.6164 0.567, -0.3307 -0.5998 0.5679, -0.34 -0.5849 0.5687, -0.3525 -0.5724 0.5692, -0.3674 -0.5631 0.5695, -0.3841 -0.5572 0.5696, -0.4016 -0.5552 0.5694, -0.7165 -0.6337 0.5625, -0.7146 -0.6354 0.5899, -0.7127 -0.6179 0.5907, -0.697 -0.6389 0.6478, -0.6966 -0.639 0.6487, -0.6948 -0.6214 0.6489, -0.6731 -0.6412 0.6847, -0.6613 -0.6421 0.699, -0.6599 -0.6245 0.6987, -0.6422 -0.6431 0.7159, -0.6382 -0.6433 0.7194, -0.637 -0.6257 0.7189, -0.6049 -0.6445 0.7391, -0.5838 -0.6451 0.7483, -0.5831 -0.6275 0.7475, -0.5634 -0.6454 0.7536, -0.5539 -0.6455 0.756, -0.5535 -0.6279 0.7552, -0.3973 -0.6431 0.7157, -0.383 -0.6424 0.7039, -0.3843 -0.6248 0.7036, -0.366 -0.6412 0.6848, -0.3625 -0.6409 0.6808, -0.3641 -0.6234 0.6807, -0.3427 -0.6389 0.6476, -0.3336 -0.6376 0.6265, -0.3354 -0.6201 0.627, -0.3283 -0.6364 0.6061, -0.3258 -0.6358 0.5967, -0.3278 -0.6183 0.5974, -0.4679 -0.5616 0.6733, -0.4852 -0.562 0.6801, -0.4602 -0.5645 0.6889, -0.48 -0.565 0.6967, -0.4529 -0.5713 0.7035, -0.4752 -0.5718 0.7122, -0.4464 -0.5814 0.7163, -0.4708 -0.582 0.7259, -0.4409 -0.5946 0.7267, -0.4672 -0.5952 0.737, -0.4368 -0.61 0.7342, -0.4644 -0.6107 0.7451, -0.4343 -0.6269 0.7385, -0.4627 -0.6276 0.7496, -0.6326 -0.5572 0.6018, -0.6366 -0.5561 0.5837, -0.6494 -0.5595 0.6068, -0.654 -0.5582 0.5861, -0.6653 -0.5656 0.6113, -0.6705 -0.5642 0.588, -0.6796 -0.5752 0.6151, -0.6853 -0.5737 0.5895, -0.6915 -0.5879 0.618, -0.6976 -0.5862 0.5905, -0.7005 -0.603 0.6198, -0.7069 -0.6012 0.5909, -0.706 -0.6197 0.6205, -0.4034 -0.5564 0.5878, -0.3861 -0.5585 0.5908, -0.3697 -0.5645 0.5933, -0.355 -0.574 0.5953, -0.3427 -0.5866 0.5967, -0.3335 -0.6016 0.5974, -0.3409 -0.6034 0.6261, -0.3498 -0.5883 0.6239, -0.3616 -0.5756 0.6207, -0.3757 -0.5659 0.6164, -0.3914 -0.5598 0.6113, -0.408 -0.5575 0.6057, -0.3459 -0.6394 0.6548, -0.3476 -0.6218 0.655, -0.3528 -0.605 0.6532, -0.361 -0.5899 0.6498, -0.3721 -0.5771 0.6447, -0.3852 -0.5673 0.6382, -0.3999 -0.561 0.6308, -0.4154 -0.5585 0.6227, -0.4254 -0.5595 0.6383, -0.4114 -0.5621 0.6487, -0.3981 -0.5685 0.6584, -0.3862 -0.5784 0.6668, -0.3762 -0.5913 0.6735, -0.3687 -0.6066 0.6782, -0.3884 -0.6079 0.7004, -0.3949 -0.5926 0.6946, -0.4035 -0.5796 0.6864, -0.4139 -0.5696 0.6762, -0.4255 -0.563 0.6646, -0.4376 -0.5603 0.6522, -0.4068 -0.6436 0.7235, -0.4079 -0.626 0.723, -0.4113 -0.6091 0.7192, -0.4166 -0.5937 0.7125, -0.4238 -0.5806 0.703, -0.4324 -0.5705 0.6914, -0.4419 -0.5639 0.6781, -0.4519 -0.561 0.6639, -0.4334 -0.6445 0.7392, -0.5197 -0.6457 0.7588, -0.4923 -0.6456 0.7571, -0.4926 -0.628 0.7562, -0.4934 -0.611 0.7515, -0.4947 -0.5956 0.7431, -0.4964 -0.5824 0.7316, -0.4985 -0.5721 0.7174, -0.5008 -0.5653 0.7013, -0.5033 -0.5623 0.6841, -0.476 -0.6454 0.7535, -0.4621 -0.6452 0.7504, -0.4343 -0.6445 0.7395, -0.5231 -0.6457 0.759, -0.5231 -0.6281 0.7581, -0.523 -0.6112 0.7533, -0.5228 -0.5957 0.7449, -0.5226 -0.5825 0.7332, -0.5224 -0.5722 0.7188, -0.5221 -0.5654 0.7026, -0.5218 -0.5623 0.6852, -0.5402 -0.5622 0.6834, -0.5432 -0.5652 0.7005, -0.5461 -0.5721 0.7166, -0.5487 -0.5823 0.7307, -0.5509 -0.5955 0.7421, -0.5525 -0.611 0.7505, -0.5813 -0.6105 0.743, -0.5782 -0.5951 0.7351, -0.5741 -0.5819 0.7241, -0.5693 -0.5717 0.7106, -0.5639 -0.5649 0.6952, -0.5581 -0.5619 0.6788, -0.6121 -0.6443 0.736, -0.6112 -0.6267 0.7353, -0.6085 -0.6098 0.7312, -0.604 -0.5944 0.7239, -0.5982 -0.5813 0.7137, -0.5912 -0.5711 0.7011, -0.5834 -0.5644 0.6868, -0.5751 -0.5615 0.6714, -0.5908 -0.5609 0.6615, -0.6013 -0.5637 0.6753, -0.6113 -0.5703 0.6882, -0.6203 -0.5804 0.6996, -0.6278 -0.5935 0.7088, -0.6335 -0.6088 0.7153, -0.6557 -0.6076 0.6957, -0.6489 -0.5923 0.6901, -0.64 -0.5794 0.6822, -0.6292 -0.5694 0.6724, -0.6173 -0.5628 0.6613, -0.6047 -0.5601 0.6492, -0.6809 -0.6406 0.6752, -0.6793 -0.623 0.6752, -0.6746 -0.6062 0.6728, -0.6669 -0.591 0.6684, -0.6567 -0.5781 0.662, -0.6444 -0.5682 0.654, -0.6308 -0.5618 0.6449, -0.6164 -0.5593 0.635, -0.6258 -0.5583 0.619, -0.6416 -0.5607 0.6266, -0.6566 -0.567 0.6335, -0.67 -0.5767 0.6394, -0.6812 -0.5895 0.6441, -0.6896 -0.6047 0.6473, -0.7079 -0.6372 0.62, -0.711 -0.6364 0.6061, -0.8322 -0.651 0.1475, -0.8324 -0.651 0.1495, -0.2209 -0.651 0.1191, -0.228 -0.651 0.1114, -0.7899 -0.651 0.0962, -0.8041 -0.651 0.1047, -0.8049 -0.651 0.1054, -0.8139 -0.651 0.1137, -0.817 -0.651 0.1182, -0.8255 -0.651 0.1302, -0.8266 -0.651 0.1329, -0.2059 -0.651 0.1535, -0.2079 -0.651 0.1468, -0.7699 -0.651 0.0894, -0.7733 -0.651 0.0905, -0.2112 -0.651 0.1356, -0.2158 -0.651 0.1279, -0.2303 -0.651 0.1089, -0.2443 -0.651 0.099, -0.7877 -0.651 0.0949, -0.2631 -0.651 0.091, -0.264 -0.651 0.0906, -0.2468 -0.651 0.0972, -0.2047 -1.1024 1.2008, -0.2047 -1.0236 1.2008, -0.2047 -1.1024 1.2402, -0.2047 -1.0236 1.2402, -0.2047 -1.0973 1.2867, -0.2047 -1.0194 1.274, -0.2047 -1.0823 1.3312, -0.2047 -1.007 1.3057, -0.2047 -1.0581 1.3713, -0.2047 -0.9873 1.3334, -0.2047 -1.0259 1.4053, -0.2047 -0.9613 1.3555, -0.2047 -0.7598 1.2958, -0.2047 -0.7 1.3514, -0.2047 -0.7772 1.325, -0.2047 -0.7283 1.3887, -0.2047 -0.8014 1.349, -0.2047 -0.764 1.4191, -0.2047 -0.8307 1.3664, -0.2047 -0.8053 1.4412, -0.2047 -0.8633 1.3761, -0.2047 -0.8505 1.4538, -0.2047 -0.8974 1.3775, -0.2047 -0.8973 1.4564, -0.2047 -0.9307 1.3704, -0.2047 -0.9435 1.4489, -0.2047 -0.9871 1.4316, -0.2047 -0.7276 0.1624, -0.2047 -0.7797 1.0147, -0.2047 -0.7011 1.0195, -0.2047 -0.7795 1.0759, -0.2047 -0.7009 1.0705, -0.2047 -0.7713 1.1366, -0.2047 -0.6941 1.1211, -0.2047 -0.7554 1.1958, -0.2047 -0.6808 1.1704, -0.2047 -0.7485 1.2291, -0.2047 -0.6706 1.2161, -0.2047 -0.75 1.2631, -0.2047 -0.6705 1.263, -0.2047 -0.6805 1.3088, -0.2074 -0.7263 0.142, -0.2153 -0.7252 0.1231, -0.2278 -0.7242 0.1068, -0.2441 -0.7234 0.0943, -0.2631 -0.7229 0.0865, -0.2835 -0.7228 0.0838, -0.8346 -0.9873 1.3334, -0.8346 -1.0259 1.4053, -0.8346 -0.9613 1.3555, -0.8346 -0.9871 1.4316, -0.8346 -0.9307 1.3704, -0.8346 -0.9435 1.4489, -0.8346 -0.8974 1.3775, -0.8346 -0.8973 1.4564, -0.8346 -0.8633 1.3761, -0.8346 -0.8505 1.4538, -0.8346 -0.8307 1.3664, -0.8346 -0.8053 1.4412, -0.8346 -0.8014 1.349, -0.8346 -0.764 1.4191, -0.8346 -0.7772 1.325, -0.8346 -0.7283 1.3887, -0.8346 -0.7 1.3514, -0.8346 -0.7598 1.2958, -0.8346 -0.6805 1.3088, -0.8346 -0.75 1.2631, -0.8346 -0.6705 1.263, -0.8346 -0.7485 1.2291, -0.8346 -0.6706 1.2161, -0.8346 -0.7554 1.1958, -0.8346 -0.6808 1.1704, -0.8346 -0.7713 1.1366, -0.8346 -0.6941 1.1211, -0.8346 -0.7795 1.0759, -0.8346 -0.7009 1.0705, -0.8346 -0.7797 1.0147, -0.8346 -1.0236 1.2008, -0.8346 -1.1024 1.2008, -0.8346 -1.0236 1.2402, -0.8346 -1.1024 1.2402, -0.8346 -1.0194 1.274, -0.8346 -1.0973 1.2867, -0.8346 -1.007 1.3057, -0.8346 -1.0823 1.3312, -0.8346 -1.0581 1.3713, -0.8346 -0.7276 0.1624, -0.8346 -0.7011 1.0195, -0.7559 -0.7228 0.0838, -0.7734 -0.7229 0.0857, -0.7901 -0.7232 0.0916, -0.805 -0.7238 0.1009, -0.8175 -0.7246 0.1134, -0.8268 -0.7255 0.1283, -0.8327 -0.7265 0.1449, -0.3324 -0.7479 0.4947, -0.3443 -0.7461 0.4662, -0.6951 -0.7461 0.4661, -0.7069 -0.7479 0.4946, -0.4303 -0.7409 0.3803, -0.4588 -0.7402 0.3685, -0.4888 -0.7397 0.3613, -0.5196 -0.7396 0.3589, -0.5504 -0.7397 0.3613, -0.6789 -0.7445 0.4398, -0.3805 -0.7601 0.6943, -0.3605 -0.7587 0.6709, -0.3253 -0.7535 0.5861, -0.3228 -0.7516 0.5554, -0.3252 -0.7497 0.5246, -0.3443 -0.7571 0.6446, -0.3325 -0.7553 0.6161, -0.7141 -0.7497 0.5246, -0.7165 -0.7516 0.5553, -0.7141 -0.7535 0.586, -0.7069 -0.7553 0.616, -0.3604 -0.7445 0.4399, -0.3805 -0.7431 0.4164, -0.4039 -0.7419 0.3964, -0.6353 -0.7419 0.3963, -0.6588 -0.7431 0.4164, -0.5805 -0.7402 0.3685, -0.609 -0.7409 0.3802, -0.6951 -0.7571 0.6445, -0.679 -0.7587 0.6708, -0.6589 -0.7601 0.6942, -0.6354 -0.7613 0.7143, -0.6091 -0.7623 0.7304, -0.5806 -0.763 0.7422, -0.5505 -0.7635 0.7494, -0.5197 -0.7636 0.7518, -0.4889 -0.7635 0.7494, -0.4589 -0.763 0.7422, -0.4304 -0.7623 0.7304, -0.404 -0.7613 0.7143, -0.8452 -1.0236 1.1614, -0.8373 -1.0236 1.1804, -0.1942 -1.0236 1.1614, -1.0315 -1.0236 0.5118, -1.0394 -1.0236 0.5118, -1.0394 -1.0236 0.7874, -0.9134 -1.0236 1.122, -0.893 -1.0236 1.1247, -0.874 -1.0236 1.1326, -0.8577 -1.0236 1.1451, -0.0232 -1.0236 0.5098, -0.0374 -1.0236 0.5039, -0.1464 -1.0236 1.1247, -0.0496 -1.0236 0.4945, -0.059 -1.0236 0.4823, -0.1653 -1.0236 1.1326, -0.1817 -1.0236 1.1451, -0.6985 -1.0236 0.3993, -0.6769 -1.0236 0.368, -0.9736 -1.0236 0.4409, -0.202 -1.0236 1.1804, -0.9528 -1.0236 0.1575, -0.9977 -1.0236 0.4043, -0.7165 -1.0236 0.1575, -0.9867 -1.0236 0.4143, -0.3228 -1.0236 0.1575, -0.9785 -1.0236 0.4268, -0.6149 -1.0236 0.6197, -0.6485 -1.0236 0.602, -0.9814 -1.0236 0.484, -0.6769 -1.0236 0.5769, -0.6985 -1.0236 0.5456, -0.712 -1.0236 0.5101, -0.9751 -1.0236 0.4704, -0.7165 -1.0236 0.4724, -0.9725 -1.0236 0.4558, -0.578 -1.0236 0.6288, -1.033 -1.0236 0.8191, -1.0315 -1.0236 0.8346, -0.9136 -1.0236 1.122, -1.0315 -1.0236 0.9136, -0.0079 -1.0236 0.8346, -0.0063 -1.0236 0.8191, -0.0079 -1.0236 0.5118, 0.0 -1.0236 0.7874, 0.0 -1.0236 0.5118, -0.9908 -1.0236 0.4956, -1.0028 -1.0236 0.5044, -1.0167 -1.0236 0.5099, -0.712 -1.0236 0.4348, -1.0307 -1.0236 0.9251, -1.0282 -1.0236 0.9363, -0.9139 -1.0236 1.122, -0.9893 -1.0236 1.0659, -0.0649 -1.0236 0.468, -0.4061 -1.0236 0.5101, -0.4196 -1.0236 0.5456, -0.4412 -1.0236 0.5769, -1.0315 -1.0236 0.2362, -1.0315 -1.0236 0.3397, -1.0292 -1.0236 0.3584, -0.5032 -1.0236 0.3252, -0.4696 -1.0236 0.3428, -0.0669 -1.0236 0.4528, -0.4412 -1.0236 0.368, -0.6485 -1.0236 0.3428, -0.6149 -1.0236 0.3252, -0.578 -1.0236 0.3161, -0.5401 -1.0236 0.3161, -0.1056 -1.0236 1.1195, -0.087 -1.0236 1.112, -0.4696 -1.0236 0.602, -0.5032 -1.0236 0.6197, -0.5401 -1.0236 0.6288, -0.9703 -1.0236 0.1595, -1.0237 -1.0236 0.2021, -1.0295 -1.0236 0.2187, -0.9869 -1.0236 0.1653, -1.0018 -1.0236 0.1747, -1.0143 -1.0236 0.1871, -1.0225 -1.0236 0.3761, -1.0118 -1.0236 0.3917, -0.4196 -1.0236 0.3993, -0.4061 -1.0236 0.4348, -0.4016 -1.0236 0.4724, -0.9811 -1.0236 1.0843, -0.9685 -1.0236 1.1, -0.1255 -1.0236 1.122, -0.1257 -1.0236 1.122, -0.126 -1.0236 1.122, -0.0087 -1.0236 0.9251, -0.0079 -1.0236 0.9136, -0.0112 -1.0236 0.9363, -0.0501 -1.0236 1.0659, -0.0583 -1.0236 1.0843, -0.0708 -1.0236 1.1, -0.0652 -1.0236 0.4387, -0.0602 -1.0236 0.4254, -0.0522 -1.0236 0.4137, -0.0416 -1.0236 0.4043, -0.9524 -1.0236 1.112, -0.9338 -1.0236 1.1195, -0.0275 -1.0236 0.3917, -0.0168 -1.0236 0.3761, -0.0101 -1.0236 0.3584, -0.0079 -1.0236 0.3397, -0.0079 -1.0236 0.2362, -0.0866 -1.0236 0.1575, -0.0106 -1.0236 0.2158, -0.0662 -1.0236 0.1602, -0.0184 -1.0236 0.1969, -0.0309 -1.0236 0.1805, -0.0472 -1.0236 0.168, -0.9134 -1.1024 1.122, -0.893 -1.1024 1.1247, -0.874 -1.1024 1.1326, -0.8577 -1.1024 1.1451, -0.8452 -1.1024 1.1614, -0.8373 -1.1024 1.1804, -0.1817 -1.1024 1.1451, -0.1942 -1.1024 1.1614, -1.0394 -1.1024 0.7874, -0.9528 -1.1024 0.1575, -0.7165 -1.1024 0.1575, -1.0315 -1.1024 0.2362, -0.059 -1.1024 0.4823, -0.0496 -1.1024 0.4945, -0.1464 -1.1024 1.1247, -0.0374 -1.1024 0.5039, -0.0232 -1.1024 0.5098, -0.1653 -1.1024 1.1326, -0.202 -1.1024 1.1804, -1.0167 -1.1024 0.5099, -1.0315 -1.1024 0.5118, -1.0394 -1.1024 0.5118, -0.6955 -1.1024 0.5511, -0.6797 -1.1024 0.5736, -0.9814 -1.1024 0.484, -0.6603 -1.1024 0.593, -0.9136 -1.1024 1.122, -0.9139 -1.1024 1.122, -0.9338 -1.1024 1.1195, -1.0315 -1.1024 0.9136, -1.0315 -1.1024 0.8346, -1.033 -1.1024 0.8191, -0.5864 -1.1024 0.6275, -0.5591 -1.1024 0.6299, -0.4579 -1.1024 0.5931, -0.4384 -1.1024 0.5737, -0.4227 -1.1024 0.5512, -0.6602 -1.1024 0.3518, -0.6797 -1.1024 0.3712, -0.9736 -1.1024 0.4409, -0.6954 -1.1024 0.3937, -0.0275 -1.1024 0.3917, -0.0416 -1.1024 0.4043, -0.3228 -1.1024 0.1575, -1.0315 -1.1024 0.3397, -0.1255 -1.1024 1.122, -0.1257 -1.1024 1.122, -0.126 -1.1024 1.122, -0.9893 -1.1024 1.0659, -1.0282 -1.1024 0.9363, -0.613 -1.1024 0.6204, -0.4111 -1.1024 0.5263, -0.404 -1.1024 0.4998, -0.0649 -1.1024 0.468, -0.4016 -1.1024 0.4725, -0.0669 -1.1024 0.4528, -0.707 -1.1024 0.4185, -0.7141 -1.1024 0.4451, -0.9725 -1.1024 0.4558, -0.7165 -1.1024 0.4724, -0.9751 -1.1024 0.4704, -0.7141 -1.1024 0.4997, -0.707 -1.1024 0.5263, -0.5317 -1.1024 0.6275, -0.5052 -1.1024 0.6204, -0.4803 -1.1024 0.6088, -0.0079 -1.1024 0.3397, -0.0866 -1.1024 0.1575, -0.0063 -1.1024 0.8191, -0.0079 -1.1024 0.5118, 0.0 -1.1024 0.7874, 0.0 -1.1024 0.5118, -0.0087 -1.1024 0.9251, -0.0112 -1.1024 0.9363, -0.0079 -1.1024 0.9136, -0.0501 -1.1024 1.0659, -0.0079 -1.1024 0.8346, -0.9685 -1.1024 1.1, -0.9811 -1.1024 1.0843, -1.0307 -1.1024 0.9251, -0.6378 -1.1024 0.6088, -0.9908 -1.1024 0.4956, -1.0028 -1.1024 0.5044, -0.0522 -1.1024 0.4137, -0.0602 -1.1024 0.4254, -0.5317 -1.1024 0.3174, -0.559 -1.1024 0.315, -0.5864 -1.1024 0.3173, -0.6129 -1.1024 0.3244, -0.4384 -1.1024 0.3713, -0.4578 -1.1024 0.3518, -0.0652 -1.1024 0.4387, -0.4803 -1.1024 0.3361, -0.5051 -1.1024 0.3245, -0.9785 -1.1024 0.4268, -0.9867 -1.1024 0.4143, -0.9977 -1.1024 0.4043, -1.0118 -1.1024 0.3917, -0.0101 -1.1024 0.3584, -0.0168 -1.1024 0.3761, -0.6378 -1.1024 0.336, -1.0225 -1.1024 0.3761, -1.0292 -1.1024 0.3584, -1.0295 -1.1024 0.2187, -0.9869 -1.1024 0.1653, -0.9703 -1.1024 0.1595, -1.0237 -1.1024 0.2021, -1.0143 -1.1024 0.1871, -1.0018 -1.1024 0.1747, -0.0583 -1.1024 1.0843, -0.0708 -1.1024 1.1, -0.087 -1.1024 1.112, -0.1056 -1.1024 1.1195, -0.9524 -1.1024 1.112, -0.404 -1.1024 0.4451, -0.4111 -1.1024 0.4186, -0.4226 -1.1024 0.3937, -0.0662 -1.1024 0.1602, -0.0106 -1.1024 0.2158, -0.0079 -1.1024 0.2362, -0.0472 -1.1024 0.168, -0.0309 -1.1024 0.1805, -0.0184 -1.1024 0.1969, -0.5635 -0.6847 0.7517, -0.6051 -0.6838 0.7372, -0.3423 -0.6782 0.6454, -0.3658 -0.6805 0.6826, -0.3969 -0.6824 0.7138, -0.4343 -0.6838 0.7372, -0.4759 -0.6847 0.7517, -0.5197 -0.685 0.7566, -0.3423 -0.6678 0.4749, -0.3278 -0.6703 0.5164, -0.3228 -0.673 0.5601, -0.3278 -0.6757 0.6039, -0.6424 -0.6824 0.7138, -0.6736 -0.6805 0.6826, -0.697 -0.6782 0.6454, -0.697 -0.6678 0.4749, -0.6736 -0.6655 0.4376, -0.6424 -0.6636 0.4065, -0.4759 -0.6613 0.3686, -0.4343 -0.6622 0.3831, -0.7116 -0.6757 0.6039, -0.7165 -0.673 0.5601, -0.7116 -0.6703 0.5164, -0.6051 -0.6622 0.3831, -0.5635 -0.6613 0.3686, -0.5197 -0.661 0.3637, -0.3969 -0.6636 0.4065, -0.3658 -0.6655 0.4376, -0.6403 -0.6927 0.5589, -0.6574 -0.6945 0.5588, -0.6388 -0.6915 0.5401, -0.6557 -0.6932 0.5373, -0.6344 -0.6904 0.5217, -0.6507 -0.6919 0.5163, -0.6271 -0.6893 0.5043, -0.6424 -0.6907 0.4964, -0.6172 -0.6883 0.4882, -0.6311 -0.6896 0.478, -0.6049 -0.6875 0.4738, -0.6171 -0.6886 0.4616, -0.5906 -0.6867 0.4615, -0.6006 -0.6877 0.4476, -0.5744 -0.6861 0.4517, -0.5822 -0.6871 0.4363, -0.5569 -0.6857 0.4444, -0.5622 -0.6865 0.428, -0.5385 -0.6854 0.44, -0.5412 -0.6862 0.423, -0.5197 -0.6853 0.4386, -0.5196 -0.6861 0.4213, -0.5008 -0.6854 0.44, -0.4981 -0.6862 0.423, -0.4824 -0.6857 0.4445, -0.4771 -0.6865 0.4281, -0.4649 -0.6861 0.4517, -0.4571 -0.6871 0.4363, -0.4488 -0.6867 0.4616, -0.4387 -0.6877 0.4476, -0.4344 -0.6875 0.4738, -0.4222 -0.6886 0.4616, -0.4221 -0.6883 0.4882, -0.4082 -0.6896 0.478, -0.4122 -0.6893 0.5043, -0.3969 -0.6907 0.4964, -0.405 -0.6904 0.5218, -0.3886 -0.6919 0.5164, -0.4005 -0.6915 0.5401, -0.3836 -0.6932 0.5373, -0.3991 -0.6927 0.559, -0.3819 -0.6945 0.5589, -0.6738 -0.7001 0.5584, -0.6719 -0.6986 0.5344, -0.6662 -0.6972 0.5109, -0.657 -0.6958 0.4886, -0.6443 -0.6946 0.468, -0.6286 -0.6935 0.4497, -0.6102 -0.6925 0.434, -0.5896 -0.6917 0.4214, -0.5673 -0.6912 0.4122, -0.5438 -0.6908 0.4066, -0.5196 -0.6907 0.4047, -0.4955 -0.6908 0.4066, -0.472 -0.6912 0.4122, -0.4497 -0.6917 0.4214, -0.4291 -0.6925 0.4341, -0.4107 -0.6935 0.4497, -0.395 -0.6946 0.4681, -0.3824 -0.6959 0.4887, -0.3731 -0.6972 0.511, -0.3675 -0.6987 0.5345, -0.3656 -0.7001 0.5585, -0.6885 -0.7091 0.5579, -0.6864 -0.7075 0.5315, -0.6802 -0.7059 0.5058, -0.6701 -0.7044 0.4814, -0.6562 -0.7031 0.4589, -0.639 -0.7018 0.4387, -0.6189 -0.7008 0.4216, -0.5963 -0.6999 0.4078, -0.5718 -0.6993 0.3977, -0.5461 -0.6989 0.3915, -0.5196 -0.6988 0.3894, -0.4932 -0.6989 0.3915, -0.4675 -0.6993 0.3977, -0.443 -0.6999 0.4078, -0.4204 -0.7008 0.4216, -0.4003 -0.7018 0.4388, -0.3831 -0.7031 0.4589, -0.3692 -0.7044 0.4815, -0.3591 -0.7059 0.5059, -0.3529 -0.7075 0.5316, -0.3509 -0.7091 0.558, -0.7009 -0.7211 0.5572, -0.6987 -0.7194 0.5289, -0.692 -0.7177 0.5013, -0.6811 -0.7161 0.475, -0.6663 -0.7146 0.4508, -0.6478 -0.7133 0.4293, -0.6262 -0.7121 0.4108, -0.6019 -0.7112 0.396, -0.5756 -0.7106 0.3851, -0.548 -0.7102 0.3785, -0.5196 -0.71 0.3763, -0.4913 -0.7102 0.3785, -0.4636 -0.7106 0.3852, -0.4374 -0.7112 0.396, -0.4131 -0.7121 0.4109, -0.3915 -0.7133 0.4293, -0.373 -0.7146 0.4509, -0.3582 -0.7161 0.4751, -0.3473 -0.7177 0.5013, -0.3407 -0.7194 0.5289, -0.3384 -0.7211 0.5572, -0.7104 -0.7355 0.5563, -0.7081 -0.7337 0.5265, -0.7011 -0.7319 0.4974, -0.6896 -0.7302 0.4699, -0.674 -0.7286 0.4444, -0.6545 -0.7273 0.4217, -0.6318 -0.7261 0.4023, -0.6062 -0.7251 0.3867, -0.5786 -0.7244 0.3753, -0.5495 -0.724 0.3683, -0.5196 -0.7238 0.3659, -0.4898 -0.724 0.3683, -0.4607 -0.7244 0.3753, -0.4331 -0.7251 0.3867, -0.4075 -0.7261 0.4023, -0.3848 -0.7273 0.4217, -0.3654 -0.7287 0.4445, -0.3497 -0.7302 0.4699, -0.3383 -0.7319 0.4975, -0.3313 -0.7337 0.5266, -0.329 -0.7355 0.5564, -0.4006 -0.6938 0.5778, -0.3836 -0.6959 0.5804, -0.405 -0.6949 0.5962, -0.3887 -0.6971 0.6013, -0.4122 -0.696 0.6136, -0.3969 -0.6984 0.6213, -0.4221 -0.697 0.6297, -0.4082 -0.6995 0.6397, -0.4344 -0.6979 0.6441, -0.4223 -0.7005 0.6561, -0.4488 -0.6986 0.6563, -0.4387 -0.7014 0.6701, -0.4649 -0.6992 0.6662, -0.4572 -0.702 0.6814, -0.4824 -0.6997 0.6734, -0.4771 -0.7025 0.6896, -0.5008 -0.6999 0.6778, -0.4982 -0.7029 0.6946, -0.5197 -0.7 0.6793, -0.5197 -0.703 0.6963, -0.5386 -0.6999 0.6778, -0.5413 -0.7029 0.6946, -0.557 -0.6997 0.6734, -0.5623 -0.7025 0.6896, -0.5745 -0.6992 0.6662, -0.5823 -0.702 0.6813, -0.5906 -0.6986 0.6563, -0.6007 -0.7013 0.6701, -0.605 -0.6979 0.644, -0.6171 -0.7005 0.656, -0.6173 -0.697 0.6297, -0.6312 -0.6995 0.6396, -0.6272 -0.696 0.6136, -0.6424 -0.6984 0.6212, -0.6344 -0.6949 0.5961, -0.6507 -0.6971 0.6013, -0.6388 -0.6938 0.5777, -0.6558 -0.6959 0.5803, -0.3675 -0.7016 0.5826, -0.3731 -0.703 0.606, -0.3824 -0.7044 0.6283, -0.395 -0.7057 0.6489, -0.4107 -0.7068 0.6673, -0.4291 -0.7077 0.6829, -0.4497 -0.7085 0.6956, -0.4721 -0.7091 0.7048, -0.4956 -0.7094 0.7104, -0.5197 -0.7095 0.7123, -0.5438 -0.7094 0.7104, -0.5673 -0.7091 0.7048, -0.5897 -0.7085 0.6955, -0.6103 -0.7077 0.6829, -0.6287 -0.7068 0.6672, -0.6444 -0.7057 0.6489, -0.657 -0.7044 0.6283, -0.6663 -0.703 0.606, -0.6719 -0.7016 0.5825, -0.3529 -0.7107 0.5843, -0.3591 -0.7123 0.61, -0.3693 -0.7138 0.6345, -0.3831 -0.7152 0.657, -0.4003 -0.7164 0.6771, -0.4205 -0.7175 0.6943, -0.4431 -0.7183 0.7081, -0.4675 -0.7189 0.7182, -0.4933 -0.7193 0.7244, -0.5197 -0.7194 0.7264, -0.5461 -0.7193 0.7244, -0.5719 -0.7189 0.7182, -0.5964 -0.7183 0.7081, -0.6189 -0.7175 0.6942, -0.6391 -0.7164 0.6771, -0.6563 -0.7152 0.657, -0.6701 -0.7138 0.6344, -0.6803 -0.7123 0.61, -0.6864 -0.7107 0.5843, -0.3407 -0.7228 0.5855, -0.3473 -0.7245 0.6131, -0.3582 -0.7261 0.6394, -0.3731 -0.7276 0.6636, -0.3916 -0.7289 0.6851, -0.4132 -0.7301 0.7036, -0.4374 -0.731 0.7184, -0.4637 -0.7316 0.7293, -0.4914 -0.732 0.7359, -0.5197 -0.7322 0.7381, -0.5481 -0.732 0.7359, -0.5757 -0.7316 0.7292, -0.602 -0.731 0.7184, -0.6262 -0.73 0.7035, -0.6479 -0.7289 0.6851, -0.6663 -0.7276 0.6635, -0.6812 -0.7261 0.6393, -0.6921 -0.7245 0.6131, -0.6987 -0.7228 0.5855, -0.3313 -0.7373 0.5861, -0.3383 -0.7391 0.6152, -0.3498 -0.7408 0.6428, -0.3654 -0.7423 0.6683, -0.3848 -0.7437 0.691, -0.4076 -0.7449 0.7104, -0.4331 -0.7459 0.726, -0.4608 -0.7466 0.7374, -0.4899 -0.747 0.7444, -0.5197 -0.7471 0.7467, -0.5496 -0.747 0.7443, -0.5787 -0.7466 0.7374, -0.6063 -0.7459 0.7259, -0.6318 -0.7449 0.7103, -0.6546 -0.7437 0.6909, -0.674 -0.7423 0.6682, -0.6896 -0.7408 0.6427, -0.7011 -0.7391 0.6151, -0.7081 -0.7373 0.5861, -0.9136 -1.0236 1.122, -0.9136 -1.1024 1.122, -0.1257 -1.0236 1.122, -0.1257 -1.1024 1.122, -0.3228 -1.1811 0.0, -0.7165 -1.1811 0.0, -0.7165 -1.1461 0.0039, -0.3228 -1.1461 0.0039, -0.7165 -1.1128 0.0156, -0.3228 -1.1128 0.0156, -0.7165 -1.0829 0.0344, -0.3228 -1.0829 0.0344, -0.7165 -1.058 0.0593, -0.3228 -1.058 0.0593, -0.7165 -1.0392 0.0892, -0.3228 -1.0392 0.0892, -0.7165 -1.0276 0.1224, -0.3228 -1.0276 0.1224, -0.4016 -1.0039 0.4724, -0.404 -1.0039 0.4998, -0.4067 -1.0039 0.51, -0.4111 -1.0039 0.5263, -0.42 -1.0039 0.5454, -0.4227 -1.0039 0.5512, -0.4384 -1.0039 0.5737, -0.4414 -1.0039 0.5766, -0.4578 -1.0039 0.5931, -0.4699 -1.0039 0.6016, -0.4803 -1.0039 0.6088, -0.5033 -1.0039 0.6195, -0.5052 -1.0039 0.6204, -0.5317 -1.0039 0.6275, -0.5401 -1.0039 0.6283, -0.559 -1.0039 0.6299, -0.578 -1.0039 0.6283, -0.5864 -1.0039 0.6275, -0.6129 -1.0039 0.6204, -0.6148 -1.0039 0.6195, -0.6378 -1.0039 0.6088, -0.6482 -1.0039 0.6016, -0.6603 -1.0039 0.5931, -0.6767 -1.0039 0.5766, -0.6797 -1.0039 0.5737, -0.6954 -1.0039 0.5512, -0.6981 -1.0039 0.5454, -0.707 -1.0039 0.5263, -0.7165 -1.0039 0.4724, -0.7141 -1.0039 0.4998, -0.7114 -1.0039 0.51, -0.7141 -1.0039 0.4451, -0.6981 -1.0039 0.3994, -0.707 -1.0039 0.4186, -0.7114 -1.0039 0.4349, -0.6954 -1.0039 0.3937, -0.6797 -1.0039 0.3712, -0.6767 -1.0039 0.3682, -0.6603 -1.0039 0.3518, -0.6148 -1.0039 0.3253, -0.6378 -1.0039 0.3361, -0.6482 -1.0039 0.3433, -0.6129 -1.0039 0.3245, -0.5864 -1.0039 0.3174, -0.5401 -1.0039 0.3166, -0.559 -1.0039 0.315, -0.578 -1.0039 0.3166, -0.5317 -1.0039 0.3174, -0.5052 -1.0039 0.3245, -0.5033 -1.0039 0.3253, -0.4803 -1.0039 0.3361, -0.4414 -1.0039 0.3682, -0.4578 -1.0039 0.3518, -0.4699 -1.0039 0.3433, -0.4384 -1.0039 0.3712, -0.4227 -1.0039 0.3937, -0.42 -1.0039 0.3994, -0.4111 -1.0039 0.4186, -0.404 -1.0039 0.4451, -0.4067 -1.0039 0.4349, -0.3228 -1.105 0.1371, -0.7165 -1.105 0.1371, -0.3228 -1.1129 0.1181, -0.7165 -1.1129 0.1181, -0.3228 -1.1254 0.1018, -0.7165 -1.1254 0.1018, -0.3228 -1.1417 0.0893, -0.7165 -1.1417 0.0893, -0.3228 -1.1607 0.0814, -0.7165 -1.1607 0.0814, -0.3228 -1.1811 0.0787, -0.7165 -1.1811 0.0787, -0.4778 -1.0433 0.4725, -0.4607 -1.0452 0.4725, -0.479 -1.0433 0.4866, -0.4621 -1.0452 0.4896, -0.4827 -1.0433 0.5002, -0.4666 -1.0452 0.5061, -0.4887 -1.0433 0.5131, -0.4738 -1.0452 0.5217, -0.4968 -1.0433 0.5247, -0.4837 -1.0452 0.5357, -0.5068 -1.0433 0.5347, -0.4958 -1.0452 0.5478, -0.5184 -1.0433 0.5428, -0.5099 -1.0452 0.5577, -0.5313 -1.0433 0.5488, -0.5254 -1.0452 0.5649, -0.545 -1.0433 0.5525, -0.542 -1.0452 0.5694, -0.5591 -1.0433 0.5537, -0.5591 -1.0452 0.5708, -0.5732 -1.0433 0.5524, -0.5762 -1.0452 0.5693, -0.5869 -1.0433 0.5488, -0.5927 -1.0452 0.5649, -0.5997 -1.0433 0.5428, -0.6083 -1.0452 0.5576, -0.6113 -1.0433 0.5347, -0.6223 -1.0452 0.5478, -0.6213 -1.0433 0.5246, -0.6344 -1.0452 0.5357, -0.6294 -1.0433 0.513, -0.6443 -1.0452 0.5216, -0.6354 -1.0433 0.5002, -0.6515 -1.0452 0.5061, -0.6391 -1.0433 0.4865, -0.656 -1.0452 0.4895, -0.6403 -1.0433 0.4724, -0.6574 -1.0452 0.4724, -0.4443 -1.0508 0.4725, -0.4461 -1.0508 0.4924, -0.4512 -1.0508 0.5117, -0.4597 -1.0508 0.5298, -0.4712 -1.0508 0.5462, -0.4853 -1.0508 0.5604, -0.5017 -1.0508 0.5718, -0.5198 -1.0508 0.5803, -0.5392 -1.0508 0.5854, -0.5591 -1.0508 0.5872, -0.579 -1.0508 0.5854, -0.5983 -1.0508 0.5802, -0.6164 -1.0508 0.5718, -0.6328 -1.0508 0.5603, -0.647 -1.0508 0.5462, -0.6584 -1.0508 0.5298, -0.6669 -1.0508 0.5117, -0.672 -1.0508 0.4923, -0.6738 -1.0508 0.4724, -0.4296 -1.0598 0.4725, -0.4316 -1.0598 0.495, -0.4374 -1.0598 0.5168, -0.447 -1.0598 0.5372, -0.4599 -1.0598 0.5557, -0.4759 -1.0598 0.5716, -0.4944 -1.0598 0.5846, -0.5148 -1.0598 0.5941, -0.5366 -1.0598 0.5999, -0.5591 -1.0598 0.6019, -0.5816 -1.0598 0.5999, -0.6034 -1.0598 0.5941, -0.6238 -1.0598 0.5845, -0.6423 -1.0598 0.5716, -0.6582 -1.0598 0.5556, -0.6712 -1.0598 0.5371, -0.6807 -1.0598 0.5167, -0.6865 -1.0598 0.4949, -0.6885 -1.0598 0.4724, -0.4172 -1.0718 0.4725, -0.4193 -1.0718 0.4971, -0.4258 -1.0718 0.521, -0.4362 -1.0718 0.5434, -0.4504 -1.0718 0.5637, -0.4679 -1.0718 0.5811, -0.4882 -1.0718 0.5953, -0.5106 -1.0718 0.6058, -0.5345 -1.0718 0.6122, -0.5591 -1.0718 0.6143, -0.5837 -1.0718 0.6121, -0.6076 -1.0718 0.6057, -0.63 -1.0718 0.5953, -0.6503 -1.0718 0.5811, -0.6678 -1.0718 0.5636, -0.6819 -1.0718 0.5433, -0.6924 -1.0718 0.5209, -0.6988 -1.0718 0.497, -0.7009 -1.0718 0.4724, -0.4077 -1.0862 0.4725, -0.41 -1.0862 0.4988, -0.4168 -1.0862 0.5243, -0.428 -1.0862 0.5482, -0.4431 -1.0862 0.5698, -0.4618 -1.0862 0.5884, -0.4834 -1.0862 0.6035, -0.5073 -1.0862 0.6147, -0.5328 -1.0862 0.6215, -0.5591 -1.0862 0.6238, -0.5854 -1.0862 0.6215, -0.6109 -1.0862 0.6147, -0.6348 -1.0862 0.6035, -0.6564 -1.0862 0.5884, -0.675 -1.0862 0.5697, -0.6902 -1.0862 0.5481, -0.7013 -1.0862 0.5242, -0.7081 -1.0862 0.4987, -0.7104 -1.0862 0.4724, -0.6391 -1.0433 0.4583, -0.6559 -1.0452 0.4553, -0.6354 -1.0433 0.4446, -0.6515 -1.0452 0.4388, -0.6294 -1.0433 0.4318, -0.6443 -1.0452 0.4232, -0.6213 -1.0433 0.4202, -0.6344 -1.0452 0.4092, -0.6113 -1.0433 0.4102, -0.6223 -1.0452 0.397, -0.5996 -1.0433 0.4021, -0.6082 -1.0452 0.3872, -0.5868 -1.0433 0.3961, -0.5927 -1.0452 0.38, -0.5731 -1.0433 0.3924, -0.5761 -1.0452 0.3755, -0.559 -1.0433 0.3912, -0.559 -1.0452 0.374, -0.5449 -1.0433 0.3924, -0.5419 -1.0452 0.3755, -0.5312 -1.0433 0.3961, -0.5254 -1.0452 0.38, -0.5184 -1.0433 0.4021, -0.5098 -1.0452 0.3872, -0.5068 -1.0433 0.4102, -0.4958 -1.0452 0.3971, -0.4968 -1.0433 0.4202, -0.4837 -1.0452 0.4092, -0.4887 -1.0433 0.4318, -0.4738 -1.0452 0.4233, -0.4827 -1.0433 0.4447, -0.4666 -1.0452 0.4388, -0.479 -1.0433 0.4584, -0.4621 -1.0452 0.4554, -0.672 -1.0508 0.4525, -0.6669 -1.0508 0.4332, -0.6584 -1.0508 0.415, -0.6469 -1.0508 0.3987, -0.6328 -1.0508 0.3845, -0.6164 -1.0508 0.3731, -0.5983 -1.0508 0.3646, -0.5789 -1.0508 0.3594, -0.559 -1.0508 0.3577, -0.5391 -1.0508 0.3595, -0.5198 -1.0508 0.3646, -0.5017 -1.0508 0.3731, -0.4853 -1.0508 0.3846, -0.4711 -1.0508 0.3987, -0.4597 -1.0508 0.4151, -0.4512 -1.0508 0.4332, -0.4461 -1.0508 0.4526, -0.6865 -1.0598 0.4499, -0.6807 -1.0598 0.4281, -0.6711 -1.0598 0.4077, -0.6582 -1.0598 0.3892, -0.6422 -1.0598 0.3732, -0.6237 -1.0598 0.3603, -0.6033 -1.0598 0.3508, -0.5815 -1.0598 0.3449, -0.559 -1.0598 0.343, -0.5365 -1.0598 0.345, -0.5147 -1.0598 0.3508, -0.4943 -1.0598 0.3603, -0.4758 -1.0598 0.3733, -0.4599 -1.0598 0.3893, -0.4469 -1.0598 0.4077, -0.4374 -1.0598 0.4282, -0.4316 -1.0598 0.45, -0.6988 -1.0718 0.4478, -0.6923 -1.0718 0.4239, -0.6819 -1.0718 0.4015, -0.6677 -1.0718 0.3812, -0.6502 -1.0718 0.3637, -0.6299 -1.0718 0.3496, -0.6075 -1.0718 0.3391, -0.5836 -1.0718 0.3327, -0.559 -1.0718 0.3306, -0.5344 -1.0718 0.3327, -0.5105 -1.0718 0.3391, -0.4881 -1.0718 0.3496, -0.4678 -1.0718 0.3638, -0.4503 -1.0718 0.3813, -0.4362 -1.0718 0.4015, -0.4257 -1.0718 0.424, -0.4193 -1.0718 0.4478, -0.7081 -1.0862 0.4461, -0.7013 -1.0862 0.4206, -0.6901 -1.0862 0.3967, -0.675 -1.0862 0.3751, -0.6563 -1.0862 0.3565, -0.6347 -1.0862 0.3413, -0.6108 -1.0862 0.3302, -0.5853 -1.0862 0.3234, -0.559 -1.0862 0.3211, -0.5327 -1.0862 0.3234, -0.5072 -1.0862 0.3302, -0.4833 -1.0862 0.3414, -0.4617 -1.0862 0.3565, -0.4431 -1.0862 0.3752, -0.4279 -1.0862 0.3968, -0.4168 -1.0862 0.4207, -0.41 -1.0862 0.4462, -0.3228 -1.5945 0.0787, -0.3228 -1.5945 0.0, -0.5385 -1.5073 0.0, -0.5465 -1.513 0.0, -0.5294 -1.5037 0.0, -0.5528 -1.5205 0.0, -0.557 -1.5294 0.0, -0.585 -1.6132 0.0, -0.4866 -1.5205 0.0, -0.4929 -1.513 0.0, -0.6728 -1.6515 0.0, -0.687 -1.6456 0.0, -0.7165 -1.5945 0.0, -0.5008 -1.5073 0.0, -0.5099 -1.5037 0.0, -0.5197 -1.5025 0.0, -0.5913 -1.6264 0.0, -0.6008 -1.6377 0.0, -0.6127 -1.6463 0.0, -0.6264 -1.6517 0.0, -0.641 -1.6535 0.0, -0.6575 -1.6535 0.0, -0.6992 -1.6362 0.0, -0.7086 -1.624 0.0, -0.7145 -1.6098 0.0, -0.3819 -1.6535 0.0, -0.3984 -1.6535 0.0, -0.3243 -1.6076 0.0, -0.3287 -1.6201 0.0, -0.3357 -1.6313 0.0, -0.3451 -1.6407 0.0, -0.3563 -1.6477 0.0, -0.3687 -1.6521 0.0, -0.413 -1.6517 0.0, -0.4267 -1.6463 0.0, -0.4386 -1.6377 0.0, -0.448 -1.6264 0.0, -0.4544 -1.6132 0.0, -0.4823 -1.5294 0.0, -0.7165 -1.5945 0.0787, -0.6378 -0.9252 0.4724, -0.6553 -0.9272 0.4724, -0.6538 -0.9272 0.4892, -0.672 -0.933 0.4724, -0.6702 -0.933 0.492, -0.6869 -0.9424 0.4724, -0.6849 -0.9424 0.4946, -0.6994 -0.9548 0.4724, -0.6972 -0.9548 0.4968, -0.7087 -0.9698 0.4724, -0.7065 -0.9698 0.4984, -0.7146 -0.9864 0.4724, -0.7122 -0.9864 0.4994, -0.7052 -0.9864 0.5256, -0.6937 -0.9864 0.5502, -0.6782 -0.9864 0.5724, -0.659 -0.9864 0.5916, -0.6368 -0.9864 0.6071, -0.6122 -0.9864 0.6186, -0.5861 -0.9864 0.6256, -0.559 -0.9864 0.6279, -0.532 -0.9864 0.6256, -0.5059 -0.9864 0.6186, -0.4813 -0.9864 0.6071, -0.4591 -0.9864 0.5916, -0.4399 -0.9864 0.5724, -0.4244 -0.9864 0.5502, -0.4129 -0.9864 0.5256, -0.4059 -0.9864 0.4994, -0.4035 -0.9864 0.4724, -0.6997 -0.9698 0.5236, -0.6887 -0.9698 0.5473, -0.6737 -0.9698 0.5687, -0.6553 -0.9698 0.5871, -0.6339 -0.9698 0.6021, -0.6102 -0.9698 0.6131, -0.585 -0.9698 0.6199, -0.559 -0.9698 0.6221, -0.5331 -0.9698 0.6199, -0.5079 -0.9698 0.6131, -0.4842 -0.9698 0.6021, -0.4628 -0.9698 0.5871, -0.4444 -0.9698 0.5687, -0.4294 -0.9698 0.5473, -0.4184 -0.9698 0.5236, -0.4116 -0.9698 0.4984, -0.4094 -0.9698 0.4724, -0.6909 -0.9548 0.5204, -0.6806 -0.9548 0.5426, -0.6665 -0.9548 0.5626, -0.6492 -0.9548 0.5799, -0.6292 -0.9548 0.5939, -0.607 -0.9548 0.6043, -0.5834 -0.9548 0.6106, -0.559 -0.9548 0.6127, -0.5347 -0.9548 0.6106, -0.5111 -0.9548 0.6043, -0.4889 -0.9548 0.5939, -0.4689 -0.9548 0.5799, -0.4516 -0.9548 0.5626, -0.4375 -0.9548 0.5426, -0.4272 -0.9548 0.5204, -0.4209 -0.9548 0.4968, -0.4187 -0.9548 0.4724, -0.6792 -0.9424 0.5162, -0.6698 -0.9424 0.5364, -0.657 -0.9424 0.5546, -0.6412 -0.9424 0.5704, -0.623 -0.9424 0.5831, -0.6028 -0.9424 0.5926, -0.5812 -0.9424 0.5983, -0.559 -0.9424 0.6003, -0.5369 -0.9424 0.5983, -0.5153 -0.9424 0.5926, -0.4951 -0.9424 0.5831, -0.4769 -0.9424 0.5704, -0.4611 -0.9424 0.5546, -0.4483 -0.9424 0.5364, -0.4389 -0.9424 0.5162, -0.4332 -0.9424 0.4946, -0.4312 -0.9424 0.4724, -0.6651 -0.933 0.5111, -0.6568 -0.933 0.5289, -0.6455 -0.933 0.545, -0.6316 -0.933 0.5589, -0.6155 -0.933 0.5702, -0.5977 -0.933 0.5785, -0.5787 -0.933 0.5836, -0.559 -0.933 0.5853, -0.5394 -0.933 0.5836, -0.5204 -0.933 0.5785, -0.5026 -0.933 0.5702, -0.4865 -0.933 0.5589, -0.4726 -0.933 0.545, -0.4613 -0.933 0.5289, -0.453 -0.933 0.5111, -0.4479 -0.933 0.492, -0.4461 -0.933 0.4724, -0.6495 -0.9272 0.5054, -0.6424 -0.9272 0.5206, -0.6328 -0.9272 0.5343, -0.6209 -0.9272 0.5462, -0.6072 -0.9272 0.5558, -0.592 -0.9272 0.5629, -0.5758 -0.9272 0.5672, -0.559 -0.9272 0.5687, -0.5423 -0.9272 0.5672, -0.5261 -0.9272 0.5629, -0.5109 -0.9272 0.5558, -0.4972 -0.9272 0.5462, -0.4853 -0.9272 0.5343, -0.4757 -0.9272 0.5206, -0.4686 -0.9272 0.5054, -0.4643 -0.9272 0.4892, -0.4628 -0.9272 0.4724, -0.6366 -0.9252 0.4861, -0.633 -0.9252 0.4994, -0.6272 -0.9252 0.5118, -0.6194 -0.9252 0.5231, -0.6097 -0.9252 0.5328, -0.5984 -0.9252 0.5406, -0.586 -0.9252 0.5464, -0.5727 -0.9252 0.55, -0.559 -0.9252 0.5512, -0.5454 -0.9252 0.55, -0.5321 -0.9252 0.5464, -0.5197 -0.9252 0.5406, -0.5084 -0.9252 0.5328, -0.4987 -0.9252 0.5231, -0.4909 -0.9252 0.5118, -0.4851 -0.9252 0.4994, -0.4815 -0.9252 0.4861, -0.4803 -0.9252 0.4724, -0.4643 -0.9272 0.4557, -0.4479 -0.933 0.4528, -0.4332 -0.9424 0.4502, -0.4209 -0.9548 0.4481, -0.4116 -0.9698 0.4464, -0.4059 -0.9864 0.4454, -0.4129 -0.9864 0.4193, -0.4244 -0.9864 0.3947, -0.4399 -0.9864 0.3725, -0.4591 -0.9864 0.3533, -0.4813 -0.9864 0.3378, -0.5059 -0.9864 0.3263, -0.532 -0.9864 0.3193, -0.559 -0.9864 0.3169, -0.5861 -0.9864 0.3193, -0.6122 -0.9864 0.3263, -0.6368 -0.9864 0.3378, -0.659 -0.9864 0.3533, -0.6782 -0.9864 0.3725, -0.6937 -0.9864 0.3947, -0.7052 -0.9864 0.4193, -0.7122 -0.9864 0.4454, -0.4184 -0.9698 0.4212, -0.4294 -0.9698 0.3976, -0.4444 -0.9698 0.3762, -0.4628 -0.9698 0.3578, -0.4842 -0.9698 0.3428, -0.5079 -0.9698 0.3318, -0.5331 -0.9698 0.325, -0.559 -0.9698 0.3228, -0.585 -0.9698 0.325, -0.6102 -0.9698 0.3318, -0.6339 -0.9698 0.3428, -0.6553 -0.9698 0.3578, -0.6737 -0.9698 0.3762, -0.6887 -0.9698 0.3976, -0.6997 -0.9698 0.4212, -0.7065 -0.9698 0.4464, -0.4272 -0.9548 0.4245, -0.4375 -0.9548 0.4023, -0.4516 -0.9548 0.3823, -0.4689 -0.9548 0.365, -0.4889 -0.9548 0.3509, -0.5111 -0.9548 0.3406, -0.5347 -0.9548 0.3343, -0.559 -0.9548 0.3321, -0.5834 -0.9548 0.3343, -0.607 -0.9548 0.3406, -0.6292 -0.9548 0.3509, -0.6492 -0.9548 0.365, -0.6665 -0.9548 0.3823, -0.6806 -0.9548 0.4023, -0.6909 -0.9548 0.4245, -0.6972 -0.9548 0.4481, -0.4389 -0.9424 0.4287, -0.4483 -0.9424 0.4085, -0.4611 -0.9424 0.3903, -0.4769 -0.9424 0.3745, -0.4951 -0.9424 0.3617, -0.5153 -0.9424 0.3523, -0.5369 -0.9424 0.3465, -0.559 -0.9424 0.3446, -0.5812 -0.9424 0.3465, -0.6028 -0.9424 0.3523, -0.623 -0.9424 0.3617, -0.6412 -0.9424 0.3745, -0.657 -0.9424 0.3903, -0.6698 -0.9424 0.4085, -0.6792 -0.9424 0.4287, -0.6849 -0.9424 0.4502, -0.453 -0.933 0.4338, -0.4613 -0.933 0.416, -0.4726 -0.933 0.3999, -0.4865 -0.933 0.386, -0.5026 -0.933 0.3747, -0.5204 -0.933 0.3663, -0.5394 -0.933 0.3613, -0.559 -0.933 0.3595, -0.5787 -0.933 0.3613, -0.5977 -0.933 0.3663, -0.6155 -0.933 0.3747, -0.6316 -0.933 0.386, -0.6455 -0.933 0.3999, -0.6568 -0.933 0.416, -0.6651 -0.933 0.4338, -0.6702 -0.933 0.4528, -0.4686 -0.9272 0.4395, -0.4757 -0.9272 0.4243, -0.4853 -0.9272 0.4106, -0.4972 -0.9272 0.3987, -0.5109 -0.9272 0.3891, -0.5261 -0.9272 0.382, -0.5423 -0.9272 0.3776, -0.559 -0.9272 0.3762, -0.5758 -0.9272 0.3776, -0.592 -0.9272 0.382, -0.6072 -0.9272 0.3891, -0.6209 -0.9272 0.3987, -0.6328 -0.9272 0.4106, -0.6424 -0.9272 0.4243, -0.6495 -0.9272 0.4395, -0.6538 -0.9272 0.4557, -0.4815 -0.9252 0.4588, -0.4851 -0.9252 0.4455, -0.4909 -0.9252 0.4331, -0.4987 -0.9252 0.4218, -0.5084 -0.9252 0.4121, -0.5197 -0.9252 0.4043, -0.5321 -0.9252 0.3984, -0.5454 -0.9252 0.3949, -0.559 -0.9252 0.3937, -0.5727 -0.9252 0.3949, -0.586 -0.9252 0.3984, -0.5984 -0.9252 0.4043, -0.6097 -0.9252 0.4121, -0.6194 -0.9252 0.4218, -0.6272 -0.9252 0.4331, -0.633 -0.9252 0.4455, -0.6366 -0.9252 0.4588, -0.5528 -1.5205 0.0787, -0.5465 -1.513 0.0787, -0.5385 -1.5073 0.0787, -0.5008 -1.5073 0.0787, -0.4929 -1.513 0.0787, -0.413 -1.6517 0.0787, -0.3984 -1.6535 0.0787, -0.3819 -1.6535 0.0787, -0.3243 -1.6076 0.0787, -0.5294 -1.5037 0.0787, -0.5197 -1.5025 0.0787, -0.5099 -1.5037 0.0787, -0.3451 -1.6407 0.0787, -0.3563 -1.6477 0.0787, -0.3687 -1.6521 0.0787, -0.3357 -1.6313 0.0787, -0.3287 -1.6201 0.0787, -0.641 -1.6535 0.0787, -0.6264 -1.6517 0.0787, -0.6127 -1.6463 0.0787, -0.6008 -1.6377 0.0787, -0.4866 -1.5205 0.0787, -0.4823 -1.5294 0.0787, -0.4544 -1.6132 0.0787, -0.448 -1.6264 0.0787, -0.6575 -1.6535 0.0787, -0.7145 -1.6098 0.0787, -0.7086 -1.624 0.0787, -0.5913 -1.6264 0.0787, -0.585 -1.6132 0.0787, -0.557 -1.5294 0.0787, -0.4386 -1.6377 0.0787, -0.4267 -1.6463 0.0787, -0.6992 -1.6362 0.0787, -0.687 -1.6456 0.0787, -0.6728 -1.6515 0.0787, -2.3701 -0.937 1.7126, -1.3465 -0.937 1.7126, -2.3701 -0.9574 1.7099, -1.3465 -0.9574 1.7099, -2.3701 -0.9764 1.702, -1.3465 -0.9764 1.702, -2.3701 -0.9927 1.6895, -1.3465 -0.9927 1.6895, -2.3701 -1.0052 1.6732, -1.3465 -1.0052 1.6732, -2.3701 -1.0131 1.6542, -1.3465 -1.0131 1.6542, -2.3701 -1.0157 1.6339, -1.3465 -1.0157 1.6339, -2.065 0.7244 1.7913, -2.0461 0.7166 1.7913, -1.3465 1.0906 1.7913, -2.0298 0.7043 1.7913, -2.0173 0.6881 1.7913, -2.0449 -0.565 1.7913, -2.0289 -0.5776 1.7913, -2.0289 0.5934 1.7913, -2.0166 0.6098 1.7913, -1.3465 -0.937 1.7913, -2.009 -0.613 1.7913, -2.0065 -0.6333 1.7913, -2.0093 -0.6535 1.7913, -2.0173 -0.6724 1.7913, -2.0298 -0.6885 1.7913, -2.0093 0.6693 1.7913, -2.0065 0.649 1.7913, -2.009 0.6287 1.7913, -2.0166 -0.594 1.7913, -2.3307 -0.7113 1.7913, -2.3615 -0.7262 1.7913, -2.3662 -0.7336 1.7913, -2.3687 0.7563 1.7913, -2.3648 0.7468 1.7913, -2.3307 0.7271 1.7913, -2.3395 -0.7123 1.7913, -2.3478 -0.7152 1.7913, -2.3553 -0.7199 1.7913, -2.0461 -0.7009 1.7913, -2.065 -0.7087 1.7913, -2.3701 -0.937 1.7913, -2.0853 -0.7113 1.7913, -2.3701 -0.7507 1.7913, -2.3691 -0.7419 1.7913, -2.0853 0.7271 1.7913, -2.3701 1.0906 1.7913, -2.3701 0.7665 1.7913, -2.0637 0.5726 1.7913, -2.3141 0.4867 1.7913, -2.3141 -0.471 1.7913, -2.3585 0.7386 1.7913, -2.3504 0.7324 1.7913, -2.3409 0.7284 1.7913, -2.0449 0.5807 1.7913, -2.0637 -0.5569 1.7913, -2.009 0.6287 1.7126, -2.0065 0.649 1.7126, -1.3465 1.0906 1.7126, -2.0449 0.5807 1.7126, -2.0289 0.5934 1.7126, -2.0289 -0.5776 1.7126, -2.0093 0.6693 1.7126, -2.0173 0.6881 1.7126, -2.0298 0.7043 1.7126, -2.0853 -0.7113 1.7126, -2.065 -0.7087 1.7126, -2.0461 -0.7009 1.7126, -2.0298 -0.6885 1.7126, -2.0173 -0.6724 1.7126, -2.0093 -0.6535 1.7126, -2.0065 -0.6333 1.7126, -2.009 -0.613 1.7126, -2.0166 -0.594 1.7126, -2.0461 0.7166 1.7126, -2.065 0.7244 1.7126, -2.3701 1.0906 1.7126, -2.0166 0.6098 1.7126, -2.3395 -0.7123 1.7126, -2.3307 -0.7113 1.7126, -2.3662 -0.7336 1.7126, -2.0637 -0.5569 1.7126, -2.3141 -0.471 1.7126, -2.3141 0.4867 1.7126, -2.3701 -0.7507 1.7126, -2.3691 -0.7419 1.7126, -2.0449 -0.565 1.7126, -2.0637 0.5726 1.7126, -2.0853 0.7271 1.7126, -2.3307 0.7271 1.7126, -2.3701 0.7665 1.7126, -2.3409 0.7284 1.7126, -2.3504 0.7324 1.7126, -2.3585 0.7386 1.7126, -2.3648 0.7468 1.7126, -2.3687 0.7563 1.7126, -2.3615 -0.7262 1.7126, -2.3553 -0.7199 1.7126, -2.3478 -0.7152 1.7126, -1.3465 1.1109 1.7099, -2.3701 1.1109 1.7099, -1.3465 1.1299 1.702, -2.3701 1.1299 1.702, -1.3465 1.1462 1.6895, -2.3701 1.1462 1.6895, -1.3465 1.1587 1.6732, -2.3701 1.1587 1.6732, -1.3465 1.1666 1.6542, -2.3701 1.1666 1.6542, -1.3465 1.1693 1.6339, -2.3701 1.1693 1.6339, -1.6451 1.1693 0.6136, -1.6614 1.1693 0.6011, -1.4252 1.1693 0.3937, -1.622 1.1693 0.6693, -1.6247 1.1693 0.6489, -1.3465 1.1693 0.4724, -1.6326 1.1693 0.6299, -1.3858 1.1693 0.4043, -1.3695 1.1693 0.4168, -2.0839 1.1693 0.9449, -2.0714 1.1693 0.9612, -2.0551 1.1693 0.9737, -1.357 1.1693 0.4331, -1.3491 1.1693 0.4521, -1.4048 1.1693 0.3964, -2.3674 1.1693 0.4521, -2.0714 1.1693 0.6136, -2.3701 1.1693 0.4724, -2.0839 1.1693 0.6299, -2.0918 1.1693 0.6489, -2.0945 1.1693 0.6693, -2.0945 1.1693 0.9055, -2.0918 1.1693 0.9259, -1.6804 1.1693 0.5932, -1.7008 1.1693 0.5906, -2.2913 1.1693 0.3937, -2.0157 1.1693 0.5906, -2.0361 1.1693 0.5932, -2.3595 1.1693 0.4331, -2.347 1.1693 0.4168, -2.3307 1.1693 0.4043, -1.6298 1.1693 0.9397, -1.624 1.1693 0.923, -2.0551 1.1693 0.6011, -2.3117 1.1693 0.3964, -1.6833 1.1693 0.9823, -1.6666 1.1693 0.9765, -1.622 1.1693 0.9055, -2.0361 1.1693 0.9816, -2.0157 1.1693 0.9843, -1.7008 1.1693 0.9843, -1.6517 1.1693 0.9671, -1.6392 1.1693 0.9546, -1.4252 1.248 0.3937, -1.4048 1.248 0.3964, -1.3858 1.248 0.4043, -1.3695 1.248 0.4168, -1.357 1.248 0.4331, -1.3491 1.248 0.4521, -1.3465 1.248 0.4724, -2.0714 1.248 0.9612, -2.3701 1.248 1.6339, -2.0551 1.248 0.9737, -2.0361 1.248 0.9816, -2.0839 1.248 0.9449, -2.0918 1.248 0.9259, -2.3701 1.248 0.4724, -2.0945 1.248 0.9055, -2.0945 1.248 0.6693, -2.0918 1.248 0.6489, -2.0839 1.248 0.6299, -2.3674 1.248 0.4521, -2.0714 1.248 0.6136, -2.0551 1.248 0.6011, -2.0361 1.248 0.5932, -2.2913 1.248 0.3937, -2.0157 1.248 0.5906, -1.7008 1.248 0.5906, -1.6804 1.248 0.5932, -1.6614 1.248 0.6011, -1.6451 1.248 0.6136, -1.6326 1.248 0.6299, -1.6247 1.248 0.6489, -1.6298 1.248 0.9397, -1.6392 1.248 0.9546, -1.3465 1.248 1.6339, -1.6517 1.248 0.9671, -1.6666 1.248 0.9765, -2.3307 1.248 0.4043, -2.347 1.248 0.4168, -2.3595 1.248 0.4331, -1.622 1.248 0.6693, -1.622 1.248 0.9055, -1.624 1.248 0.923, -2.3117 1.248 0.3964, -1.6833 1.248 0.9823, -1.7008 1.248 0.9843, -2.0157 1.248 0.9843, -2.3701 1.2441 1.6689, -1.3465 1.2441 1.6689, -2.3701 1.2324 1.7022, -1.3465 1.2324 1.7022, -2.3701 1.2137 1.732, -1.3465 1.2137 1.732, -2.3701 1.1887 1.757, -1.3465 1.1887 1.757, -2.3701 1.1589 1.7757, -1.3465 1.1589 1.7757, -2.3701 1.1256 1.7874, -1.3465 1.1256 1.7874, -2.4201 -0.4346 1.7662, -2.4058 -0.4395 1.7714, -2.3686 0.468 1.785, -2.3686 0.468 1.7849, -2.4058 0.4552 1.7714, -2.4201 0.4503 1.7662, -2.3686 -0.4522 1.7849, -2.3686 -0.4523 1.785, -2.361 0.4706 1.7858, -2.361 -0.4548 1.7858, -2.3752 -0.4395 1.6993, -2.3848 -0.4346 1.6958, -2.3848 0.4503 1.6958, -2.3454 0.4706 1.7089, -2.3454 -0.4548 1.7089, -2.3504 0.468 1.7083, -2.3504 -0.4523 1.7083, -2.3505 0.4679 1.7083, -2.3752 0.4552 1.6993, -2.3505 -0.4522 1.7083, -2.3686 0.468 1.7849, -2.3505 0.4679 1.7083, -2.3686 -0.4522 1.7849, -2.3505 -0.4522 1.7083, -2.6585 0.3685 1.6464, -2.6585 -0.3528 1.6464, -2.6231 0.3685 1.5761, -2.6231 -0.3528 1.5761, -2.6231 0.3685 1.5761, -2.6408 0.3685 1.6112, -2.6585 0.3685 1.6464, -2.6231 -0.3528 1.5761, -2.6408 -0.3528 1.6112, -2.6585 -0.3528 1.6464, -2.6763 0.3624 1.6359, -2.6925 0.3569 1.6233, -2.6925 -0.3411 1.6233, -2.6762 0.3624 1.636, -2.6762 0.3625 1.636, -2.6763 -0.3467 1.6359, -2.6762 -0.3467 1.636, -2.6762 -0.3467 1.636, -2.632 -0.3467 1.5708, -2.6321 -0.3466 1.5708, -2.6401 -0.3411 1.5645, -2.6401 0.3569 1.5645, -2.6321 0.3624 1.5708, -2.632 0.3624 1.5708, -2.632 0.3624 1.5708, -2.632 -0.3467 1.5708, -2.6231 0.3685 1.5761, -2.6585 0.3685 1.6464, -2.6541 0.3624 1.6034, -2.6763 0.3624 1.6359, -2.6663 0.3569 1.5939, -2.6925 0.3569 1.6233, -2.6321 0.3624 1.5708, -2.6401 0.3569 1.5645, -2.6401 -0.3411 1.5645, -2.6321 -0.3466 1.5708, -2.6541 -0.3467 1.6034, -2.6763 -0.3467 1.6359, -2.6663 -0.3411 1.5939, -2.6925 -0.3411 1.6233, -2.6585 -0.3528 1.6464, -2.6231 -0.3528 1.5761, -2.7797 0.3269 1.5456, -2.7797 -0.3112 1.5456, -2.7274 0.3269 1.4868, -2.7274 -0.3112 1.4868, -2.6401 0.3569 1.5645, -2.6401 -0.3411 1.5645, -2.8583 0.3 1.5157, -2.8583 -0.2842 1.5157, -2.8409 0.3059 1.517, -2.8387 -0.2909 1.5175, -2.8387 0.3067 1.5176, -2.83 0.3097 1.5197, -2.837 -0.2915 1.5177, -2.83 -0.2939 1.5196, -2.8201 0.3131 1.5221, -2.8169 -0.2984 1.5233, -2.8169 0.3142 1.5233, -2.8165 -0.2986 1.5234, -2.8034 0.3188 1.5298, -2.8159 0.3145 1.5236, -2.7797 0.3269 1.5456, -2.7967 0.3211 1.5331, -2.813 -0.2998 1.5248, -2.8034 -0.303 1.5298, -2.7969 0.321 1.5329, -2.7968 -0.3053 1.5333, -2.7943 -0.3062 1.5346, -2.7493 -0.3067 1.4699, -2.7558 -0.3053 1.4662, -2.7432 0.3237 1.4741, -2.7559 0.321 1.4663, -2.7665 0.3189 1.4597, -2.7667 -0.3031 1.46, -2.7732 -0.3017 1.4563, -2.7838 -0.2996 1.4516, -2.7893 -0.2984 1.4498, -2.7665 0.3189 1.4597, -2.7893 0.3142 1.4497, -2.8257 -0.2909 1.4402, -2.8257 0.3067 1.44, -2.811 -0.294 1.4428, -2.8111 0.3097 1.4431, -2.8101 -0.2941 1.443, -2.8037 0.3112 1.4447, -2.7918 0.3137 1.4486, -2.8373 -0.2885 1.4381, -2.8486 -0.2862 1.4372, -2.8306 0.3057 1.439, -2.8583 -0.2842 1.437, -2.8583 0.3 1.437, -2.8585 0.2999 1.5158, -2.8586 0.2999 1.437, -2.8684 0.2979 1.4373, -2.8797 0.2956 1.4382, -2.8796 0.2927 1.5177, -2.8961 0.2922 1.4411, -2.881 0.2922 1.5181, -2.8996 0.2915 1.4418, -2.8831 0.2915 1.5187, -2.9068 0.29 1.4431, -2.9 0.2856 1.5234, -2.9322 0.2848 1.4515, -2.9026 0.2848 1.5244, -2.9035 0.2844 1.5248, -2.9331 0.2846 1.4518, -2.9393 0.2833 1.4545, -2.9222 0.278 1.5346, -2.9437 0.2824 1.4565, -2.9224 0.278 1.5347, -2.9068 0.2833 1.5265, -2.9895 0.273 1.4871, -2.937 0.273 1.5458, -2.975 0.2759 1.4759, -2.9282 0.276 1.5391, -2.9676 0.2775 1.4702, -2.9652 0.278 1.4688, -2.9282 -0.2602 1.5393, -2.937 -0.2572 1.5458, -2.9895 -0.2572 1.4871, -2.9752 -0.2602 1.4756, -2.9733 -0.2605 1.4741, -2.9223 -0.2622 1.5349, -2.965 -0.2622 1.469, -2.9198 -0.2631 1.5331, -2.95 -0.2653 1.4597, -2.9067 -0.2676 1.5266, -2.9391 -0.2676 1.4549, -2.9026 -0.269 1.5245, -2.9321 -0.269 1.4518, -2.9008 -0.2696 1.5237, -2.8966 -0.2711 1.5222, -2.9247 -0.2705 1.4486, -2.9128 -0.273 1.4447, -2.883 -0.2757 1.5188, -2.8996 -0.2757 1.4419, -2.8809 -0.2765 1.5183, -2.8961 -0.2764 1.4411, -2.8758 -0.2782 1.5171, -2.8859 -0.2785 1.439, -2.8585 -0.2842 1.5158, -2.8586 -0.2842 1.437, -2.9465 0.2691 1.5553, -2.9465 -0.2533 1.5553, -2.9419 0.2711 1.5504, -2.9419 -0.2554 1.5504, -2.937 0.273 1.5458, -2.9895 0.273 1.4871, -2.9976 -0.2554 1.4948, -2.9976 0.2711 1.4948, -3.0053 -0.2533 1.503, -3.0053 0.2691 1.503, -2.937 0.273 1.5458, -2.9895 0.273 1.4871, -2.9419 0.2711 1.5504, -2.9976 0.2711 1.4948, -3.0053 0.2691 1.503, -2.9465 -0.2533 1.5553, -3.0053 -0.2533 1.503, -2.937 -0.2572 1.5458, -3.0163 -0.1388 1.6338, -3.0154 -0.1424 1.6327, -3.0065 -0.1773 1.6227, -3.0056 -0.1792 1.6217, -2.9914 -0.2094 1.6057, -2.9903 -0.2108 1.6045, -2.9715 -0.235 1.5835, -2.9706 -0.2357 1.5824, -3.0048 0.1975 1.6208, -3.0061 0.1928 1.6223, -3.0152 0.1609 1.6325, -2.9499 -0.2515 1.5592, -2.9487 -0.2521 1.5579, -2.9692 0.253 1.5808, -2.9714 0.2504 1.5833, -2.9491 0.2672 1.5583, -2.9911 0.2248 1.6054, -2.9891 0.2288 1.6032, -3.0159 0.1545 1.6333, -3.0195 0.1221 1.6374, -3.0197 0.114 1.6375, -3.0197 -0.0983 1.6375, -3.0192 -0.1036 1.637, -3.0479 -0.213 1.5508, -3.049 -0.2108 1.5521, -3.0636 -0.1817 1.5685, -3.0643 -0.1793 1.5693, -3.074 -0.1452 1.5801, -3.0743 -0.1425 1.5805, -3.0074 -0.2518 1.5054, -3.028 -0.2373 1.5285, -3.0294 -0.2356 1.53, -3.0784 -0.1063 1.585, -3.0784 -0.1037 1.5851, -3.0081 0.2676 1.5061, -3.0785 -0.0983 1.5852, -3.0785 0.114 1.5852, -3.0653 0.193 1.5703, -3.0502 0.2252 1.5534, -3.0751 0.1546 1.5814, -3.0304 0.2507 1.5311, -3.0087 0.2673 1.5068, -3.0053 -0.2533 1.503, -2.9465 -0.2533 1.5553, -2.9499 -0.2515 1.5592, -3.028 -0.2373 1.5285, -2.9715 -0.235 1.5835, -2.9914 -0.2094 1.6057, -1.9599 -1.6535 0.0787, -1.9764 -1.6535 0.0787, -1.9599 -1.6535 0.0, -1.9764 -1.6535 0.0, -1.9039 -1.6132 0.0, -1.9039 -1.6132 0.0787, -1.9102 -1.6264 0.0787, -1.9102 -1.6264 0.0, -1.9197 -1.6377 0.0787, -1.9197 -1.6377 0.0, -1.9316 -1.6463 0.0787, -1.9316 -1.6463 0.0, -1.9453 -1.6517 0.0787, -1.9453 -1.6517 0.0, -1.8759 -1.5294 0.0787, -1.8759 -1.5294 0.0, -1.8717 -1.5205 0.0787, -1.8717 -1.5205 0.0, -1.8654 -1.513 0.0787, -1.8654 -1.513 0.0, -1.8574 -1.5073 0.0787, -1.8574 -1.5073 0.0, -1.8483 -1.5037 0.0787, -1.8483 -1.5037 0.0, -1.8386 -1.5025 0.0787, -1.8386 -1.5025 0.0, -1.8288 -1.5037 0.0787, -1.8288 -1.5037 0.0, -1.8197 -1.5073 0.0787, -1.8197 -1.5073 0.0, -1.8118 -1.513 0.0787, -1.8118 -1.513 0.0, -1.8055 -1.5205 0.0787, -1.8055 -1.5205 0.0, -1.8012 -1.5294 0.0787, -1.8012 -1.5294 0.0, -1.7733 -1.6132 0.0787, -1.7733 -1.6132 0.0, -1.7173 -1.6535 0.0, -1.7173 -1.6535 0.0787, -1.7319 -1.6517 0.0787, -1.7319 -1.6517 0.0, -1.7456 -1.6463 0.0787, -1.7456 -1.6463 0.0, -1.7575 -1.6377 0.0787, -1.7575 -1.6377 0.0, -1.7669 -1.6264 0.0787, -1.7669 -1.6264 0.0, -1.7008 -1.6535 0.0787, -1.7008 -1.6535 0.0, -1.7008 -1.0945 0.5906, -1.7008 -1.0157 0.5906, -2.0157 -1.0945 0.5906, -2.0157 -1.0157 0.5906, -1.622 -1.0945 0.6693, -1.622 -1.0157 0.6693, -1.6247 -1.0945 0.6489, -1.6247 -1.0157 0.6489, -1.6326 -1.0945 0.6299, -1.6326 -1.0157 0.6299, -1.6451 -1.0945 0.6136, -1.6451 -1.0157 0.6136, -1.6614 -1.0945 0.6011, -1.6614 -1.0157 0.6011, -1.6804 -1.0945 0.5932, -1.6804 -1.0157 0.5932, -1.622 -1.0945 0.9055, -1.622 -1.0157 0.9055, -1.7008 -1.0945 0.9843, -1.7008 -1.0157 0.9843, -1.6804 -1.0945 0.9816, -1.6804 -1.0157 0.9816, -1.6614 -1.0945 0.9737, -1.6614 -1.0157 0.9737, -1.6451 -1.0945 0.9612, -1.6451 -1.0157 0.9612, -1.6326 -1.0945 0.9449, -1.6326 -1.0157 0.9449, -1.6247 -1.0945 0.9259, -1.6247 -1.0157 0.9259, -2.0157 -1.0945 0.9843, -2.0157 -1.0157 0.9843, -2.0361 -1.0945 0.5932, -2.0361 -1.0157 0.5932, -2.0551 -1.0945 0.6011, -2.0551 -1.0157 0.6011, -2.0714 -1.0945 0.6136, -2.0714 -1.0157 0.6136, -2.0839 -1.0945 0.6299, -2.0839 -1.0157 0.6299, -2.0918 -1.0945 0.6489, -2.0918 -1.0157 0.6489, -2.0945 -1.0945 0.6693, -2.0945 -1.0157 0.6693, -1.6417 -1.5945 0.0, -1.6417 -1.5945 0.0787, -1.6437 -1.6098 0.0787, -1.6437 -1.6098 0.0, -1.6496 -1.624 0.0787, -1.6496 -1.624 0.0, -1.659 -1.6362 0.0787, -1.659 -1.6362 0.0, -1.6713 -1.6456 0.0787, -1.6713 -1.6456 0.0, -1.6855 -1.6515 0.0787, -1.6855 -1.6515 0.0, -1.6417 -1.0945 0.2756, -1.6417 -1.0157 0.2756, -1.6398 -1.0945 0.2931, -1.6398 -1.0157 0.2931, -1.6339 -1.0945 0.3098, -1.6339 -1.0157 0.3098, -1.6245 -1.0945 0.3247, -1.6245 -1.0157 0.3247, -1.6121 -1.0945 0.3372, -1.6121 -1.0157 0.3372, -1.5972 -1.0945 0.3465, -1.5972 -1.0157 0.3465, -1.5805 -1.0945 0.3524, -1.5805 -1.0157 0.3524, -1.563 -1.0945 0.3543, -1.563 -1.0157 0.3543, -1.6417 -1.1732 0.0787, -1.6417 -1.1732 0.0, -1.6417 -1.1528 0.0814, -1.6417 -1.1325 0.0054, -1.6417 -1.1339 0.0893, -1.6417 -1.0945 0.0211, -1.6417 -1.1176 0.1018, -1.6417 -1.0619 0.0461, -1.6417 -1.105 0.1181, -1.6417 -1.0368 0.0787, -1.6417 -1.0972 0.1371, -1.6417 -1.0211 0.1167, -1.6417 -1.0945 0.1575, -1.6417 -1.0157 0.1575, -2.0354 -1.1732 0.0787, -2.0354 -1.1528 0.0814, -2.0354 -1.1339 0.0893, -2.0354 -1.1176 0.1018, -2.0354 -1.105 0.1181, -2.0354 -1.0972 0.1371, -2.0354 -1.0945 0.1575, -2.0296 -1.6201 0.0787, -2.0225 -1.6313 0.0787, -1.9895 -1.6521 0.0787, -2.0132 -1.6407 0.0787, -2.002 -1.6477 0.0787, -2.0354 -1.5945 0.0787, -2.0339 -1.6076 0.0787, -1.9895 -1.6521 0.0, -2.002 -1.6477 0.0, -2.0132 -1.6407 0.0, -2.0225 -1.6313 0.0, -2.0296 -1.6201 0.0, -2.0339 -1.6076 0.0, -2.0354 -1.5945 0.0, -2.0354 -1.1732 0.0, -2.0354 -1.0157 0.1575, -2.0354 -1.0211 0.1167, -2.0354 -1.0368 0.0787, -2.0354 -1.0619 0.0461, -2.0354 -1.0945 0.0211, -2.0354 -1.1325 0.0054, -2.0354 -1.0945 0.2756, -2.0354 -1.0157 0.2756, -2.1142 -1.0945 0.3543, -2.1142 -1.0157 0.3543, -2.0938 -1.0945 0.3516, -2.0938 -1.0157 0.3516, -2.0748 -1.0945 0.3438, -2.0748 -1.0157 0.3438, -2.0585 -1.0945 0.3313, -2.0585 -1.0157 0.3313, -2.046 -1.0945 0.315, -2.046 -1.0157 0.315, -2.0381 -1.0945 0.296, -2.0381 -1.0157 0.296, -2.2913 -1.0945 0.3543, -2.2913 -1.0157 0.3543, -2.3117 -1.0945 0.357, -2.3117 -1.0157 0.357, -2.3307 -1.0945 0.3649, -2.3307 -1.0157 0.3649, -2.347 -1.0945 0.3774, -2.347 -1.0157 0.3774, -2.3595 -1.0945 0.3937, -2.3595 -1.0157 0.3937, -2.3674 -1.0945 0.4127, -2.3674 -1.0157 0.4127, -2.3701 -1.0945 0.4331, -2.3701 -1.0157 0.4331, -1.3465 -1.0945 0.4331, -1.3465 -1.0157 0.4331, -1.3465 -1.0945 1.6339, -1.3465 -1.0905 1.6689, -1.3465 -1.0789 1.7022, -1.3465 -1.0601 1.732, -1.3465 -1.0352 1.757, -1.3465 -0.9721 1.7874, -1.3465 -1.0053 1.7757, -1.4252 -1.0945 0.3543, -1.4252 -1.0157 0.3543, -1.4077 -1.0945 0.3563, -1.391 -1.0945 0.3621, -1.3761 -1.0945 0.3715, -1.3636 -1.0945 0.384, -1.3484 -1.0945 0.4156, -1.3542 -1.0945 0.3989, -2.0867 -1.0945 0.9397, -2.0773 -1.0945 0.9546, -2.3701 -1.0945 1.6339, -2.0648 -1.0945 0.9671, -2.0499 -1.0945 0.9765, -2.0945 -1.0945 0.9055, -2.0925 -1.0945 0.923, -2.0333 -1.0945 0.9823, -1.3484 -1.0157 0.4156, -1.3542 -1.0157 0.3989, -1.3636 -1.0157 0.384, -1.3761 -1.0157 0.3715, -1.391 -1.0157 0.3621, -1.4077 -1.0157 0.3563, -2.3701 -0.9721 1.7874, -2.3701 -1.0053 1.7757, -2.3701 -1.0352 1.757, -2.3701 -1.0905 1.6689, -2.3701 -1.0789 1.7022, -2.3701 -1.0601 1.732, -2.0945 -1.0157 0.9055, -2.0925 -1.0157 0.923, -2.0867 -1.0157 0.9397, -2.0773 -1.0157 0.9546, -2.0648 -1.0157 0.9671, -2.0499 -1.0157 0.9765, -2.0333 -1.0157 0.9823, -1.6417 1.063 0.0787, -2.0354 1.063 0.0787, -1.6417 1.0426 0.0814, -2.0354 1.0426 0.0814, -1.6417 1.0236 0.0893, -2.0354 1.0236 0.0893, -1.6417 1.0073 0.1018, -2.0354 1.0073 0.1018, -1.6417 0.9948 0.1181, -2.0354 0.9948 0.1181, -1.6417 0.9869 0.1371, -2.0354 0.9869 0.1371, -1.6417 0.9843 0.1575, -2.0354 0.9843 0.1575, -1.7733 1.6132 0.0787, -1.8012 1.5294 0.0787, -1.6417 1.5945 0.0787, -1.8055 1.5205 0.0787, -1.8118 1.513 0.0787, -1.8717 1.5205 0.0787, -2.0354 1.5945 0.0787, -1.8759 1.5294 0.0787, -1.9039 1.6132 0.0787, -1.7008 1.6535 0.0787, -1.7173 1.6535 0.0787, -1.7319 1.6517 0.0787, -1.7456 1.6463 0.0787, -1.8483 1.5037 0.0787, -1.8574 1.5073 0.0787, -1.8654 1.513 0.0787, -1.9102 1.6264 0.0787, -1.9197 1.6377 0.0787, -1.9316 1.6463 0.0787, -1.9764 1.6535 0.0787, -1.9917 1.6515 0.0787, -1.6496 1.624 0.0787, -1.659 1.6362 0.0787, -1.6713 1.6456 0.0787, -1.7575 1.6377 0.0787, -1.7669 1.6264 0.0787, -1.8197 1.5073 0.0787, -1.8288 1.5037 0.0787, -1.8386 1.5025 0.0787, -1.9453 1.6517 0.0787, -1.9599 1.6535 0.0787, -1.6437 1.6098 0.0787, -1.6855 1.6515 0.0787, -2.0059 1.6456 0.0787, -2.0181 1.6362 0.0787, -2.0334 1.6098 0.0787, -2.0275 1.624 0.0787, -1.8197 1.5073 0.0, -1.8118 1.513 0.0, -1.6417 1.063 0.0, -1.8055 1.5205 0.0, -1.6417 1.5945 0.0, -1.8012 1.5294 0.0, -1.6437 1.6098 0.0, -1.7008 1.6535 0.0, -1.7173 1.6535 0.0, -2.0059 1.6456 0.0, -1.9917 1.6515 0.0, -1.8759 1.5294 0.0, -1.9453 1.6517 0.0, -1.9316 1.6463 0.0, -1.9197 1.6377 0.0, -1.8717 1.5205 0.0, -1.8654 1.513 0.0, -2.0354 1.063 0.0, -1.8574 1.5073 0.0, -1.7733 1.6132 0.0, -1.7669 1.6264 0.0, -1.7575 1.6377 0.0, -1.7456 1.6463 0.0, -1.7319 1.6517 0.0, -2.0354 1.5945 0.0, -2.0334 1.6098 0.0, -1.9764 1.6535 0.0, -1.9599 1.6535 0.0, -1.9039 1.6132 0.0, -1.9102 1.6264 0.0, -1.8483 1.5037 0.0, -1.8386 1.5025 0.0, -1.8288 1.5037 0.0, -1.6855 1.6515 0.0, -1.6713 1.6456 0.0, -2.0275 1.624 0.0, -2.0181 1.6362 0.0, -1.659 1.6362 0.0, -1.6496 1.624 0.0, -1.7201 0.9843 0.446, -1.726 0.9843 0.4318, -1.7344 0.9716 0.4316, -1.7303 0.9843 0.4213, -1.7366 0.9843 0.413, -1.7412 0.9774 0.4128, -1.7489 0.9843 0.3983, -1.752 0.9843 0.396, -1.7628 0.9731 0.3958, -1.7876 0.9843 0.3756, -1.7841 0.9768 0.3812, -1.774 0.9843 0.3813, -1.8912 0.9843 0.4001, -1.9011 0.9843 0.413, -1.8966 0.9774 0.4128, -1.9075 0.9843 0.4213, -1.9118 0.9843 0.4318, -1.9034 0.9716 0.4316, -1.9177 0.9843 0.446, -1.9185 0.9843 0.4518, -1.9075 0.9681 0.4517, -1.8888 0.9843 0.3983, -1.8825 0.9637 0.4128, -1.8858 0.9843 0.396, -1.8605 0.9637 0.3958, -1.8638 0.9843 0.3813, -1.875 0.9731 0.3958, -1.8666 0.9843 0.3824, -1.87 0.9843 0.3839, -1.8502 0.9843 0.3756, -1.8536 0.9768 0.3812, -1.8454 0.9843 0.3736, -1.8403 0.9714 0.3812, -1.8368 0.9843 0.3725, -1.8261 0.9687 0.3812, -1.8247 0.9843 0.3709, -1.8189 0.9843 0.3702, -1.8117 0.9687 0.3812, -1.8131 0.9843 0.3709, -1.7975 0.9714 0.3812, -1.8009 0.9843 0.3725, -1.7924 0.9843 0.3736, -1.7677 0.9843 0.3839, -1.7712 0.9843 0.3824, -1.7773 0.9637 0.3958, -1.9212 0.9843 0.4724, -1.9089 0.9669 0.4724, -1.8915 0.9525 0.4517, -1.8926 0.9511 0.4724, -1.8728 0.9403 0.4517, -1.8736 0.9386 0.4724, -1.852 0.9319 0.4517, -1.8526 0.9301 0.4724, -1.8301 0.9276 0.4517, -1.7166 0.9843 0.4724, -1.7193 0.9843 0.4518, -1.7288 0.9669 0.4724, -1.7302 0.9681 0.4517, -1.7451 0.9511 0.4724, -1.7463 0.9525 0.4517, -1.7642 0.9386 0.4724, -1.765 0.9403 0.4517, -1.7852 0.9301 0.4724, -1.7858 0.9319 0.4517, -1.8075 0.9257 0.4724, -1.8077 0.9276 0.4517, -1.8189 0.9252 0.4724, -1.8303 0.9257 0.4724, -1.7497 0.9567 0.4316, -1.7675 0.9451 0.4316, -1.7873 0.9371 0.4316, -1.8082 0.933 0.4316, -1.8296 0.933 0.4316, -1.8505 0.9371 0.4316, -1.8702 0.9451 0.4316, -1.8881 0.9567 0.4316, -1.7552 0.9637 0.4128, -1.7717 0.953 0.4128, -1.7898 0.9456 0.4128, -1.8091 0.9419 0.4128, -1.8287 0.9419 0.4128, -1.8479 0.9456 0.4128, -1.8661 0.953 0.4128, -1.7466 0.9843 0.4001, -1.7933 0.9572 0.3958, -1.8102 0.9539 0.3958, -1.8275 0.9539 0.3958, -1.8445 0.9572 0.3958, -1.6658 0.5763 0.493, -1.6708 0.5663 0.4906, -1.6709 0.5729 0.4786, -1.6709 0.602 0.6027, -1.6708 0.5907 0.5949, -1.6658 0.5986 0.5883, -1.81 0.6021 0.7073, -1.8101 0.6279 0.7132, -1.8386 0.6286 0.7163, -1.782 0.6041 0.7014, -1.7823 0.6263 0.7064, -1.7984 0.6276 0.7119, -1.7302 0.6118 0.6785, -1.7304 0.6202 0.6806, -1.7554 0.6238 0.6959, -1.7075 0.5963 0.6529, -1.7079 0.6155 0.6603, -1.7134 0.6167 0.6656, -1.6875 0.6058 0.6346, -1.6879 0.6096 0.6353, -1.6975 0.6131 0.6502, -1.6875 0.5891 0.6242, -1.676 0.6053 0.6169, -1.6853 0.6087 0.6312, -1.6627 0.5966 0.5797, -1.6708 0.5804 0.5826, -1.6619 0.595 0.5728, -1.6708 0.5721 0.5688, -1.6604 0.5919 0.5596, -1.6708 0.566 0.5539, -1.6589 0.5889 0.5468, -1.6582 0.5874 0.5406, -1.6708 0.5623 0.5383, -1.6589 0.586 0.5345, -1.6708 0.5612 0.5222, -1.6604 0.583 0.5217, -1.6708 0.5625 0.5062, -1.6619 0.5799 0.5084, -1.6627 0.5783 0.5016, -1.6875 0.5518 0.4651, -1.6725 0.5719 0.4742, -1.6875 0.5442 0.4833, -1.6975 0.5618 0.4311, -1.6879 0.5653 0.446, -1.6875 0.5621 0.4483, -1.6853 0.5662 0.4501, -1.676 0.5696 0.4644, -1.7134 0.5582 0.4157, -1.7079 0.5594 0.421, -1.7075 0.5455 0.4362, -1.7304 0.5546 0.4007, -1.7261 0.5553 0.4033, -1.7302 0.548 0.4063, -1.7302 0.5313 0.4258, -1.7603 0.5503 0.3824, -1.7554 0.551 0.3854, -1.7552 0.5382 0.3964, -1.7984 0.5473 0.3694, -1.7823 0.5486 0.3749, -1.782 0.5309 0.3892, -1.8386 0.5251 0.3833, -1.8386 0.5463 0.365, -1.8101 0.547 0.3681, -1.8386 0.6015 0.7093, -1.8386 0.5732 0.6973, -1.81 0.5741 0.6954, -1.8386 0.5471 0.681, -1.81 0.5483 0.6793, -1.8386 0.5238 0.6608, -1.81 0.5253 0.6593, -1.8386 0.504 0.6373, -1.81 0.5057 0.636, -1.8386 0.4881 0.6109, -1.81 0.49 0.61, -1.8386 0.4765 0.5824, -1.81 0.4785 0.5818, -1.8386 0.4724 0.5676, -1.81 0.4716 0.5522, -1.8386 0.4695 0.5525, -1.8386 0.4673 0.5218, -1.81 0.4693 0.5218, -1.8386 0.4698 0.4911, -1.81 0.4719 0.4915, -1.8386 0.4771 0.4613, -1.81 0.4791 0.4619, -1.8386 0.4889 0.4329, -1.81 0.4908 0.4338, -1.8386 0.5051 0.4067, -1.81 0.5067 0.4079, -1.81 0.5265 0.3848, -1.782 0.5118 0.4116, -1.782 0.4963 0.4367, -1.782 0.485 0.4639, -1.782 0.478 0.4925, -1.782 0.4756 0.5218, -1.782 0.4777 0.5512, -1.782 0.4845 0.5799, -1.782 0.4956 0.6072, -1.782 0.5108 0.6324, -1.782 0.5298 0.655, -1.782 0.552 0.6743, -1.782 0.577 0.6899, -1.7552 0.52 0.4176, -1.7552 0.5054 0.4413, -1.7552 0.4947 0.467, -1.7552 0.4881 0.4941, -1.7552 0.4858 0.5219, -1.7552 0.4878 0.5497, -1.7552 0.4942 0.5768, -1.7552 0.5047 0.6026, -1.7552 0.5191 0.6265, -1.7552 0.537 0.6478, -1.7552 0.5581 0.6661, -1.7552 0.5817 0.6808, -1.7552 0.6074 0.6917, -1.7603 0.6245 0.6989, -1.7302 0.5179 0.4477, -1.7302 0.508 0.4714, -1.7302 0.5019 0.4964, -1.7302 0.4998 0.5219, -1.7302 0.5017 0.5476, -1.7302 0.5075 0.5726, -1.7302 0.5172 0.5963, -1.7302 0.5305 0.6183, -1.7302 0.547 0.638, -1.7302 0.5664 0.6548, -1.7302 0.5882 0.6684, -1.7075 0.5334 0.4557, -1.7075 0.5246 0.4769, -1.7075 0.5192 0.4992, -1.7075 0.5173 0.522, -1.7075 0.519 0.5449, -1.7075 0.5242 0.5672, -1.7075 0.5328 0.5885, -1.7075 0.5447 0.6081, -1.7075 0.5595 0.6257, -1.7075 0.5768 0.6407, -1.7261 0.6196 0.678, -1.6875 0.5395 0.5025, -1.6875 0.5379 0.5221, -1.6875 0.5393 0.5418, -1.6875 0.5438 0.561, -1.6875 0.5513 0.5793, -1.6875 0.5615 0.5961, -1.6875 0.5742 0.6112, -1.6725 0.603 0.6071, -1.9544 0.6507 0.504, -1.9544 0.6546 0.5017, -1.9567 0.6641 0.5227, -1.9544 0.6445 0.5105, -1.9544 0.6473 0.5069, -1.9544 0.6425 0.5146, -1.9544 0.6414 0.5189, -1.9544 0.6411 0.5235, -1.9544 0.6417 0.5279, -1.9544 0.6431 0.5322, -1.9544 0.6454 0.5361, -1.9544 0.6484 0.5395, -1.9544 0.652 0.5423, -1.9544 0.656 0.5442, -1.9544 0.6604 0.5454, -1.9544 0.6649 0.5457, -1.9527 0.6571 0.4929, -1.9537 0.6589 0.5003, -1.9409 0.6506 0.4652, -1.9468 0.6539 0.479, -1.9477 0.6454 0.4815, -1.9409 0.6776 0.5802, -1.9362 0.679 0.5861, -1.9368 0.6663 0.5883, -1.8976 0.6408 0.4231, -1.9037 0.6418 0.4276, -1.9042 0.6235 0.4333, -1.8976 0.6874 0.6223, -1.8834 0.6888 0.628, -1.8838 0.6678 0.6317, -1.8691 0.6381 0.4116, -1.8834 0.6394 0.4173, -1.8838 0.619 0.4233, -1.8691 0.6901 0.6338, -1.8615 0.6904 0.6347, -1.8616 0.668 0.6384, -1.8386 0.6372 0.4077, -1.8615 0.6378 0.4106, -1.8386 0.6152 0.4151, -1.8616 0.6162 0.4172, -1.8386 0.5952 0.4267, -1.8616 0.5965 0.4286, -1.8386 0.5778 0.442, -1.8616 0.5795 0.4436, -1.8386 0.5637 0.4604, -1.8616 0.5657 0.4616, -1.8386 0.5535 0.4812, -1.8616 0.5556 0.482, -1.8386 0.5475 0.5036, -1.8616 0.5498 0.5039, -1.8386 0.5461 0.5267, -1.8616 0.5483 0.5266, -1.8386 0.5491 0.5496, -1.8616 0.5513 0.5491, -1.8386 0.5566 0.5715, -1.8616 0.5586 0.5706, -1.8386 0.5682 0.5916, -1.8616 0.57 0.5903, -1.8386 0.5835 0.609, -1.8616 0.585 0.6073, -1.8386 0.6018 0.623, -1.8616 0.603 0.6211, -1.8386 0.6226 0.6333, -1.8616 0.6234 0.6311, -1.8386 0.645 0.6392, -1.8616 0.6454 0.637, -1.8386 0.6681 0.6407, -1.8386 0.6911 0.6377, -1.8838 0.6004 0.434, -1.8838 0.5844 0.4482, -1.8838 0.5714 0.4652, -1.8838 0.5619 0.4844, -1.8838 0.5564 0.505, -1.8838 0.555 0.5264, -1.8838 0.5579 0.5476, -1.8838 0.5648 0.5678, -1.8838 0.5755 0.5863, -1.8838 0.5896 0.6024, -1.8838 0.6066 0.6154, -1.8838 0.6258 0.6248, -1.8838 0.6464 0.6304, -1.9042 0.6068 0.4429, -1.9042 0.5923 0.4556, -1.9042 0.5806 0.4709, -1.9042 0.5722 0.4882, -1.9042 0.5672 0.5068, -1.9042 0.566 0.526, -1.9042 0.5685 0.5451, -1.9042 0.5747 0.5633, -1.9042 0.5843 0.58, -1.9042 0.5971 0.5944, -1.9042 0.6123 0.6061, -1.9042 0.6296 0.6146, -1.9042 0.6482 0.6196, -1.9042 0.6674 0.6208, -1.9037 0.6864 0.6177, -1.9221 0.645 0.4414, -1.9221 0.6295 0.4466, -1.9221 0.6154 0.4548, -1.9221 0.6031 0.4657, -1.9221 0.5931 0.4787, -1.9221 0.5859 0.4933, -1.9221 0.5817 0.5092, -1.9221 0.5806 0.5255, -1.9221 0.5828 0.5417, -1.9221 0.5881 0.5572, -1.9221 0.5963 0.5714, -1.9221 0.6071 0.5837, -1.9221 0.6201 0.5936, -1.9221 0.6348 0.6009, -1.9221 0.6506 0.6051, -1.9221 0.6669 0.6061, -1.9221 0.6832 0.604, -1.9362 0.6492 0.4592, -1.9368 0.637 0.4629, -1.9368 0.6258 0.4694, -1.9368 0.6162 0.4779, -1.9368 0.6083 0.4881, -1.9368 0.6027 0.4996, -1.9368 0.5993 0.5121, -1.9368 0.5985 0.5249, -1.9368 0.6002 0.5376, -1.9368 0.6044 0.5498, -1.9368 0.6108 0.561, -1.9368 0.6193 0.5706, -1.9368 0.6295 0.5784, -1.9368 0.6411 0.5841, -1.9368 0.6535 0.5874, -1.9477 0.6377 0.486, -1.9477 0.6311 0.4918, -1.9477 0.6257 0.4988, -1.9477 0.6218 0.5068, -1.9477 0.6195 0.5154, -1.9477 0.6189 0.5242, -1.9477 0.6201 0.533, -1.9477 0.623 0.5414, -1.9477 0.6274 0.549, -1.9477 0.6332 0.5557, -1.9477 0.6403 0.5611, -1.9477 0.6482 0.565, -1.9477 0.6568 0.5673, -1.9477 0.6656 0.5678, -1.9537 0.6693 0.545, -1.9527 0.6711 0.5524, -1.9468 0.6743 0.5663, -1.6614 0.5788 0.1585, -1.6614 0.5021 0.1765, -2.0157 0.5788 0.1585, -2.0157 0.5021 0.1765, -1.5827 0.5967 0.2352, -1.5827 0.5201 0.2532, -1.5846 0.5161 0.2361, -1.5846 0.5927 0.2181, -1.5905 0.5123 0.2199, -1.5905 0.5889 0.2019, -1.5999 0.5089 0.2054, -1.5999 0.5855 0.1874, -1.6123 0.506 0.1932, -1.6123 0.5827 0.1753, -1.6272 0.5039 0.1841, -1.6272 0.5805 0.1661, -1.6439 0.5025 0.1784, -1.6439 0.5792 0.1604, -1.5827 0.6697 1.2203, -2.0945 0.6697 1.2205, -1.5827 0.67 0.9203, -2.0945 0.67 0.9202, -1.5827 0.6684 0.8931, -2.0945 0.6684 0.8931, -1.5827 0.6638 0.8663, -2.0945 0.6638 0.8663, -1.8787 0.5473 0.3694, -1.8952 0.5486 0.375, -1.9169 0.5503 0.3824, -2.0361 0.5027 0.1791, -1.9222 0.5511 0.3857, -2.0551 0.5045 0.1868, -2.0714 0.5074 0.1989, -1.9475 0.5547 0.4011, -2.0839 0.5111 0.2148, -1.9511 0.5553 0.4033, -2.0918 0.5154 0.2333, -1.97 0.5596 0.4217, -1.9796 0.5618 0.4311, -2.0945 0.5201 0.2532, -1.8673 0.547 0.3681, -2.0011 0.5696 0.4644, -2.0046 0.5719 0.4742, -2.0069 0.5733 0.4805, -2.0114 0.5763 0.493, -2.0145 0.5783 0.5016, -2.0153 0.5799 0.5084, -2.0168 0.583 0.5217, -1.9638 0.5582 0.4157, -1.99 0.5655 0.4471, -1.9919 0.5662 0.4501, -2.0183 0.586 0.5345, -2.019 0.5874 0.5406, -2.0183 0.5889 0.5468, -2.0168 0.5919 0.5596, -2.0153 0.595 0.5728, -2.0145 0.5966 0.5797, -2.0114 0.5986 0.5883, -2.0069 0.6015 0.6008, -2.0046 0.603 0.6071, -2.0011 0.6053 0.6169, -1.9919 0.6087 0.6312, -1.99 0.6094 0.6341, -1.9796 0.6131 0.6502, -1.8673 0.6279 0.7131, -1.97 0.6153 0.6596, -1.9638 0.6167 0.6656, -1.9511 0.6196 0.678, -1.9169 0.6245 0.6989, -1.8952 0.6263 0.7063, -1.8787 0.6276 0.7119, -1.9475 0.6201 0.6802, -1.9222 0.6238 0.6956, -2.0361 0.5794 0.1611, -2.0551 0.5812 0.1688, -2.0714 0.584 0.181, -2.0839 0.5877 0.1969, -2.0918 0.5921 0.2153, -2.0945 0.5967 0.2352, -2.0945 0.7404 0.8483, -1.741 0.679 0.5861, -1.7551 0.6832 0.604, -1.5827 0.7404 0.8483, -1.7734 0.6864 0.6177, -1.7795 0.6874 0.6223, -1.7938 0.6888 0.628, -1.808 0.6901 0.6338, -1.8156 0.6904 0.6347, -1.8156 0.6378 0.4106, -1.7734 0.6418 0.4276, -1.7551 0.645 0.4414, -1.741 0.6492 0.4592, -1.7363 0.6506 0.4652, -1.7304 0.6539 0.479, -1.7245 0.6571 0.4929, -1.7245 0.6711 0.5524, -1.7304 0.6743 0.5663, -1.7363 0.6776 0.5802, -1.7795 0.6408 0.4231, -1.7235 0.6589 0.5003, -1.7205 0.6641 0.5227, -1.7235 0.6693 0.545, -1.808 0.6381 0.4116, -1.7938 0.6394 0.4173, -2.0945 0.7467 0.8843, -2.0945 0.7487 0.9204, -1.5827 0.7487 0.9204, -1.5827 0.7467 0.8843, -2.0945 0.7484 1.2203, -1.5827 0.7484 1.2203, -1.5827 0.7502 1.2372, -2.0945 0.7502 1.2372, -1.5827 0.7559 1.254, -2.0945 0.7559 1.254, -1.5827 0.7652 1.269, -2.0945 0.7652 1.269, -1.5827 0.7777 1.2816, -2.0945 0.7777 1.2816, -1.5827 0.7926 1.2911, -2.0945 0.7926 1.2911, -1.5827 0.8094 1.297, -2.0945 0.8094 1.297, -1.5827 0.827 1.299, -2.0945 0.827 1.299, -2.0945 0.6736 1.2553, -2.0945 0.6852 1.2886, -2.0945 0.7039 1.3184, -2.0945 0.7288 1.3434, -2.0945 0.7587 1.3622, -2.0945 0.7919 1.3738, -2.0945 0.827 1.3778, -2.0945 0.8445 1.297, -2.0945 0.862 1.3738, -2.0945 0.8612 1.2911, -2.0945 0.8952 1.3622, -2.0945 0.8762 1.2817, -2.0945 0.925 1.3434, -2.0945 0.8886 1.2691, -2.0945 0.9499 1.3185, -2.0945 0.898 1.2541, -2.0945 0.9687 1.2887, -2.0945 0.9037 1.2373, -2.0945 0.9803 1.2555, -2.0945 0.9055 1.2205, -2.0945 0.9843 1.2205, -1.5827 0.9055 1.2205, -1.5827 0.9843 1.2205, -1.5827 0.9037 1.2373, -1.5827 0.9803 1.2555, -1.5827 0.898 1.2541, -1.5827 0.9687 1.2887, -1.5827 0.8886 1.2691, -1.5827 0.9499 1.3185, -1.5827 0.8762 1.2817, -1.5827 0.925 1.3434, -1.5827 0.8612 1.2911, -1.5827 0.8952 1.3622, -1.5827 0.8445 1.297, -1.5827 0.862 1.3738, -1.5827 0.827 1.3778, -1.5827 0.7919 1.3738, -1.5827 0.7587 1.3622, -1.5827 0.7288 1.3434, -1.5827 0.7039 1.3184, -1.5827 0.6852 1.2886, -1.5827 0.6736 1.2553, -1.6417 0.9055 0.1575, -1.6417 0.9095 0.1224, -1.6417 1.0279 0.0039, -1.6417 0.9947 0.0156, -1.6417 0.9648 0.0344, -1.6417 0.9399 0.0593, -1.6417 0.9211 0.0892, -2.0354 1.0279 0.0039, -2.0354 0.9947 0.0156, -2.0354 0.9055 0.1575, -2.0354 0.9095 0.1224, -2.0354 0.9211 0.0892, -2.0354 0.9399 0.0593, -2.0354 0.9648 0.0344, -1.6831 0.9055 0.5088, -1.6936 0.9055 0.5342, -1.7045 0.8955 0.5344, -1.7119 0.9055 0.562, -1.7128 0.9055 0.5632, -1.7333 0.8911 0.5634, -1.741 0.9055 0.5884, -1.7431 0.9055 0.5899, -1.7624 0.8959 0.59, -1.8892 0.9055 0.5942, -1.8947 0.9055 0.5899, -1.8754 0.8959 0.59, -1.8967 0.9055 0.5884, -1.9045 0.8911 0.5634, -1.8814 0.8803 0.5634, -1.9378 0.8896 0.5038, -1.9553 0.9055 0.5038, -1.9595 0.9055 0.4724, -1.9332 0.8955 0.5344, -1.9442 0.9055 0.5342, -1.9547 0.9055 0.5088, -1.9183 0.9055 0.5718, -1.9249 0.9055 0.5632, -1.9259 0.9055 0.562, -1.8304 0.8859 0.59, -1.8498 0.9055 0.609, -1.8533 0.8892 0.59, -1.8553 0.9055 0.6082, -1.8721 0.9055 0.6013, -1.7845 0.8892 0.59, -1.8087 0.9055 0.6117, -1.8073 0.8859 0.59, -1.8189 0.9055 0.613, -1.8291 0.9055 0.6117, -1.7825 0.9055 0.6082, -1.788 0.9055 0.609, -1.7486 0.9055 0.5942, -1.7657 0.9055 0.6013, -1.7195 0.9055 0.5718, -1.7564 0.8803 0.5634, -1.6971 0.9055 0.5427, -1.7273 0.8804 0.5344, -1.6984 0.8876 0.4724, -1.6783 0.9055 0.4724, -1.6824 0.9055 0.5038, -1.9394 0.8876 0.4724, -1.9154 0.8717 0.4724, -1.9141 0.8739 0.5038, -1.8893 0.8595 0.4724, -1.8884 0.8618 0.5038, -1.8618 0.8512 0.4724, -1.8612 0.8536 0.5038, -1.8333 0.847 0.4724, -1.8331 0.8495 0.5038, -1.8189 0.8465 0.4724, -1.8047 0.8495 0.5038, -1.8045 0.847 0.4724, -1.776 0.8512 0.4724, -1.7766 0.8536 0.5038, -1.7485 0.8595 0.4724, -1.7494 0.8618 0.5038, -1.7224 0.8717 0.4724, -1.7236 0.8739 0.5038, -1.7 0.8896 0.5038, -1.752 0.8688 0.5344, -1.7782 0.8609 0.5344, -1.8052 0.857 0.5344, -1.8326 0.857 0.5344, -1.8596 0.8609 0.5344, -1.8857 0.8688 0.5344, -1.9105 0.8804 0.5344, -1.7809 0.8729 0.5634, -1.8061 0.8692 0.5634, -1.8317 0.8692 0.5634, -1.8569 0.8729 0.5634, -1.9406 0.9055 0.5427, -1.4094 0.9843 0.5118, -1.3779 0.9843 0.5118, -1.4094 0.9055 0.5118, -1.3779 0.9055 0.5118, -1.4225 0.9843 0.5053, -1.4225 0.9055 0.5053, -1.4335 0.9843 0.4958, -1.4335 0.9055 0.4958, -1.4419 0.9843 0.4838, -1.4419 0.9055 0.4838, -1.4471 0.9843 0.4702, -1.4471 0.9055 0.4702, -1.4488 0.9843 0.4557, -1.4488 0.9055 0.4557, -1.4469 0.9843 0.4413, -1.4469 0.9055 0.4413, -1.4415 0.9843 0.4277, -1.4415 0.9055 0.4277, -1.433 0.9843 0.4159, -1.433 0.9055 0.4159, -1.4218 0.9843 0.4065, -1.4218 0.9055 0.4065, -1.3858 0.9055 0.3404, -1.3858 0.9843 0.3404, -1.3883 0.9843 0.3598, -1.3883 0.9055 0.3598, -1.3954 0.9843 0.3781, -1.3954 0.9055 0.3781, -1.4068 0.9843 0.394, -1.4068 0.9055 0.394, -1.3858 0.9055 0.2362, -1.3858 0.9843 0.2362, -1.4646 0.9055 0.1575, -1.4646 0.9843 0.1575, -1.4442 0.9843 0.1602, -1.4442 0.9055 0.1602, -1.4252 0.9843 0.168, -1.4252 0.9055 0.168, -1.4089 0.9843 0.1805, -1.4089 0.9055 0.1805, -1.3964 0.9843 0.1969, -1.3964 0.9055 0.1969, -1.3885 0.9843 0.2158, -1.3885 0.9055 0.2158, -2.2126 0.9055 0.1575, -2.2126 0.9843 0.1575, -2.2913 0.9055 0.2362, -2.2913 0.9843 0.2362, -2.2894 0.9843 0.2187, -2.2894 0.9055 0.2187, -2.2835 0.9843 0.2021, -2.2835 0.9055 0.2021, -2.2742 0.9843 0.1871, -2.2742 0.9055 0.1871, -2.2617 0.9843 0.1747, -2.2617 0.9055 0.1747, -2.2468 0.9843 0.1653, -2.2468 0.9055 0.1653, -2.2301 0.9843 0.1595, -2.2301 0.9055 0.1595, -2.2913 0.9055 0.3404, -2.2913 0.9843 0.3404, -2.2553 0.9055 0.4065, -2.2553 0.9843 0.4065, -2.2703 0.9843 0.394, -2.2703 0.9055 0.394, -2.2818 0.9843 0.3781, -2.2818 0.9055 0.3781, -2.2889 0.9843 0.3598, -2.2889 0.9055 0.3598, -2.2442 0.9843 0.4159, -2.2442 0.9055 0.4159, -2.2356 0.9843 0.4277, -2.2356 0.9055 0.4277, -2.2302 0.9843 0.4413, -2.2302 0.9055 0.4413, -2.2283 0.9843 0.4557, -2.2283 0.9055 0.4557, -2.23 0.9843 0.4702, -2.23 0.9055 0.4702, -2.2352 0.9843 0.4838, -2.2352 0.9055 0.4838, -2.2436 0.9843 0.4958, -2.2436 0.9055 0.4958, -2.2547 0.9843 0.5053, -2.2547 0.9055 0.5053, -2.2677 0.9843 0.5118, -2.2677 0.9055 0.5118, -2.2992 0.9055 0.5118, -2.2992 0.9843 0.5118, -2.2947 0.9055 0.737, -2.2947 0.9843 0.737, -2.2992 0.9055 0.7218, -2.2992 0.9843 0.7218, -2.2922 0.9843 0.7482, -2.2922 0.9055 0.7482, -2.2913 0.9843 0.7596, -2.2913 0.9055 0.7596, -2.2913 0.9055 1.1417, -2.2913 0.9843 1.1417, -2.2126 0.9055 1.2205, -2.2126 0.9843 1.2205, -2.2301 0.9843 1.2185, -2.2301 0.9055 1.2185, -2.2468 0.9843 1.2127, -2.2468 0.9055 1.2127, -2.2617 0.9843 1.2033, -2.2617 0.9055 1.2033, -2.2742 0.9843 1.1908, -2.2742 0.9055 1.1908, -2.2835 0.9843 1.1759, -2.2835 0.9055 1.1759, -2.2894 0.9843 1.1593, -2.2894 0.9055 1.1593, -1.4646 0.9055 1.2205, -1.4646 0.9843 1.2205, -1.3858 0.9055 1.1417, -1.3858 0.9843 1.1417, -1.3885 0.9843 1.1621, -1.3885 0.9055 1.1621, -1.3964 0.9843 1.1811, -1.3964 0.9055 1.1811, -1.4089 0.9843 1.1974, -1.4089 0.9055 1.1974, -1.4252 0.9843 1.2099, -1.4252 0.9055 1.2099, -1.4442 0.9843 1.2178, -1.4442 0.9055 1.2178, -1.3858 0.9055 0.7596, -1.3858 0.9843 0.7596, -1.385 0.9843 0.7482, -1.385 0.9055 0.7482, -1.3825 0.9843 0.737, -1.3825 0.9055 0.737, -1.3779 0.9055 0.7218, -1.3779 0.9843 0.7218, -1.9406 0.9055 0.4022, -1.944 0.9055 0.4104, -1.7131 0.9055 0.3813, -1.7119 0.9055 0.3829, -1.7195 0.9055 0.373, -1.741 0.9055 0.3565, -1.7437 0.9055 0.3545, -1.7486 0.9055 0.3507, -1.7657 0.9055 0.3436, -1.7825 0.9055 0.3367, -1.788 0.9055 0.3359, -1.8498 0.9055 0.3359, -1.8553 0.9055 0.3367, -1.8721 0.9055 0.3436, -1.8892 0.9055 0.3507, -1.9547 0.9055 0.4361, -1.6831 0.9055 0.4361, -1.6971 0.9055 0.4022, -1.6937 0.9055 0.4104, -1.9183 0.9055 0.373, -1.8967 0.9055 0.3565, -1.8941 0.9055 0.3545, -1.9247 0.9055 0.3813, -1.9259 0.9055 0.3829, -1.9553 0.9055 0.441, -1.6825 0.9055 0.441, -1.8087 0.9055 0.3332, -1.8189 0.9055 0.3319, -1.8291 0.9055 0.3332, -1.9177 0.9843 0.4989, -1.9119 0.9843 0.5128, -1.7201 0.9843 0.4989, -1.7193 0.9843 0.493, -1.8368 0.9843 0.5724, -1.8454 0.9843 0.5712, -1.9185 0.9843 0.493, -1.7677 0.9843 0.561, -1.7712 0.9843 0.5625, -1.7924 0.9843 0.5712, -1.8009 0.9843 0.5724, -1.8131 0.9843 0.574, -1.8189 0.9843 0.5747, -1.8247 0.9843 0.574, -1.8502 0.9843 0.5692, -1.8647 0.9843 0.5632, -1.8666 0.9843 0.5625, -1.87 0.9843 0.561, -1.8863 0.9843 0.5486, -1.8888 0.9843 0.5466, -1.8912 0.9843 0.5448, -1.9014 0.9843 0.5315, -1.9075 0.9843 0.5236, -1.7259 0.9843 0.5128, -1.7303 0.9843 0.5236, -1.7364 0.9843 0.5315, -1.7466 0.9843 0.5448, -1.7489 0.9843 0.5466, -1.7515 0.9843 0.5486, -1.7731 0.9843 0.5632, -1.7876 0.9843 0.5692, -1.7551 0.9636 0.5318, -1.741 0.9772 0.5318, -1.7343 0.9715 0.5131, -1.7771 0.9634 0.5487, -1.7626 0.9729 0.5487, -1.9034 0.9715 0.5131, -1.8967 0.9772 0.5318, -1.8752 0.9729 0.5487, -1.8404 0.971 0.5633, -1.8116 0.9682 0.5633, -1.7839 0.9764 0.5633, -1.7302 0.9681 0.4931, -1.7974 0.971 0.5633, -1.8607 0.9634 0.5487, -1.8826 0.9636 0.5318, -1.8662 0.9528 0.5318, -1.848 0.9454 0.5318, -1.8881 0.9567 0.5131, -1.8703 0.945 0.5131, -1.8505 0.937 0.5131, -1.8296 0.9329 0.5131, -1.7932 0.9569 0.5487, -1.7716 0.9528 0.5318, -1.7496 0.9567 0.5131, -1.9076 0.9681 0.4931, -1.8915 0.9525 0.4931, -1.8728 0.9402 0.4931, -1.852 0.9318 0.4931, -1.8301 0.9276 0.4931, -1.8077 0.9276 0.4931, -1.8261 0.9682 0.5633, -1.8102 0.9536 0.5487, -1.7898 0.9454 0.5318, -1.7675 0.945 0.5131, -1.7463 0.9525 0.4931, -1.8538 0.9764 0.5633, -1.8446 0.9569 0.5487, -1.8287 0.9417 0.5318, -1.8082 0.9329 0.5131, -1.7857 0.9318 0.4931, -1.8276 0.9536 0.5487, -1.8091 0.9417 0.5318, -1.7873 0.937 0.5131, -1.765 0.9402 0.4931, -1.8674 0.49 0.61, -1.8674 0.4786 0.5818, -2.0071 0.5916 0.5941, -1.9904 0.5748 0.6106, -2.0071 0.5813 0.5819, -2.0071 0.5674 0.4909, -1.8674 0.5266 0.3848, -1.8955 0.531 0.3893, -1.9225 0.5383 0.3966, -1.9476 0.5483 0.4067, -1.9704 0.546 0.4365, -1.9904 0.5628 0.4488, -1.9904 0.5526 0.4655, -2.0071 0.5636 0.5064, -2.0071 0.5623 0.5222, -2.0071 0.5635 0.5381, -2.0071 0.5671 0.5536, -2.0071 0.5731 0.5683, -1.9904 0.5896 0.6235, -1.9904 0.6062 0.6338, -1.9704 0.5966 0.6523, -1.9476 0.5884 0.668, -1.9476 0.612 0.678, -1.9225 0.6074 0.6915, -1.8955 0.6041 0.7013, -1.8674 0.6021 0.7073, -1.9904 0.545 0.4836, -1.9904 0.5404 0.5026, -1.9904 0.5388 0.5221, -1.9904 0.5402 0.5417, -1.9904 0.5447 0.5607, -1.9904 0.5521 0.5789, -1.9704 0.534 0.456, -1.9704 0.5252 0.4771, -1.9704 0.5198 0.4993, -1.9704 0.5179 0.522, -1.9704 0.5196 0.5448, -1.9704 0.5248 0.567, -1.9704 0.5334 0.5882, -1.9476 0.5317 0.4261, -1.9476 0.5183 0.4479, -1.9476 0.5084 0.4715, -1.9476 0.5023 0.4964, -1.9476 0.5002 0.5219, -1.9476 0.5021 0.5475, -1.9476 0.5079 0.5724, -1.9476 0.5176 0.5961, -1.9225 0.5202 0.4177, -1.9225 0.5056 0.4414, -1.9225 0.4949 0.4671, -1.9225 0.4883 0.4942, -1.9225 0.486 0.5219, -1.9225 0.4881 0.5496, -1.9225 0.4944 0.5767, -1.9225 0.5049 0.6025, -1.8955 0.5119 0.4116, -1.8955 0.4964 0.4367, -1.8955 0.4851 0.4639, -1.8955 0.4781 0.4925, -1.8955 0.4757 0.5218, -1.8955 0.4778 0.5512, -1.8955 0.4846 0.5799, -1.8955 0.4957 0.6071, -1.8674 0.5068 0.4079, -1.8674 0.4908 0.4338, -1.8674 0.4791 0.4619, -1.8674 0.4719 0.4915, -1.8674 0.4694 0.5218, -1.8674 0.4716 0.5522, -1.9225 0.5818 0.6806, -1.8955 0.577 0.6898, -1.8674 0.5741 0.6954, -1.9704 0.5772 0.6402, -1.9476 0.5667 0.6545, -1.9225 0.5582 0.6659, -1.8955 0.5521 0.6742, -1.8674 0.5483 0.6793, -1.9704 0.5599 0.6252, -1.9476 0.5473 0.6377, -1.9225 0.5372 0.6476, -1.8955 0.5298 0.6549, -1.8674 0.5253 0.6593, -1.9904 0.5622 0.5956, -1.9704 0.5452 0.6078, -1.9476 0.5308 0.6181, -1.9225 0.5193 0.6263, -1.8955 0.5109 0.6324, -1.8674 0.5058 0.636, -1.8155 0.6162 0.4172, -1.7934 0.6678 0.6317, -1.7934 0.619 0.4233, -1.773 0.6674 0.6208, -1.7404 0.637 0.4629, -1.7295 0.6656 0.5678, -1.7227 0.6546 0.5017, -1.7227 0.6425 0.5146, -1.7227 0.6414 0.5189, -1.7227 0.6445 0.5105, -1.7227 0.6473 0.5069, -1.7227 0.6417 0.5279, -1.7227 0.6431 0.5322, -1.7227 0.6411 0.5235, -1.7227 0.6484 0.5395, -1.7227 0.652 0.5423, -1.7227 0.6454 0.5361, -1.7227 0.6604 0.5454, -1.7227 0.6649 0.5457, -1.7227 0.656 0.5442, -1.7295 0.6568 0.5673, -1.7295 0.6482 0.565, -1.7295 0.6403 0.5611, -1.7295 0.6332 0.5557, -1.7295 0.6274 0.549, -1.7295 0.623 0.5414, -1.7295 0.6201 0.533, -1.7295 0.6189 0.5242, -1.7295 0.6195 0.5154, -1.7295 0.6218 0.5068, -1.7295 0.6257 0.4988, -1.7295 0.6311 0.4918, -1.7295 0.6377 0.486, -1.7295 0.6454 0.4815, -1.7227 0.6507 0.504, -1.7404 0.6258 0.4694, -1.7404 0.6162 0.4779, -1.7404 0.6083 0.4881, -1.7404 0.6027 0.4996, -1.7404 0.5993 0.5121, -1.7404 0.5985 0.5249, -1.7404 0.6002 0.5376, -1.7404 0.6044 0.5498, -1.7404 0.6108 0.561, -1.7404 0.6193 0.5706, -1.7404 0.6295 0.5784, -1.7404 0.6411 0.5841, -1.7404 0.6535 0.5874, -1.7404 0.6663 0.5883, -1.7551 0.6295 0.4466, -1.7551 0.6154 0.4548, -1.7551 0.6031 0.4657, -1.7551 0.5931 0.4787, -1.7551 0.5859 0.4933, -1.7551 0.5817 0.5092, -1.7551 0.5806 0.5255, -1.7551 0.5828 0.5417, -1.7551 0.5881 0.5572, -1.7551 0.5963 0.5714, -1.7551 0.6071 0.5837, -1.7551 0.6201 0.5936, -1.7551 0.6348 0.6009, -1.7551 0.6506 0.6051, -1.7551 0.6669 0.6061, -1.773 0.6235 0.4333, -1.773 0.6068 0.4429, -1.773 0.5923 0.4556, -1.773 0.5806 0.4709, -1.773 0.5722 0.4882, -1.773 0.5672 0.5068, -1.773 0.566 0.526, -1.773 0.5685 0.5451, -1.773 0.5747 0.5633, -1.773 0.5843 0.58, -1.773 0.5971 0.5944, -1.773 0.6123 0.6061, -1.773 0.6296 0.6146, -1.773 0.6482 0.6196, -1.7934 0.6004 0.434, -1.7934 0.5844 0.4482, -1.7934 0.5714 0.4652, -1.7934 0.5619 0.4844, -1.7934 0.5564 0.505, -1.7934 0.555 0.5264, -1.7934 0.5579 0.5476, -1.7934 0.5648 0.5678, -1.7934 0.5755 0.5863, -1.7934 0.5896 0.6024, -1.7934 0.6066 0.6154, -1.7934 0.6258 0.6248, -1.7934 0.6464 0.6304, -1.8155 0.5965 0.4286, -1.8155 0.5795 0.4436, -1.8155 0.5657 0.4616, -1.8155 0.5556 0.482, -1.8155 0.5498 0.5039, -1.8155 0.5483 0.5266, -1.8155 0.5513 0.5491, -1.8155 0.5586 0.5706, -1.8155 0.57 0.5903, -1.8155 0.585 0.6073, -1.8155 0.603 0.6211, -1.8155 0.6234 0.6311, -1.8155 0.6454 0.637, -1.8155 0.668 0.6384, -1.8612 0.8537 0.4409, -1.8331 0.8495 0.4409, -1.8753 0.8962 0.3544, -1.7625 0.8962 0.3544, -1.7 0.8896 0.4409, -1.7046 0.8956 0.4102, -1.7334 0.8913 0.3812, -1.7565 0.8804 0.3812, -1.8074 0.8862 0.3544, -1.7846 0.8895 0.3544, -1.8532 0.8895 0.3544, -1.8304 0.8862 0.3544, -1.8813 0.8804 0.3812, -1.9104 0.8805 0.4102, -1.9044 0.8913 0.3812, -1.9332 0.8956 0.4102, -1.9378 0.8896 0.4409, -1.7809 0.8731 0.3812, -1.8061 0.8694 0.3812, -1.8316 0.8694 0.3812, -1.8569 0.8731 0.3812, -1.7274 0.8805 0.4102, -1.7521 0.8689 0.4102, -1.7782 0.861 0.4102, -1.8052 0.857 0.4102, -1.8325 0.857 0.4102, -1.8596 0.861 0.4102, -1.7237 0.8739 0.4409, -1.7494 0.8619 0.4409, -1.7766 0.8537 0.4409, -1.8047 0.8495 0.4409, -1.9141 0.8739 0.4409, -1.8857 0.8689 0.4102, -1.8884 0.8619 0.4409
            ]
        }
        coordIndex [
            0,1,2,-1,2,1,3,-1,3,1,4,-1,4,1,5,-1,4,5,6,-1,4,6,7,-1,7,6,8,-1,7,8,9,-1,9,8,10,-1,9,10,11,-1,11,10,12,-1,11,12,13,-1,13,12,14,-1,13,14,15,-1,15,14,16,-1,15,16,17,-1,17,16,18,-1,18,16,19,-1,18,19,20,-1,18,20,21,-1,21,20,22,-1,21,22,23,-1,23,22,24,-1,23,24,25,-1,25,24,26,-1,25,26,27,-1,27,26,28,-1,27,28,29,-1,29,28,30,-1,29,30,31,-1,31,30,32,-1,32,30,33,-1,33,34,32,-1,32,34,35,-1,36,37,38,-1,38,37,39,-1,40,41,42,-1,42,41,43,-1,42,43,44,-1,44,43,45,-1,44,45,46,-1,46,45,47,-1,46,47,48,-1,48,47,49,-1,48,49,50,-1,50,49,51,-1,50,51,52,-1,52,51,53,-1,52,53,54,-1,54,53,55,-1,54,55,56,-1,56,55,57,-1,56,57,58,-1,58,57,59,-1,58,59,60,-1,60,59,61,-1,60,61,62,-1,62,61,63,-1,62,63,64,-1,64,63,65,-1,38,39,66,-1,66,39,67,-1,66,67,68,-1,68,69,66,-1,66,69,70,-1,66,70,38,-1,71,67,72,-1,72,67,39,-1,73,74,75,-1,75,74,76,-1,75,76,77,-1,77,76,78,-1,78,76,79,-1,78,79,80,-1,74,73,81,-1,81,73,82,-1,81,82,83,-1,81,83,84,-1,84,83,85,-1,85,86,84,-1,84,86,87,-1,84,87,88,-1,89,88,87,-1,87,90,89,-1,89,90,91,-1,89,91,92,-1,92,91,93,-1,92,93,94,-1,80,94,78,-1,78,94,93,-1,78,93,77,-1,77,93,91,-1,77,91,75,-1,91,90,75,-1,75,90,87,-1,75,87,73,-1,82,73,86,-1,86,73,87,-1,95,83,82,-1,96,97,98,-1,99,100,101,-1,99,101,98,-1,98,101,102,-1,98,102,96,-1,103,104,105,-1,105,104,106,-1,105,106,107,-1,107,106,101,-1,107,101,108,-1,108,101,100,-1,105,109,103,-1,103,109,110,-1,103,110,111,-1,111,110,112,-1,111,112,113,-1,113,112,114,-1,113,114,115,-1,115,114,116,-1,115,116,117,-1,118,119,120,-1,118,120,121,-1,121,120,122,-1,121,122,123,-1,122,124,123,-1,123,124,125,-1,123,125,126,-1,126,125,127,-1,126,127,116,-1,116,127,128,-1,116,128,117,-1,119,129,120,-1,120,129,130,-1,120,130,131,-1,131,130,132,-1,131,132,133,-1,133,132,134,-1,132,135,134,-1,134,135,136,-1,134,136,137,-1,137,136,138,-1,137,138,139,-1,139,138,140,-1,82,141,95,-1,95,141,142,-1,95,142,143,-1,143,142,140,-1,143,140,144,-1,144,140,138,-1,110,109,145,-1,146,108,147,-1,147,108,100,-1,147,100,148,-1,148,100,99,-1,148,99,149,-1,149,99,98,-1,149,98,150,-1,145,109,151,-1,151,109,105,-1,151,105,146,-1,146,105,107,-1,146,107,108,-1,118,152,153,-1,153,152,154,-1,145,155,110,-1,110,155,156,-1,110,156,112,-1,112,156,157,-1,112,157,114,-1,114,157,158,-1,114,158,116,-1,116,158,159,-1,116,159,126,-1,126,159,154,-1,126,154,123,-1,123,154,152,-1,153,160,118,-1,118,160,161,-1,118,161,119,-1,119,161,162,-1,119,162,129,-1,129,162,130,-1,162,163,130,-1,130,163,164,-1,130,164,132,-1,132,164,165,-1,132,165,135,-1,135,165,166,-1,135,166,136,-1,136,166,167,-1,136,167,138,-1,138,167,144,-1,144,167,168,-1,144,168,169,-1,169,168,170,-1,169,170,95,-1,85,83,171,-1,171,83,95,-1,171,95,172,-1,172,95,170,-1,86,85,173,-1,173,85,171,-1,173,171,174,-1,174,171,172,-1,174,172,175,-1,175,172,170,-1,175,170,176,-1,176,170,177,-1,176,177,178,-1,178,177,167,-1,178,167,179,-1,179,167,166,-1,179,166,180,-1,180,166,165,-1,180,165,181,-1,181,165,182,-1,181,182,183,-1,183,182,163,-1,183,163,184,-1,184,163,185,-1,163,162,185,-1,185,162,161,-1,185,161,186,-1,186,161,160,-1,186,160,187,-1,187,160,153,-1,187,153,188,-1,188,153,154,-1,188,154,189,-1,189,154,159,-1,189,159,190,-1,190,159,158,-1,190,158,191,-1,191,158,192,-1,158,157,192,-1,192,157,193,-1,192,193,194,-1,194,193,155,-1,194,155,195,-1,151,146,196,-1,195,155,196,-1,196,155,145,-1,196,145,151,-1,150,197,149,-1,149,197,198,-1,149,198,148,-1,148,198,199,-1,148,199,147,-1,147,199,200,-1,147,200,146,-1,146,200,201,-1,146,201,196,-1,128,202,187,-1,187,202,186,-1,202,125,186,-1,186,125,124,-1,186,124,185,-1,185,124,122,-1,185,122,184,-1,184,122,120,-1,184,120,183,-1,183,120,131,-1,183,131,203,-1,203,131,133,-1,203,133,180,-1,180,133,134,-1,180,134,179,-1,179,134,137,-1,179,137,178,-1,178,137,139,-1,178,139,176,-1,176,139,140,-1,176,140,175,-1,175,140,142,-1,175,142,174,-1,174,142,141,-1,174,141,173,-1,173,141,82,-1,173,82,86,-1,187,188,128,-1,128,188,189,-1,128,189,117,-1,117,189,190,-1,117,190,115,-1,115,190,191,-1,115,191,113,-1,113,191,204,-1,113,204,205,-1,205,204,194,-1,205,194,103,-1,103,194,195,-1,103,195,104,-1,104,195,206,-1,104,206,106,-1,106,206,201,-1,106,201,101,-1,101,201,200,-1,101,200,102,-1,102,200,199,-1,102,199,96,-1,199,198,96,-1,96,198,197,-1,96,197,97,-1,97,207,98,-1,98,207,208,-1,98,208,150,-1,150,208,209,-1,210,197,209,-1,209,197,150,-1,207,97,210,-1,210,97,197,-1,211,212,213,-1,213,212,214,-1,213,214,215,-1,215,214,216,-1,215,216,217,-1,217,216,218,-1,216,219,218,-1,218,219,220,-1,218,220,221,-1,221,220,222,-1,221,222,223,-1,223,222,224,-1,223,224,225,-1,225,224,226,-1,226,224,227,-1,226,227,228,-1,227,229,228,-1,228,229,230,-1,228,230,231,-1,231,230,232,-1,231,232,233,-1,233,232,234,-1,233,234,235,-1,236,237,235,-1,235,237,238,-1,235,238,233,-1,235,239,236,-1,236,239,240,-1,236,240,241,-1,241,240,242,-1,241,242,243,-1,243,242,244,-1,208,207,245,-1,245,207,244,-1,245,244,246,-1,246,244,242,-1,212,247,248,-1,212,248,214,-1,214,248,249,-1,214,249,216,-1,216,249,250,-1,216,250,219,-1,219,250,220,-1,220,250,251,-1,220,251,222,-1,251,252,222,-1,222,252,253,-1,222,253,224,-1,224,253,254,-1,234,255,256,-1,256,255,230,-1,256,230,257,-1,257,230,229,-1,257,229,254,-1,254,229,258,-1,254,258,224,-1,256,259,234,-1,234,259,260,-1,234,260,235,-1,260,261,235,-1,235,261,262,-1,235,262,263,-1,263,262,264,-1,263,264,240,-1,240,264,242,-1,242,264,265,-1,242,265,246,-1,265,266,246,-1,246,266,267,-1,246,267,268,-1,268,267,209,-1,268,209,208,-1,269,270,257,-1,271,272,267,-1,267,272,209,-1,209,272,273,-1,209,273,210,-1,264,262,274,-1,267,266,271,-1,271,266,265,-1,271,265,275,-1,275,265,264,-1,275,264,276,-1,276,264,274,-1,262,277,274,-1,274,277,260,-1,274,260,278,-1,278,260,279,-1,279,260,259,-1,279,259,270,-1,270,259,280,-1,270,280,257,-1,269,257,281,-1,281,257,254,-1,281,254,282,-1,282,254,253,-1,282,253,283,-1,247,284,248,-1,248,284,285,-1,248,285,286,-1,286,285,287,-1,286,287,250,-1,250,287,288,-1,250,288,251,-1,251,288,289,-1,251,289,283,-1,283,289,290,-1,283,290,282,-1,244,207,210,-1,210,291,244,-1,244,291,272,-1,244,272,243,-1,243,272,271,-1,243,271,292,-1,292,271,236,-1,271,275,236,-1,236,275,293,-1,236,293,237,-1,237,293,274,-1,237,274,294,-1,294,274,233,-1,233,274,278,-1,233,278,231,-1,278,295,231,-1,231,295,270,-1,231,270,296,-1,296,270,269,-1,296,269,226,-1,226,269,225,-1,225,269,297,-1,225,297,223,-1,297,282,223,-1,223,282,290,-1,223,290,298,-1,298,290,289,-1,298,289,218,-1,218,289,288,-1,218,288,217,-1,217,288,287,-1,217,287,299,-1,299,287,285,-1,299,285,213,-1,213,285,284,-1,213,284,211,-1,211,300,212,-1,212,300,301,-1,212,301,247,-1,247,301,302,-1,303,284,302,-1,302,284,247,-1,300,211,303,-1,303,211,284,-1,302,301,303,-1,303,301,300,-1,41,40,72,-1,72,40,70,-1,72,70,71,-1,71,70,69,-1,71,69,92,-1,92,69,79,-1,92,79,89,-1,89,79,76,-1,89,76,88,-1,88,76,74,-1,88,74,84,-1,84,74,81,-1,68,80,69,-1,69,80,79,-1,71,92,67,-1,67,92,94,-1,67,94,68,-1,68,94,80,-1,304,305,306,-1,307,308,309,-1,309,308,310,-1,309,310,311,-1,311,310,312,-1,311,312,313,-1,313,312,314,-1,313,314,315,-1,315,314,316,-1,315,316,317,-1,317,316,318,-1,317,318,319,-1,319,318,320,-1,319,320,321,-1,322,323,324,-1,324,323,325,-1,324,325,326,-1,326,325,327,-1,326,327,328,-1,328,327,329,-1,328,329,330,-1,330,329,331,-1,330,331,332,-1,332,331,333,-1,332,333,321,-1,321,333,304,-1,321,304,319,-1,319,304,306,-1,334,321,335,-1,335,321,320,-1,336,306,337,-1,337,306,305,-1,338,339,337,-1,337,339,336,-1,340,339,341,-1,341,339,338,-1,342,343,344,-1,344,343,345,-1,344,345,346,-1,346,345,347,-1,34,343,35,-1,35,343,342,-1,321,334,332,-1,332,334,348,-1,332,348,330,-1,330,348,349,-1,330,349,328,-1,328,349,350,-1,328,350,326,-1,326,350,351,-1,326,351,324,-1,324,351,352,-1,324,352,322,-1,322,352,353,-1,322,353,354,-1,354,353,355,-1,356,357,355,-1,355,357,354,-1,36,357,37,-1,37,357,356,-1,358,359,347,-1,347,359,346,-1,360,361,362,-1,360,362,363,-1,363,362,359,-1,363,359,358,-1,364,365,360,-1,360,365,361,-1,366,367,364,-1,364,367,365,-1,367,366,368,-1,368,366,369,-1,368,369,370,-1,370,369,371,-1,370,371,372,-1,372,371,373,-1,372,373,374,-1,374,373,375,-1,374,375,376,-1,376,375,377,-1,376,377,378,-1,378,377,379,-1,378,379,380,-1,380,379,381,-1,380,381,382,-1,382,381,383,-1,382,383,384,-1,384,383,385,-1,384,385,386,-1,386,385,387,-1,386,387,388,-1,388,387,389,-1,390,391,392,-1,390,392,393,-1,393,392,394,-1,393,394,395,-1,395,394,396,-1,395,396,397,-1,397,396,398,-1,397,398,399,-1,399,398,388,-1,399,388,389,-1,391,390,323,-1,323,390,400,-1,323,400,325,-1,325,400,401,-1,325,401,327,-1,327,401,402,-1,327,402,329,-1,329,402,403,-1,329,403,331,-1,331,403,404,-1,331,404,333,-1,333,404,405,-1,333,405,304,-1,304,405,406,-1,304,406,305,-1,305,406,341,-1,305,341,337,-1,337,341,338,-1,407,408,409,-1,407,409,410,-1,410,409,411,-1,410,411,412,-1,412,411,413,-1,412,413,414,-1,414,413,415,-1,414,415,416,-1,416,415,417,-1,416,417,418,-1,348,334,406,-1,418,417,335,-1,335,417,419,-1,335,419,334,-1,406,405,348,-1,348,405,404,-1,348,404,349,-1,349,404,403,-1,349,403,350,-1,350,403,402,-1,350,402,351,-1,351,402,401,-1,351,401,352,-1,352,401,400,-1,352,400,353,-1,334,419,406,-1,406,419,340,-1,406,340,341,-1,420,421,422,-1,422,421,423,-1,422,423,424,-1,424,423,425,-1,424,425,426,-1,426,425,427,-1,426,427,428,-1,428,427,429,-1,428,429,430,-1,430,429,431,-1,430,431,432,-1,432,431,433,-1,432,433,434,-1,434,433,435,-1,434,435,436,-1,436,435,437,-1,436,437,438,-1,438,437,439,-1,438,439,440,-1,440,439,441,-1,442,443,444,-1,442,444,445,-1,445,444,446,-1,445,446,447,-1,447,446,448,-1,447,448,449,-1,449,448,450,-1,449,450,451,-1,451,450,440,-1,451,440,441,-1,64,65,308,-1,308,65,407,-1,308,407,310,-1,310,407,410,-1,310,410,312,-1,312,410,412,-1,312,412,314,-1,314,412,414,-1,314,414,316,-1,316,414,416,-1,316,416,318,-1,318,416,418,-1,318,418,320,-1,320,418,335,-1,2,443,0,-1,0,443,442,-1,336,339,306,-1,306,339,340,-1,306,340,319,-1,319,340,419,-1,319,419,317,-1,317,419,417,-1,317,417,315,-1,315,417,415,-1,315,415,313,-1,313,415,413,-1,313,413,311,-1,311,413,411,-1,311,411,309,-1,309,411,409,-1,309,409,307,-1,307,409,408,-1,307,408,452,-1,452,408,453,-1,454,455,456,-1,454,456,457,-1,457,456,458,-1,457,458,459,-1,459,458,460,-1,459,460,461,-1,461,460,462,-1,461,462,463,-1,463,462,452,-1,463,452,453,-1,455,454,464,-1,464,454,465,-1,464,465,466,-1,466,465,467,-1,466,467,468,-1,468,467,469,-1,468,469,470,-1,470,469,471,-1,470,471,472,-1,472,471,473,-1,472,473,474,-1,474,473,475,-1,474,475,476,-1,476,475,477,-1,476,477,478,-1,478,477,479,-1,478,479,480,-1,480,479,481,-1,480,481,482,-1,482,481,483,-1,380,382,322,-1,367,368,354,-1,354,368,370,-1,354,370,372,-1,354,357,35,-1,35,357,36,-1,35,36,32,-1,32,36,38,-1,32,38,31,-1,464,466,308,-1,372,374,354,-1,354,374,376,-1,354,376,322,-1,322,376,378,-1,322,378,380,-1,382,384,322,-1,322,384,386,-1,322,386,388,-1,464,308,455,-1,474,476,64,-1,50,17,48,-1,48,17,18,-1,48,18,46,-1,35,342,354,-1,354,342,344,-1,354,344,367,-1,367,344,346,-1,367,346,359,-1,482,484,485,-1,56,58,4,-1,4,58,60,-1,4,60,62,-1,359,362,367,-1,367,362,361,-1,367,361,365,-1,485,420,482,-1,482,420,422,-1,482,422,480,-1,480,422,424,-1,21,42,18,-1,18,42,44,-1,18,44,46,-1,9,11,54,-1,54,11,13,-1,388,398,322,-1,322,398,396,-1,322,396,394,-1,394,392,322,-1,322,392,391,-1,322,391,323,-1,466,468,308,-1,308,468,470,-1,308,470,64,-1,64,470,472,-1,64,472,474,-1,424,426,480,-1,480,426,428,-1,480,428,430,-1,432,434,64,-1,50,52,17,-1,17,52,54,-1,17,54,15,-1,15,54,13,-1,307,452,308,-1,308,452,462,-1,308,462,460,-1,21,23,42,-1,42,23,25,-1,42,25,27,-1,27,29,42,-1,42,29,31,-1,42,31,40,-1,40,31,38,-1,40,38,70,-1,56,4,54,-1,54,4,7,-1,54,7,9,-1,443,2,62,-1,62,2,3,-1,62,3,4,-1,460,458,308,-1,308,458,456,-1,308,456,455,-1,476,478,64,-1,64,478,480,-1,64,480,432,-1,432,480,430,-1,450,443,440,-1,440,443,62,-1,440,62,438,-1,438,62,64,-1,438,64,436,-1,436,64,434,-1,448,446,450,-1,450,446,444,-1,450,444,443,-1,482,483,484,-1,484,483,486,-1,484,486,487,-1,487,486,488,-1,487,488,489,-1,489,488,490,-1,489,490,491,-1,491,490,492,-1,491,492,493,-1,493,492,494,-1,493,494,495,-1,495,494,496,-1,495,496,497,-1,497,496,498,-1,497,498,499,-1,499,498,500,-1,501,502,503,-1,503,502,504,-1,503,504,505,-1,505,504,506,-1,505,506,507,-1,507,506,508,-1,507,508,509,-1,509,508,510,-1,509,510,511,-1,511,510,512,-1,511,512,513,-1,513,512,514,-1,513,514,485,-1,485,514,515,-1,485,515,420,-1,420,515,421,-1,343,34,355,-1,41,72,39,-1,385,383,353,-1,356,355,37,-1,37,355,34,-1,37,34,39,-1,385,353,387,-1,347,345,366,-1,49,19,51,-1,51,19,16,-1,51,16,53,-1,343,355,345,-1,345,355,369,-1,345,369,366,-1,429,427,481,-1,481,479,65,-1,65,479,477,-1,65,477,475,-1,353,400,390,-1,383,381,353,-1,353,381,379,-1,353,379,355,-1,355,379,377,-1,355,377,375,-1,375,373,355,-1,355,373,371,-1,355,371,369,-1,49,47,19,-1,19,47,45,-1,19,45,20,-1,20,45,43,-1,41,39,43,-1,467,465,407,-1,407,465,454,-1,397,399,353,-1,353,399,389,-1,353,389,387,-1,366,364,360,-1,12,10,55,-1,26,24,43,-1,43,24,22,-1,43,22,20,-1,441,439,65,-1,65,439,437,-1,515,486,421,-1,421,486,483,-1,421,483,423,-1,423,483,481,-1,423,481,425,-1,425,481,427,-1,475,473,65,-1,65,473,471,-1,65,471,407,-1,407,471,469,-1,407,469,467,-1,360,363,366,-1,366,363,358,-1,366,358,347,-1,53,16,55,-1,55,16,14,-1,55,14,12,-1,34,33,39,-1,39,33,30,-1,39,30,43,-1,43,30,28,-1,43,28,26,-1,437,435,65,-1,65,435,433,-1,65,433,481,-1,481,433,431,-1,481,431,429,-1,390,393,353,-1,353,393,395,-1,353,395,397,-1,61,59,5,-1,5,59,57,-1,5,57,6,-1,6,57,55,-1,6,55,8,-1,8,55,10,-1,454,457,407,-1,407,457,459,-1,407,459,461,-1,461,463,407,-1,407,463,453,-1,407,453,408,-1,447,449,451,-1,61,5,63,-1,63,5,1,-1,63,1,65,-1,65,1,0,-1,65,0,441,-1,441,0,442,-1,441,442,451,-1,451,442,445,-1,451,445,447,-1,486,515,514,-1,486,514,488,-1,488,514,512,-1,488,512,490,-1,490,512,510,-1,490,510,492,-1,492,510,508,-1,492,508,494,-1,494,508,506,-1,494,506,496,-1,496,506,504,-1,496,504,498,-1,497,503,495,-1,495,503,505,-1,495,505,493,-1,493,505,507,-1,493,507,491,-1,491,507,509,-1,491,509,489,-1,489,509,511,-1,489,511,487,-1,487,511,513,-1,487,513,484,-1,484,513,485,-1,516,517,497,-1,518,519,503,-1,503,519,520,-1,503,520,521,-1,501,503,522,-1,522,503,523,-1,524,525,497,-1,497,525,526,-1,497,526,516,-1,517,527,497,-1,497,527,528,-1,497,528,503,-1,503,528,529,-1,503,529,518,-1,521,530,503,-1,503,530,531,-1,503,531,532,-1,532,533,503,-1,503,533,534,-1,503,534,523,-1,535,522,536,-1,536,522,537,-1,535,538,522,-1,522,538,539,-1,522,539,501,-1,540,541,497,-1,497,541,542,-1,497,542,543,-1,497,499,540,-1,540,499,544,-1,540,544,545,-1,545,546,540,-1,540,546,547,-1,540,547,548,-1,543,549,497,-1,497,549,550,-1,497,550,524,-1,522,551,552,-1,522,552,537,-1,537,552,553,-1,537,553,536,-1,536,553,554,-1,536,554,535,-1,535,554,555,-1,535,555,538,-1,538,555,556,-1,538,556,539,-1,539,556,502,-1,539,502,501,-1,557,558,504,-1,559,560,498,-1,498,560,561,-1,498,561,562,-1,558,563,504,-1,504,563,564,-1,504,564,565,-1,566,567,498,-1,498,567,568,-1,498,568,500,-1,562,569,498,-1,498,569,570,-1,498,570,571,-1,572,573,504,-1,504,573,574,-1,504,574,557,-1,565,575,504,-1,504,575,576,-1,504,576,498,-1,498,576,577,-1,498,577,559,-1,502,556,551,-1,551,556,555,-1,555,554,551,-1,551,554,553,-1,551,553,552,-1,502,551,504,-1,504,551,578,-1,504,578,572,-1,571,579,498,-1,498,579,580,-1,498,580,566,-1,581,568,582,-1,582,568,583,-1,581,584,568,-1,568,584,585,-1,568,585,500,-1,499,500,585,-1,499,585,544,-1,544,585,584,-1,544,584,545,-1,545,584,581,-1,545,581,546,-1,546,581,582,-1,546,582,547,-1,547,582,583,-1,547,583,548,-1,548,583,568,-1,548,568,540,-1,568,567,540,-1,540,567,541,-1,541,567,566,-1,541,566,542,-1,542,566,580,-1,542,580,543,-1,543,580,579,-1,543,579,549,-1,549,579,571,-1,549,571,550,-1,550,571,570,-1,550,570,524,-1,570,569,524,-1,524,569,525,-1,563,521,564,-1,564,521,520,-1,564,520,565,-1,565,520,519,-1,565,519,575,-1,575,519,518,-1,575,518,576,-1,576,518,529,-1,576,529,577,-1,577,529,528,-1,577,528,559,-1,559,528,527,-1,559,527,560,-1,560,527,517,-1,560,517,561,-1,561,517,516,-1,561,516,562,-1,562,516,526,-1,562,526,569,-1,569,526,525,-1,563,558,521,-1,521,558,530,-1,530,558,557,-1,530,557,531,-1,531,557,574,-1,531,574,532,-1,532,574,573,-1,532,573,533,-1,533,573,572,-1,533,572,534,-1,534,572,578,-1,534,578,523,-1,578,551,523,-1,523,551,522,-1,586,587,588,-1,588,587,589,-1,588,589,590,-1,590,589,591,-1,590,591,592,-1,592,591,593,-1,592,593,594,-1,594,593,595,-1,594,595,596,-1,596,595,597,-1,596,597,598,-1,598,597,599,-1,598,599,600,-1,600,599,601,-1,600,601,602,-1,601,603,602,-1,602,603,604,-1,602,604,605,-1,606,607,608,-1,609,610,611,-1,611,610,612,-1,613,614,586,-1,615,616,617,-1,609,611,618,-1,618,611,619,-1,618,619,620,-1,620,619,621,-1,620,621,622,-1,622,621,623,-1,622,623,624,-1,624,623,615,-1,624,615,625,-1,625,615,617,-1,625,617,626,-1,614,613,612,-1,612,613,627,-1,612,627,611,-1,611,627,628,-1,611,628,619,-1,619,628,629,-1,619,629,621,-1,621,629,630,-1,621,630,623,-1,623,630,631,-1,623,631,615,-1,615,631,632,-1,615,632,616,-1,633,634,631,-1,631,634,635,-1,631,635,632,-1,633,631,636,-1,636,631,630,-1,636,630,637,-1,637,630,629,-1,637,629,638,-1,638,629,628,-1,638,628,639,-1,639,628,627,-1,639,627,640,-1,640,627,613,-1,640,613,641,-1,586,588,613,-1,613,588,590,-1,613,590,641,-1,641,590,592,-1,641,592,594,-1,594,642,641,-1,641,642,643,-1,641,643,640,-1,640,643,644,-1,640,644,639,-1,639,644,645,-1,639,645,638,-1,638,645,646,-1,638,646,637,-1,637,646,647,-1,637,647,636,-1,607,648,647,-1,647,648,649,-1,647,649,636,-1,636,649,650,-1,636,650,633,-1,607,647,608,-1,608,647,646,-1,608,646,651,-1,651,646,645,-1,651,645,652,-1,652,645,644,-1,652,644,653,-1,653,644,643,-1,653,643,654,-1,654,643,642,-1,654,642,655,-1,656,657,606,-1,594,596,642,-1,642,596,598,-1,642,598,655,-1,655,598,600,-1,655,600,602,-1,606,608,656,-1,656,608,651,-1,656,651,658,-1,658,651,652,-1,658,652,659,-1,659,652,653,-1,659,653,660,-1,660,653,654,-1,660,654,661,-1,661,654,655,-1,661,655,662,-1,662,655,602,-1,662,602,605,-1,663,664,620,-1,620,664,665,-1,620,665,618,-1,610,609,666,-1,618,665,609,-1,609,665,667,-1,609,667,666,-1,587,586,668,-1,668,586,614,-1,668,614,666,-1,666,614,612,-1,666,612,610,-1,591,589,669,-1,670,671,672,-1,663,673,664,-1,664,673,674,-1,664,674,665,-1,665,674,675,-1,665,675,667,-1,667,675,666,-1,666,676,669,-1,666,669,668,-1,668,669,589,-1,668,589,587,-1,663,677,673,-1,673,677,678,-1,673,678,679,-1,679,678,680,-1,679,680,672,-1,672,680,681,-1,672,681,670,-1,666,675,676,-1,676,675,674,-1,676,674,682,-1,682,674,673,-1,682,673,683,-1,683,673,679,-1,683,679,684,-1,684,679,672,-1,684,672,685,-1,685,672,671,-1,685,671,686,-1,687,593,591,-1,591,669,687,-1,687,669,676,-1,687,676,688,-1,688,676,682,-1,688,682,689,-1,689,682,683,-1,689,683,690,-1,690,683,684,-1,690,684,691,-1,691,684,685,-1,691,685,692,-1,599,597,693,-1,693,597,595,-1,686,694,685,-1,685,694,695,-1,685,695,692,-1,692,695,696,-1,692,696,697,-1,697,698,692,-1,692,698,699,-1,692,699,691,-1,691,699,700,-1,691,700,690,-1,690,700,701,-1,690,701,689,-1,689,701,702,-1,689,702,688,-1,688,702,693,-1,688,693,687,-1,687,693,595,-1,687,595,593,-1,603,601,703,-1,703,601,599,-1,599,693,703,-1,703,693,702,-1,703,702,704,-1,704,702,701,-1,704,701,705,-1,705,701,700,-1,705,700,706,-1,706,700,699,-1,706,699,707,-1,707,699,698,-1,707,698,708,-1,709,604,603,-1,697,710,698,-1,698,710,711,-1,698,711,708,-1,708,711,712,-1,708,712,713,-1,603,703,709,-1,709,703,704,-1,709,704,714,-1,714,704,705,-1,714,705,715,-1,715,705,706,-1,715,706,716,-1,716,706,707,-1,716,707,717,-1,717,707,708,-1,717,708,718,-1,718,708,713,-1,718,713,719,-1,720,721,722,-1,720,722,723,-1,723,722,724,-1,723,724,725,-1,725,724,726,-1,725,726,727,-1,727,726,728,-1,727,728,729,-1,729,728,730,-1,729,730,731,-1,731,730,732,-1,731,732,733,-1,721,720,734,-1,734,720,735,-1,736,737,738,-1,736,738,739,-1,739,738,740,-1,739,740,741,-1,741,740,742,-1,741,742,743,-1,743,742,744,-1,743,744,745,-1,745,744,746,-1,745,746,747,-1,747,746,734,-1,747,734,735,-1,748,749,750,-1,750,749,751,-1,752,753,754,-1,755,756,757,-1,758,759,760,-1,760,759,761,-1,761,759,762,-1,762,759,763,-1,762,763,764,-1,764,763,765,-1,764,765,766,-1,766,767,768,-1,768,767,769,-1,768,769,770,-1,770,769,771,-1,770,771,772,-1,772,771,773,-1,772,773,774,-1,774,775,776,-1,776,775,777,-1,776,777,778,-1,778,777,779,-1,778,779,780,-1,780,779,781,-1,780,781,782,-1,783,782,784,-1,784,782,785,-1,784,785,786,-1,786,785,787,-1,786,787,788,-1,788,787,789,-1,789,787,790,-1,789,790,791,-1,775,756,777,-1,777,756,755,-1,777,755,779,-1,779,755,792,-1,779,792,781,-1,781,792,793,-1,767,753,769,-1,769,753,752,-1,769,752,771,-1,771,752,794,-1,771,794,773,-1,773,794,795,-1,758,796,759,-1,759,796,797,-1,759,797,763,-1,763,797,798,-1,763,798,765,-1,765,798,799,-1,782,781,785,-1,785,781,793,-1,785,793,787,-1,787,793,800,-1,787,800,790,-1,757,801,755,-1,755,801,802,-1,755,802,792,-1,792,802,803,-1,792,803,793,-1,793,803,804,-1,793,804,800,-1,774,773,775,-1,775,773,795,-1,775,795,756,-1,756,795,805,-1,756,805,757,-1,754,806,752,-1,752,806,807,-1,752,807,794,-1,794,807,808,-1,794,808,795,-1,795,808,809,-1,795,809,805,-1,766,765,767,-1,767,765,799,-1,767,799,753,-1,753,799,810,-1,753,810,754,-1,811,812,797,-1,797,812,813,-1,797,813,798,-1,798,813,814,-1,798,814,799,-1,799,814,815,-1,799,815,810,-1,816,811,817,-1,817,811,797,-1,817,797,818,-1,818,797,796,-1,819,820,821,-1,822,823,824,-1,824,823,819,-1,824,819,821,-1,822,825,823,-1,823,825,826,-1,823,826,827,-1,827,826,828,-1,827,828,829,-1,829,828,830,-1,830,828,831,-1,830,831,832,-1,833,834,835,-1,835,836,833,-1,833,836,837,-1,833,837,831,-1,831,837,838,-1,831,838,832,-1,839,748,750,-1,750,840,839,-1,839,840,841,-1,839,841,834,-1,834,841,842,-1,834,842,835,-1,828,826,748,-1,748,826,825,-1,748,825,749,-1,749,825,843,-1,749,843,844,-1,845,846,847,-1,844,848,749,-1,749,848,845,-1,749,845,849,-1,849,845,847,-1,748,839,834,-1,834,833,748,-1,748,833,831,-1,748,831,828,-1,850,851,852,-1,852,851,853,-1,749,849,751,-1,751,849,854,-1,854,849,855,-1,855,849,847,-1,855,847,856,-1,856,847,857,-1,857,847,846,-1,857,846,858,-1,845,859,846,-1,846,859,860,-1,846,860,858,-1,848,844,861,-1,861,844,843,-1,861,843,853,-1,853,843,862,-1,853,862,852,-1,861,863,848,-1,848,863,864,-1,848,864,845,-1,845,864,865,-1,845,865,859,-1,851,850,866,-1,867,868,869,-1,868,870,869,-1,869,870,871,-1,872,871,870,-1,873,874,875,-1,816,876,811,-1,811,876,877,-1,811,877,812,-1,812,877,878,-1,879,815,880,-1,880,815,814,-1,880,814,878,-1,878,814,813,-1,878,813,812,-1,881,806,882,-1,882,806,754,-1,882,754,879,-1,879,754,810,-1,879,810,815,-1,883,809,884,-1,884,809,808,-1,884,808,881,-1,881,808,807,-1,881,807,806,-1,885,801,886,-1,886,801,757,-1,886,757,883,-1,883,757,805,-1,883,805,809,-1,790,800,887,-1,887,800,804,-1,887,804,888,-1,888,804,803,-1,888,803,885,-1,885,803,802,-1,885,802,801,-1,791,790,889,-1,889,790,887,-1,889,887,890,-1,890,887,874,-1,891,892,873,-1,873,875,891,-1,891,875,893,-1,891,893,894,-1,894,893,895,-1,894,895,896,-1,896,895,897,-1,896,897,898,-1,898,897,899,-1,898,899,900,-1,900,899,901,-1,900,901,902,-1,902,901,903,-1,902,903,904,-1,904,903,905,-1,904,905,906,-1,906,905,907,-1,906,907,908,-1,908,907,909,-1,908,909,910,-1,910,909,911,-1,910,911,912,-1,912,911,913,-1,912,913,914,-1,914,913,915,-1,914,915,916,-1,874,887,875,-1,875,887,888,-1,875,888,893,-1,893,888,885,-1,893,885,895,-1,895,885,886,-1,895,886,897,-1,897,886,883,-1,897,883,899,-1,899,883,884,-1,899,884,901,-1,901,884,881,-1,901,881,903,-1,903,881,882,-1,903,882,905,-1,905,882,879,-1,905,879,907,-1,907,879,880,-1,907,880,909,-1,909,880,878,-1,909,878,911,-1,911,878,877,-1,911,877,913,-1,913,877,876,-1,913,876,915,-1,917,918,919,-1,919,918,920,-1,919,920,921,-1,921,920,922,-1,921,922,923,-1,923,924,921,-1,921,924,925,-1,921,925,926,-1,927,928,919,-1,919,928,929,-1,919,929,917,-1,766,729,764,-1,764,729,731,-1,764,731,762,-1,762,731,733,-1,762,733,761,-1,743,774,776,-1,780,736,778,-1,778,736,739,-1,778,739,776,-1,776,739,741,-1,776,741,743,-1,770,723,768,-1,768,723,725,-1,768,725,766,-1,766,725,727,-1,766,727,729,-1,743,745,774,-1,774,745,747,-1,774,747,772,-1,772,747,735,-1,772,735,770,-1,770,735,720,-1,770,720,723,-1,926,930,921,-1,921,930,931,-1,921,931,733,-1,733,931,760,-1,733,760,761,-1,780,782,736,-1,736,782,783,-1,736,783,919,-1,919,783,932,-1,919,932,927,-1,933,934,935,-1,746,744,663,-1,624,625,732,-1,724,722,620,-1,620,722,721,-1,620,721,663,-1,663,721,734,-1,663,734,746,-1,624,732,622,-1,936,937,935,-1,935,937,938,-1,935,938,933,-1,939,940,941,-1,941,940,942,-1,941,942,943,-1,732,730,622,-1,622,730,728,-1,622,728,620,-1,620,728,726,-1,620,726,724,-1,744,742,663,-1,663,742,740,-1,663,740,677,-1,677,740,738,-1,677,738,678,-1,678,738,737,-1,678,737,680,-1,625,626,732,-1,732,626,944,-1,732,944,941,-1,941,944,945,-1,941,945,939,-1,934,946,935,-1,935,946,947,-1,935,947,737,-1,737,947,681,-1,737,681,680,-1,943,948,941,-1,941,948,949,-1,941,949,935,-1,935,949,950,-1,935,950,936,-1,941,935,951,-1,952,953,954,-1,955,956,957,-1,954,953,957,-1,957,953,958,-1,957,958,955,-1,952,954,951,-1,951,954,959,-1,951,959,941,-1,960,876,961,-1,961,876,816,-1,915,822,824,-1,915,824,916,-1,916,824,821,-1,916,821,820,-1,822,915,825,-1,825,915,876,-1,825,876,843,-1,843,876,960,-1,843,960,862,-1,862,960,962,-1,862,962,852,-1,963,866,962,-1,962,866,850,-1,962,850,852,-1,964,965,966,-1,967,968,969,-1,969,968,964,-1,970,971,972,-1,972,971,973,-1,972,973,967,-1,970,972,974,-1,974,972,975,-1,974,975,976,-1,976,975,977,-1,977,975,978,-1,977,978,979,-1,979,978,980,-1,979,980,981,-1,981,980,982,-1,982,980,983,-1,982,983,984,-1,984,983,985,-1,984,985,986,-1,986,985,987,-1,987,985,988,-1,987,988,989,-1,989,988,990,-1,989,990,991,-1,991,990,992,-1,992,990,993,-1,992,993,994,-1,994,993,995,-1,994,995,996,-1,996,995,997,-1,997,995,998,-1,997,998,999,-1,999,998,1000,-1,999,1000,1001,-1,1001,1000,1002,-1,1002,1000,960,-1,1002,960,961,-1,964,966,969,-1,969,966,1003,-1,969,1003,1004,-1,1004,1003,1005,-1,1004,1005,1006,-1,1006,1005,1007,-1,1006,1007,1008,-1,1008,1007,1009,-1,1008,1009,1010,-1,1010,1009,1011,-1,1010,1011,1012,-1,1012,1011,1013,-1,1012,1013,1014,-1,1014,1013,1015,-1,1014,1015,1016,-1,1016,1015,1017,-1,1016,1017,1018,-1,1018,1017,1019,-1,1018,1019,1020,-1,1020,1019,1021,-1,1020,1021,1022,-1,1022,1021,1023,-1,1022,1023,1024,-1,1024,1023,963,-1,1024,963,1025,-1,967,969,972,-1,972,969,1004,-1,972,1004,975,-1,975,1004,1006,-1,975,1006,978,-1,978,1006,1008,-1,978,1008,980,-1,980,1008,1010,-1,980,1010,983,-1,983,1010,1012,-1,983,1012,985,-1,985,1012,1014,-1,985,1014,988,-1,988,1014,1016,-1,988,1016,990,-1,990,1016,1018,-1,990,1018,993,-1,993,1018,1020,-1,993,1020,995,-1,995,1020,1022,-1,995,1022,998,-1,998,1022,1024,-1,998,1024,1000,-1,1000,1024,1025,-1,1000,1025,960,-1,892,872,873,-1,873,872,870,-1,867,965,868,-1,868,965,964,-1,971,791,973,-1,973,791,889,-1,973,889,967,-1,967,889,890,-1,967,890,968,-1,968,890,874,-1,968,874,964,-1,964,874,873,-1,964,873,868,-1,868,873,870,-1,791,971,789,-1,789,971,1026,-1,789,1026,788,-1,788,1026,1027,-1,788,1027,786,-1,786,1027,1028,-1,786,1028,784,-1,784,1028,1029,-1,784,1029,783,-1,783,1029,932,-1,760,931,758,-1,758,931,1030,-1,758,1030,796,-1,796,1030,1031,-1,796,1031,818,-1,818,1031,1032,-1,818,1032,817,-1,817,1032,1033,-1,817,1033,816,-1,816,1033,961,-1,1034,1035,982,-1,1036,1037,992,-1,1029,1038,932,-1,932,1038,927,-1,927,1038,928,-1,928,1038,1039,-1,928,1039,929,-1,929,1039,1040,-1,929,1040,917,-1,917,1041,918,-1,918,1041,1042,-1,918,1042,920,-1,920,1042,1043,-1,920,1043,922,-1,922,1043,1044,-1,922,1044,923,-1,923,1045,924,-1,924,1045,1046,-1,924,1046,925,-1,925,1046,1047,-1,925,1047,926,-1,926,1047,1048,-1,926,1048,930,-1,931,930,1030,-1,1030,930,1049,-1,1030,1049,1031,-1,1031,1049,1050,-1,1031,1050,1032,-1,1032,1050,1033,-1,1033,1050,1002,-1,1033,1002,961,-1,1045,1037,1046,-1,1046,1037,1036,-1,1046,1036,1047,-1,1047,1036,1051,-1,1047,1051,1048,-1,1048,1051,1052,-1,1041,1035,1042,-1,1042,1035,1034,-1,1042,1034,1043,-1,1043,1034,1053,-1,1043,1053,1044,-1,1044,1053,1054,-1,1029,1028,1038,-1,1038,1028,1055,-1,1038,1055,1039,-1,1039,1055,1056,-1,1039,1056,1040,-1,1040,1056,1057,-1,930,1048,1049,-1,1049,1048,1052,-1,1049,1052,1050,-1,1050,1052,1001,-1,1050,1001,1002,-1,992,994,1036,-1,1036,994,996,-1,1036,996,1051,-1,1051,996,997,-1,1051,997,1052,-1,1052,997,999,-1,1052,999,1001,-1,923,1044,1045,-1,1045,1044,1054,-1,1045,1054,1037,-1,1037,1054,991,-1,1037,991,992,-1,982,984,1034,-1,1034,984,986,-1,1034,986,1053,-1,1053,986,987,-1,1053,987,1054,-1,1054,987,989,-1,1054,989,991,-1,917,1040,1041,-1,1041,1040,1057,-1,1041,1057,1035,-1,1035,1057,981,-1,1035,981,982,-1,970,974,1055,-1,1055,974,976,-1,1055,976,1056,-1,1056,976,977,-1,1056,977,1057,-1,1057,977,979,-1,1057,979,981,-1,971,970,1026,-1,1026,970,1055,-1,1026,1055,1027,-1,1027,1055,1028,-1,944,626,1058,-1,1058,626,617,-1,1058,617,1059,-1,1059,617,616,-1,616,632,1059,-1,1059,632,635,-1,1059,635,1060,-1,635,634,1060,-1,1060,634,633,-1,1060,633,1061,-1,633,650,1061,-1,1061,650,649,-1,1061,649,1062,-1,1062,649,648,-1,1062,648,1063,-1,1063,648,607,-1,607,606,1063,-1,1063,606,657,-1,1063,657,1064,-1,949,948,1065,-1,1065,948,1066,-1,1065,1066,1067,-1,1067,1066,1068,-1,1067,1068,1069,-1,1069,1068,1070,-1,1069,1070,1071,-1,1071,1070,1072,-1,1071,1072,1073,-1,1073,1072,1074,-1,1073,1074,1075,-1,1075,1074,1076,-1,1075,1076,1077,-1,1077,1076,1078,-1,1079,1080,1064,-1,1064,1080,1063,-1,1063,1080,1062,-1,1062,1080,1081,-1,1062,1081,1061,-1,1061,1081,1082,-1,1061,1082,1060,-1,1060,1082,1083,-1,1060,1083,1059,-1,1059,1083,1084,-1,1059,1084,1058,-1,1084,1085,1058,-1,1058,1085,945,-1,1058,945,944,-1,948,943,1066,-1,1066,943,1086,-1,1066,1086,1068,-1,1068,1086,1087,-1,1068,1087,1070,-1,1070,1087,1088,-1,1070,1088,1072,-1,1072,1088,1089,-1,1072,1089,1074,-1,1074,1089,1090,-1,1074,1090,1076,-1,1076,1090,1091,-1,1076,1091,1078,-1,1078,1091,1092,-1,943,942,1086,-1,1086,942,1093,-1,1086,1093,1087,-1,1087,1093,1094,-1,1087,1094,1088,-1,1088,1094,1095,-1,1088,1095,1089,-1,1089,1095,1096,-1,1089,1096,1090,-1,1090,1096,1097,-1,1090,1097,1091,-1,1091,1097,1098,-1,1091,1098,1092,-1,1092,1098,1099,-1,942,940,1093,-1,1093,940,1100,-1,1093,1100,1094,-1,1094,1100,1101,-1,1094,1101,1095,-1,1095,1101,1102,-1,1095,1102,1096,-1,1096,1102,1103,-1,1096,1103,1097,-1,1097,1103,1104,-1,1097,1104,1098,-1,1098,1104,1105,-1,1098,1105,1099,-1,1099,1105,1106,-1,940,939,1100,-1,1100,939,1107,-1,1100,1107,1101,-1,1101,1107,1108,-1,1101,1108,1102,-1,1102,1108,1109,-1,1102,1109,1103,-1,1103,1109,1110,-1,1103,1110,1104,-1,1104,1110,1111,-1,1104,1111,1105,-1,1105,1111,1112,-1,1105,1112,1106,-1,1106,1112,1113,-1,939,945,1107,-1,1107,945,1085,-1,1107,1085,1108,-1,1108,1085,1084,-1,1108,1084,1109,-1,1109,1084,1083,-1,1109,1083,1110,-1,1110,1083,1082,-1,1110,1082,1111,-1,1111,1082,1081,-1,1111,1081,1112,-1,1112,1081,1080,-1,1112,1080,1113,-1,1113,1080,1079,-1,1114,950,949,-1,949,1065,1114,-1,1114,1065,1067,-1,1114,1067,1115,-1,1115,1067,1069,-1,1115,1069,1116,-1,1116,1069,1071,-1,1116,1071,1117,-1,1117,1071,1073,-1,1117,1073,1118,-1,1118,1073,1075,-1,1118,1075,1119,-1,1119,1075,1077,-1,1119,1077,1120,-1,947,946,1121,-1,1121,946,1122,-1,1121,1122,1123,-1,1123,1122,1124,-1,1123,1124,1125,-1,1125,1124,1126,-1,1125,1126,1127,-1,1127,1126,1128,-1,1127,1128,1129,-1,1129,1128,1130,-1,1129,1130,1131,-1,1131,1130,1132,-1,1131,1132,1133,-1,1133,1132,1134,-1,1135,1136,1120,-1,1120,1136,1119,-1,1119,1136,1118,-1,1118,1136,1137,-1,1118,1137,1117,-1,1117,1137,1138,-1,1117,1138,1116,-1,1116,1138,1139,-1,1116,1139,1115,-1,1115,1139,1140,-1,1115,1140,1114,-1,1140,1141,1114,-1,1114,1141,936,-1,1114,936,950,-1,946,934,1122,-1,1122,934,1142,-1,1122,1142,1124,-1,1124,1142,1143,-1,1124,1143,1126,-1,1126,1143,1144,-1,1126,1144,1128,-1,1128,1144,1145,-1,1128,1145,1130,-1,1130,1145,1146,-1,1130,1146,1132,-1,1132,1146,1147,-1,1132,1147,1134,-1,1134,1147,1148,-1,934,933,1142,-1,1142,933,1149,-1,1142,1149,1143,-1,1143,1149,1150,-1,1143,1150,1144,-1,1144,1150,1151,-1,1144,1151,1145,-1,1145,1151,1152,-1,1145,1152,1146,-1,1146,1152,1153,-1,1146,1153,1147,-1,1147,1153,1154,-1,1147,1154,1148,-1,1148,1154,1155,-1,933,938,1149,-1,1149,938,1156,-1,1149,1156,1150,-1,1150,1156,1157,-1,1150,1157,1151,-1,1151,1157,1158,-1,1151,1158,1152,-1,1152,1158,1159,-1,1152,1159,1153,-1,1153,1159,1160,-1,1153,1160,1154,-1,1154,1160,1161,-1,1154,1161,1155,-1,1155,1161,1162,-1,938,937,1156,-1,1156,937,1163,-1,1156,1163,1157,-1,1157,1163,1164,-1,1157,1164,1158,-1,1158,1164,1165,-1,1158,1165,1159,-1,1159,1165,1166,-1,1159,1166,1160,-1,1160,1166,1167,-1,1160,1167,1161,-1,1161,1167,1168,-1,1161,1168,1162,-1,1162,1168,1169,-1,937,936,1163,-1,1163,936,1141,-1,1163,1141,1164,-1,1164,1141,1140,-1,1164,1140,1165,-1,1165,1140,1139,-1,1165,1139,1166,-1,1166,1139,1138,-1,1166,1138,1167,-1,1167,1138,1137,-1,1167,1137,1168,-1,1168,1137,1136,-1,1168,1136,1169,-1,1169,1136,1135,-1,1121,670,947,-1,947,670,681,-1,1125,694,1123,-1,1123,694,686,-1,1123,686,1121,-1,1121,686,671,-1,1121,671,670,-1,710,697,1127,-1,1127,697,696,-1,1127,696,1125,-1,1125,696,695,-1,1125,695,694,-1,710,1127,711,-1,711,1127,1129,-1,711,1129,712,-1,712,1129,1131,-1,712,1131,713,-1,713,1131,1133,-1,713,1133,719,-1,1079,1064,1078,-1,1078,1064,1077,-1,662,605,656,-1,1077,605,604,-1,1077,1064,605,-1,605,1064,657,-1,605,657,656,-1,1078,1092,1079,-1,1079,1092,1099,-1,1079,1099,1113,-1,1113,1099,1106,-1,659,660,661,-1,714,715,719,-1,1169,1134,1162,-1,1162,1134,1148,-1,1162,1148,1155,-1,714,719,709,-1,662,656,661,-1,661,656,658,-1,661,658,659,-1,1169,1135,1134,-1,1134,1135,1120,-1,1134,1120,1133,-1,1133,1120,1077,-1,1133,1077,719,-1,719,1077,604,-1,719,604,709,-1,715,716,719,-1,719,716,717,-1,719,717,718,-1,841,840,750,-1,869,871,872,-1,867,866,965,-1,965,866,963,-1,965,963,966,-1,872,750,751,-1,912,914,891,-1,855,856,866,-1,866,856,857,-1,866,857,858,-1,891,914,892,-1,892,914,916,-1,892,916,872,-1,872,916,820,-1,872,820,750,-1,750,820,819,-1,750,819,823,-1,869,872,867,-1,867,872,751,-1,867,751,866,-1,866,751,854,-1,866,854,855,-1,858,860,866,-1,866,860,859,-1,866,859,865,-1,823,827,750,-1,750,827,829,-1,750,829,830,-1,864,863,861,-1,865,864,866,-1,866,864,861,-1,866,861,851,-1,851,861,853,-1,963,1023,966,-1,966,1023,1021,-1,966,1021,1019,-1,830,832,750,-1,750,832,838,-1,750,838,837,-1,1019,1017,966,-1,966,1017,1015,-1,966,1015,1003,-1,1009,1007,1011,-1,1011,1007,1013,-1,1013,1007,1015,-1,1015,1007,1005,-1,1015,1005,1003,-1,894,908,891,-1,891,908,910,-1,891,910,912,-1,894,896,908,-1,908,896,898,-1,908,898,900,-1,900,902,908,-1,908,902,904,-1,908,904,906,-1,837,836,750,-1,750,836,835,-1,750,835,841,-1,841,835,842,-1,1170,1171,1172,-1,1172,1171,956,-1,1172,956,955,-1,955,958,1172,-1,1172,958,953,-1,1172,953,952,-1,1172,736,919,-1,919,1173,1172,-1,1172,1173,1174,-1,1172,1174,1175,-1,737,736,935,-1,935,736,1172,-1,935,1172,951,-1,951,1172,952,-1,1176,957,956,-1,956,1171,1176,-1,1176,1171,1177,-1,1176,1177,1178,-1,919,921,1173,-1,1173,921,1179,-1,1173,1179,1174,-1,1174,1179,1180,-1,1174,1180,1175,-1,1175,1180,1181,-1,1182,1183,1184,-1,1184,1183,1185,-1,1184,1185,1186,-1,1185,1187,1186,-1,1186,1187,1188,-1,1186,1188,1189,-1,1188,1190,1189,-1,1189,1190,1178,-1,1189,1178,1191,-1,1191,1178,1177,-1,1191,1177,1192,-1,1192,1177,1171,-1,1192,1171,1170,-1,1170,1172,1175,-1,1192,1170,1191,-1,1191,1170,1175,-1,1191,1175,1193,-1,1193,1175,1181,-1,1194,1195,1196,-1,1196,1195,1197,-1,1196,1197,1198,-1,1198,1197,1182,-1,1198,1182,1184,-1,1199,1200,1201,-1,1201,1200,1202,-1,1201,1202,1203,-1,1182,1197,1204,-1,1205,1206,1207,-1,1204,1197,1207,-1,1207,1197,1195,-1,1207,1195,1205,-1,1182,1204,1183,-1,1183,1204,1208,-1,1183,1208,1185,-1,1176,1178,1208,-1,1208,1178,1190,-1,1190,1188,1208,-1,1208,1188,1187,-1,1208,1187,1185,-1,1209,1210,1211,-1,1209,1211,1212,-1,1212,1211,1213,-1,1212,1213,1214,-1,1213,1215,1214,-1,1214,1215,1216,-1,1214,1216,1217,-1,1217,1216,1218,-1,1219,1220,1221,-1,1221,1220,1222,-1,1221,1222,1223,-1,1223,1222,1224,-1,1223,1224,1225,-1,1225,1224,1226,-1,1225,1226,1227,-1,1227,1226,1228,-1,1227,1228,1229,-1,1229,1228,1230,-1,1229,1230,1231,-1,1231,1230,1232,-1,1231,1232,1233,-1,1233,1232,1234,-1,1233,1234,1235,-1,1235,1234,1236,-1,1235,1236,1237,-1,1237,1236,1238,-1,1237,1238,1239,-1,1239,1238,1240,-1,1239,1240,1241,-1,1241,1240,1242,-1,1241,1242,1218,-1,1218,1242,1243,-1,1218,1243,1217,-1,1244,1220,1245,-1,1245,1220,1219,-1,733,732,921,-1,921,732,941,-1,921,941,1179,-1,1179,941,959,-1,1179,959,1180,-1,1180,959,954,-1,1180,954,1181,-1,1181,954,957,-1,1181,957,1193,-1,1193,957,1176,-1,1193,1176,1246,-1,1246,1176,1208,-1,1246,1208,1247,-1,1247,1208,1204,-1,1247,1204,1248,-1,1248,1204,1207,-1,1248,1207,1245,-1,1245,1207,1244,-1,1191,1193,1189,-1,1189,1193,1246,-1,1189,1246,1186,-1,1247,1198,1246,-1,1246,1198,1184,-1,1246,1184,1186,-1,1249,1250,1248,-1,1248,1250,1194,-1,1248,1194,1247,-1,1247,1194,1196,-1,1247,1196,1198,-1,1195,1194,1251,-1,1251,1194,1250,-1,1251,1250,1206,-1,1206,1250,1249,-1,1206,1249,1252,-1,1252,1249,1253,-1,1252,1253,1254,-1,1254,1253,1255,-1,1254,1255,1256,-1,1256,1255,1257,-1,1256,1257,1258,-1,1258,1257,1259,-1,1258,1259,1260,-1,1260,1259,1261,-1,1260,1261,1262,-1,1262,1261,1263,-1,1262,1263,1264,-1,1262,1264,1265,-1,1265,1264,1266,-1,1265,1266,1267,-1,1267,1266,1268,-1,1267,1268,1269,-1,1269,1268,1270,-1,1269,1270,1271,-1,1271,1270,1272,-1,1271,1272,1273,-1,1273,1272,1274,-1,1273,1274,1275,-1,1276,1277,1278,-1,1278,1277,1279,-1,1278,1279,1280,-1,1281,1282,1283,-1,1283,1282,1284,-1,1283,1284,1285,-1,1285,1284,1286,-1,1285,1286,1287,-1,1287,1286,1288,-1,1287,1288,1289,-1,1289,1288,1290,-1,1289,1290,1291,-1,1291,1290,1292,-1,1291,1292,1293,-1,1293,1292,1210,-1,1293,1210,1209,-1,1294,1295,1296,-1,1296,1295,1297,-1,1296,1297,1298,-1,1298,1297,1299,-1,1298,1299,1300,-1,1300,1299,1301,-1,1300,1301,1302,-1,1302,1301,1303,-1,1302,1303,1304,-1,1304,1303,1305,-1,1304,1305,1306,-1,1306,1305,1307,-1,1306,1307,1308,-1,1308,1307,1309,-1,1308,1309,1310,-1,1310,1309,1311,-1,1310,1311,1312,-1,1312,1311,1313,-1,1276,1314,1277,-1,1277,1314,1315,-1,1278,1316,1276,-1,1276,1316,1314,-1,1317,1318,1316,-1,1316,1318,1315,-1,1316,1315,1314,-1,1317,1280,1318,-1,1318,1280,1279,-1,1318,1279,1315,-1,1315,1279,1277,-1,1202,1319,1203,-1,1203,1319,1320,-1,1319,1202,1200,-1,1319,1200,1321,-1,1321,1200,1199,-1,1321,1199,1322,-1,1320,1319,1323,-1,1323,1319,1321,-1,1323,1321,1322,-1,1203,1320,1201,-1,1201,1320,1323,-1,1324,1325,1326,-1,1324,1326,1327,-1,1327,1326,1328,-1,1327,1328,1329,-1,1329,1328,1330,-1,1329,1330,1331,-1,1331,1330,1332,-1,1331,1332,1333,-1,1333,1332,1334,-1,1333,1334,1335,-1,1335,1334,1312,-1,1335,1312,1313,-1,1239,1241,1310,-1,1334,1332,1317,-1,1317,1332,1330,-1,1317,1330,1328,-1,1248,1245,1219,-1,1316,1235,1237,-1,1274,1280,1325,-1,1325,1280,1317,-1,1325,1317,1326,-1,1326,1317,1328,-1,1274,1272,1280,-1,1280,1272,1270,-1,1280,1270,1268,-1,1268,1266,1280,-1,1280,1266,1264,-1,1280,1264,1263,-1,1263,1261,1280,-1,1280,1261,1259,-1,1280,1259,1278,-1,1237,1239,1316,-1,1316,1239,1310,-1,1316,1310,1317,-1,1317,1310,1312,-1,1317,1312,1334,-1,1259,1257,1278,-1,1278,1257,1255,-1,1278,1255,1248,-1,1248,1255,1253,-1,1248,1253,1249,-1,1219,1221,1248,-1,1248,1221,1223,-1,1248,1223,1278,-1,1278,1223,1225,-1,1278,1225,1227,-1,1227,1229,1278,-1,1278,1229,1231,-1,1278,1231,1316,-1,1316,1231,1233,-1,1316,1233,1235,-1,1284,1296,1286,-1,1286,1296,1298,-1,1286,1298,1288,-1,1288,1298,1300,-1,1288,1300,1290,-1,1290,1300,1302,-1,1290,1302,1292,-1,1292,1302,1304,-1,1292,1304,1210,-1,1210,1304,1306,-1,1308,1213,1306,-1,1306,1213,1211,-1,1306,1211,1210,-1,1241,1218,1310,-1,1310,1218,1216,-1,1310,1216,1308,-1,1308,1216,1215,-1,1308,1215,1213,-1,1336,1337,1338,-1,1338,1337,1339,-1,1340,1341,1342,-1,1340,1342,1343,-1,1343,1342,1344,-1,1343,1344,1345,-1,1345,1344,1346,-1,1345,1346,1347,-1,1347,1346,1348,-1,1347,1348,1349,-1,1349,1348,1337,-1,1349,1337,1336,-1,1341,1340,1350,-1,1350,1340,1351,-1,1352,1353,1354,-1,1354,1353,1355,-1,1354,1355,1356,-1,1356,1355,1357,-1,1356,1357,1358,-1,1358,1357,1359,-1,1358,1359,1360,-1,1360,1359,1361,-1,1360,1361,1362,-1,1362,1361,1363,-1,1362,1363,1364,-1,1364,1363,1365,-1,1364,1365,1366,-1,1366,1365,1367,-1,1366,1367,1368,-1,1368,1367,1369,-1,1368,1369,1370,-1,1370,1369,1371,-1,1370,1371,1351,-1,1351,1371,1350,-1,1372,1373,1352,-1,1352,1373,1353,-1,1373,1372,1374,-1,1373,1374,1375,-1,1375,1374,1376,-1,1375,1376,1377,-1,1377,1376,1378,-1,1377,1378,1379,-1,1379,1378,1380,-1,1379,1380,1381,-1,1381,1380,1382,-1,1381,1382,1383,-1,1383,1382,1384,-1,1384,1382,1385,-1,1295,1294,1386,-1,1295,1386,1387,-1,1387,1386,1388,-1,1387,1388,1389,-1,1389,1388,1390,-1,1389,1390,1391,-1,1391,1390,1392,-1,1391,1392,1393,-1,1393,1392,1394,-1,1393,1394,1395,-1,1395,1394,1396,-1,1395,1396,1397,-1,1397,1396,1384,-1,1397,1384,1385,-1,1282,1281,1398,-1,1282,1398,1399,-1,1399,1398,1400,-1,1399,1400,1401,-1,1401,1400,1402,-1,1401,1402,1403,-1,1403,1402,1404,-1,1403,1404,1405,-1,1405,1404,1406,-1,1405,1406,1407,-1,1407,1406,1338,-1,1407,1338,1339,-1,1352,1354,1297,-1,1297,1354,1356,-1,1297,1356,1358,-1,1366,1368,1283,-1,1283,1368,1370,-1,1283,1370,1281,-1,1281,1370,1351,-1,1281,1351,1398,-1,1406,1404,1351,-1,1340,1343,1336,-1,1336,1343,1345,-1,1336,1345,1349,-1,1349,1345,1347,-1,1340,1336,1351,-1,1351,1336,1338,-1,1351,1338,1406,-1,1404,1402,1351,-1,1351,1402,1400,-1,1351,1400,1398,-1,1297,1295,1352,-1,1352,1295,1387,-1,1352,1387,1389,-1,1389,1391,1352,-1,1352,1391,1393,-1,1352,1393,1395,-1,1395,1397,1352,-1,1352,1397,1385,-1,1352,1385,1382,-1,1358,1360,1297,-1,1297,1360,1362,-1,1297,1362,1283,-1,1283,1362,1364,-1,1283,1364,1366,-1,1378,1376,1380,-1,1380,1376,1374,-1,1380,1374,1382,-1,1382,1374,1372,-1,1382,1372,1352,-1,1254,1256,1201,-1,1260,1262,1199,-1,1199,1262,1265,-1,1201,1256,1199,-1,1199,1256,1258,-1,1199,1258,1260,-1,1244,1207,1220,-1,1220,1207,1222,-1,1265,1267,1199,-1,1199,1267,1269,-1,1199,1269,1271,-1,1254,1201,1252,-1,1252,1201,1207,-1,1252,1207,1206,-1,1327,1329,1322,-1,1322,1329,1331,-1,1322,1331,1333,-1,1311,1323,1313,-1,1313,1323,1322,-1,1313,1322,1335,-1,1335,1322,1333,-1,1271,1273,1199,-1,1199,1273,1275,-1,1199,1275,1322,-1,1322,1275,1324,-1,1322,1324,1327,-1,1311,1242,1323,-1,1323,1242,1240,-1,1323,1240,1238,-1,1230,1228,1201,-1,1201,1228,1226,-1,1201,1226,1207,-1,1207,1226,1224,-1,1207,1224,1222,-1,1238,1236,1323,-1,1323,1236,1234,-1,1323,1234,1201,-1,1201,1234,1232,-1,1201,1232,1230,-1,1242,1311,1243,-1,1243,1311,1217,-1,1293,1209,1309,-1,1309,1209,1212,-1,1309,1212,1311,-1,1311,1212,1214,-1,1311,1214,1217,-1,1309,1307,1293,-1,1293,1307,1305,-1,1293,1305,1291,-1,1291,1305,1303,-1,1291,1303,1289,-1,1289,1303,1301,-1,1289,1301,1287,-1,1287,1301,1299,-1,1287,1299,1285,-1,1285,1299,1297,-1,1285,1297,1283,-1,1341,1350,1337,-1,1341,1337,1342,-1,1284,1371,1369,-1,1361,1359,1296,-1,1359,1357,1296,-1,1296,1357,1355,-1,1296,1355,1294,-1,1294,1355,1353,-1,1371,1284,1350,-1,1350,1284,1282,-1,1350,1282,1399,-1,1399,1401,1350,-1,1350,1401,1403,-1,1350,1403,1405,-1,1405,1407,1350,-1,1350,1407,1339,-1,1350,1339,1337,-1,1348,1346,1337,-1,1337,1346,1344,-1,1337,1344,1342,-1,1369,1367,1284,-1,1284,1367,1365,-1,1284,1365,1296,-1,1296,1365,1363,-1,1296,1363,1361,-1,1383,1384,1353,-1,1353,1384,1396,-1,1396,1394,1353,-1,1353,1394,1392,-1,1353,1392,1390,-1,1390,1388,1353,-1,1353,1388,1386,-1,1353,1386,1294,-1,1353,1373,1383,-1,1383,1373,1375,-1,1383,1375,1381,-1,1381,1375,1377,-1,1381,1377,1379,-1,1274,1325,1275,-1,1275,1325,1324,-1,1408,1409,1410,-1,1411,1412,1408,-1,1408,1410,1411,-1,1411,1410,1413,-1,1411,1413,1414,-1,1414,1413,1415,-1,1414,1415,1416,-1,1416,1415,1417,-1,1416,1417,1418,-1,1418,1417,1419,-1,1418,1419,1420,-1,1420,1419,1421,-1,1420,1421,1422,-1,1423,1424,1425,-1,1425,1424,1426,-1,1425,1426,1427,-1,1427,1426,1428,-1,1427,1428,1429,-1,1429,1428,1430,-1,1429,1430,1431,-1,1431,1430,1432,-1,1431,1432,1433,-1,1433,1432,1434,-1,1433,1434,1435,-1,1435,1434,1436,-1,1437,1438,1424,-1,1424,1438,1439,-1,1424,1439,1440,-1,1440,1439,1441,-1,1442,1443,1423,-1,1423,1443,1444,-1,1445,1446,1447,-1,1444,1448,1423,-1,1423,1448,1449,-1,1423,1449,1424,-1,1424,1449,1450,-1,1424,1450,1437,-1,1451,1452,1453,-1,1454,1455,1441,-1,1447,1446,1456,-1,1453,1457,1451,-1,1451,1457,1458,-1,1451,1458,1459,-1,1454,1441,1460,-1,1455,1461,1441,-1,1441,1461,1462,-1,1441,1462,1440,-1,1459,1458,1441,-1,1441,1458,1463,-1,1441,1463,1460,-1,1464,1465,1466,-1,1467,1468,1446,-1,1467,1446,1469,-1,1468,1470,1446,-1,1446,1470,1471,-1,1446,1471,1456,-1,1445,1447,1466,-1,1466,1447,1472,-1,1466,1472,1464,-1,1442,1423,1446,-1,1446,1423,1473,-1,1446,1473,1469,-1,1463,1474,1475,-1,1463,1475,1460,-1,1460,1475,1476,-1,1460,1476,1454,-1,1454,1476,1477,-1,1454,1477,1455,-1,1455,1477,1478,-1,1455,1478,1461,-1,1461,1478,1479,-1,1461,1479,1462,-1,1462,1479,1480,-1,1462,1480,1440,-1,1481,1482,1421,-1,1483,1484,1485,-1,1422,1486,1487,-1,1488,1489,1490,-1,1489,1488,1491,-1,1491,1488,1492,-1,1491,1492,1493,-1,1482,1494,1421,-1,1421,1494,1495,-1,1421,1495,1422,-1,1422,1495,1496,-1,1422,1496,1486,-1,1497,1498,1490,-1,1490,1498,1499,-1,1490,1499,1488,-1,1493,1500,1491,-1,1491,1500,1501,-1,1491,1501,1502,-1,1481,1421,1484,-1,1484,1421,1480,-1,1484,1480,1479,-1,1487,1503,1422,-1,1422,1503,1504,-1,1422,1504,1505,-1,1505,1504,1491,-1,1505,1491,1506,-1,1506,1491,1502,-1,1485,1507,1508,-1,1479,1478,1484,-1,1484,1478,1477,-1,1484,1477,1476,-1,1508,1509,1485,-1,1485,1509,1510,-1,1485,1510,1483,-1,1476,1475,1484,-1,1484,1475,1474,-1,1484,1474,1485,-1,1473,1505,1506,-1,1473,1506,1469,-1,1469,1506,1502,-1,1469,1502,1467,-1,1467,1502,1501,-1,1467,1501,1468,-1,1468,1501,1500,-1,1468,1500,1470,-1,1470,1500,1493,-1,1470,1493,1471,-1,1471,1493,1492,-1,1471,1492,1456,-1,1492,1488,1456,-1,1456,1488,1447,-1,1447,1488,1499,-1,1447,1499,1472,-1,1472,1499,1498,-1,1472,1498,1464,-1,1464,1498,1497,-1,1464,1497,1465,-1,1465,1497,1490,-1,1465,1490,1466,-1,1466,1490,1489,-1,1466,1489,1445,-1,1489,1491,1445,-1,1445,1491,1446,-1,1484,1441,1481,-1,1481,1441,1439,-1,1481,1439,1482,-1,1482,1439,1438,-1,1482,1438,1494,-1,1494,1438,1437,-1,1494,1437,1495,-1,1495,1437,1450,-1,1495,1450,1496,-1,1496,1450,1449,-1,1496,1449,1486,-1,1486,1449,1448,-1,1486,1448,1487,-1,1487,1448,1444,-1,1487,1444,1503,-1,1503,1444,1443,-1,1503,1443,1504,-1,1504,1443,1442,-1,1504,1442,1491,-1,1491,1442,1446,-1,1484,1483,1441,-1,1441,1483,1459,-1,1459,1483,1510,-1,1459,1510,1451,-1,1451,1510,1509,-1,1451,1509,1452,-1,1452,1509,1508,-1,1452,1508,1453,-1,1453,1508,1507,-1,1453,1507,1457,-1,1457,1507,1485,-1,1457,1485,1458,-1,1485,1474,1458,-1,1458,1474,1463,-1,1511,1512,1513,-1,1513,1512,1514,-1,1515,1516,1435,-1,1435,1516,1412,-1,1435,1412,1433,-1,1433,1412,1411,-1,1433,1411,1431,-1,1431,1411,1414,-1,1431,1414,1429,-1,1429,1414,1416,-1,1429,1416,1427,-1,1427,1416,1418,-1,1427,1418,1425,-1,1425,1418,1420,-1,1425,1420,1423,-1,1423,1420,1422,-1,1423,1422,1473,-1,1473,1422,1505,-1,1517,1513,1514,-1,1514,1518,1517,-1,1517,1518,1519,-1,1517,1519,1520,-1,1520,1519,1521,-1,1520,1521,1522,-1,1522,1521,1523,-1,1522,1523,1524,-1,1524,1523,1525,-1,1524,1525,1526,-1,1526,1525,1527,-1,1526,1527,1528,-1,1528,1527,1529,-1,1528,1529,1530,-1,1531,1532,1533,-1,1435,1436,1534,-1,1535,1536,1435,-1,1535,1435,1537,-1,1538,1539,1540,-1,1531,1533,1541,-1,1541,1533,1540,-1,1541,1540,1542,-1,1532,1543,1533,-1,1533,1543,1544,-1,1533,1544,1545,-1,1515,1546,1547,-1,1538,1540,1548,-1,1545,1549,1533,-1,1533,1549,1550,-1,1533,1550,1551,-1,1552,1553,1554,-1,1554,1553,1555,-1,1556,1557,1534,-1,1534,1557,1558,-1,1534,1558,1435,-1,1435,1558,1559,-1,1435,1559,1537,-1,1536,1560,1435,-1,1435,1560,1561,-1,1435,1561,1562,-1,1562,1563,1435,-1,1435,1563,1564,-1,1435,1564,1515,-1,1515,1564,1565,-1,1515,1565,1546,-1,1547,1566,1515,-1,1515,1566,1567,-1,1515,1567,1568,-1,1569,1570,1571,-1,1572,1573,1540,-1,1540,1573,1574,-1,1540,1574,1542,-1,1575,1576,1511,-1,1511,1576,1577,-1,1511,1577,1554,-1,1554,1577,1578,-1,1554,1578,1552,-1,1579,1580,1581,-1,1582,1583,1584,-1,1568,1585,1515,-1,1515,1585,1586,-1,1515,1586,1587,-1,1588,1589,1590,-1,1591,1592,1593,-1,1569,1571,1594,-1,1539,1595,1540,-1,1540,1595,1596,-1,1540,1596,1572,-1,1581,1597,1579,-1,1579,1597,1554,-1,1579,1554,1598,-1,1598,1554,1555,-1,1598,1555,1599,-1,1599,1555,1533,-1,1599,1533,1600,-1,1600,1533,1551,-1,1556,1601,1557,-1,1557,1601,1582,-1,1557,1582,1602,-1,1602,1582,1584,-1,1603,1604,1605,-1,1605,1604,1606,-1,1605,1606,1590,-1,1590,1606,1607,-1,1590,1607,1588,-1,1570,1608,1571,-1,1571,1608,1609,-1,1571,1609,1610,-1,1610,1609,1611,-1,1610,1611,1612,-1,1587,1613,1515,-1,1515,1613,1614,-1,1515,1614,1615,-1,1615,1614,1590,-1,1593,1616,1591,-1,1591,1616,1617,-1,1591,1617,1618,-1,1618,1617,1619,-1,1620,1621,1611,-1,1611,1621,1622,-1,1611,1622,1612,-1,1528,1530,1517,-1,1517,1530,1513,-1,1589,1623,1590,-1,1590,1623,1624,-1,1590,1624,1615,-1,1625,1626,1627,-1,1627,1626,1628,-1,1625,1629,1626,-1,1626,1629,1604,-1,1626,1604,1630,-1,1630,1604,1603,-1,1630,1603,1631,-1,1571,1632,1633,-1,1633,1632,1634,-1,1633,1634,1635,-1,1633,1619,1571,-1,1571,1619,1617,-1,1571,1617,1594,-1,1594,1617,1636,-1,1594,1636,1540,-1,1540,1636,1637,-1,1540,1637,1548,-1,1638,1639,1640,-1,1592,1641,1593,-1,1593,1641,1642,-1,1593,1642,1643,-1,1643,1642,1644,-1,1643,1644,1603,-1,1603,1644,1645,-1,1603,1645,1631,-1,1646,1647,1621,-1,1520,1522,1524,-1,1513,1530,1511,-1,1511,1530,1648,-1,1511,1648,1575,-1,1575,1648,1649,-1,1575,1649,1650,-1,1583,1651,1584,-1,1584,1651,1652,-1,1584,1652,1653,-1,1653,1652,1654,-1,1653,1654,1579,-1,1579,1654,1655,-1,1579,1655,1580,-1,1656,1620,1640,-1,1640,1620,1657,-1,1640,1657,1638,-1,1656,1658,1620,-1,1620,1658,1659,-1,1620,1659,1621,-1,1621,1659,1660,-1,1621,1660,1646,-1,1520,1524,1517,-1,1517,1524,1526,-1,1517,1526,1528,-1,1650,1661,1575,-1,1575,1661,1662,-1,1575,1662,1663,-1,1647,1664,1621,-1,1621,1664,1665,-1,1621,1665,1666,-1,1534,1667,1556,-1,1556,1667,1668,-1,1556,1668,1601,-1,1601,1668,1669,-1,1601,1669,1582,-1,1582,1669,1670,-1,1582,1670,1583,-1,1583,1670,1671,-1,1583,1671,1651,-1,1651,1671,1672,-1,1651,1672,1652,-1,1652,1672,1673,-1,1652,1673,1654,-1,1654,1673,1674,-1,1654,1674,1655,-1,1655,1674,1675,-1,1655,1675,1580,-1,1580,1675,1676,-1,1580,1676,1581,-1,1581,1676,1677,-1,1581,1677,1597,-1,1597,1677,1678,-1,1597,1678,1554,-1,1554,1678,1679,-1,1554,1679,1511,-1,1511,1679,1512,-1,1440,1480,1424,-1,1424,1480,1421,-1,1424,1421,1426,-1,1426,1421,1419,-1,1426,1419,1428,-1,1428,1419,1417,-1,1428,1417,1430,-1,1430,1417,1415,-1,1430,1415,1432,-1,1432,1415,1413,-1,1432,1413,1434,-1,1434,1413,1410,-1,1434,1410,1436,-1,1436,1410,1409,-1,1436,1409,1534,-1,1534,1409,1667,-1,1680,1681,1682,-1,1412,1683,1684,-1,1684,1685,1412,-1,1412,1685,1686,-1,1412,1686,1687,-1,1669,1668,1408,-1,1408,1668,1667,-1,1408,1667,1409,-1,1688,1679,1678,-1,1689,1529,1512,-1,1516,1690,1691,-1,1691,1692,1516,-1,1516,1692,1693,-1,1516,1693,1694,-1,1694,1695,1516,-1,1516,1695,1696,-1,1516,1696,1412,-1,1412,1696,1697,-1,1412,1697,1683,-1,1698,1412,1699,-1,1699,1412,1700,-1,1698,1680,1412,-1,1412,1680,1682,-1,1412,1682,1408,-1,1408,1682,1701,-1,1408,1701,1702,-1,1703,1704,1705,-1,1705,1706,1703,-1,1703,1706,1707,-1,1703,1707,1708,-1,1688,1678,1709,-1,1710,1711,1712,-1,1713,1714,1715,-1,1715,1716,1713,-1,1713,1716,1717,-1,1713,1717,1718,-1,1719,1720,1516,-1,1516,1720,1721,-1,1516,1721,1722,-1,1687,1723,1412,-1,1412,1723,1724,-1,1412,1724,1700,-1,1725,1726,1727,-1,1727,1726,1728,-1,1727,1728,1729,-1,1730,1731,1732,-1,1733,1734,1735,-1,1736,1737,1738,-1,1738,1737,1739,-1,1738,1739,1730,-1,1730,1739,1740,-1,1730,1740,1731,-1,1741,1742,1516,-1,1516,1742,1743,-1,1516,1743,1719,-1,1741,1744,1742,-1,1742,1744,1745,-1,1742,1745,1746,-1,1708,1747,1703,-1,1703,1747,1748,-1,1703,1748,1713,-1,1713,1748,1749,-1,1713,1749,1714,-1,1722,1750,1516,-1,1516,1750,1751,-1,1516,1751,1690,-1,1681,1752,1682,-1,1682,1752,1753,-1,1682,1753,1703,-1,1703,1753,1754,-1,1703,1754,1755,-1,1755,1756,1703,-1,1703,1756,1757,-1,1703,1757,1704,-1,1674,1673,1702,-1,1679,1688,1512,-1,1512,1688,1758,-1,1512,1758,1689,-1,1689,1758,1759,-1,1689,1759,1760,-1,1761,1762,1763,-1,1527,1518,1529,-1,1529,1518,1514,-1,1529,1514,1512,-1,1764,1765,1766,-1,1766,1765,1767,-1,1732,1768,1730,-1,1730,1768,1769,-1,1730,1769,1728,-1,1728,1769,1770,-1,1728,1770,1729,-1,1771,1772,1736,-1,1736,1772,1773,-1,1736,1773,1737,-1,1718,1774,1713,-1,1713,1774,1775,-1,1713,1775,1776,-1,1776,1777,1713,-1,1713,1777,1778,-1,1713,1778,1742,-1,1742,1778,1779,-1,1742,1779,1743,-1,1678,1677,1709,-1,1709,1677,1676,-1,1709,1676,1702,-1,1702,1676,1675,-1,1702,1675,1674,-1,1780,1781,1782,-1,1783,1764,1784,-1,1784,1764,1766,-1,1784,1766,1785,-1,1785,1766,1726,-1,1785,1726,1786,-1,1786,1726,1725,-1,1711,1710,1787,-1,1787,1710,1788,-1,1787,1788,1735,-1,1735,1788,1789,-1,1735,1789,1733,-1,1712,1771,1710,-1,1710,1771,1736,-1,1710,1736,1790,-1,1790,1736,1742,-1,1790,1742,1791,-1,1791,1742,1746,-1,1673,1672,1702,-1,1702,1672,1671,-1,1702,1671,1408,-1,1408,1671,1670,-1,1408,1670,1669,-1,1760,1759,1763,-1,1763,1759,1792,-1,1763,1792,1761,-1,1527,1525,1518,-1,1518,1525,1523,-1,1518,1523,1519,-1,1519,1523,1521,-1,1793,1794,1795,-1,1783,1784,1782,-1,1782,1784,1796,-1,1782,1796,1780,-1,1767,1797,1766,-1,1766,1797,1793,-1,1766,1793,1798,-1,1798,1793,1795,-1,1607,1606,1710,-1,1710,1799,1607,-1,1607,1799,1800,-1,1607,1800,1588,-1,1588,1800,1801,-1,1588,1801,1589,-1,1589,1801,1802,-1,1589,1802,1623,-1,1623,1802,1803,-1,1623,1803,1624,-1,1624,1803,1804,-1,1624,1804,1615,-1,1615,1804,1516,-1,1615,1516,1515,-1,1604,1788,1606,-1,1606,1788,1710,-1,1626,1787,1735,-1,1626,1735,1628,-1,1628,1735,1734,-1,1628,1734,1627,-1,1627,1734,1733,-1,1627,1733,1625,-1,1625,1733,1789,-1,1625,1789,1629,-1,1629,1789,1788,-1,1629,1788,1604,-1,1633,1768,1619,-1,1619,1768,1732,-1,1619,1732,1618,-1,1618,1732,1731,-1,1618,1731,1591,-1,1591,1731,1740,-1,1591,1740,1592,-1,1592,1740,1739,-1,1592,1739,1641,-1,1641,1739,1737,-1,1641,1737,1642,-1,1642,1737,1773,-1,1642,1773,1644,-1,1644,1773,1772,-1,1644,1772,1645,-1,1645,1772,1771,-1,1645,1771,1631,-1,1631,1771,1712,-1,1631,1712,1630,-1,1630,1712,1711,-1,1630,1711,1626,-1,1626,1711,1787,-1,1768,1633,1769,-1,1769,1633,1635,-1,1634,1770,1635,-1,1635,1770,1769,-1,1571,1727,1729,-1,1571,1729,1632,-1,1632,1729,1770,-1,1632,1770,1634,-1,1610,1725,1571,-1,1571,1725,1727,-1,1725,1610,1786,-1,1786,1610,1612,-1,1786,1612,1785,-1,1785,1612,1622,-1,1621,1784,1622,-1,1622,1784,1785,-1,1660,1764,1783,-1,1660,1783,1646,-1,1646,1783,1782,-1,1646,1782,1647,-1,1647,1782,1781,-1,1647,1781,1664,-1,1664,1781,1780,-1,1664,1780,1665,-1,1665,1780,1796,-1,1665,1796,1666,-1,1666,1796,1784,-1,1666,1784,1621,-1,1659,1765,1660,-1,1660,1765,1764,-1,1620,1766,1798,-1,1620,1798,1657,-1,1657,1798,1795,-1,1657,1795,1638,-1,1638,1795,1794,-1,1638,1794,1639,-1,1639,1794,1793,-1,1639,1793,1640,-1,1640,1793,1797,-1,1640,1797,1656,-1,1656,1797,1767,-1,1656,1767,1658,-1,1658,1767,1765,-1,1658,1765,1659,-1,1726,1766,1611,-1,1611,1766,1620,-1,1726,1611,1805,-1,1805,1611,1609,-1,1805,1609,1806,-1,1806,1609,1608,-1,1806,1608,1807,-1,1807,1608,1570,-1,1807,1570,1808,-1,1808,1570,1569,-1,1808,1569,1809,-1,1809,1569,1594,-1,1809,1594,1713,-1,1713,1594,1540,-1,1703,1713,1533,-1,1533,1713,1540,-1,1703,1533,1810,-1,1810,1533,1555,-1,1810,1555,1811,-1,1811,1555,1553,-1,1811,1553,1812,-1,1812,1553,1552,-1,1812,1552,1813,-1,1813,1552,1578,-1,1813,1578,1814,-1,1814,1578,1577,-1,1814,1577,1758,-1,1758,1577,1576,-1,1575,1759,1576,-1,1576,1759,1758,-1,1648,1689,1760,-1,1648,1760,1649,-1,1649,1760,1763,-1,1649,1763,1650,-1,1650,1763,1762,-1,1650,1762,1661,-1,1661,1762,1761,-1,1661,1761,1662,-1,1662,1761,1792,-1,1662,1792,1663,-1,1663,1792,1759,-1,1663,1759,1575,-1,1530,1529,1648,-1,1648,1529,1689,-1,1815,1707,1816,-1,1817,1705,1818,-1,1757,1756,1819,-1,1820,1686,1821,-1,1822,1684,1823,-1,1824,1697,1825,-1,1820,1821,1723,-1,1723,1821,1826,-1,1723,1826,1724,-1,1819,1827,1828,-1,1828,1827,1752,-1,1828,1752,1829,-1,1829,1752,1830,-1,1829,1830,1831,-1,1831,1830,1680,-1,1831,1680,1832,-1,1832,1680,1833,-1,1832,1833,1834,-1,1834,1833,1699,-1,1834,1699,1835,-1,1835,1699,1836,-1,1756,1837,1819,-1,1819,1837,1754,-1,1819,1754,1827,-1,1748,1747,1838,-1,1838,1747,1839,-1,1838,1839,1840,-1,1840,1839,1841,-1,1840,1841,1842,-1,1842,1841,1843,-1,1842,1843,1844,-1,1844,1843,1845,-1,1844,1845,1846,-1,1846,1845,1847,-1,1846,1847,1848,-1,1848,1847,1849,-1,1848,1849,1850,-1,1850,1849,1851,-1,1850,1851,1852,-1,1852,1851,1853,-1,1852,1853,1854,-1,1854,1853,1825,-1,1854,1825,1696,-1,1696,1825,1697,-1,1747,1815,1839,-1,1839,1815,1816,-1,1839,1816,1841,-1,1841,1816,1855,-1,1841,1855,1843,-1,1843,1855,1856,-1,1843,1856,1845,-1,1845,1856,1857,-1,1845,1857,1847,-1,1847,1857,1858,-1,1847,1858,1849,-1,1849,1858,1859,-1,1849,1859,1851,-1,1851,1859,1860,-1,1851,1860,1853,-1,1853,1860,1861,-1,1853,1861,1825,-1,1825,1861,1823,-1,1825,1823,1824,-1,1824,1823,1684,-1,1707,1817,1816,-1,1816,1817,1818,-1,1816,1818,1855,-1,1855,1818,1862,-1,1855,1862,1856,-1,1856,1862,1863,-1,1856,1863,1857,-1,1857,1863,1864,-1,1857,1864,1858,-1,1858,1864,1865,-1,1858,1865,1859,-1,1859,1865,1866,-1,1859,1866,1860,-1,1860,1866,1867,-1,1860,1867,1861,-1,1861,1867,1826,-1,1861,1826,1823,-1,1823,1826,1821,-1,1823,1821,1822,-1,1822,1821,1686,-1,1705,1868,1818,-1,1818,1868,1757,-1,1818,1757,1862,-1,1862,1757,1819,-1,1862,1819,1863,-1,1863,1819,1828,-1,1863,1828,1864,-1,1864,1828,1829,-1,1864,1829,1865,-1,1865,1829,1831,-1,1865,1831,1866,-1,1866,1831,1832,-1,1866,1832,1867,-1,1867,1832,1834,-1,1867,1834,1826,-1,1826,1834,1835,-1,1826,1835,1724,-1,1724,1835,1836,-1,1613,1869,1614,-1,1870,1547,1546,-1,1871,1567,1566,-1,1872,1585,1568,-1,1873,1587,1872,-1,1872,1587,1586,-1,1872,1586,1585,-1,1614,1869,1590,-1,1590,1869,1874,-1,1590,1874,1605,-1,1605,1874,1603,-1,1603,1874,1875,-1,1603,1875,1643,-1,1643,1875,1876,-1,1643,1876,1593,-1,1593,1876,1877,-1,1593,1877,1616,-1,1616,1877,1617,-1,1617,1877,1878,-1,1617,1878,1636,-1,1539,1538,1879,-1,1879,1538,1548,-1,1879,1548,1878,-1,1878,1548,1637,-1,1878,1637,1636,-1,1572,1596,1880,-1,1880,1596,1595,-1,1880,1595,1881,-1,1881,1595,1539,-1,1574,1573,1882,-1,1882,1573,1572,-1,1883,1541,1542,-1,1546,1884,1870,-1,1870,1884,1885,-1,1870,1885,1886,-1,1886,1885,1887,-1,1886,1887,1888,-1,1888,1887,1889,-1,1888,1889,1890,-1,1890,1889,1891,-1,1890,1891,1892,-1,1892,1891,1893,-1,1892,1893,1894,-1,1894,1893,1895,-1,1894,1895,1896,-1,1896,1895,1897,-1,1896,1897,1898,-1,1898,1897,1883,-1,1898,1883,1899,-1,1899,1883,1542,-1,1899,1542,1574,-1,1574,1882,1899,-1,1899,1882,1900,-1,1899,1900,1898,-1,1898,1900,1901,-1,1898,1901,1896,-1,1896,1901,1902,-1,1896,1902,1894,-1,1894,1902,1903,-1,1894,1903,1892,-1,1892,1903,1904,-1,1892,1904,1890,-1,1890,1904,1905,-1,1890,1905,1888,-1,1888,1905,1906,-1,1888,1906,1886,-1,1886,1906,1871,-1,1886,1871,1870,-1,1870,1871,1566,-1,1870,1566,1547,-1,1572,1880,1882,-1,1882,1880,1881,-1,1882,1881,1900,-1,1900,1881,1907,-1,1900,1907,1901,-1,1901,1907,1908,-1,1901,1908,1902,-1,1902,1908,1909,-1,1902,1909,1903,-1,1903,1909,1910,-1,1903,1910,1904,-1,1904,1910,1911,-1,1904,1911,1905,-1,1905,1911,1873,-1,1905,1873,1906,-1,1906,1873,1872,-1,1906,1872,1871,-1,1871,1872,1568,-1,1871,1568,1567,-1,1539,1879,1881,-1,1881,1879,1878,-1,1881,1878,1907,-1,1907,1878,1877,-1,1907,1877,1908,-1,1908,1877,1876,-1,1908,1876,1909,-1,1909,1876,1875,-1,1909,1875,1910,-1,1910,1875,1874,-1,1910,1874,1911,-1,1911,1874,1869,-1,1911,1869,1873,-1,1873,1869,1613,-1,1873,1613,1587,-1,1537,1912,1535,-1,1551,1913,1600,-1,1532,1531,1914,-1,1914,1531,1541,-1,1544,1543,1915,-1,1915,1543,1532,-1,1549,1545,1916,-1,1916,1545,1544,-1,1549,1916,1550,-1,1550,1916,1917,-1,1550,1917,1551,-1,1600,1913,1599,-1,1599,1913,1918,-1,1599,1918,1598,-1,1598,1918,1579,-1,1579,1918,1919,-1,1579,1919,1653,-1,1653,1919,1920,-1,1653,1920,1584,-1,1584,1920,1921,-1,1584,1921,1602,-1,1602,1921,1557,-1,1557,1921,1922,-1,1557,1922,1558,-1,1912,1537,1922,-1,1922,1537,1559,-1,1922,1559,1558,-1,1536,1923,1560,-1,1560,1923,1924,-1,1560,1924,1561,-1,1925,1563,1562,-1,1884,1546,1565,-1,1551,1917,1913,-1,1913,1917,1926,-1,1913,1926,1918,-1,1918,1926,1927,-1,1918,1927,1919,-1,1919,1927,1928,-1,1919,1928,1920,-1,1920,1928,1929,-1,1920,1929,1921,-1,1921,1929,1930,-1,1921,1930,1922,-1,1922,1930,1923,-1,1922,1923,1912,-1,1912,1923,1536,-1,1912,1536,1535,-1,1544,1915,1916,-1,1916,1915,1931,-1,1916,1931,1917,-1,1917,1931,1932,-1,1917,1932,1926,-1,1926,1932,1933,-1,1926,1933,1927,-1,1927,1933,1934,-1,1927,1934,1928,-1,1928,1934,1935,-1,1928,1935,1929,-1,1929,1935,1936,-1,1929,1936,1930,-1,1930,1936,1937,-1,1930,1937,1923,-1,1923,1937,1925,-1,1923,1925,1924,-1,1924,1925,1562,-1,1924,1562,1561,-1,1532,1914,1915,-1,1915,1914,1938,-1,1915,1938,1931,-1,1931,1938,1939,-1,1931,1939,1932,-1,1932,1939,1940,-1,1932,1940,1933,-1,1933,1940,1941,-1,1933,1941,1934,-1,1934,1941,1942,-1,1934,1942,1935,-1,1935,1942,1943,-1,1935,1943,1936,-1,1936,1943,1944,-1,1936,1944,1937,-1,1937,1944,1945,-1,1937,1945,1925,-1,1925,1945,1564,-1,1925,1564,1563,-1,1541,1883,1914,-1,1914,1883,1897,-1,1914,1897,1938,-1,1938,1897,1895,-1,1938,1895,1939,-1,1939,1895,1893,-1,1939,1893,1940,-1,1940,1893,1891,-1,1940,1891,1941,-1,1941,1891,1889,-1,1941,1889,1942,-1,1942,1889,1887,-1,1942,1887,1943,-1,1943,1887,1885,-1,1943,1885,1944,-1,1944,1885,1884,-1,1944,1884,1945,-1,1945,1884,1565,-1,1945,1565,1564,-1,1946,1693,1947,-1,1948,1691,1949,-1,1751,1750,1950,-1,1951,1717,1952,-1,1953,1715,1954,-1,1955,1749,1956,-1,1951,1952,1774,-1,1774,1952,1957,-1,1774,1957,1775,-1,1950,1958,1959,-1,1959,1958,1719,-1,1959,1719,1960,-1,1960,1719,1961,-1,1960,1961,1962,-1,1962,1961,1779,-1,1962,1779,1963,-1,1963,1779,1964,-1,1963,1964,1965,-1,1965,1964,1777,-1,1965,1777,1966,-1,1966,1777,1967,-1,1750,1968,1950,-1,1950,1968,1721,-1,1950,1721,1958,-1,1967,1775,1966,-1,1966,1775,1957,-1,1966,1957,1965,-1,1965,1957,1969,-1,1965,1969,1963,-1,1963,1969,1970,-1,1963,1970,1962,-1,1962,1970,1971,-1,1962,1971,1960,-1,1960,1971,1972,-1,1960,1972,1959,-1,1959,1972,1973,-1,1959,1973,1950,-1,1950,1973,1974,-1,1950,1974,1751,-1,1751,1974,1949,-1,1751,1949,1975,-1,1975,1949,1691,-1,1717,1953,1952,-1,1952,1953,1954,-1,1952,1954,1957,-1,1957,1954,1976,-1,1957,1976,1969,-1,1969,1976,1977,-1,1969,1977,1970,-1,1970,1977,1978,-1,1970,1978,1971,-1,1971,1978,1979,-1,1971,1979,1972,-1,1972,1979,1980,-1,1972,1980,1973,-1,1973,1980,1981,-1,1973,1981,1974,-1,1974,1981,1982,-1,1974,1982,1949,-1,1949,1982,1947,-1,1949,1947,1948,-1,1948,1947,1693,-1,1715,1955,1954,-1,1954,1955,1956,-1,1954,1956,1976,-1,1976,1956,1983,-1,1976,1983,1977,-1,1977,1983,1984,-1,1977,1984,1978,-1,1978,1984,1985,-1,1978,1985,1979,-1,1979,1985,1986,-1,1979,1986,1980,-1,1980,1986,1987,-1,1980,1987,1981,-1,1981,1987,1988,-1,1981,1988,1982,-1,1982,1988,1989,-1,1982,1989,1947,-1,1947,1989,1990,-1,1947,1990,1946,-1,1946,1990,1695,-1,1749,1748,1956,-1,1956,1748,1838,-1,1956,1838,1983,-1,1983,1838,1840,-1,1983,1840,1984,-1,1984,1840,1842,-1,1984,1842,1985,-1,1985,1842,1844,-1,1985,1844,1986,-1,1986,1844,1846,-1,1986,1846,1987,-1,1987,1846,1848,-1,1987,1848,1988,-1,1988,1848,1850,-1,1988,1850,1989,-1,1989,1850,1852,-1,1989,1852,1990,-1,1990,1852,1854,-1,1990,1854,1695,-1,1695,1854,1696,-1,1991,1992,1993,-1,1994,1995,1996,-1,1997,1998,1999,-1,2000,2001,2002,-1,2003,2004,2005,-1,2006,2007,2008,-1,2009,2010,2011,-1,2012,2013,2014,-1,2015,2016,2017,-1,2018,2019,2020,-1,2021,2022,2023,-1,2024,2025,2026,-1,2027,2028,2029,-1,2029,2028,2030,-1,2029,2030,2031,-1,2031,2030,2032,-1,2031,2032,2033,-1,2033,2032,2034,-1,2033,2034,2035,-1,2035,2034,2036,-1,2035,2036,2037,-1,2037,2036,2038,-1,2037,2038,2039,-1,2039,2038,2011,-1,2040,2041,2042,-1,2042,2041,2043,-1,2042,2043,2044,-1,2044,2043,2045,-1,2044,2045,2046,-1,2046,2045,2047,-1,2046,2047,2048,-1,2048,2047,2049,-1,2048,2049,2050,-1,2050,2049,2051,-1,2050,2051,2052,-1,2052,2051,1993,-1,2053,2054,2055,-1,2055,2054,2056,-1,2055,2056,2057,-1,2057,2056,2058,-1,2057,2058,2059,-1,2059,2058,2060,-1,2059,2060,2061,-1,2061,2060,2062,-1,2061,2062,2063,-1,2063,2062,2064,-1,2063,2064,2065,-1,2065,2064,2026,-1,2065,2026,2066,-1,2066,2026,2025,-1,2022,2024,2023,-1,2023,2024,2026,-1,2023,2026,2067,-1,2067,2026,2064,-1,2067,2064,2068,-1,2068,2064,2062,-1,2068,2062,2069,-1,2069,2062,2060,-1,2069,2060,2070,-1,2070,2060,2058,-1,2070,2058,2071,-1,2071,2058,2056,-1,2071,2056,2072,-1,2072,2056,2054,-1,2073,2021,2074,-1,2074,2021,2023,-1,2074,2023,2075,-1,2075,2023,2067,-1,2075,2067,2076,-1,2076,2067,2068,-1,2076,2068,2077,-1,2077,2068,2069,-1,2077,2069,2078,-1,2078,2069,2070,-1,2078,2070,2079,-1,2079,2070,2071,-1,2079,2071,2080,-1,2080,2071,2072,-1,2080,2081,2079,-1,2079,2081,2082,-1,2079,2082,2078,-1,2078,2082,2083,-1,2078,2083,2077,-1,2077,2083,2084,-1,2077,2084,2076,-1,2076,2084,2085,-1,2076,2085,2075,-1,2075,2085,2086,-1,2075,2086,2074,-1,2074,2086,2020,-1,2074,2020,2073,-1,2073,2020,2019,-1,2016,2018,2017,-1,2017,2018,2020,-1,2017,2020,2087,-1,2087,2020,2086,-1,2087,2086,2088,-1,2088,2086,2085,-1,2088,2085,2089,-1,2089,2085,2084,-1,2089,2084,2090,-1,2090,2084,2083,-1,2090,2083,2091,-1,2091,2083,2082,-1,2091,2082,2092,-1,2092,2082,2081,-1,2093,2015,2094,-1,2094,2015,2017,-1,2094,2017,2095,-1,2095,2017,2087,-1,2095,2087,2096,-1,2096,2087,2088,-1,2096,2088,2097,-1,2097,2088,2089,-1,2097,2089,2098,-1,2098,2089,2090,-1,2098,2090,2099,-1,2099,2090,2091,-1,2099,2091,2100,-1,2100,2091,2092,-1,2100,2101,2099,-1,2099,2101,2102,-1,2099,2102,2098,-1,2098,2102,2103,-1,2098,2103,2097,-1,2097,2103,2104,-1,2097,2104,2096,-1,2096,2104,2105,-1,2096,2105,2095,-1,2095,2105,2106,-1,2095,2106,2094,-1,2094,2106,2014,-1,2094,2014,2093,-1,2093,2014,2013,-1,2107,2012,2039,-1,2039,2012,2014,-1,2039,2014,2037,-1,2037,2014,2106,-1,2037,2106,2035,-1,2035,2106,2105,-1,2035,2105,2033,-1,2033,2105,2104,-1,2033,2104,2031,-1,2031,2104,2103,-1,2031,2103,2029,-1,2029,2103,2102,-1,2029,2102,2027,-1,2027,2102,2101,-1,2011,2010,2039,-1,2039,2010,2108,-1,2039,2108,2107,-1,2109,2009,2110,-1,2110,2009,2011,-1,2110,2011,2111,-1,2111,2011,2038,-1,2111,2038,2112,-1,2112,2038,2036,-1,2112,2036,2113,-1,2113,2036,2034,-1,2113,2034,2114,-1,2114,2034,2032,-1,2114,2032,2115,-1,2115,2032,2030,-1,2115,2030,2116,-1,2116,2030,2028,-1,2116,2117,2115,-1,2115,2117,2118,-1,2115,2118,2114,-1,2114,2118,2119,-1,2114,2119,2113,-1,2113,2119,2120,-1,2113,2120,2112,-1,2112,2120,2121,-1,2112,2121,2111,-1,2111,2121,2122,-1,2111,2122,2110,-1,2110,2122,2008,-1,2110,2008,2109,-1,2109,2008,2007,-1,2004,2006,2005,-1,2005,2006,2008,-1,2005,2008,2123,-1,2123,2008,2122,-1,2123,2122,2124,-1,2124,2122,2121,-1,2124,2121,2125,-1,2125,2121,2120,-1,2125,2120,2126,-1,2126,2120,2119,-1,2126,2119,2127,-1,2127,2119,2118,-1,2127,2118,2128,-1,2128,2118,2117,-1,2129,2003,2130,-1,2130,2003,2005,-1,2130,2005,2131,-1,2131,2005,2123,-1,2131,2123,2132,-1,2132,2123,2124,-1,2132,2124,2133,-1,2133,2124,2125,-1,2133,2125,2134,-1,2134,2125,2126,-1,2134,2126,2135,-1,2135,2126,2127,-1,2135,2127,2136,-1,2136,2127,2128,-1,2136,2137,2135,-1,2135,2137,2138,-1,2135,2138,2134,-1,2134,2138,2139,-1,2134,2139,2133,-1,2133,2139,2140,-1,2133,2140,2132,-1,2132,2140,2141,-1,2132,2141,2131,-1,2131,2141,2142,-1,2131,2142,2130,-1,2130,2142,2002,-1,2130,2002,2129,-1,2129,2002,2001,-1,1998,2000,1999,-1,1999,2000,2002,-1,1999,2002,2143,-1,2143,2002,2142,-1,2143,2142,2144,-1,2144,2142,2141,-1,2144,2141,2145,-1,2145,2141,2140,-1,2145,2140,2146,-1,2146,2140,2139,-1,2146,2139,2147,-1,2147,2139,2138,-1,2147,2138,2148,-1,2148,2138,2137,-1,2149,1997,2150,-1,2150,1997,1999,-1,2150,1999,2151,-1,2151,1999,2143,-1,2151,2143,2152,-1,2152,2143,2144,-1,2152,2144,2153,-1,2153,2144,2145,-1,2153,2145,2154,-1,2154,2145,2146,-1,2154,2146,2155,-1,2155,2146,2147,-1,2155,2147,2156,-1,2156,2147,2148,-1,2156,2157,2155,-1,2155,2157,2158,-1,2155,2158,2154,-1,2154,2158,2159,-1,2154,2159,2153,-1,2153,2159,2160,-1,2153,2160,2152,-1,2152,2160,2161,-1,2152,2161,2151,-1,2151,2161,2162,-1,2151,2162,2150,-1,2150,2162,1996,-1,2150,1996,2149,-1,2149,1996,1995,-1,2163,1994,2052,-1,2052,1994,1996,-1,2052,1996,2050,-1,2050,1996,2162,-1,2050,2162,2048,-1,2048,2162,2161,-1,2048,2161,2046,-1,2046,2161,2160,-1,2046,2160,2044,-1,2044,2160,2159,-1,2044,2159,2042,-1,2042,2159,2158,-1,2042,2158,2040,-1,2040,2158,2157,-1,1993,1992,2052,-1,2052,1992,2164,-1,2052,2164,2163,-1,2165,1991,2166,-1,2166,1991,1993,-1,2166,1993,2167,-1,2167,1993,2051,-1,2167,2051,2168,-1,2168,2051,2049,-1,2168,2049,2169,-1,2169,2049,2047,-1,2169,2047,2170,-1,2170,2047,2045,-1,2170,2045,2171,-1,2171,2045,2043,-1,2171,2043,2172,-1,2172,2043,2041,-1,2173,2174,2175,-1,2176,2177,2178,-1,2179,2180,2181,-1,2182,2183,2184,-1,2185,2186,2187,-1,2188,2189,2190,-1,2191,2192,2193,-1,2194,2195,2196,-1,2197,2198,2199,-1,2200,2201,2202,-1,2203,2204,2205,-1,2205,2204,2206,-1,2205,2206,2207,-1,2207,2206,2208,-1,2207,2208,2209,-1,2209,2208,2210,-1,2209,2210,2211,-1,2211,2210,2212,-1,2211,2212,2213,-1,2213,2212,2214,-1,2213,2214,2215,-1,2215,2214,2216,-1,2217,2218,2219,-1,2219,2218,2220,-1,2219,2220,2221,-1,2221,2220,2222,-1,2221,2222,2223,-1,2223,2222,2224,-1,2223,2224,2225,-1,2225,2224,2226,-1,2225,2226,2227,-1,2227,2226,2228,-1,2227,2228,2229,-1,2229,2228,2175,-1,2172,2230,2171,-1,2171,2230,2231,-1,2171,2231,2170,-1,2170,2231,2232,-1,2170,2232,2169,-1,2169,2232,2233,-1,2169,2233,2168,-1,2168,2233,2234,-1,2168,2234,2167,-1,2167,2234,2235,-1,2167,2235,2166,-1,2166,2235,2202,-1,2166,2202,2165,-1,2165,2202,2201,-1,2198,2200,2199,-1,2199,2200,2202,-1,2199,2202,2236,-1,2236,2202,2235,-1,2236,2235,2237,-1,2237,2235,2234,-1,2237,2234,2238,-1,2238,2234,2233,-1,2238,2233,2239,-1,2239,2233,2232,-1,2239,2232,2240,-1,2240,2232,2231,-1,2240,2231,2241,-1,2241,2231,2230,-1,2242,2197,2243,-1,2243,2197,2199,-1,2243,2199,2244,-1,2244,2199,2236,-1,2244,2236,2245,-1,2245,2236,2237,-1,2245,2237,2246,-1,2246,2237,2238,-1,2246,2238,2247,-1,2247,2238,2239,-1,2247,2239,2248,-1,2248,2239,2240,-1,2248,2240,2249,-1,2249,2240,2241,-1,2249,2250,2248,-1,2248,2250,2251,-1,2248,2251,2247,-1,2247,2251,2252,-1,2247,2252,2246,-1,2246,2252,2253,-1,2246,2253,2245,-1,2245,2253,2254,-1,2245,2254,2244,-1,2244,2254,2255,-1,2244,2255,2243,-1,2243,2255,2196,-1,2243,2196,2242,-1,2242,2196,2195,-1,2192,2194,2193,-1,2193,2194,2196,-1,2193,2196,2256,-1,2256,2196,2255,-1,2256,2255,2257,-1,2257,2255,2254,-1,2257,2254,2258,-1,2258,2254,2253,-1,2258,2253,2259,-1,2259,2253,2252,-1,2259,2252,2260,-1,2260,2252,2251,-1,2260,2251,2261,-1,2261,2251,2250,-1,2262,2191,2263,-1,2263,2191,2193,-1,2263,2193,2264,-1,2264,2193,2256,-1,2264,2256,2265,-1,2265,2256,2257,-1,2265,2257,2266,-1,2266,2257,2258,-1,2266,2258,2267,-1,2267,2258,2259,-1,2267,2259,2268,-1,2268,2259,2260,-1,2268,2260,2269,-1,2269,2260,2261,-1,2269,2203,2268,-1,2268,2203,2205,-1,2268,2205,2267,-1,2267,2205,2207,-1,2267,2207,2266,-1,2266,2207,2209,-1,2266,2209,2265,-1,2265,2209,2211,-1,2265,2211,2264,-1,2264,2211,2213,-1,2264,2213,2263,-1,2263,2213,2215,-1,2263,2215,2262,-1,2262,2215,2270,-1,2271,2272,2273,-1,2273,2272,2216,-1,2273,2216,2274,-1,2274,2216,2214,-1,2274,2214,2275,-1,2275,2214,2212,-1,2275,2212,2276,-1,2276,2212,2210,-1,2276,2210,2277,-1,2277,2210,2208,-1,2277,2208,2278,-1,2278,2208,2206,-1,2278,2206,2279,-1,2279,2206,2204,-1,2272,2280,2216,-1,2216,2280,2281,-1,2216,2281,2215,-1,2215,2281,2282,-1,2215,2282,2270,-1,2283,2271,2284,-1,2284,2271,2273,-1,2284,2273,2285,-1,2285,2273,2274,-1,2285,2274,2286,-1,2286,2274,2275,-1,2286,2275,2287,-1,2287,2275,2276,-1,2287,2276,2288,-1,2288,2276,2277,-1,2288,2277,2289,-1,2289,2277,2278,-1,2289,2278,2290,-1,2290,2278,2279,-1,2290,2291,2289,-1,2289,2291,2292,-1,2289,2292,2288,-1,2288,2292,2293,-1,2288,2293,2287,-1,2287,2293,2294,-1,2287,2294,2286,-1,2286,2294,2295,-1,2286,2295,2285,-1,2285,2295,2296,-1,2285,2296,2284,-1,2284,2296,2190,-1,2284,2190,2283,-1,2283,2190,2189,-1,2186,2188,2187,-1,2187,2188,2190,-1,2187,2190,2297,-1,2297,2190,2296,-1,2297,2296,2298,-1,2298,2296,2295,-1,2298,2295,2299,-1,2299,2295,2294,-1,2299,2294,2300,-1,2300,2294,2293,-1,2300,2293,2301,-1,2301,2293,2292,-1,2301,2292,2302,-1,2302,2292,2291,-1,2303,2185,2304,-1,2304,2185,2187,-1,2304,2187,2305,-1,2305,2187,2297,-1,2305,2297,2306,-1,2306,2297,2298,-1,2306,2298,2307,-1,2307,2298,2299,-1,2307,2299,2308,-1,2308,2299,2300,-1,2308,2300,2309,-1,2309,2300,2301,-1,2309,2301,2310,-1,2310,2301,2302,-1,2310,2311,2309,-1,2309,2311,2312,-1,2309,2312,2308,-1,2308,2312,2313,-1,2308,2313,2307,-1,2307,2313,2314,-1,2307,2314,2306,-1,2306,2314,2315,-1,2306,2315,2305,-1,2305,2315,2316,-1,2305,2316,2304,-1,2304,2316,2184,-1,2304,2184,2303,-1,2303,2184,2183,-1,2180,2182,2181,-1,2181,2182,2184,-1,2181,2184,2317,-1,2317,2184,2316,-1,2317,2316,2318,-1,2318,2316,2315,-1,2318,2315,2319,-1,2319,2315,2314,-1,2319,2314,2320,-1,2320,2314,2313,-1,2320,2313,2321,-1,2321,2313,2312,-1,2321,2312,2322,-1,2322,2312,2311,-1,2323,2179,2324,-1,2324,2179,2181,-1,2324,2181,2325,-1,2325,2181,2317,-1,2325,2317,2326,-1,2326,2317,2318,-1,2326,2318,2327,-1,2327,2318,2319,-1,2327,2319,2328,-1,2328,2319,2320,-1,2328,2320,2329,-1,2329,2320,2321,-1,2329,2321,2330,-1,2330,2321,2322,-1,2330,2331,2329,-1,2329,2331,2332,-1,2329,2332,2328,-1,2328,2332,2333,-1,2328,2333,2327,-1,2327,2333,2334,-1,2327,2334,2326,-1,2326,2334,2335,-1,2326,2335,2325,-1,2325,2335,2336,-1,2325,2336,2324,-1,2324,2336,2178,-1,2324,2178,2323,-1,2323,2178,2177,-1,2337,2176,2229,-1,2229,2176,2178,-1,2229,2178,2227,-1,2227,2178,2336,-1,2227,2336,2225,-1,2225,2336,2335,-1,2225,2335,2223,-1,2223,2335,2334,-1,2223,2334,2221,-1,2221,2334,2333,-1,2221,2333,2219,-1,2219,2333,2332,-1,2219,2332,2217,-1,2217,2332,2331,-1,2175,2174,2229,-1,2229,2174,2338,-1,2229,2338,2337,-1,2066,2173,2065,-1,2065,2173,2175,-1,2065,2175,2063,-1,2063,2175,2228,-1,2063,2228,2061,-1,2061,2228,2226,-1,2061,2226,2059,-1,2059,2226,2224,-1,2059,2224,2057,-1,2057,2224,2222,-1,2057,2222,2055,-1,2055,2222,2220,-1,2055,2220,2053,-1,2053,2220,2218,-1,2072,2054,2041,-1,2041,2054,2172,-1,2218,2217,2230,-1,2217,2331,2230,-1,2230,2331,2330,-1,2230,2330,2322,-1,2250,2249,2310,-1,2250,2310,2261,-1,2322,2311,2230,-1,2230,2311,2310,-1,2230,2310,2241,-1,2241,2310,2249,-1,2157,2156,2080,-1,2080,2156,2148,-1,2080,2148,2081,-1,2137,2136,2128,-1,2172,2054,2230,-1,2230,2054,2053,-1,2230,2053,2218,-1,2072,2041,2080,-1,2080,2041,2040,-1,2080,2040,2157,-1,2137,2128,2148,-1,2148,2128,2117,-1,2148,2117,2116,-1,2116,2028,2148,-1,2148,2028,2027,-1,2148,2027,2101,-1,2101,2100,2148,-1,2148,2100,2092,-1,2148,2092,2081,-1,2302,2291,2290,-1,2204,2203,2310,-1,2310,2203,2269,-1,2310,2269,2261,-1,2302,2290,2310,-1,2310,2290,2279,-1,2310,2279,2204,-1,2339,2340,869,-1,869,2340,819,-1,869,819,871,-1,2341,2342,2343,-1,2344,2345,869,-1,869,2345,2346,-1,869,2346,2347,-1,2347,2348,869,-1,869,2348,2349,-1,869,2349,2339,-1,2350,2351,2343,-1,750,2352,2353,-1,2351,2354,2343,-1,2343,2354,2355,-1,2343,2355,2341,-1,2342,2356,2343,-1,2343,2356,2357,-1,2343,2357,2358,-1,2358,2357,2353,-1,2344,869,2343,-1,2343,869,851,-1,2343,851,2350,-1,2359,2360,751,-1,2357,2361,2353,-1,2353,2361,2359,-1,2353,2359,750,-1,750,2359,751,-1,2362,2363,2364,-1,2364,2363,2365,-1,2364,2365,2366,-1,2366,2365,2367,-1,2366,2367,2368,-1,2368,2367,2369,-1,2368,2369,2370,-1,2370,2369,2371,-1,2370,2371,2372,-1,2372,2371,2373,-1,2374,2375,2376,-1,2376,2375,2377,-1,2376,2377,2378,-1,2378,2377,2379,-1,2378,2379,2380,-1,2380,2379,2381,-1,2380,2381,2382,-1,2382,2381,2383,-1,2382,2383,2384,-1,2384,2383,2385,-1,2384,2385,2386,-1,2386,2385,2387,-1,2386,2387,2373,-1,2373,2387,2388,-1,2373,2388,2372,-1,2389,851,869,-1,2389,869,2390,-1,2390,869,2391,-1,2390,2391,2392,-1,2392,2391,2393,-1,2392,2393,2394,-1,2394,2393,2395,-1,2394,2395,2396,-1,2396,2395,2397,-1,2396,2397,2398,-1,2398,2397,2399,-1,2398,2399,2400,-1,2400,2399,2401,-1,2400,2401,2374,-1,2374,2401,2402,-1,2374,2402,2375,-1,2403,2404,2355,-1,2355,2354,2403,-1,2403,2354,2351,-1,2403,2351,2389,-1,2389,2351,2350,-1,2389,2350,851,-1,2405,2406,2357,-1,2357,2356,2405,-1,2405,2356,2342,-1,2405,2342,2404,-1,2404,2342,2341,-1,2404,2341,2355,-1,2407,2408,751,-1,751,2360,2407,-1,2407,2360,2359,-1,2407,2359,2406,-1,2406,2359,2361,-1,2406,2361,2357,-1,2409,2410,2411,-1,2411,2410,2412,-1,2411,2412,2413,-1,2413,2412,2414,-1,2413,2414,2415,-1,2415,2414,2416,-1,2415,2416,2417,-1,2417,2416,2418,-1,2417,2418,2419,-1,2419,2418,2420,-1,2419,2420,2421,-1,2421,2420,2422,-1,2421,2422,2423,-1,2422,2424,2423,-1,2423,2424,2425,-1,2423,2425,2426,-1,2426,2425,2427,-1,2426,2427,2428,-1,2428,2427,2429,-1,2428,2429,2430,-1,2430,2429,2431,-1,2430,2431,2432,-1,2432,2431,2433,-1,2432,2433,2434,-1,2434,2433,2435,-1,2434,2435,2436,-1,2436,2435,2437,-1,2436,2437,2438,-1,2439,2440,2441,-1,2441,2440,2442,-1,2441,2442,2443,-1,2443,2442,2444,-1,2443,2444,2445,-1,2445,2444,2446,-1,2445,2446,2409,-1,2409,2446,2447,-1,2409,2447,2410,-1,819,2448,871,-1,871,2448,2438,-1,871,2438,2449,-1,2449,2438,2437,-1,750,2450,2352,-1,2352,2450,2451,-1,2352,2451,2353,-1,2353,2451,2358,-1,2358,2451,2452,-1,2358,2452,2343,-1,2343,2452,2344,-1,2344,2452,2453,-1,2344,2453,2345,-1,2345,2453,2346,-1,2346,2453,2454,-1,2346,2454,2347,-1,2347,2454,2348,-1,2348,2454,2455,-1,2348,2455,2349,-1,2349,2455,2339,-1,2339,2455,2456,-1,2339,2456,2340,-1,2340,2456,2448,-1,2340,2448,819,-1,2457,2458,2389,-1,2459,2460,2448,-1,2461,2462,2408,-1,2462,2463,2408,-1,2408,2463,2464,-1,2408,2464,2450,-1,2450,2464,2465,-1,2459,2448,2466,-1,2467,2468,2390,-1,2390,2469,2470,-1,2390,2470,2389,-1,2389,2470,2471,-1,2389,2471,2457,-1,2468,2472,2390,-1,2390,2472,2473,-1,2390,2473,2469,-1,2460,2474,2448,-1,2448,2474,2475,-1,2448,2475,2438,-1,2438,2475,2476,-1,2438,2476,2477,-1,2458,2478,2389,-1,2389,2478,2479,-1,2389,2479,2403,-1,2403,2479,2480,-1,2461,2408,2480,-1,2480,2408,2407,-1,2480,2407,2406,-1,2456,2481,2448,-1,2448,2481,2482,-1,2448,2482,2466,-1,2406,2405,2480,-1,2480,2405,2404,-1,2480,2404,2403,-1,2456,2455,2481,-1,2481,2455,2454,-1,2481,2454,2453,-1,2465,2483,2450,-1,2450,2483,2484,-1,2450,2484,2451,-1,2451,2484,2481,-1,2451,2481,2452,-1,2452,2481,2453,-1,2477,2485,2438,-1,2438,2485,2486,-1,2438,2486,2487,-1,2487,2488,2438,-1,2438,2488,2489,-1,2438,2489,2490,-1,2490,2491,2438,-1,2438,2491,2492,-1,2438,2492,2390,-1,2390,2492,2493,-1,2390,2493,2494,-1,2494,2495,2390,-1,2390,2495,2496,-1,2390,2496,2467,-1,2438,2390,2392,-1,2438,2392,2436,-1,2436,2392,2394,-1,2436,2394,2434,-1,2434,2394,2396,-1,2434,2396,2432,-1,2432,2396,2430,-1,2430,2396,2398,-1,2430,2398,2428,-1,2428,2398,2400,-1,2428,2400,2426,-1,2426,2400,2374,-1,2426,2374,2423,-1,2423,2374,2376,-1,2423,2376,2421,-1,2421,2376,2378,-1,2421,2378,2419,-1,2419,2378,2380,-1,2419,2380,2417,-1,2417,2380,2382,-1,2417,2382,2415,-1,2415,2382,2384,-1,2415,2384,2413,-1,2413,2384,2386,-1,2413,2386,2411,-1,2411,2386,2373,-1,2411,2373,2409,-1,2409,2373,2371,-1,2409,2371,2445,-1,2445,2371,2369,-1,2445,2369,2443,-1,2443,2369,2367,-1,2443,2367,2441,-1,2441,2367,2365,-1,2497,2498,2499,-1,2500,2501,2502,-1,2503,2504,2502,-1,2502,2504,2505,-1,2502,2505,2499,-1,2499,2505,2506,-1,2499,2506,2497,-1,2507,2508,2509,-1,2508,2510,2509,-1,2509,2510,2511,-1,2509,2511,2512,-1,2512,2511,2502,-1,2512,2502,2513,-1,2513,2502,2499,-1,2514,2515,2516,-1,2441,2365,2439,-1,2439,2365,2363,-1,2439,2363,2498,-1,2498,2363,2517,-1,2498,2517,2499,-1,2518,2519,2520,-1,2520,2519,2521,-1,2520,2521,2522,-1,2522,2521,2523,-1,2524,2525,2526,-1,2526,2525,2527,-1,2527,2528,2526,-1,2526,2528,2529,-1,2526,2529,2530,-1,2530,2529,2531,-1,2530,2531,2532,-1,2502,2533,2524,-1,2502,2534,2503,-1,2503,2534,2535,-1,2503,2535,2536,-1,2536,2535,2537,-1,2538,2539,2540,-1,2540,2539,2541,-1,2540,2541,2542,-1,2526,2543,2524,-1,2524,2543,2544,-1,2524,2544,2502,-1,2502,2544,2545,-1,2502,2545,2500,-1,2516,2515,2523,-1,2532,2531,2516,-1,2516,2531,2546,-1,2516,2546,2514,-1,2537,2547,2536,-1,2536,2547,2548,-1,2536,2548,2549,-1,2549,2548,2550,-1,2551,2552,2511,-1,2511,2552,2553,-1,2511,2553,2554,-1,2555,2556,2518,-1,2518,2556,2557,-1,2558,2559,2560,-1,2560,2559,2561,-1,2515,2562,2523,-1,2523,2562,2563,-1,2523,2563,2522,-1,2522,2563,2564,-1,2522,2564,2565,-1,2566,2567,2507,-1,2554,2568,2511,-1,2511,2568,2569,-1,2511,2569,2502,-1,2502,2569,2570,-1,2502,2570,2533,-1,2571,2572,2518,-1,2518,2572,2573,-1,2518,2573,2555,-1,2571,2574,2572,-1,2572,2574,2575,-1,2572,2575,2576,-1,2557,2577,2518,-1,2518,2577,2578,-1,2518,2578,2519,-1,2561,2579,2560,-1,2560,2579,2580,-1,2560,2580,2551,-1,2551,2580,2581,-1,2551,2581,2552,-1,2550,2582,2583,-1,2584,2566,2585,-1,2585,2566,2507,-1,2585,2507,2586,-1,2586,2507,2509,-1,2587,2588,2589,-1,2589,2588,2538,-1,2589,2538,2590,-1,2590,2538,2540,-1,2590,2540,2591,-1,2591,2540,2507,-1,2591,2507,2592,-1,2592,2507,2567,-1,2560,2593,2558,-1,2558,2593,2594,-1,2558,2594,2565,-1,2565,2594,2522,-1,2522,2594,2595,-1,2522,2595,2596,-1,2583,2597,2550,-1,2550,2597,2598,-1,2550,2598,2549,-1,2596,2599,2522,-1,2522,2599,2600,-1,2522,2600,2601,-1,2601,2602,2522,-1,2522,2602,2603,-1,2522,2603,2604,-1,2604,2603,2605,-1,2604,2605,2606,-1,2607,2608,2605,-1,2605,2608,2609,-1,2605,2609,2606,-1,2503,2610,2504,-1,2504,2610,2611,-1,2504,2611,2505,-1,2505,2611,2612,-1,2505,2612,2506,-1,2506,2612,2613,-1,2506,2613,2497,-1,2497,2613,2614,-1,2497,2614,2498,-1,2498,2614,2615,-1,2498,2615,2439,-1,2439,2615,2440,-1,2616,2617,2618,-1,2619,2620,2621,-1,2622,2623,2624,-1,2624,2623,2625,-1,2624,2625,2626,-1,2362,2364,2442,-1,2612,2618,2613,-1,2613,2618,2617,-1,2613,2617,2614,-1,2614,2617,2615,-1,2622,2624,2618,-1,2618,2624,2627,-1,2618,2627,2616,-1,2617,2628,2615,-1,2615,2628,2362,-1,2615,2362,2440,-1,2440,2362,2442,-1,2629,2618,2630,-1,2630,2618,2631,-1,2632,2633,2634,-1,2634,2633,2635,-1,2636,2637,2638,-1,2639,2640,2610,-1,2612,2611,2618,-1,2618,2611,2610,-1,2618,2610,2641,-1,2641,2610,2640,-1,2642,2643,2618,-1,2644,2645,2622,-1,2622,2645,2646,-1,2647,2648,2649,-1,2649,2648,2650,-1,2651,2652,2653,-1,2621,2620,2654,-1,2655,2656,2626,-1,2626,2656,2657,-1,2626,2657,2624,-1,2658,2659,2636,-1,2642,2618,2660,-1,2646,2661,2622,-1,2622,2661,2662,-1,2622,2662,2663,-1,2663,2662,2664,-1,2663,2664,2665,-1,2650,2666,2649,-1,2649,2666,2667,-1,2649,2667,2668,-1,2668,2667,2669,-1,2668,2669,2670,-1,2670,2669,2671,-1,2670,2671,2634,-1,2634,2671,2672,-1,2634,2672,2632,-1,2643,2673,2618,-1,2618,2673,2674,-1,2618,2674,2622,-1,2622,2674,2675,-1,2622,2675,2644,-1,2676,2653,2677,-1,2678,2679,2680,-1,2680,2679,2681,-1,2682,2683,2684,-1,2684,2683,2685,-1,2684,2685,2686,-1,2687,2688,2658,-1,2636,2659,2610,-1,2610,2659,2689,-1,2610,2689,2639,-1,2635,2690,2634,-1,2634,2690,2660,-1,2634,2660,2691,-1,2691,2660,2618,-1,2691,2618,2692,-1,2692,2618,2629,-1,2652,2693,2653,-1,2653,2693,2694,-1,2653,2694,2695,-1,2695,2696,2653,-1,2653,2696,2697,-1,2653,2697,2698,-1,2699,2700,2701,-1,2701,2700,2702,-1,2701,2702,2694,-1,2694,2702,2703,-1,2694,2703,2695,-1,2704,2705,2620,-1,2620,2705,2706,-1,2620,2706,2707,-1,2676,2708,2653,-1,2653,2708,2709,-1,2653,2709,2651,-1,2620,2653,2704,-1,2704,2653,2698,-1,2704,2698,2649,-1,2649,2698,2710,-1,2649,2710,2647,-1,2707,2711,2620,-1,2620,2711,2712,-1,2620,2712,2654,-1,2713,2714,2621,-1,2621,2714,2715,-1,2621,2715,2619,-1,2713,2716,2714,-1,2714,2716,2717,-1,2714,2717,2718,-1,2678,2686,2679,-1,2679,2686,2685,-1,2679,2685,2626,-1,2626,2685,2719,-1,2626,2719,2720,-1,2720,2721,2626,-1,2626,2721,2722,-1,2626,2722,2655,-1,2636,2638,2658,-1,2658,2638,2723,-1,2658,2723,2687,-1,2664,2724,2665,-1,2665,2724,2725,-1,2665,2725,2701,-1,2701,2725,2726,-1,2701,2726,2699,-1,2727,2728,2677,-1,2677,2728,2729,-1,2677,2729,2676,-1,2727,2730,2728,-1,2728,2730,2731,-1,2728,2731,2732,-1,2442,2364,2366,-1,2442,2366,2444,-1,2444,2366,2368,-1,2444,2368,2446,-1,2446,2368,2370,-1,2446,2370,2447,-1,2447,2370,2372,-1,2447,2372,2410,-1,2410,2372,2388,-1,2410,2388,2412,-1,2412,2388,2387,-1,2412,2387,2414,-1,2414,2387,2385,-1,2414,2385,2416,-1,2416,2385,2383,-1,2416,2383,2418,-1,2418,2383,2381,-1,2418,2381,2420,-1,2420,2381,2379,-1,2420,2379,2422,-1,2422,2379,2377,-1,2422,2377,2424,-1,2424,2377,2375,-1,2424,2375,2425,-1,2425,2375,2402,-1,2425,2402,2427,-1,2427,2402,2401,-1,2427,2401,2429,-1,2429,2401,2399,-1,2429,2399,2431,-1,2431,2399,2397,-1,2431,2397,2433,-1,2433,2397,2435,-1,2435,2397,2395,-1,2435,2395,2437,-1,2437,2395,2393,-1,2437,2393,2449,-1,2449,2393,2391,-1,2733,2734,2449,-1,2735,2736,2391,-1,2391,2736,2737,-1,2737,2738,2391,-1,2391,2738,2739,-1,2391,2739,2449,-1,2449,2739,2740,-1,2449,2740,2733,-1,2741,2742,869,-1,869,2742,2743,-1,869,2743,2391,-1,2391,2743,2744,-1,2391,2744,2735,-1,2734,2745,2449,-1,2449,2745,2746,-1,2449,2746,2747,-1,2748,2749,871,-1,871,2749,2750,-1,2751,2752,869,-1,2747,2753,2449,-1,2449,2753,2754,-1,2449,2754,871,-1,871,2754,2755,-1,871,2755,2748,-1,2750,2756,871,-1,871,2756,2757,-1,871,2757,869,-1,869,2757,2758,-1,869,2758,2751,-1,2752,2759,869,-1,869,2759,2760,-1,869,2760,2741,-1,2657,2586,2624,-1,2624,2586,2509,-1,2624,2509,2627,-1,2627,2509,2512,-1,2627,2512,2616,-1,2616,2512,2513,-1,2616,2513,2617,-1,2617,2513,2499,-1,2617,2499,2628,-1,2628,2499,2517,-1,2628,2517,2362,-1,2362,2517,2363,-1,1991,2165,2743,-1,2743,2165,2201,-1,2743,2201,2744,-1,2201,2200,2744,-1,2744,2200,2198,-1,2744,2198,2735,-1,2195,2736,2242,-1,2242,2736,2735,-1,2242,2735,2197,-1,2197,2735,2198,-1,2191,2737,2192,-1,2192,2737,2736,-1,2192,2736,2194,-1,2194,2736,2195,-1,2191,2262,2737,-1,2737,2262,2270,-1,2737,2270,2738,-1,2270,2282,2738,-1,2738,2282,2281,-1,2738,2281,2739,-1,2271,2740,2272,-1,2272,2740,2739,-1,2272,2739,2280,-1,2280,2739,2281,-1,2271,2283,2740,-1,2740,2283,2189,-1,2740,2189,2733,-1,2185,2734,2186,-1,2186,2734,2733,-1,2186,2733,2188,-1,2188,2733,2189,-1,2185,2303,2734,-1,2734,2303,2183,-1,2734,2183,2745,-1,2183,2182,2745,-1,2745,2182,2180,-1,2745,2180,2746,-1,2177,2747,2323,-1,2323,2747,2746,-1,2323,2746,2179,-1,2179,2746,2180,-1,2177,2176,2747,-1,2747,2176,2337,-1,2747,2337,2753,-1,2173,2754,2174,-1,2174,2754,2753,-1,2174,2753,2338,-1,2338,2753,2337,-1,2025,2755,2066,-1,2066,2755,2754,-1,2066,2754,2173,-1,2021,2748,2022,-1,2022,2748,2755,-1,2022,2755,2024,-1,2024,2755,2025,-1,2021,2073,2748,-1,2748,2073,2019,-1,2748,2019,2749,-1,2019,2018,2749,-1,2749,2018,2016,-1,2749,2016,2750,-1,2013,2756,2093,-1,2093,2756,2750,-1,2093,2750,2015,-1,2015,2750,2016,-1,2013,2012,2756,-1,2756,2012,2107,-1,2756,2107,2757,-1,2009,2758,2010,-1,2010,2758,2757,-1,2010,2757,2108,-1,2108,2757,2107,-1,2009,2109,2758,-1,2758,2109,2007,-1,2758,2007,2751,-1,2007,2006,2751,-1,2751,2006,2004,-1,2751,2004,2752,-1,2001,2759,2129,-1,2129,2759,2752,-1,2129,2752,2003,-1,2003,2752,2004,-1,2001,2000,2759,-1,2759,2000,1998,-1,2759,1998,2760,-1,1995,2741,2149,-1,2149,2741,2760,-1,2149,2760,1997,-1,1997,2760,1998,-1,1995,1994,2741,-1,2741,1994,2163,-1,2741,2163,2742,-1,1991,2743,1992,-1,1992,2743,2742,-1,1992,2742,2164,-1,2164,2742,2163,-1,751,2408,750,-1,750,2408,2450,-1,2761,2762,2763,-1,2763,2762,2764,-1,2763,2764,2765,-1,2765,2764,2766,-1,2765,2766,2767,-1,2767,2766,2768,-1,2767,2768,2769,-1,2769,2768,2770,-1,2769,2770,2771,-1,2771,2770,2772,-1,2771,2772,2773,-1,2773,2772,2774,-1,2773,2774,2775,-1,2775,2774,2776,-1,2775,2776,2777,-1,2777,2776,2778,-1,2777,2778,2779,-1,2779,2778,2780,-1,2779,2780,2781,-1,2781,2780,2782,-1,2781,2782,2783,-1,2783,2782,2784,-1,2783,2784,2785,-1,2785,2784,2786,-1,2785,2786,2787,-1,2787,2786,2788,-1,2787,2788,2789,-1,2789,2788,2790,-1,2789,2790,2791,-1,2791,2790,2792,-1,2791,2792,2793,-1,2793,2792,2794,-1,2793,2794,2795,-1,2795,2794,2796,-1,2795,2796,2797,-1,2797,2796,2798,-1,2797,2798,2799,-1,2799,2798,2800,-1,2799,2800,2801,-1,2801,2800,2802,-1,2762,2803,2764,-1,2764,2803,2804,-1,2764,2804,2766,-1,2766,2804,2805,-1,2766,2805,2768,-1,2768,2805,2806,-1,2768,2806,2770,-1,2770,2806,2807,-1,2770,2807,2772,-1,2772,2807,2808,-1,2772,2808,2774,-1,2774,2808,2809,-1,2774,2809,2776,-1,2776,2809,2810,-1,2776,2810,2778,-1,2778,2810,2811,-1,2778,2811,2780,-1,2780,2811,2812,-1,2780,2812,2782,-1,2782,2812,2813,-1,2782,2813,2784,-1,2784,2813,2814,-1,2784,2814,2786,-1,2786,2814,2815,-1,2786,2815,2788,-1,2788,2815,2816,-1,2788,2816,2790,-1,2790,2816,2817,-1,2790,2817,2792,-1,2792,2817,2818,-1,2792,2818,2794,-1,2794,2818,2819,-1,2794,2819,2796,-1,2796,2819,2820,-1,2796,2820,2798,-1,2798,2820,2821,-1,2798,2821,2800,-1,2800,2821,2822,-1,2800,2822,2802,-1,2802,2822,2823,-1,2803,2824,2804,-1,2804,2824,2825,-1,2804,2825,2805,-1,2805,2825,2826,-1,2805,2826,2806,-1,2806,2826,2827,-1,2806,2827,2807,-1,2807,2827,2828,-1,2807,2828,2808,-1,2808,2828,2829,-1,2808,2829,2809,-1,2809,2829,2830,-1,2809,2830,2810,-1,2810,2830,2831,-1,2810,2831,2811,-1,2811,2831,2832,-1,2811,2832,2812,-1,2812,2832,2833,-1,2812,2833,2813,-1,2813,2833,2834,-1,2813,2834,2814,-1,2814,2834,2835,-1,2814,2835,2815,-1,2815,2835,2836,-1,2815,2836,2816,-1,2816,2836,2837,-1,2816,2837,2817,-1,2817,2837,2838,-1,2817,2838,2818,-1,2818,2838,2839,-1,2818,2839,2819,-1,2819,2839,2840,-1,2819,2840,2820,-1,2820,2840,2841,-1,2820,2841,2821,-1,2821,2841,2842,-1,2821,2842,2822,-1,2822,2842,2843,-1,2822,2843,2823,-1,2823,2843,2844,-1,2824,2845,2825,-1,2825,2845,2846,-1,2825,2846,2826,-1,2826,2846,2847,-1,2826,2847,2827,-1,2827,2847,2848,-1,2827,2848,2828,-1,2828,2848,2849,-1,2828,2849,2829,-1,2829,2849,2850,-1,2829,2850,2830,-1,2830,2850,2851,-1,2830,2851,2831,-1,2831,2851,2852,-1,2831,2852,2832,-1,2832,2852,2853,-1,2832,2853,2833,-1,2833,2853,2854,-1,2833,2854,2834,-1,2834,2854,2855,-1,2834,2855,2835,-1,2835,2855,2856,-1,2835,2856,2836,-1,2836,2856,2857,-1,2836,2857,2837,-1,2837,2857,2858,-1,2837,2858,2838,-1,2838,2858,2859,-1,2838,2859,2839,-1,2839,2859,2860,-1,2839,2860,2840,-1,2840,2860,2861,-1,2840,2861,2841,-1,2841,2861,2862,-1,2841,2862,2842,-1,2842,2862,2863,-1,2842,2863,2843,-1,2843,2863,2864,-1,2843,2864,2844,-1,2844,2864,2865,-1,2845,2866,2846,-1,2846,2866,2867,-1,2846,2867,2847,-1,2847,2867,2868,-1,2847,2868,2848,-1,2848,2868,2869,-1,2848,2869,2849,-1,2849,2869,2870,-1,2849,2870,2850,-1,2850,2870,2871,-1,2850,2871,2851,-1,2851,2871,2872,-1,2851,2872,2852,-1,2852,2872,2873,-1,2852,2873,2853,-1,2853,2873,2874,-1,2853,2874,2854,-1,2854,2874,2875,-1,2854,2875,2855,-1,2855,2875,2876,-1,2855,2876,2856,-1,2856,2876,2877,-1,2856,2877,2857,-1,2857,2877,2878,-1,2857,2878,2858,-1,2858,2878,2879,-1,2858,2879,2859,-1,2859,2879,2880,-1,2859,2880,2860,-1,2860,2880,2881,-1,2860,2881,2861,-1,2861,2881,2882,-1,2861,2882,2862,-1,2862,2882,2883,-1,2862,2883,2863,-1,2863,2883,2884,-1,2863,2884,2864,-1,2864,2884,2885,-1,2864,2885,2865,-1,2865,2885,2886,-1,2866,2475,2867,-1,2867,2475,2474,-1,2867,2474,2868,-1,2868,2474,2460,-1,2868,2460,2869,-1,2869,2460,2459,-1,2869,2459,2870,-1,2870,2459,2466,-1,2870,2466,2871,-1,2871,2466,2482,-1,2871,2482,2872,-1,2872,2482,2481,-1,2872,2481,2873,-1,2873,2481,2484,-1,2873,2484,2874,-1,2874,2484,2483,-1,2874,2483,2875,-1,2875,2483,2465,-1,2875,2465,2876,-1,2876,2465,2464,-1,2876,2464,2877,-1,2877,2464,2463,-1,2877,2463,2878,-1,2878,2463,2462,-1,2878,2462,2879,-1,2879,2462,2461,-1,2879,2461,2880,-1,2880,2461,2480,-1,2880,2480,2881,-1,2881,2480,2479,-1,2881,2479,2882,-1,2882,2479,2478,-1,2882,2478,2883,-1,2883,2478,2458,-1,2883,2458,2884,-1,2884,2458,2457,-1,2884,2457,2885,-1,2885,2457,2471,-1,2885,2471,2886,-1,2886,2471,2470,-1,2801,2802,2887,-1,2887,2802,2888,-1,2887,2888,2889,-1,2889,2888,2890,-1,2889,2890,2891,-1,2891,2890,2892,-1,2891,2892,2893,-1,2893,2892,2894,-1,2893,2894,2895,-1,2895,2894,2896,-1,2895,2896,2897,-1,2897,2896,2898,-1,2897,2898,2899,-1,2899,2898,2900,-1,2899,2900,2901,-1,2901,2900,2902,-1,2901,2902,2903,-1,2903,2902,2904,-1,2903,2904,2905,-1,2905,2904,2906,-1,2905,2906,2907,-1,2907,2906,2908,-1,2907,2908,2909,-1,2909,2908,2910,-1,2909,2910,2911,-1,2911,2910,2912,-1,2911,2912,2913,-1,2913,2912,2914,-1,2913,2914,2915,-1,2915,2914,2916,-1,2915,2916,2917,-1,2917,2916,2918,-1,2917,2918,2919,-1,2919,2918,2920,-1,2919,2920,2921,-1,2921,2920,2922,-1,2921,2922,2923,-1,2923,2922,2924,-1,2923,2924,2761,-1,2761,2924,2762,-1,2802,2823,2888,-1,2888,2823,2925,-1,2888,2925,2890,-1,2890,2925,2926,-1,2890,2926,2892,-1,2892,2926,2927,-1,2892,2927,2894,-1,2894,2927,2928,-1,2894,2928,2896,-1,2896,2928,2929,-1,2896,2929,2898,-1,2898,2929,2930,-1,2898,2930,2900,-1,2900,2930,2931,-1,2900,2931,2902,-1,2902,2931,2932,-1,2902,2932,2904,-1,2904,2932,2933,-1,2904,2933,2906,-1,2906,2933,2934,-1,2906,2934,2908,-1,2908,2934,2935,-1,2908,2935,2910,-1,2910,2935,2936,-1,2910,2936,2912,-1,2912,2936,2937,-1,2912,2937,2914,-1,2914,2937,2938,-1,2914,2938,2916,-1,2916,2938,2939,-1,2916,2939,2918,-1,2918,2939,2940,-1,2918,2940,2920,-1,2920,2940,2941,-1,2920,2941,2922,-1,2922,2941,2942,-1,2922,2942,2924,-1,2924,2942,2943,-1,2924,2943,2762,-1,2762,2943,2803,-1,2823,2844,2925,-1,2925,2844,2944,-1,2925,2944,2926,-1,2926,2944,2945,-1,2926,2945,2927,-1,2927,2945,2946,-1,2927,2946,2928,-1,2928,2946,2947,-1,2928,2947,2929,-1,2929,2947,2948,-1,2929,2948,2930,-1,2930,2948,2949,-1,2930,2949,2931,-1,2931,2949,2950,-1,2931,2950,2932,-1,2932,2950,2951,-1,2932,2951,2933,-1,2933,2951,2952,-1,2933,2952,2934,-1,2934,2952,2953,-1,2934,2953,2935,-1,2935,2953,2954,-1,2935,2954,2936,-1,2936,2954,2955,-1,2936,2955,2937,-1,2937,2955,2956,-1,2937,2956,2938,-1,2938,2956,2957,-1,2938,2957,2939,-1,2939,2957,2958,-1,2939,2958,2940,-1,2940,2958,2959,-1,2940,2959,2941,-1,2941,2959,2960,-1,2941,2960,2942,-1,2942,2960,2961,-1,2942,2961,2943,-1,2943,2961,2962,-1,2943,2962,2803,-1,2803,2962,2824,-1,2844,2865,2944,-1,2944,2865,2963,-1,2944,2963,2945,-1,2945,2963,2964,-1,2945,2964,2946,-1,2946,2964,2965,-1,2946,2965,2947,-1,2947,2965,2966,-1,2947,2966,2948,-1,2948,2966,2967,-1,2948,2967,2949,-1,2949,2967,2968,-1,2949,2968,2950,-1,2950,2968,2969,-1,2950,2969,2951,-1,2951,2969,2970,-1,2951,2970,2952,-1,2952,2970,2971,-1,2952,2971,2953,-1,2953,2971,2972,-1,2953,2972,2954,-1,2954,2972,2973,-1,2954,2973,2955,-1,2955,2973,2974,-1,2955,2974,2956,-1,2956,2974,2975,-1,2956,2975,2957,-1,2957,2975,2976,-1,2957,2976,2958,-1,2958,2976,2977,-1,2958,2977,2959,-1,2959,2977,2978,-1,2959,2978,2960,-1,2960,2978,2979,-1,2960,2979,2961,-1,2961,2979,2980,-1,2961,2980,2962,-1,2962,2980,2981,-1,2962,2981,2824,-1,2824,2981,2845,-1,2865,2886,2963,-1,2963,2886,2982,-1,2963,2982,2964,-1,2964,2982,2983,-1,2964,2983,2965,-1,2965,2983,2984,-1,2965,2984,2966,-1,2966,2984,2985,-1,2966,2985,2967,-1,2967,2985,2986,-1,2967,2986,2968,-1,2968,2986,2987,-1,2968,2987,2969,-1,2969,2987,2988,-1,2969,2988,2970,-1,2970,2988,2989,-1,2970,2989,2971,-1,2971,2989,2990,-1,2971,2990,2972,-1,2972,2990,2991,-1,2972,2991,2973,-1,2973,2991,2992,-1,2973,2992,2974,-1,2974,2992,2993,-1,2974,2993,2975,-1,2975,2993,2994,-1,2975,2994,2976,-1,2976,2994,2995,-1,2976,2995,2977,-1,2977,2995,2996,-1,2977,2996,2978,-1,2978,2996,2997,-1,2978,2997,2979,-1,2979,2997,2998,-1,2979,2998,2980,-1,2980,2998,2999,-1,2980,2999,2981,-1,2981,2999,3000,-1,2981,3000,2845,-1,2845,3000,2866,-1,2886,2470,2982,-1,2982,2470,2469,-1,2982,2469,2983,-1,2983,2469,2473,-1,2983,2473,2984,-1,2984,2473,2472,-1,2984,2472,2985,-1,2985,2472,2468,-1,2985,2468,2986,-1,2986,2468,2467,-1,2986,2467,2987,-1,2987,2467,2496,-1,2987,2496,2988,-1,2988,2496,2495,-1,2988,2495,2989,-1,2989,2495,2494,-1,2989,2494,2990,-1,2990,2494,2493,-1,2990,2493,2991,-1,2991,2493,2492,-1,2991,2492,2992,-1,2992,2492,2491,-1,2992,2491,2993,-1,2993,2491,2490,-1,2993,2490,2994,-1,2994,2490,2489,-1,2994,2489,2995,-1,2995,2489,2488,-1,2995,2488,2996,-1,2996,2488,2487,-1,2996,2487,2997,-1,2997,2487,2486,-1,2997,2486,2998,-1,2998,2486,2485,-1,2998,2485,2999,-1,2999,2485,2477,-1,2999,2477,3000,-1,3000,2477,2476,-1,3000,2476,2866,-1,2866,2476,2475,-1,2534,2502,2641,-1,2641,2502,2618,-1,2640,2535,2641,-1,2641,2535,2534,-1,2639,2537,2640,-1,2640,2537,2535,-1,2659,2548,2547,-1,2659,2547,2689,-1,2689,2547,2537,-1,2689,2537,2639,-1,2658,2550,2659,-1,2659,2550,2548,-1,2550,2658,2688,-1,2550,2688,2582,-1,2582,2688,2687,-1,2582,2687,2583,-1,2583,2687,2723,-1,2583,2723,2597,-1,2597,2723,2638,-1,2597,2638,2598,-1,2598,2638,2637,-1,2598,2637,2549,-1,2637,2636,2549,-1,2549,2636,3001,-1,2536,3002,2503,-1,2503,3002,2610,-1,2656,3003,2657,-1,2657,3003,2586,-1,2584,2585,2655,-1,2655,2585,3004,-1,2685,2590,2591,-1,2685,2591,2719,-1,2719,2591,2592,-1,2719,2592,2720,-1,2720,2592,2567,-1,2720,2567,2721,-1,2721,2567,2566,-1,2721,2566,2722,-1,2722,2566,2584,-1,2722,2584,2655,-1,2590,2685,2589,-1,2589,2685,2683,-1,2589,2683,2682,-1,2589,2682,2587,-1,2587,2682,2684,-1,2587,2684,2588,-1,2588,2684,2538,-1,2538,2684,2686,-1,2538,2686,2539,-1,2539,2686,2678,-1,2678,2680,2539,-1,2539,2680,2541,-1,2681,2542,2680,-1,2680,2542,2541,-1,2540,2542,2679,-1,2679,2542,2681,-1,2540,2679,2507,-1,2507,2679,2626,-1,2507,2626,2508,-1,2508,2626,2625,-1,2508,2625,2510,-1,2510,2625,2623,-1,2510,2623,2511,-1,2511,2623,2622,-1,2511,2622,2551,-1,2551,2622,2663,-1,2551,2663,2560,-1,2560,2663,2665,-1,2560,2665,2593,-1,2593,2665,2701,-1,2593,2701,2594,-1,2594,2701,2694,-1,2594,2694,2595,-1,2595,2694,2693,-1,2595,2693,2596,-1,2596,2693,2652,-1,2596,2652,2651,-1,2596,2651,2599,-1,2599,2651,2709,-1,2599,2709,2600,-1,2600,2709,2708,-1,2600,2708,2601,-1,2601,2708,2676,-1,2601,2676,2602,-1,2729,2603,2676,-1,2676,2603,2602,-1,2677,2604,2606,-1,2677,2606,2727,-1,2727,2606,2609,-1,2727,2609,2730,-1,2730,2609,2608,-1,2730,2608,2731,-1,2731,2608,2607,-1,2731,2607,2732,-1,2732,2607,2605,-1,2732,2605,2728,-1,2728,2605,2603,-1,2728,2603,2729,-1,2604,2677,2522,-1,2522,2677,2653,-1,3005,3006,3007,-1,3005,3007,3008,-1,3008,3007,3009,-1,3008,3009,3010,-1,3010,3009,3011,-1,3010,3011,3012,-1,3012,3011,3013,-1,3012,3013,3014,-1,3014,3013,3015,-1,3014,3015,3016,-1,3016,3015,3017,-1,3016,3017,3018,-1,3018,3017,2520,-1,3018,2520,2522,-1,2619,2518,2620,-1,2620,2518,2520,-1,2518,2619,2715,-1,2518,2715,2571,-1,2571,2715,2714,-1,2571,2714,2574,-1,2574,2714,2718,-1,2574,2718,2575,-1,2575,2718,2717,-1,2575,2717,2576,-1,2576,2717,2716,-1,2576,2716,2572,-1,2572,2716,2713,-1,2572,2713,2573,-1,2573,2713,2621,-1,2573,2621,2555,-1,2555,2621,2556,-1,2556,2621,2654,-1,2706,2519,2578,-1,2706,2578,2707,-1,2707,2578,2577,-1,2707,2577,2711,-1,2711,2577,2557,-1,2711,2557,2712,-1,2712,2557,2556,-1,2712,2556,2654,-1,2519,2706,2521,-1,2521,2706,2705,-1,2521,2705,2523,-1,2523,2705,2704,-1,2523,2704,2516,-1,2516,2704,2649,-1,2516,2649,2532,-1,2532,2649,2668,-1,2532,2668,2530,-1,2530,2668,2670,-1,2530,2670,2526,-1,2526,2670,2634,-1,2526,2634,2543,-1,2543,2634,2691,-1,2543,2691,2544,-1,2544,2691,2692,-1,2544,2692,2545,-1,2545,2692,2629,-1,2545,2629,2500,-1,2500,2629,2630,-1,2630,2631,2500,-1,2500,2631,2501,-1,2618,2502,2631,-1,2631,2502,2501,-1,3019,3020,2581,-1,2581,3020,2552,-1,3020,3021,2552,-1,2552,3021,3022,-1,2552,3022,2553,-1,3022,3023,2553,-1,2553,3023,3024,-1,2553,3024,2554,-1,3024,3025,2554,-1,2554,3025,3026,-1,2554,3026,2568,-1,2568,3026,3027,-1,3027,3028,2568,-1,2568,3028,3029,-1,2568,3029,2569,-1,3029,3030,2569,-1,2569,3030,3031,-1,2569,3031,2570,-1,3031,3032,2570,-1,2570,3032,3033,-1,2570,3033,2533,-1,2533,3033,3034,-1,3034,3035,2533,-1,2533,3035,3036,-1,2533,3036,2524,-1,3036,3037,2524,-1,2524,3037,3038,-1,2524,3038,2525,-1,2525,3038,3039,-1,3039,3040,2525,-1,2525,3040,3041,-1,2525,3041,2527,-1,3041,3042,2527,-1,2527,3042,3043,-1,2527,3043,2528,-1,3043,3044,2528,-1,2528,3044,3045,-1,2528,3045,2529,-1,2529,3045,3046,-1,3047,2531,3048,-1,3048,2531,2529,-1,3048,2529,3049,-1,3049,2529,3046,-1,3047,3050,2531,-1,2531,3050,2546,-1,3051,2514,3052,-1,3052,2514,2546,-1,3052,2546,3053,-1,3053,2546,3050,-1,3051,3054,2514,-1,2514,3054,3055,-1,2514,3055,2515,-1,2515,3055,3056,-1,2515,3056,2562,-1,2562,3056,3057,-1,3058,2563,3059,-1,3059,2563,2562,-1,3059,2562,3060,-1,3060,2562,3057,-1,3058,3061,2563,-1,2563,3061,3062,-1,2563,3062,2564,-1,3063,2565,3064,-1,3064,2565,2564,-1,3064,2564,3065,-1,3065,2564,3062,-1,3063,3066,2565,-1,2565,3066,3067,-1,2565,3067,2558,-1,2558,3067,3068,-1,2558,3068,2559,-1,2559,3068,3069,-1,3070,2561,3071,-1,3071,2561,2559,-1,3071,2559,3072,-1,3072,2559,3069,-1,3070,3073,2561,-1,2561,3073,3074,-1,2561,3074,2579,-1,2579,3074,3075,-1,2579,3075,2580,-1,2580,3075,3076,-1,3019,2581,3077,-1,3077,2581,2580,-1,3077,2580,3078,-1,3078,2580,3076,-1,2653,2620,3079,-1,3079,2620,3080,-1,3079,3080,3081,-1,3081,3080,3082,-1,3081,3082,3083,-1,3083,3082,3084,-1,3083,3084,3085,-1,3085,3084,3086,-1,3085,3086,3087,-1,3087,3086,3088,-1,3087,3088,3089,-1,3089,3088,3090,-1,3091,3092,3093,-1,3093,3092,3094,-1,3093,3094,3095,-1,3095,3094,3096,-1,3095,3096,3097,-1,3097,3096,3098,-1,3097,3098,3099,-1,3099,3098,3100,-1,3099,3100,3101,-1,3101,3100,3102,-1,3101,3102,3103,-1,3103,3102,3104,-1,3103,3104,3105,-1,3105,3104,3106,-1,3105,3106,3107,-1,3107,3106,3108,-1,3107,3108,3109,-1,3109,3108,3110,-1,3109,3110,3111,-1,3111,3110,3112,-1,3111,3112,3113,-1,3113,3112,3114,-1,3113,3114,3115,-1,3115,3114,3116,-1,3115,3116,3117,-1,3117,3116,3118,-1,3117,3118,3119,-1,3119,3118,3120,-1,3119,3120,3121,-1,3121,3120,3122,-1,3121,3122,3123,-1,3123,3122,3124,-1,3123,3124,3125,-1,3125,3124,3126,-1,3125,3126,3127,-1,3127,3126,3128,-1,3092,3129,3094,-1,3094,3129,3130,-1,3094,3130,3096,-1,3096,3130,3131,-1,3096,3131,3098,-1,3098,3131,3132,-1,3098,3132,3100,-1,3100,3132,3133,-1,3100,3133,3102,-1,3102,3133,3134,-1,3102,3134,3104,-1,3104,3134,3135,-1,3104,3135,3106,-1,3106,3135,3136,-1,3106,3136,3108,-1,3108,3136,3137,-1,3108,3137,3110,-1,3110,3137,3138,-1,3110,3138,3112,-1,3112,3138,3139,-1,3112,3139,3114,-1,3114,3139,3140,-1,3114,3140,3116,-1,3116,3140,3141,-1,3116,3141,3118,-1,3118,3141,3142,-1,3118,3142,3120,-1,3120,3142,3143,-1,3120,3143,3122,-1,3122,3143,3144,-1,3122,3144,3124,-1,3124,3144,3145,-1,3124,3145,3126,-1,3126,3145,3146,-1,3126,3146,3128,-1,3128,3146,3147,-1,3129,3148,3130,-1,3130,3148,3149,-1,3130,3149,3131,-1,3131,3149,3150,-1,3131,3150,3132,-1,3132,3150,3151,-1,3132,3151,3133,-1,3133,3151,3152,-1,3133,3152,3134,-1,3134,3152,3153,-1,3134,3153,3135,-1,3135,3153,3154,-1,3135,3154,3136,-1,3136,3154,3155,-1,3136,3155,3137,-1,3137,3155,3156,-1,3137,3156,3138,-1,3138,3156,3157,-1,3138,3157,3139,-1,3139,3157,3158,-1,3139,3158,3140,-1,3140,3158,3159,-1,3140,3159,3141,-1,3141,3159,3160,-1,3141,3160,3142,-1,3142,3160,3161,-1,3142,3161,3143,-1,3143,3161,3162,-1,3143,3162,3144,-1,3144,3162,3163,-1,3144,3163,3145,-1,3145,3163,3164,-1,3145,3164,3146,-1,3146,3164,3165,-1,3146,3165,3147,-1,3147,3165,3166,-1,3148,3167,3149,-1,3149,3167,3168,-1,3149,3168,3150,-1,3150,3168,3169,-1,3150,3169,3151,-1,3151,3169,3170,-1,3151,3170,3152,-1,3152,3170,3171,-1,3152,3171,3153,-1,3153,3171,3172,-1,3153,3172,3154,-1,3154,3172,3173,-1,3154,3173,3155,-1,3155,3173,3174,-1,3155,3174,3156,-1,3156,3174,3175,-1,3156,3175,3157,-1,3157,3175,3176,-1,3157,3176,3158,-1,3158,3176,3177,-1,3158,3177,3159,-1,3159,3177,3178,-1,3159,3178,3160,-1,3160,3178,3179,-1,3160,3179,3161,-1,3161,3179,3180,-1,3161,3180,3162,-1,3162,3180,3181,-1,3162,3181,3163,-1,3163,3181,3182,-1,3163,3182,3164,-1,3164,3182,3183,-1,3164,3183,3165,-1,3165,3183,3184,-1,3165,3184,3166,-1,3166,3184,3185,-1,3167,3186,3168,-1,3168,3186,3187,-1,3168,3187,3169,-1,3169,3187,3188,-1,3169,3188,3170,-1,3170,3188,3189,-1,3170,3189,3171,-1,3171,3189,3190,-1,3171,3190,3172,-1,3172,3190,3191,-1,3172,3191,3173,-1,3173,3191,3192,-1,3173,3192,3174,-1,3174,3192,3193,-1,3174,3193,3175,-1,3175,3193,3194,-1,3175,3194,3176,-1,3176,3194,3195,-1,3176,3195,3177,-1,3177,3195,3196,-1,3177,3196,3178,-1,3178,3196,3197,-1,3178,3197,3179,-1,3179,3197,3198,-1,3179,3198,3180,-1,3180,3198,3199,-1,3180,3199,3181,-1,3181,3199,3200,-1,3181,3200,3182,-1,3182,3200,3201,-1,3182,3201,3183,-1,3183,3201,3202,-1,3183,3202,3184,-1,3184,3202,3203,-1,3184,3203,3185,-1,3185,3203,3204,-1,3186,2664,3187,-1,3187,2664,2662,-1,3187,2662,3188,-1,3188,2662,2661,-1,3188,2661,3189,-1,3189,2661,2646,-1,3189,2646,3190,-1,3190,2646,2645,-1,3190,2645,3191,-1,3191,2645,2644,-1,3191,2644,3192,-1,3192,2644,2675,-1,3192,2675,3193,-1,3193,2675,2674,-1,3193,2674,3194,-1,3194,2674,2673,-1,3194,2673,3195,-1,3195,2673,2643,-1,3195,2643,3196,-1,3196,2643,2642,-1,3196,2642,3197,-1,3197,2642,2660,-1,3197,2660,3198,-1,3198,2660,2690,-1,3198,2690,3199,-1,3199,2690,2635,-1,3199,2635,3200,-1,3200,2635,2633,-1,3200,2633,3201,-1,3201,2633,2632,-1,3201,2632,3202,-1,3202,2632,2672,-1,3202,2672,3203,-1,3203,2672,2671,-1,3203,2671,3204,-1,3204,2671,2669,-1,3127,3128,3205,-1,3205,3128,3206,-1,3205,3206,3207,-1,3207,3206,3208,-1,3207,3208,3209,-1,3209,3208,3210,-1,3209,3210,3211,-1,3211,3210,3212,-1,3211,3212,3213,-1,3213,3212,3214,-1,3213,3214,3215,-1,3215,3214,3216,-1,3215,3216,3217,-1,3217,3216,3218,-1,3217,3218,3219,-1,3219,3218,3220,-1,3219,3220,3221,-1,3221,3220,3222,-1,3221,3222,3223,-1,3223,3222,3224,-1,3223,3224,3225,-1,3225,3224,3226,-1,3225,3226,3227,-1,3227,3226,3228,-1,3227,3228,3229,-1,3229,3228,3230,-1,3229,3230,3231,-1,3231,3230,3232,-1,3231,3232,3233,-1,3233,3232,3234,-1,3233,3234,3235,-1,3235,3234,3236,-1,3235,3236,3237,-1,3237,3236,3238,-1,3237,3238,3091,-1,3091,3238,3092,-1,3128,3147,3206,-1,3206,3147,3239,-1,3206,3239,3208,-1,3208,3239,3240,-1,3208,3240,3210,-1,3210,3240,3241,-1,3210,3241,3212,-1,3212,3241,3242,-1,3212,3242,3214,-1,3214,3242,3243,-1,3214,3243,3216,-1,3216,3243,3244,-1,3216,3244,3218,-1,3218,3244,3245,-1,3218,3245,3220,-1,3220,3245,3246,-1,3220,3246,3222,-1,3222,3246,3247,-1,3222,3247,3224,-1,3224,3247,3248,-1,3224,3248,3226,-1,3226,3248,3249,-1,3226,3249,3228,-1,3228,3249,3250,-1,3228,3250,3230,-1,3230,3250,3251,-1,3230,3251,3232,-1,3232,3251,3252,-1,3232,3252,3234,-1,3234,3252,3253,-1,3234,3253,3236,-1,3236,3253,3254,-1,3236,3254,3238,-1,3238,3254,3255,-1,3238,3255,3092,-1,3092,3255,3129,-1,3147,3166,3239,-1,3239,3166,3256,-1,3239,3256,3240,-1,3240,3256,3257,-1,3240,3257,3241,-1,3241,3257,3258,-1,3241,3258,3242,-1,3242,3258,3259,-1,3242,3259,3243,-1,3243,3259,3260,-1,3243,3260,3244,-1,3244,3260,3261,-1,3244,3261,3245,-1,3245,3261,3262,-1,3245,3262,3246,-1,3246,3262,3263,-1,3246,3263,3247,-1,3247,3263,3264,-1,3247,3264,3248,-1,3248,3264,3265,-1,3248,3265,3249,-1,3249,3265,3266,-1,3249,3266,3250,-1,3250,3266,3267,-1,3250,3267,3251,-1,3251,3267,3268,-1,3251,3268,3252,-1,3252,3268,3269,-1,3252,3269,3253,-1,3253,3269,3270,-1,3253,3270,3254,-1,3254,3270,3271,-1,3254,3271,3255,-1,3255,3271,3272,-1,3255,3272,3129,-1,3129,3272,3148,-1,3166,3185,3256,-1,3256,3185,3273,-1,3256,3273,3257,-1,3257,3273,3274,-1,3257,3274,3258,-1,3258,3274,3275,-1,3258,3275,3259,-1,3259,3275,3276,-1,3259,3276,3260,-1,3260,3276,3277,-1,3260,3277,3261,-1,3261,3277,3278,-1,3261,3278,3262,-1,3262,3278,3279,-1,3262,3279,3263,-1,3263,3279,3280,-1,3263,3280,3264,-1,3264,3280,3281,-1,3264,3281,3265,-1,3265,3281,3282,-1,3265,3282,3266,-1,3266,3282,3283,-1,3266,3283,3267,-1,3267,3283,3284,-1,3267,3284,3268,-1,3268,3284,3285,-1,3268,3285,3269,-1,3269,3285,3286,-1,3269,3286,3270,-1,3270,3286,3287,-1,3270,3287,3271,-1,3271,3287,3288,-1,3271,3288,3272,-1,3272,3288,3289,-1,3272,3289,3148,-1,3148,3289,3167,-1,3185,3204,3273,-1,3273,3204,3290,-1,3273,3290,3274,-1,3274,3290,3291,-1,3274,3291,3275,-1,3275,3291,3292,-1,3275,3292,3276,-1,3276,3292,3293,-1,3276,3293,3277,-1,3277,3293,3294,-1,3277,3294,3278,-1,3278,3294,3295,-1,3278,3295,3279,-1,3279,3295,3296,-1,3279,3296,3280,-1,3280,3296,3297,-1,3280,3297,3281,-1,3281,3297,3298,-1,3281,3298,3282,-1,3282,3298,3299,-1,3282,3299,3283,-1,3283,3299,3300,-1,3283,3300,3284,-1,3284,3300,3301,-1,3284,3301,3285,-1,3285,3301,3302,-1,3285,3302,3286,-1,3286,3302,3303,-1,3286,3303,3287,-1,3287,3303,3304,-1,3287,3304,3288,-1,3288,3304,3305,-1,3288,3305,3289,-1,3289,3305,3306,-1,3289,3306,3167,-1,3167,3306,3186,-1,3204,2669,3290,-1,3290,2669,2667,-1,3290,2667,3291,-1,3291,2667,2666,-1,3291,2666,3292,-1,3292,2666,2650,-1,3292,2650,3293,-1,3293,2650,2648,-1,3293,2648,3294,-1,3294,2648,2647,-1,3294,2647,3295,-1,3295,2647,2710,-1,3295,2710,3296,-1,3296,2710,2698,-1,3296,2698,3297,-1,3297,2698,2697,-1,3297,2697,3298,-1,3298,2697,2696,-1,3298,2696,3299,-1,3299,2696,2695,-1,3299,2695,3300,-1,3300,2695,2703,-1,3300,2703,3301,-1,3301,2703,2702,-1,3301,2702,3302,-1,3302,2702,2700,-1,3302,2700,3303,-1,3303,2700,2699,-1,3303,2699,3304,-1,3304,2699,2726,-1,3304,2726,3305,-1,3305,2726,2725,-1,3305,2725,3306,-1,3306,2725,2724,-1,3306,2724,3186,-1,3186,2724,2664,-1,2765,2767,2887,-1,2923,2761,2887,-1,2887,2761,2763,-1,2887,2763,2765,-1,2889,2891,2913,-1,2913,2891,2893,-1,2889,2913,2887,-1,2887,2913,2915,-1,2887,2915,2917,-1,2799,2771,2797,-1,2797,2771,2795,-1,2767,2769,2887,-1,2887,2769,2771,-1,2887,2771,2801,-1,2801,2771,2799,-1,2777,2779,2787,-1,2917,2919,2887,-1,2887,2919,2921,-1,2887,2921,2923,-1,2777,2787,2775,-1,2775,2787,2789,-1,2775,2789,2791,-1,2771,2773,2795,-1,2795,2773,2775,-1,2795,2775,2793,-1,2793,2775,2791,-1,2893,2895,2913,-1,2913,2895,2897,-1,2913,2897,2899,-1,2779,2781,2787,-1,2787,2781,2783,-1,2787,2783,2785,-1,2899,2901,2913,-1,2913,2901,2903,-1,2913,2903,2905,-1,2905,2907,2913,-1,2913,2907,2909,-1,2913,2909,2911,-1,3307,3308,3089,-1,3089,3308,3005,-1,3089,3005,3087,-1,3087,3005,3008,-1,3087,3008,3085,-1,3008,3010,3085,-1,3085,3010,3012,-1,3085,3012,3083,-1,3083,3012,3014,-1,3083,3014,3081,-1,3081,3014,3016,-1,3081,3016,3079,-1,3079,3016,3018,-1,3079,3018,2653,-1,2653,3018,2522,-1,3309,3310,3006,-1,3309,3006,3311,-1,3310,3312,3006,-1,3006,3312,3313,-1,3006,3313,3314,-1,3315,3316,3005,-1,3317,3318,3319,-1,3316,3320,3005,-1,3005,3320,3321,-1,3005,3321,3006,-1,3006,3321,3322,-1,3006,3322,3311,-1,3314,3323,3006,-1,3006,3323,3324,-1,3006,3324,3325,-1,3325,3326,3006,-1,3006,3326,3327,-1,3006,3327,3319,-1,3319,3327,3328,-1,3319,3328,3317,-1,3318,3329,3319,-1,3319,3329,3330,-1,3319,3330,3331,-1,3308,3332,3333,-1,3308,3334,3332,-1,3332,3334,3335,-1,3332,3335,3336,-1,3336,3337,3332,-1,3332,3337,3338,-1,3332,3338,3339,-1,3333,3340,3308,-1,3308,3340,3341,-1,3308,3341,3342,-1,3342,3343,3308,-1,3308,3343,3344,-1,3308,3344,3005,-1,3005,3344,3345,-1,3005,3345,3315,-1,3319,3346,3006,-1,3006,3346,3090,-1,3006,3090,3007,-1,3007,3090,3088,-1,3007,3088,3009,-1,3009,3088,3086,-1,3009,3086,3011,-1,3011,3086,3084,-1,2620,2520,3080,-1,3080,2520,3017,-1,3080,3017,3082,-1,3082,3017,3015,-1,3082,3015,3084,-1,3084,3015,3013,-1,3084,3013,3011,-1,3347,3348,3349,-1,3348,3350,3351,-1,3350,3352,3353,-1,3352,3354,3355,-1,3354,3356,3357,-1,3356,3358,3359,-1,3358,3047,3048,-1,3358,3048,3359,-1,3359,3048,3049,-1,3359,3049,3360,-1,3049,3046,3360,-1,3360,3046,3045,-1,3360,3045,3361,-1,3045,3044,3361,-1,3361,3044,3043,-1,3361,3043,3362,-1,3362,3043,3042,-1,3362,3042,3363,-1,3363,3042,3041,-1,3363,3041,3364,-1,3364,3041,3040,-1,3040,3039,3364,-1,3364,3039,3038,-1,3364,3038,3365,-1,3038,3037,3365,-1,3365,3037,3036,-1,3365,3036,3366,-1,3366,3036,3035,-1,3366,3035,3367,-1,3035,3034,3367,-1,3367,3034,3033,-1,3367,3033,3368,-1,3033,3032,3368,-1,3368,3032,3031,-1,3368,3031,3369,-1,3369,3031,3030,-1,3369,3030,3370,-1,3030,3029,3370,-1,3370,3029,3028,-1,3370,3028,3371,-1,3028,3027,3371,-1,3371,3027,3026,-1,3371,3026,3372,-1,3026,3025,3372,-1,3372,3025,3024,-1,3372,3024,3373,-1,3373,3024,3023,-1,3373,3023,3374,-1,3374,3023,3022,-1,3374,3022,3375,-1,3375,3022,3021,-1,3021,3020,3375,-1,3375,3020,3019,-1,3375,3019,3376,-1,3356,3359,3357,-1,3357,3359,3360,-1,3357,3360,3377,-1,3377,3360,3361,-1,3377,3361,3378,-1,3378,3361,3362,-1,3378,3362,3379,-1,3379,3362,3363,-1,3379,3363,3380,-1,3380,3363,3364,-1,3380,3364,3381,-1,3381,3364,3365,-1,3381,3365,3382,-1,3382,3365,3366,-1,3382,3366,3383,-1,3383,3366,3367,-1,3383,3367,3384,-1,3384,3367,3368,-1,3384,3368,3385,-1,3385,3368,3369,-1,3385,3369,3386,-1,3386,3369,3370,-1,3386,3370,3387,-1,3387,3370,3371,-1,3387,3371,3388,-1,3388,3371,3372,-1,3388,3372,3389,-1,3389,3372,3373,-1,3389,3373,3390,-1,3390,3373,3374,-1,3390,3374,3391,-1,3391,3374,3375,-1,3391,3375,3392,-1,3392,3375,3376,-1,3392,3376,3393,-1,3354,3357,3355,-1,3355,3357,3377,-1,3355,3377,3394,-1,3394,3377,3378,-1,3394,3378,3395,-1,3395,3378,3379,-1,3395,3379,3396,-1,3396,3379,3380,-1,3396,3380,3397,-1,3397,3380,3381,-1,3397,3381,3398,-1,3398,3381,3382,-1,3398,3382,3399,-1,3399,3382,3383,-1,3399,3383,3400,-1,3400,3383,3384,-1,3400,3384,3401,-1,3401,3384,3385,-1,3401,3385,3402,-1,3402,3385,3386,-1,3402,3386,3403,-1,3403,3386,3387,-1,3403,3387,3404,-1,3404,3387,3388,-1,3404,3388,3405,-1,3405,3388,3389,-1,3405,3389,3406,-1,3406,3389,3390,-1,3406,3390,3407,-1,3407,3390,3391,-1,3407,3391,3408,-1,3408,3391,3392,-1,3408,3392,3409,-1,3409,3392,3393,-1,3409,3393,3410,-1,3352,3355,3353,-1,3353,3355,3394,-1,3353,3394,3411,-1,3411,3394,3395,-1,3411,3395,3412,-1,3412,3395,3396,-1,3412,3396,3413,-1,3413,3396,3397,-1,3413,3397,3414,-1,3414,3397,3398,-1,3414,3398,3415,-1,3415,3398,3399,-1,3415,3399,3416,-1,3416,3399,3400,-1,3416,3400,3417,-1,3417,3400,3401,-1,3417,3401,3418,-1,3418,3401,3402,-1,3418,3402,3419,-1,3419,3402,3403,-1,3419,3403,3420,-1,3420,3403,3404,-1,3420,3404,3421,-1,3421,3404,3405,-1,3421,3405,3422,-1,3422,3405,3406,-1,3422,3406,3423,-1,3423,3406,3407,-1,3423,3407,3424,-1,3424,3407,3408,-1,3424,3408,3425,-1,3425,3408,3409,-1,3425,3409,3426,-1,3426,3409,3410,-1,3426,3410,3427,-1,3350,3353,3351,-1,3351,3353,3411,-1,3351,3411,3428,-1,3428,3411,3412,-1,3428,3412,3429,-1,3429,3412,3413,-1,3429,3413,3430,-1,3430,3413,3414,-1,3430,3414,3431,-1,3431,3414,3415,-1,3431,3415,3432,-1,3432,3415,3416,-1,3432,3416,3433,-1,3433,3416,3417,-1,3433,3417,3434,-1,3434,3417,3418,-1,3434,3418,3435,-1,3435,3418,3419,-1,3435,3419,3436,-1,3436,3419,3420,-1,3436,3420,3437,-1,3437,3420,3421,-1,3437,3421,3438,-1,3438,3421,3422,-1,3438,3422,3439,-1,3439,3422,3423,-1,3439,3423,3440,-1,3440,3423,3424,-1,3440,3424,3441,-1,3441,3424,3425,-1,3441,3425,3442,-1,3442,3425,3426,-1,3442,3426,3443,-1,3443,3426,3427,-1,3443,3427,3444,-1,3348,3351,3349,-1,3349,3351,3428,-1,3349,3428,3445,-1,3445,3428,3429,-1,3445,3429,3446,-1,3446,3429,3430,-1,3446,3430,3447,-1,3447,3430,3431,-1,3447,3431,3448,-1,3448,3431,3432,-1,3448,3432,3449,-1,3449,3432,3433,-1,3449,3433,3450,-1,3450,3433,3434,-1,3450,3434,3451,-1,3451,3434,3435,-1,3451,3435,3452,-1,3452,3435,3436,-1,3452,3436,3453,-1,3453,3436,3437,-1,3453,3437,3454,-1,3454,3437,3438,-1,3454,3438,3455,-1,3455,3438,3439,-1,3455,3439,3456,-1,3456,3439,3440,-1,3456,3440,3457,-1,3457,3440,3441,-1,3457,3441,3458,-1,3458,3441,3442,-1,3458,3442,3459,-1,3459,3442,3443,-1,3459,3443,3460,-1,3460,3443,3444,-1,3460,3444,3461,-1,3347,3349,3462,-1,3462,3349,3445,-1,3462,3445,3463,-1,3463,3445,3446,-1,3463,3446,3464,-1,3464,3446,3447,-1,3464,3447,3465,-1,3465,3447,3448,-1,3465,3448,3466,-1,3466,3448,3449,-1,3466,3449,3467,-1,3467,3449,3450,-1,3467,3450,3468,-1,3468,3450,3451,-1,3468,3451,3469,-1,3469,3451,3452,-1,3469,3452,3470,-1,3470,3452,3453,-1,3470,3453,3471,-1,3471,3453,3454,-1,3471,3454,3472,-1,3472,3454,3455,-1,3472,3455,3473,-1,3473,3455,3456,-1,3473,3456,3474,-1,3474,3456,3457,-1,3474,3457,3475,-1,3475,3457,3458,-1,3475,3458,3476,-1,3476,3458,3459,-1,3476,3459,3477,-1,3477,3459,3460,-1,3477,3460,3478,-1,3478,3460,3461,-1,3478,3461,3479,-1,3479,3461,3480,-1,3461,3444,3481,-1,3444,3427,3482,-1,3427,3410,3483,-1,3410,3393,3484,-1,3393,3376,3485,-1,3376,3019,3077,-1,3376,3077,3485,-1,3485,3077,3078,-1,3485,3078,3486,-1,3078,3076,3486,-1,3486,3076,3075,-1,3486,3075,3487,-1,3075,3074,3487,-1,3487,3074,3073,-1,3487,3073,3488,-1,3488,3073,3070,-1,3488,3070,3489,-1,3489,3070,3071,-1,3489,3071,3490,-1,3071,3072,3490,-1,3490,3072,3069,-1,3490,3069,3491,-1,3491,3069,3068,-1,3068,3067,3491,-1,3491,3067,3066,-1,3491,3066,3492,-1,3492,3066,3063,-1,3492,3063,3493,-1,3063,3064,3493,-1,3493,3064,3065,-1,3493,3065,3494,-1,3065,3062,3494,-1,3494,3062,3061,-1,3494,3061,3495,-1,3495,3061,3058,-1,3495,3058,3496,-1,3058,3059,3496,-1,3496,3059,3060,-1,3496,3060,3497,-1,3497,3060,3057,-1,3497,3057,3498,-1,3498,3057,3056,-1,3056,3055,3498,-1,3498,3055,3054,-1,3498,3054,3499,-1,3499,3054,3051,-1,3499,3051,3500,-1,3500,3051,3052,-1,3500,3052,3501,-1,3501,3052,3053,-1,3053,3050,3501,-1,3501,3050,3047,-1,3501,3047,3358,-1,3393,3485,3484,-1,3484,3485,3486,-1,3484,3486,3502,-1,3502,3486,3487,-1,3502,3487,3503,-1,3503,3487,3488,-1,3503,3488,3504,-1,3504,3488,3489,-1,3504,3489,3505,-1,3505,3489,3490,-1,3505,3490,3506,-1,3506,3490,3491,-1,3506,3491,3507,-1,3507,3491,3492,-1,3507,3492,3508,-1,3508,3492,3493,-1,3508,3493,3509,-1,3509,3493,3494,-1,3509,3494,3510,-1,3510,3494,3495,-1,3510,3495,3511,-1,3511,3495,3496,-1,3511,3496,3512,-1,3512,3496,3497,-1,3512,3497,3513,-1,3513,3497,3498,-1,3513,3498,3514,-1,3514,3498,3499,-1,3514,3499,3515,-1,3515,3499,3500,-1,3515,3500,3516,-1,3516,3500,3501,-1,3516,3501,3517,-1,3517,3501,3358,-1,3517,3358,3356,-1,3410,3484,3483,-1,3483,3484,3502,-1,3483,3502,3518,-1,3518,3502,3503,-1,3518,3503,3519,-1,3519,3503,3504,-1,3519,3504,3520,-1,3520,3504,3505,-1,3520,3505,3521,-1,3521,3505,3506,-1,3521,3506,3522,-1,3522,3506,3507,-1,3522,3507,3523,-1,3523,3507,3508,-1,3523,3508,3524,-1,3524,3508,3509,-1,3524,3509,3525,-1,3525,3509,3510,-1,3525,3510,3526,-1,3526,3510,3511,-1,3526,3511,3527,-1,3527,3511,3512,-1,3527,3512,3528,-1,3528,3512,3513,-1,3528,3513,3529,-1,3529,3513,3514,-1,3529,3514,3530,-1,3530,3514,3515,-1,3530,3515,3531,-1,3531,3515,3516,-1,3531,3516,3532,-1,3532,3516,3517,-1,3532,3517,3533,-1,3533,3517,3356,-1,3533,3356,3354,-1,3427,3483,3482,-1,3482,3483,3518,-1,3482,3518,3534,-1,3534,3518,3519,-1,3534,3519,3535,-1,3535,3519,3520,-1,3535,3520,3536,-1,3536,3520,3521,-1,3536,3521,3537,-1,3537,3521,3522,-1,3537,3522,3538,-1,3538,3522,3523,-1,3538,3523,3539,-1,3539,3523,3524,-1,3539,3524,3540,-1,3540,3524,3525,-1,3540,3525,3541,-1,3541,3525,3526,-1,3541,3526,3542,-1,3542,3526,3527,-1,3542,3527,3543,-1,3543,3527,3528,-1,3543,3528,3544,-1,3544,3528,3529,-1,3544,3529,3545,-1,3545,3529,3530,-1,3545,3530,3546,-1,3546,3530,3531,-1,3546,3531,3547,-1,3547,3531,3532,-1,3547,3532,3548,-1,3548,3532,3533,-1,3548,3533,3549,-1,3549,3533,3354,-1,3549,3354,3352,-1,3444,3482,3481,-1,3481,3482,3534,-1,3481,3534,3550,-1,3550,3534,3535,-1,3550,3535,3551,-1,3551,3535,3536,-1,3551,3536,3552,-1,3552,3536,3537,-1,3552,3537,3553,-1,3553,3537,3538,-1,3553,3538,3554,-1,3554,3538,3539,-1,3554,3539,3555,-1,3555,3539,3540,-1,3555,3540,3556,-1,3556,3540,3541,-1,3556,3541,3557,-1,3557,3541,3542,-1,3557,3542,3558,-1,3558,3542,3543,-1,3558,3543,3559,-1,3559,3543,3544,-1,3559,3544,3560,-1,3560,3544,3545,-1,3560,3545,3561,-1,3561,3545,3546,-1,3561,3546,3562,-1,3562,3546,3547,-1,3562,3547,3563,-1,3563,3547,3548,-1,3563,3548,3564,-1,3564,3548,3549,-1,3564,3549,3565,-1,3565,3549,3352,-1,3565,3352,3350,-1,3461,3481,3480,-1,3480,3481,3550,-1,3480,3550,3566,-1,3566,3550,3551,-1,3566,3551,3567,-1,3567,3551,3552,-1,3567,3552,3568,-1,3568,3552,3553,-1,3568,3553,3569,-1,3569,3553,3554,-1,3569,3554,3570,-1,3570,3554,3555,-1,3570,3555,3571,-1,3571,3555,3556,-1,3571,3556,3572,-1,3572,3556,3557,-1,3572,3557,3573,-1,3573,3557,3558,-1,3573,3558,3574,-1,3574,3558,3559,-1,3574,3559,3575,-1,3575,3559,3560,-1,3575,3560,3576,-1,3576,3560,3561,-1,3576,3561,3577,-1,3577,3561,3562,-1,3577,3562,3578,-1,3578,3562,3563,-1,3578,3563,3579,-1,3579,3563,3564,-1,3579,3564,3580,-1,3580,3564,3565,-1,3580,3565,3581,-1,3581,3565,3350,-1,3581,3350,3348,-1,3479,3480,3582,-1,3582,3480,3566,-1,3582,3566,3583,-1,3583,3566,3567,-1,3583,3567,3584,-1,3584,3567,3568,-1,3584,3568,3585,-1,3585,3568,3569,-1,3585,3569,3586,-1,3586,3569,3570,-1,3586,3570,3587,-1,3587,3570,3571,-1,3587,3571,3588,-1,3588,3571,3572,-1,3588,3572,3589,-1,3589,3572,3573,-1,3589,3573,3590,-1,3590,3573,3574,-1,3590,3574,3591,-1,3591,3574,3575,-1,3591,3575,3592,-1,3592,3575,3576,-1,3592,3576,3593,-1,3593,3576,3577,-1,3593,3577,3594,-1,3594,3577,3578,-1,3594,3578,3595,-1,3595,3578,3579,-1,3595,3579,3596,-1,3596,3579,3580,-1,3596,3580,3597,-1,3597,3580,3581,-1,3597,3581,3598,-1,3598,3581,3348,-1,3598,3348,3347,-1,3599,3600,3090,-1,3090,3600,3601,-1,3089,3602,3603,-1,3604,3605,3307,-1,3307,3605,3606,-1,3307,3606,3607,-1,3601,3608,3090,-1,3090,3608,3609,-1,3090,3609,3089,-1,3089,3609,3610,-1,3089,3610,3602,-1,3611,3606,3612,-1,3612,3606,3613,-1,3611,3614,3606,-1,3606,3614,3615,-1,3606,3615,3607,-1,3616,3617,3346,-1,3346,3617,3618,-1,3346,3618,3619,-1,3603,3620,3089,-1,3089,3620,3621,-1,3089,3621,3307,-1,3307,3621,3622,-1,3307,3622,3623,-1,3616,3346,3624,-1,3624,3346,3625,-1,3624,3625,3626,-1,3619,3627,3346,-1,3346,3627,3628,-1,3346,3628,3090,-1,3090,3628,3629,-1,3090,3629,3599,-1,3623,3630,3307,-1,3307,3630,3631,-1,3307,3631,3604,-1,3626,3632,3624,-1,3624,3632,3633,-1,3624,3633,3634,-1,3125,3127,3091,-1,3091,3127,3205,-1,3225,3227,3213,-1,3233,3235,3209,-1,3213,3227,3211,-1,3233,3209,3231,-1,3205,3207,3091,-1,3091,3207,3209,-1,3091,3209,3237,-1,3237,3209,3235,-1,3119,3091,3093,-1,3119,3121,3091,-1,3091,3121,3123,-1,3091,3123,3125,-1,3217,3219,3221,-1,3211,3227,3209,-1,3209,3227,3229,-1,3209,3229,3231,-1,3217,3221,3215,-1,3215,3221,3213,-1,3213,3221,3223,-1,3213,3223,3225,-1,3093,3095,3119,-1,3119,3095,3097,-1,3119,3097,3099,-1,3099,3101,3119,-1,3119,3101,3103,-1,3119,3103,3105,-1,3107,3109,3105,-1,3105,3109,3111,-1,3105,3111,3113,-1,3113,3115,3105,-1,3105,3115,3117,-1,3105,3117,3119,-1,3308,3307,3607,-1,3308,3607,3334,-1,3334,3607,3615,-1,3334,3615,3335,-1,3335,3615,3614,-1,3335,3614,3336,-1,3336,3614,3611,-1,3336,3611,3337,-1,3337,3611,3612,-1,3337,3612,3338,-1,3338,3612,3613,-1,3338,3613,3339,-1,3339,3613,3606,-1,3339,3606,3332,-1,3327,3616,3328,-1,3328,3616,3624,-1,3346,3319,3331,-1,3346,3331,3625,-1,3625,3331,3330,-1,3625,3330,3626,-1,3626,3330,3329,-1,3626,3329,3632,-1,3632,3329,3318,-1,3632,3318,3633,-1,3633,3318,3317,-1,3633,3317,3634,-1,3634,3317,3328,-1,3634,3328,3624,-1,3332,3606,3333,-1,3333,3606,3605,-1,3622,3344,3343,-1,3622,3343,3623,-1,3623,3343,3342,-1,3623,3342,3630,-1,3630,3342,3341,-1,3630,3341,3631,-1,3631,3341,3340,-1,3631,3340,3604,-1,3604,3340,3333,-1,3604,3333,3605,-1,3621,3345,3622,-1,3622,3345,3344,-1,3345,3621,3315,-1,3315,3621,3620,-1,3315,3620,3316,-1,3316,3620,3603,-1,3316,3603,3320,-1,3320,3603,3602,-1,3320,3602,3321,-1,3321,3602,3610,-1,3321,3610,3322,-1,3322,3610,3609,-1,3322,3609,3311,-1,3311,3609,3608,-1,3311,3608,3309,-1,3309,3608,3601,-1,3309,3601,3310,-1,3310,3601,3600,-1,3310,3600,3312,-1,3312,3600,3599,-1,3312,3599,3313,-1,3313,3599,3629,-1,3313,3629,3314,-1,3314,3629,3628,-1,3314,3628,3627,-1,3314,3627,3323,-1,3323,3627,3619,-1,3323,3619,3324,-1,3324,3619,3618,-1,3324,3618,3325,-1,3325,3618,3617,-1,3325,3617,3326,-1,3326,3617,3616,-1,3326,3616,3327,-1,3598,3582,3583,-1,3347,3478,3598,-1,3598,3478,3479,-1,3598,3479,3582,-1,3583,3584,3598,-1,3598,3584,3585,-1,3598,3585,3586,-1,3347,3462,3478,-1,3478,3462,3463,-1,3478,3463,3477,-1,3477,3463,3464,-1,3477,3464,3465,-1,3477,3468,3469,-1,3595,3592,3594,-1,3594,3592,3593,-1,3465,3466,3477,-1,3477,3466,3467,-1,3477,3467,3468,-1,3472,3473,3474,-1,3474,3475,3472,-1,3472,3475,3476,-1,3472,3476,3477,-1,3586,3587,3598,-1,3598,3587,3588,-1,3598,3588,3589,-1,3589,3590,3598,-1,3598,3590,3591,-1,3598,3591,3592,-1,3595,3596,3592,-1,3592,3596,3597,-1,3592,3597,3598,-1,3469,3470,3477,-1,3477,3470,3471,-1,3477,3471,3472,-1,3635,3636,3637,-1,3637,3636,3638,-1,3637,3638,3639,-1,3639,3638,3640,-1,3639,3640,3641,-1,3641,3640,3642,-1,3641,3642,3643,-1,3643,3642,3644,-1,3643,3644,3645,-1,3645,3644,3646,-1,3645,3646,3647,-1,3647,3646,3648,-1,3649,3650,3651,-1,3651,3650,3652,-1,3651,3652,3653,-1,3654,3655,3656,-1,3656,3655,3657,-1,3658,3659,3660,-1,3660,3661,3658,-1,3658,3661,3662,-1,3658,3662,3663,-1,3653,3664,3651,-1,3651,3664,3665,-1,3651,3665,3666,-1,3659,3658,3667,-1,3667,3658,3651,-1,3667,3651,3655,-1,3655,3651,3666,-1,3655,3666,3657,-1,3668,3669,3670,-1,3671,3672,3673,-1,3668,3674,3669,-1,3669,3674,3675,-1,3669,3675,3676,-1,3663,3677,3658,-1,3658,3677,3678,-1,3658,3678,3679,-1,3679,3678,3680,-1,3679,3680,3681,-1,3681,3680,3668,-1,3681,3668,3682,-1,3682,3668,3670,-1,3649,3651,3683,-1,3683,3651,3684,-1,3683,3684,3673,-1,3673,3684,3685,-1,3673,3685,3671,-1,3686,3687,3688,-1,3672,3689,3673,-1,3673,3689,3690,-1,3673,3690,3691,-1,3656,3692,3654,-1,3654,3692,3686,-1,3654,3686,3693,-1,3693,3686,3688,-1,3694,3695,3696,-1,3697,3698,3699,-1,3695,3700,3696,-1,3696,3700,3701,-1,3696,3701,3702,-1,3703,3704,3636,-1,3636,3704,3705,-1,3705,3706,3636,-1,3636,3706,3707,-1,3636,3707,3708,-1,3708,3709,3636,-1,3636,3709,3710,-1,3636,3710,3711,-1,3702,3712,3696,-1,3696,3712,3713,-1,3696,3713,3714,-1,3694,3696,3715,-1,3715,3696,3636,-1,3715,3636,3698,-1,3698,3636,3711,-1,3698,3711,3699,-1,3716,3717,3718,-1,3719,3720,3721,-1,3636,3635,3703,-1,3703,3635,3722,-1,3703,3722,3717,-1,3717,3722,3723,-1,3717,3723,3718,-1,3699,3724,3697,-1,3697,3724,3719,-1,3697,3719,3725,-1,3725,3719,3721,-1,3713,3726,3714,-1,3714,3726,3727,-1,3714,3727,3728,-1,3728,3727,3729,-1,3728,3729,3730,-1,3730,3731,3728,-1,3728,3731,3732,-1,3728,3732,3733,-1,3734,3735,3718,-1,3718,3735,3736,-1,3718,3736,3716,-1,3722,3681,3682,-1,3722,3682,3723,-1,3723,3682,3670,-1,3723,3670,3718,-1,3718,3670,3669,-1,3718,3669,3734,-1,3734,3669,3676,-1,3734,3676,3735,-1,3735,3676,3675,-1,3735,3675,3736,-1,3736,3675,3674,-1,3736,3674,3716,-1,3716,3674,3668,-1,3716,3668,3717,-1,3696,3714,3737,-1,3737,3714,3738,-1,3737,3738,3739,-1,3739,3738,3740,-1,3739,3740,3741,-1,3741,3740,3742,-1,3741,3742,3743,-1,3743,3742,3744,-1,3743,3744,3745,-1,3745,3744,3746,-1,3745,3746,3747,-1,3747,3746,3748,-1,3749,3750,3751,-1,3752,3753,3754,-1,3754,3753,3755,-1,3756,3757,3755,-1,3758,3759,3748,-1,3748,3759,3760,-1,3757,3761,3755,-1,3755,3761,3762,-1,3755,3762,3754,-1,3749,3751,3755,-1,3755,3751,3763,-1,3755,3763,3756,-1,3764,3765,3766,-1,3766,3765,3767,-1,3766,3767,3768,-1,3768,3769,3766,-1,3766,3769,3770,-1,3766,3770,3748,-1,3748,3770,3771,-1,3748,3771,3758,-1,3750,3772,3751,-1,3751,3772,3773,-1,3751,3773,3774,-1,3774,3773,3775,-1,3774,3775,3776,-1,3764,3777,3765,-1,3765,3777,3778,-1,3765,3778,3779,-1,3747,3780,3781,-1,3776,3782,3774,-1,3774,3782,3765,-1,3774,3765,3783,-1,3783,3765,3779,-1,3747,3784,3785,-1,3747,3781,3754,-1,3754,3781,3786,-1,3754,3786,3752,-1,3760,3787,3748,-1,3748,3787,3788,-1,3748,3788,3747,-1,3747,3788,3789,-1,3747,3789,3784,-1,3785,3790,3747,-1,3747,3790,3791,-1,3747,3791,3780,-1,3751,3792,3793,-1,3751,3793,3763,-1,3763,3793,3794,-1,3763,3794,3756,-1,3756,3794,3795,-1,3756,3795,3757,-1,3757,3795,3796,-1,3757,3796,3761,-1,3761,3796,3797,-1,3761,3797,3762,-1,3762,3797,3798,-1,3762,3798,3754,-1,3799,3800,3801,-1,3801,3800,3802,-1,3799,3803,3800,-1,3800,3803,3804,-1,3800,3804,3805,-1,3805,3804,3806,-1,3805,3806,3807,-1,3807,3808,3805,-1,3805,3808,3809,-1,3805,3809,3810,-1,3810,3809,3811,-1,3812,3813,3814,-1,3814,3813,3815,-1,3814,3815,3792,-1,3792,3815,3816,-1,3792,3816,3817,-1,3817,3818,3792,-1,3792,3818,3819,-1,3792,3819,3793,-1,3793,3819,3820,-1,3793,3820,3794,-1,3821,3798,3820,-1,3820,3798,3797,-1,3822,3823,3824,-1,3824,3823,3825,-1,3824,3825,3826,-1,3827,3828,3811,-1,3811,3828,3829,-1,3811,3829,3810,-1,3797,3796,3820,-1,3820,3796,3795,-1,3820,3795,3794,-1,3821,3830,3798,-1,3798,3830,3831,-1,3798,3831,3824,-1,3824,3831,3832,-1,3824,3832,3822,-1,3812,3814,3811,-1,3811,3814,3833,-1,3811,3833,3827,-1,3826,3834,3824,-1,3824,3834,3835,-1,3824,3835,3800,-1,3800,3835,3836,-1,3800,3836,3802,-1,3824,3800,3837,-1,3824,3837,3838,-1,3838,3837,3839,-1,3838,3839,3840,-1,3840,3839,3841,-1,3840,3841,3842,-1,3842,3841,3843,-1,3842,3843,3844,-1,3844,3843,3845,-1,3844,3845,3846,-1,3846,3845,3847,-1,3846,3847,3848,-1,3848,3847,3684,-1,3848,3684,3651,-1,3728,3685,3714,-1,3714,3685,3684,-1,3714,3684,3738,-1,3738,3684,3847,-1,3738,3847,3740,-1,3805,3766,3800,-1,3800,3766,3748,-1,3800,3748,3837,-1,3837,3748,3746,-1,3837,3746,3839,-1,3839,3746,3744,-1,3839,3744,3841,-1,3841,3744,3742,-1,3841,3742,3843,-1,3843,3742,3740,-1,3843,3740,3845,-1,3845,3740,3847,-1,3727,3673,3691,-1,3727,3691,3729,-1,3729,3691,3690,-1,3729,3690,3730,-1,3730,3690,3689,-1,3730,3689,3731,-1,3731,3689,3672,-1,3731,3672,3732,-1,3732,3672,3671,-1,3732,3671,3733,-1,3733,3671,3685,-1,3733,3685,3728,-1,3673,3727,3683,-1,3683,3727,3726,-1,3725,3686,3697,-1,3697,3686,3692,-1,3697,3692,3698,-1,3698,3692,3656,-1,3698,3656,3715,-1,3715,3656,3657,-1,3715,3657,3694,-1,3694,3657,3666,-1,3694,3666,3695,-1,3695,3666,3665,-1,3695,3665,3700,-1,3700,3665,3664,-1,3700,3664,3701,-1,3701,3664,3653,-1,3701,3653,3702,-1,3702,3653,3652,-1,3702,3652,3712,-1,3712,3652,3650,-1,3712,3650,3713,-1,3713,3650,3649,-1,3713,3649,3726,-1,3726,3649,3683,-1,3687,3686,3721,-1,3721,3686,3725,-1,3849,3850,3851,-1,3851,3852,3849,-1,3849,3852,3853,-1,3849,3853,3854,-1,3850,3855,3851,-1,3851,3855,3856,-1,3851,3856,3857,-1,3857,3856,3858,-1,3857,3858,3687,-1,3687,3858,3688,-1,3693,3688,3719,-1,3719,3688,3720,-1,3703,3680,3704,-1,3704,3680,3678,-1,3704,3678,3705,-1,3705,3678,3677,-1,3705,3677,3706,-1,3706,3677,3663,-1,3706,3663,3707,-1,3707,3663,3662,-1,3707,3662,3708,-1,3708,3662,3661,-1,3708,3661,3709,-1,3709,3661,3660,-1,3709,3660,3710,-1,3710,3660,3659,-1,3710,3659,3711,-1,3711,3659,3667,-1,3711,3667,3699,-1,3699,3667,3655,-1,3699,3655,3724,-1,3724,3655,3654,-1,3724,3654,3719,-1,3719,3654,3693,-1,3717,3668,3703,-1,3703,3668,3680,-1,3859,3860,3861,-1,3721,3720,3862,-1,3862,3720,3863,-1,3862,3863,3864,-1,3864,3863,3865,-1,3864,3865,3866,-1,3866,3865,3867,-1,3867,3865,3861,-1,3861,3865,3868,-1,3861,3868,3859,-1,3766,3805,3810,-1,3766,3810,3764,-1,3764,3810,3829,-1,3764,3829,3777,-1,3777,3829,3828,-1,3777,3828,3778,-1,3778,3828,3827,-1,3778,3827,3779,-1,3779,3827,3833,-1,3779,3833,3783,-1,3783,3833,3814,-1,3783,3814,3774,-1,3814,3792,3774,-1,3774,3792,3751,-1,3831,3830,3786,-1,3786,3830,3752,-1,3816,3773,3817,-1,3817,3773,3772,-1,3817,3772,3818,-1,3818,3772,3750,-1,3818,3750,3819,-1,3819,3750,3749,-1,3819,3749,3820,-1,3820,3749,3755,-1,3820,3755,3821,-1,3821,3755,3753,-1,3821,3753,3830,-1,3830,3753,3752,-1,3816,3815,3773,-1,3773,3815,3775,-1,3807,3769,3808,-1,3808,3769,3768,-1,3808,3768,3809,-1,3809,3768,3767,-1,3809,3767,3811,-1,3811,3767,3765,-1,3811,3765,3812,-1,3812,3765,3782,-1,3812,3782,3813,-1,3813,3782,3776,-1,3813,3776,3815,-1,3815,3776,3775,-1,3807,3806,3769,-1,3769,3806,3770,-1,3836,3788,3802,-1,3802,3788,3787,-1,3802,3787,3801,-1,3801,3787,3760,-1,3801,3760,3799,-1,3799,3760,3759,-1,3799,3759,3803,-1,3803,3759,3758,-1,3803,3758,3804,-1,3804,3758,3771,-1,3804,3771,3806,-1,3806,3771,3770,-1,3836,3835,3788,-1,3788,3835,3789,-1,3831,3786,3832,-1,3832,3786,3781,-1,3832,3781,3822,-1,3822,3781,3780,-1,3822,3780,3823,-1,3823,3780,3791,-1,3823,3791,3825,-1,3825,3791,3790,-1,3825,3790,3826,-1,3826,3790,3785,-1,3826,3785,3834,-1,3834,3785,3784,-1,3834,3784,3835,-1,3835,3784,3789,-1,3853,3869,3870,-1,3870,3869,3851,-1,3870,3851,3864,-1,3864,3851,3857,-1,3864,3857,3862,-1,3862,3857,3687,-1,3862,3687,3721,-1,3870,3867,3853,-1,3853,3867,3861,-1,3853,3861,3854,-1,3860,3859,3849,-1,3849,3859,3850,-1,3850,3859,3871,-1,3871,3859,3872,-1,3871,3872,3856,-1,3856,3872,3865,-1,3856,3865,3858,-1,3865,3863,3858,-1,3858,3863,3720,-1,3858,3720,3688,-1,3854,3873,3849,-1,3849,3873,3874,-1,3875,3861,3876,-1,3876,3861,3860,-1,3861,3877,3854,-1,3854,3877,3878,-1,3854,3878,3879,-1,3880,3860,3881,-1,3881,3860,3849,-1,3881,3849,3882,-1,3883,3884,3885,-1,3883,3885,3886,-1,3874,3873,3887,-1,3885,3888,3886,-1,3886,3888,3889,-1,3886,3889,3887,-1,3887,3889,3890,-1,3887,3890,3874,-1,3875,3876,3891,-1,3892,3893,3894,-1,3895,3896,3891,-1,3891,3896,3897,-1,3891,3897,3875,-1,3895,3891,3894,-1,3894,3891,3898,-1,3894,3898,3892,-1,3878,3899,3897,-1,3900,3878,3887,-1,3887,3878,3901,-1,3887,3901,3886,-1,3886,3901,3902,-1,3902,3901,3903,-1,3902,3903,3904,-1,3878,3897,3901,-1,3901,3897,3896,-1,3901,3896,3903,-1,3903,3896,3905,-1,3903,3905,3906,-1,3907,3908,3909,-1,3909,3889,3910,-1,3907,3909,3911,-1,3911,3909,3910,-1,3911,3910,3912,-1,3889,3909,3890,-1,3890,3909,3881,-1,3890,3881,3913,-1,3914,3881,3891,-1,3891,3881,3909,-1,3891,3909,3898,-1,3898,3909,3908,-1,3884,3915,3885,-1,3885,3915,3916,-1,3917,3894,3918,-1,3918,3894,3893,-1,3919,3917,3903,-1,3903,3917,3915,-1,3903,3915,3904,-1,3912,3916,3911,-1,3911,3916,3918,-1,3911,3918,3920,-1,3921,3922,3923,-1,3923,3922,3924,-1,3923,3924,3925,-1,3925,3924,3926,-1,3924,3927,3926,-1,3926,3927,3928,-1,3926,3928,3929,-1,3929,3928,3930,-1,3929,3930,3931,-1,3932,3933,3930,-1,3930,3933,3934,-1,3930,3934,3931,-1,3916,3935,3936,-1,3932,3937,3933,-1,3933,3937,3938,-1,3933,3938,3939,-1,3939,3938,3940,-1,3939,3940,3936,-1,3936,3940,3941,-1,3936,3941,3916,-1,3918,3942,3917,-1,3917,3942,3943,-1,3917,3943,3944,-1,3944,3943,3945,-1,3945,3943,3946,-1,3946,3943,3947,-1,3946,3947,3948,-1,3948,3949,3946,-1,3946,3949,3950,-1,3946,3950,3951,-1,3951,3950,3952,-1,3953,3954,3955,-1,3955,3954,3956,-1,3955,3956,3957,-1,3957,3956,3958,-1,3957,3958,3950,-1,3950,3958,3959,-1,3950,3959,3952,-1,3953,3960,3954,-1,3954,3960,3961,-1,3954,3961,3962,-1,3962,3961,3963,-1,3962,3963,3964,-1,3929,3931,3952,-1,3952,3931,3934,-1,3952,3934,3951,-1,3951,3934,3933,-1,3951,3933,3946,-1,3946,3933,3939,-1,3946,3939,3945,-1,3945,3939,3936,-1,3945,3936,3944,-1,3944,3936,3915,-1,3944,3915,3917,-1,3952,3959,3929,-1,3929,3959,3958,-1,3929,3958,3926,-1,3926,3958,3956,-1,3926,3956,3925,-1,3925,3956,3954,-1,3925,3954,3923,-1,3923,3954,3962,-1,3923,3962,3921,-1,3921,3962,3964,-1,3921,3964,3965,-1,3965,3964,3966,-1,3966,3967,3965,-1,3965,3967,3968,-1,3965,3968,3969,-1,3969,3968,3970,-1,3969,3970,3971,-1,3971,3970,3972,-1,3971,3972,3973,-1,3973,3972,3974,-1,3973,3974,3975,-1,3975,3974,3976,-1,3975,3976,3977,-1,3977,3976,3978,-1,3979,3980,3981,-1,3981,3980,3982,-1,3981,3982,3983,-1,3979,3981,3976,-1,3976,3981,3984,-1,3976,3984,3978,-1,3985,3986,3987,-1,3987,3986,3988,-1,3987,3988,3989,-1,3989,3988,3983,-1,3989,3983,3990,-1,3990,3983,3982,-1,3991,3992,3993,-1,3993,3994,3991,-1,3991,3994,3995,-1,3991,3995,3996,-1,3996,3995,3997,-1,3996,3997,3998,-1,3998,3997,3999,-1,3998,3999,4000,-1,4000,3999,4001,-1,4000,4001,4002,-1,4002,4001,4003,-1,4002,4003,4004,-1,4004,4003,4005,-1,4003,4006,4005,-1,4005,4006,4007,-1,4005,4007,4008,-1,4008,4007,4009,-1,4008,4009,4010,-1,4010,4009,4011,-1,4010,4011,4012,-1,4012,4011,4013,-1,4012,4013,4014,-1,4014,4013,4015,-1,4014,4015,3922,-1,3922,4015,3963,-1,3963,3961,3922,-1,3922,3961,3960,-1,3922,3960,3924,-1,3924,3960,3953,-1,3924,3953,3927,-1,3927,3953,3955,-1,3927,3955,3928,-1,3928,3955,3957,-1,3928,3957,3930,-1,3930,3957,3950,-1,3930,3950,3932,-1,3932,3950,3937,-1,3950,3949,3937,-1,3937,3949,3948,-1,3937,3948,3938,-1,3938,3948,3947,-1,3938,3947,3940,-1,3940,3947,3943,-1,3940,3943,3941,-1,3941,3943,3942,-1,3941,3942,3916,-1,3916,3942,3918,-1,4016,4017,4018,-1,4018,4017,4019,-1,4018,4019,4020,-1,4020,4019,3992,-1,4020,3992,3988,-1,3988,3992,3991,-1,3988,3991,3983,-1,3983,3991,3996,-1,3983,3996,3981,-1,3981,3996,3998,-1,3981,3998,3984,-1,4004,3973,3975,-1,3975,3977,4004,-1,4004,3977,3978,-1,4004,3978,4002,-1,4002,3978,3984,-1,4002,3984,4000,-1,4000,3984,3998,-1,3921,3965,3922,-1,3922,3965,3969,-1,3922,3969,4014,-1,4004,4005,3973,-1,3973,4005,4008,-1,3973,4008,3971,-1,3971,4008,4010,-1,3971,4010,3969,-1,3969,4010,4012,-1,3969,4012,4014,-1,3982,3980,4001,-1,3963,4015,3964,-1,3964,4015,4013,-1,3964,4013,3966,-1,4009,3972,3970,-1,4009,3970,4011,-1,4011,3970,3968,-1,4011,3968,4013,-1,4013,3968,3967,-1,4013,3967,3966,-1,3972,4009,3974,-1,3974,4009,4007,-1,3974,4007,4006,-1,4001,3980,4003,-1,4003,3980,3979,-1,4003,3979,4006,-1,4006,3979,3976,-1,4006,3976,3974,-1,3999,3997,3989,-1,3989,3997,3995,-1,3989,3995,3987,-1,3987,3995,3994,-1,3987,3994,4021,-1,3999,3989,4001,-1,4001,3989,3990,-1,4001,3990,3982,-1,3994,3993,4021,-1,4021,3993,4022,-1,4021,4022,4023,-1,4023,4022,4024,-1,4023,4024,4025,-1,4026,4027,4028,-1,4028,4027,4029,-1,4028,4029,4016,-1,4016,4029,4030,-1,4031,4032,4019,-1,4019,4032,4022,-1,4019,4022,4033,-1,4033,4022,3993,-1,4034,4035,4016,-1,4035,4036,4016,-1,4016,4036,4037,-1,4016,4037,4038,-1,4038,4039,4016,-1,4016,4039,4040,-1,4016,4040,4041,-1,4042,4043,4016,-1,4016,4043,4044,-1,4041,4045,4016,-1,4016,4045,4046,-1,4016,4046,4017,-1,4047,4048,4049,-1,4049,4048,4016,-1,4042,4016,4050,-1,4050,4016,4048,-1,4050,4048,4051,-1,4044,4052,4016,-1,4016,4052,4053,-1,4016,4053,4054,-1,4054,4055,4016,-1,4016,4055,4056,-1,4016,4056,4034,-1,4057,4058,4025,-1,4025,4058,4059,-1,4059,4060,4025,-1,4025,4060,4061,-1,4025,4061,4062,-1,4025,4024,4063,-1,4063,4064,4025,-1,4025,4064,4065,-1,4025,4065,4057,-1,4062,4066,4025,-1,4025,4066,4067,-1,4025,4067,4068,-1,4068,4067,4069,-1,4068,4069,4070,-1,4071,4072,4073,-1,4073,4072,4074,-1,4073,4074,4070,-1,4070,4074,4075,-1,4070,4075,4068,-1,4049,4016,4025,-1,4070,4054,4053,-1,4070,4053,4073,-1,4053,4052,4073,-1,4073,4052,4044,-1,4073,4044,4071,-1,4044,4043,4071,-1,4071,4043,4042,-1,4071,4042,4072,-1,4042,4050,4072,-1,4072,4050,4051,-1,4072,4051,4074,-1,4025,4068,4049,-1,4049,4068,4075,-1,4049,4075,4047,-1,4047,4075,4074,-1,4047,4074,4048,-1,4048,4074,4051,-1,4063,4076,4077,-1,4077,4046,4063,-1,4063,4046,4078,-1,4063,4078,4079,-1,4079,4078,4041,-1,4079,4041,4065,-1,4065,4041,4080,-1,4065,4080,4057,-1,4057,4080,4039,-1,4057,4039,4058,-1,4058,4039,4081,-1,4058,4081,4059,-1,4059,4081,4037,-1,4059,4037,4060,-1,4060,4037,4036,-1,4060,4036,4061,-1,4061,4036,4035,-1,4061,4035,4062,-1,4062,4035,4034,-1,4062,4034,4066,-1,4066,4034,4056,-1,4066,4056,4067,-1,4067,4056,4055,-1,4067,4055,4069,-1,4055,4054,4069,-1,4069,4054,4070,-1,4082,4083,4084,-1,4084,4083,4085,-1,4086,4087,4088,-1,4086,4088,4089,-1,4089,4088,4090,-1,4089,4090,4091,-1,4091,4090,4092,-1,4091,4092,4093,-1,4093,4092,4094,-1,4093,4094,4095,-1,4095,4094,4082,-1,4095,4082,4084,-1,4096,4087,4097,-1,4097,4087,4086,-1,4096,4097,4098,-1,4098,4097,4099,-1,4098,4099,4100,-1,4100,4099,4101,-1,4100,4101,4102,-1,4102,4101,4103,-1,4102,4103,4104,-1,4104,4103,4105,-1,4104,4105,4106,-1,4106,4105,4107,-1,4106,4107,4108,-1,4108,4107,4109,-1,4108,4109,4110,-1,4110,4109,4111,-1,4110,4111,4112,-1,4112,4111,4113,-1,4112,4113,4114,-1,4114,4113,4115,-1,4114,4115,4116,-1,4116,4115,4117,-1,4118,4116,4119,-1,4119,4116,4117,-1,4120,4121,4122,-1,4120,4122,4123,-1,4123,4122,4124,-1,4123,4124,4125,-1,4125,4124,4126,-1,4125,4126,4127,-1,4127,4126,4128,-1,4127,4128,4129,-1,4129,4128,4118,-1,4129,4118,4119,-1,4130,4121,4131,-1,4131,4121,4120,-1,4132,4133,4134,-1,4134,4133,4135,-1,4136,4137,4138,-1,4138,4137,4139,-1,4138,4139,4140,-1,4140,4139,4141,-1,4140,4141,4142,-1,4142,4141,4143,-1,4142,4143,4144,-1,4144,4143,4145,-1,4144,4145,4146,-1,4146,4145,4147,-1,4146,4147,4132,-1,4132,4147,4133,-1,4148,4149,4136,-1,4136,4149,4137,-1,4150,4151,4152,-1,4152,4151,4153,-1,4152,4153,4154,-1,4154,4153,4155,-1,4154,4155,4156,-1,4156,4155,4157,-1,4156,4157,4158,-1,4158,4157,4159,-1,4158,4159,4160,-1,4160,4159,4161,-1,4160,4161,4148,-1,4148,4161,4149,-1,4162,4163,4150,-1,4150,4163,4151,-1,4134,4135,4164,-1,4164,4135,4165,-1,4164,4165,4166,-1,4166,4165,4167,-1,4166,4167,4168,-1,4168,4167,4169,-1,4168,4169,4170,-1,4170,4169,4171,-1,4170,4171,4172,-1,4172,4171,4173,-1,4172,4173,4174,-1,4174,4173,4175,-1,4176,4177,4178,-1,4176,4178,4179,-1,4179,4178,4180,-1,4179,4180,4181,-1,4181,4180,4182,-1,4181,4182,4183,-1,4183,4182,4184,-1,4183,4184,4185,-1,4185,4184,4186,-1,4185,4186,4187,-1,4187,4186,4130,-1,4187,4130,4131,-1,4188,4189,4190,-1,4190,4189,4191,-1,4190,4191,4192,-1,4192,4191,4193,-1,4192,4193,4194,-1,4194,4193,4195,-1,4194,4195,4196,-1,4196,4195,4197,-1,4196,4197,4198,-1,4198,4197,4199,-1,4198,4199,4200,-1,4200,4199,4201,-1,4200,4201,4202,-1,4202,4201,4203,-1,4177,4176,4204,-1,4204,4176,4205,-1,4204,4205,4206,-1,4206,4205,4207,-1,4206,4207,4208,-1,4208,4207,4209,-1,4208,4209,4210,-1,4210,4209,4211,-1,4210,4211,4212,-1,4212,4211,4213,-1,4212,4213,4214,-1,4214,4213,4215,-1,4214,4215,4216,-1,4216,4215,4217,-1,4216,4217,4188,-1,4188,4217,4189,-1,4218,4204,4219,-1,4219,4204,4206,-1,4219,4206,4220,-1,4220,4206,4208,-1,4220,4208,4221,-1,4221,4208,4210,-1,4221,4210,4222,-1,4222,4210,4212,-1,4222,4212,4223,-1,4223,4212,4214,-1,4223,4214,4224,-1,4224,4214,4216,-1,4204,4114,4116,-1,4204,4116,4177,-1,4108,4110,4204,-1,4204,4110,4112,-1,4204,4112,4114,-1,4098,4100,4218,-1,4098,4218,4096,-1,4100,4102,4218,-1,4218,4102,4104,-1,4218,4104,4204,-1,4204,4104,4106,-1,4204,4106,4108,-1,4116,4118,4177,-1,4177,4118,4128,-1,4177,4128,4126,-1,4121,4130,4177,-1,4177,4130,4186,-1,4177,4186,4184,-1,4126,4124,4177,-1,4177,4124,4122,-1,4177,4122,4121,-1,4184,4182,4177,-1,4177,4182,4180,-1,4177,4180,4178,-1,4225,4226,4227,-1,4227,4226,4228,-1,4227,4228,4229,-1,4082,4218,4083,-1,4083,4218,4230,-1,4083,4230,4227,-1,4227,4230,4231,-1,4227,4231,4225,-1,4082,4094,4218,-1,4218,4094,4092,-1,4218,4092,4090,-1,4090,4088,4218,-1,4218,4088,4087,-1,4218,4087,4096,-1,4085,4083,4227,-1,4085,4227,4232,-1,4232,4227,4229,-1,4232,4229,4233,-1,4233,4229,4228,-1,4233,4228,4234,-1,4234,4228,4226,-1,4234,4226,4235,-1,4235,4226,4225,-1,4235,4225,4236,-1,4236,4225,4231,-1,4236,4231,4237,-1,4237,4231,4230,-1,4237,4230,4238,-1,4205,4113,4111,-1,4237,4238,4085,-1,4119,4117,4205,-1,4205,4117,4115,-1,4205,4115,4113,-1,4239,4097,4238,-1,4238,4097,4086,-1,4111,4109,4205,-1,4205,4109,4107,-1,4205,4107,4239,-1,4239,4107,4105,-1,4239,4105,4103,-1,4103,4101,4239,-1,4239,4101,4099,-1,4239,4099,4097,-1,4086,4089,4238,-1,4238,4089,4091,-1,4238,4091,4093,-1,4233,4234,4232,-1,4232,4234,4235,-1,4232,4235,4085,-1,4085,4235,4236,-1,4085,4236,4237,-1,4125,4127,4205,-1,4205,4127,4129,-1,4205,4129,4119,-1,4093,4095,4238,-1,4238,4095,4084,-1,4238,4084,4085,-1,4176,4185,4187,-1,4176,4179,4185,-1,4185,4179,4181,-1,4185,4181,4183,-1,4187,4131,4176,-1,4176,4131,4120,-1,4176,4120,4205,-1,4205,4120,4123,-1,4205,4123,4125,-1,4240,4217,4215,-1,4240,4215,4241,-1,4241,4215,4213,-1,4241,4213,4242,-1,4242,4213,4211,-1,4242,4211,4243,-1,4243,4211,4209,-1,4243,4209,4244,-1,4244,4209,4207,-1,4244,4207,4245,-1,4245,4207,4205,-1,4245,4205,4239,-1,4246,4247,4224,-1,4224,4247,4240,-1,4224,4240,4223,-1,4223,4240,4241,-1,4223,4241,4222,-1,4222,4241,4242,-1,4222,4242,4221,-1,4221,4242,4243,-1,4221,4243,4220,-1,4220,4243,4244,-1,4220,4244,4219,-1,4219,4244,4245,-1,4219,4245,4218,-1,4218,4245,4239,-1,4218,4239,4230,-1,4230,4239,4238,-1,4248,4249,4250,-1,4250,4249,4251,-1,4250,4251,4252,-1,4252,4251,4253,-1,4252,4253,4254,-1,4254,4253,4255,-1,4254,4255,4256,-1,4256,4255,4257,-1,4256,4257,4258,-1,4258,4257,4259,-1,4258,4259,4246,-1,4246,4259,4247,-1,4260,4261,4248,-1,4248,4261,4249,-1,4261,4260,4262,-1,4261,4262,4263,-1,4263,4262,4264,-1,4263,4264,4265,-1,4265,4264,4266,-1,4265,4266,4267,-1,4267,4266,4268,-1,4267,4268,4269,-1,4269,4268,4270,-1,4269,4270,4271,-1,4271,4270,4272,-1,4271,4272,4273,-1,4274,4275,4276,-1,4276,4275,3648,-1,4276,3648,4277,-1,4277,3648,3646,-1,4277,3646,4278,-1,4278,3646,3644,-1,4278,3644,4279,-1,4279,3644,3642,-1,4279,3642,4280,-1,4280,3642,3640,-1,3741,3844,3739,-1,3739,3844,3846,-1,3739,3846,3737,-1,3737,3846,3848,-1,3737,3848,3696,-1,3696,3848,3651,-1,3696,3651,3636,-1,3636,3651,3658,-1,3636,3658,3638,-1,3638,3658,4281,-1,3638,4281,3640,-1,3640,4281,4282,-1,3640,4282,4280,-1,3754,3798,3747,-1,3747,3798,3824,-1,3747,3824,3745,-1,3745,3824,3838,-1,3745,3838,3743,-1,3743,3838,3840,-1,3743,3840,3741,-1,3741,3840,3842,-1,3741,3842,3844,-1,4202,4203,4283,-1,4283,4203,4284,-1,4276,4160,4274,-1,4274,4160,4148,-1,4274,4148,4136,-1,4152,4154,4276,-1,4200,4202,4144,-1,4154,4156,4276,-1,4276,4156,4158,-1,4276,4158,4160,-1,4272,4170,4172,-1,4285,4286,4142,-1,4142,4286,4287,-1,4142,4287,4288,-1,4136,4138,4274,-1,4274,4138,4140,-1,4274,4140,4289,-1,4289,4140,4142,-1,4289,4142,4290,-1,4290,4142,4288,-1,4144,4202,4142,-1,4142,4202,4283,-1,4142,4283,4285,-1,4200,4144,4198,-1,4198,4144,4146,-1,4198,4146,4196,-1,4291,4292,4293,-1,4293,4292,4294,-1,4293,4294,4295,-1,4166,4248,4164,-1,4164,4248,4250,-1,4164,4250,4134,-1,4134,4250,4252,-1,4134,4252,4132,-1,4132,4252,4254,-1,4132,4254,4146,-1,4146,4254,4256,-1,4146,4256,4196,-1,4196,4256,4258,-1,4196,4258,4194,-1,4168,4262,4166,-1,4166,4262,4260,-1,4166,4260,4248,-1,4268,4266,4168,-1,4168,4266,4264,-1,4168,4264,4262,-1,4246,4224,4216,-1,4172,4174,4272,-1,4272,4174,4296,-1,4272,4296,4293,-1,4293,4296,4297,-1,4293,4297,4291,-1,4170,4272,4168,-1,4168,4272,4270,-1,4168,4270,4268,-1,4216,4188,4246,-1,4246,4188,4190,-1,4246,4190,4258,-1,4258,4190,4192,-1,4258,4192,4194,-1,4295,4298,4293,-1,4293,4298,4162,-1,4293,4162,4276,-1,4276,4162,4150,-1,4276,4150,4152,-1,4275,4274,4289,-1,4275,4289,4299,-1,4299,4289,4290,-1,4299,4290,4300,-1,4300,4290,4288,-1,4300,4288,4301,-1,4301,4288,4287,-1,4301,4287,4302,-1,4302,4287,4286,-1,4302,4286,4303,-1,4303,4286,4285,-1,4303,4285,4304,-1,4304,4285,4283,-1,4304,4283,4284,-1,3681,3722,3679,-1,3679,3722,3635,-1,3679,3635,4305,-1,4305,3635,3637,-1,4305,3637,4306,-1,4306,3637,3639,-1,4306,3639,4307,-1,4307,3639,3641,-1,4273,4272,3647,-1,3647,4272,4293,-1,3647,4293,3645,-1,3645,4293,4308,-1,3645,4308,3643,-1,3643,4308,4309,-1,3643,4309,3641,-1,3641,4309,4310,-1,3641,4310,4307,-1,4293,4276,4277,-1,4293,4277,4308,-1,4308,4277,4278,-1,4308,4278,4309,-1,4309,4278,4279,-1,4309,4279,4310,-1,4310,4279,4280,-1,4310,4280,4307,-1,4307,4280,4282,-1,4307,4282,4306,-1,4306,4282,4281,-1,4306,4281,4305,-1,4305,4281,3658,-1,4305,3658,3679,-1,4296,4311,4297,-1,4297,4311,4312,-1,4297,4312,4291,-1,4291,4312,4313,-1,4291,4313,4292,-1,4292,4313,4314,-1,4292,4314,4294,-1,4294,4314,4315,-1,4294,4315,4295,-1,4295,4315,4316,-1,4295,4316,4298,-1,4298,4316,4317,-1,4298,4317,4162,-1,4162,4317,4163,-1,4174,4175,4296,-1,4296,4175,4311,-1,4249,4261,4167,-1,4201,4199,4259,-1,4259,4199,4197,-1,4259,4197,4195,-1,4217,4240,4189,-1,4189,4240,4247,-1,4189,4247,4191,-1,4191,4247,4259,-1,4191,4259,4193,-1,4193,4259,4195,-1,4159,4157,3648,-1,3648,4157,4155,-1,4175,4173,4273,-1,4273,4173,4171,-1,4273,4171,4271,-1,4271,4171,4169,-1,4167,4261,4169,-1,4169,4261,4263,-1,4169,4263,4265,-1,4275,4147,4145,-1,4145,4143,4275,-1,4275,4143,4141,-1,4275,4141,4139,-1,4265,4267,4169,-1,4169,4267,4269,-1,4169,4269,4271,-1,4249,4167,4251,-1,4251,4167,4165,-1,4251,4165,4253,-1,4253,4165,4135,-1,4253,4135,4255,-1,4255,4135,4133,-1,4255,4133,4257,-1,4257,4133,4147,-1,4257,4147,4259,-1,4259,4147,4275,-1,4259,4275,4201,-1,4314,4313,3647,-1,3647,4313,4312,-1,3647,4312,4273,-1,4273,4312,4311,-1,4273,4311,4175,-1,4155,4153,3648,-1,3648,4153,4151,-1,3648,4151,3647,-1,3647,4151,4163,-1,3647,4163,4317,-1,4317,4316,3647,-1,3647,4316,4315,-1,3647,4315,4314,-1,4299,4284,4275,-1,4275,4284,4203,-1,4275,4203,4201,-1,4139,4137,4275,-1,4275,4137,4149,-1,4275,4149,3648,-1,3648,4149,4161,-1,3648,4161,4159,-1,4299,4300,4284,-1,4284,4300,4301,-1,4284,4301,4304,-1,4304,4301,4302,-1,4304,4302,4303,-1,4318,4319,4320,-1,4320,4319,4321,-1,4320,4321,4322,-1,4322,4321,4323,-1,4322,4323,4324,-1,4324,4323,4325,-1,4324,4325,4326,-1,4326,4325,4327,-1,4326,4327,4328,-1,4328,4327,4329,-1,4328,4329,4330,-1,4330,4329,4331,-1,4332,4333,4334,-1,4334,4333,4318,-1,4318,4333,4335,-1,4318,4335,4336,-1,4319,4337,4338,-1,4338,4337,4339,-1,4338,4339,4340,-1,4341,4342,4334,-1,4334,4342,4343,-1,4334,4343,4344,-1,4345,4346,4319,-1,4319,4346,4347,-1,4319,4347,4337,-1,4340,4348,4338,-1,4338,4348,4349,-1,4338,4349,4350,-1,4338,4351,4352,-1,4353,4354,4355,-1,4344,4356,4334,-1,4334,4356,4357,-1,4334,4357,4332,-1,4336,4358,4318,-1,4318,4358,4359,-1,4318,4359,4319,-1,4319,4359,4360,-1,4319,4360,4345,-1,4350,4361,4338,-1,4338,4361,4362,-1,4338,4362,4351,-1,4334,4363,4341,-1,4341,4363,4353,-1,4341,4353,4364,-1,4364,4353,4355,-1,4352,4365,4338,-1,4338,4365,4366,-1,4338,4366,4367,-1,4367,4366,4368,-1,4369,4370,4371,-1,4371,4370,4372,-1,4371,4372,4373,-1,4373,4372,4374,-1,4375,4373,4376,-1,4376,4373,4377,-1,4378,4379,4380,-1,4381,4382,4383,-1,4384,4385,4386,-1,4386,4385,4387,-1,4374,4388,4373,-1,4373,4388,4389,-1,4373,4389,4390,-1,4390,4391,4373,-1,4373,4391,4392,-1,4373,4392,4377,-1,4384,4386,4380,-1,4380,4386,4393,-1,4380,4393,4394,-1,4379,4395,4380,-1,4380,4395,4396,-1,4380,4396,4397,-1,4397,4396,4381,-1,4397,4381,4398,-1,4398,4381,4383,-1,4387,4399,4386,-1,4386,4399,4400,-1,4386,4400,4371,-1,4371,4400,4401,-1,4371,4401,4369,-1,4376,4402,4403,-1,4394,4404,4380,-1,4380,4404,4405,-1,4380,4405,4378,-1,4403,4406,4376,-1,4376,4406,4407,-1,4376,4407,4375,-1,4334,4373,4375,-1,4334,4375,4363,-1,4363,4375,4407,-1,4363,4407,4353,-1,4353,4407,4406,-1,4353,4406,4354,-1,4354,4406,4403,-1,4354,4403,4355,-1,4355,4403,4402,-1,4355,4402,4364,-1,4364,4402,4376,-1,4364,4376,4341,-1,4376,4377,4341,-1,4341,4377,4342,-1,4342,4377,4392,-1,4342,4392,4343,-1,4343,4392,4391,-1,4343,4391,4344,-1,4344,4391,4390,-1,4344,4390,4356,-1,4356,4390,4389,-1,4356,4389,4357,-1,4357,4389,4388,-1,4357,4388,4332,-1,4388,4374,4332,-1,4332,4374,4333,-1,4380,4339,4384,-1,4384,4339,4337,-1,4384,4337,4385,-1,4385,4337,4347,-1,4385,4347,4387,-1,4387,4347,4346,-1,4387,4346,4399,-1,4399,4346,4345,-1,4399,4345,4400,-1,4400,4345,4360,-1,4400,4360,4401,-1,4401,4360,4359,-1,4401,4359,4369,-1,4369,4359,4358,-1,4369,4358,4370,-1,4370,4358,4336,-1,4370,4336,4372,-1,4372,4336,4335,-1,4372,4335,4374,-1,4374,4335,4333,-1,4380,4397,4339,-1,4339,4397,4340,-1,4340,4397,4398,-1,4340,4398,4348,-1,4348,4398,4383,-1,4348,4383,4349,-1,4349,4383,4382,-1,4349,4382,4350,-1,4350,4382,4381,-1,4350,4381,4361,-1,4361,4381,4396,-1,4361,4396,4362,-1,4396,4395,4362,-1,4362,4395,4351,-1,4351,4395,4379,-1,4351,4379,4352,-1,4352,4379,4378,-1,4352,4378,4365,-1,4365,4378,4405,-1,4365,4405,4366,-1,4366,4405,4404,-1,4366,4404,4368,-1,4368,4404,4394,-1,4368,4394,4367,-1,4367,4394,4393,-1,4367,4393,4338,-1,4408,4409,4410,-1,4411,4412,4413,-1,4414,4415,4416,-1,4417,4418,4419,-1,4420,4421,4422,-1,4423,4424,4425,-1,4426,4427,4428,-1,4420,4422,4429,-1,4429,4422,4430,-1,4429,4430,4431,-1,4432,4433,4434,-1,4434,4433,4435,-1,4434,4435,4436,-1,4437,4438,4439,-1,4439,4438,4440,-1,4439,4440,4441,-1,4441,4440,4442,-1,4441,4442,4443,-1,4443,4442,4444,-1,4444,4442,4445,-1,4444,4445,4446,-1,4446,4445,4447,-1,4446,4447,4448,-1,4418,4417,4447,-1,4447,4417,4449,-1,4447,4449,4448,-1,4415,4450,4416,-1,4416,4450,4451,-1,4416,4451,4452,-1,4427,4453,4428,-1,4428,4453,4454,-1,4428,4454,4455,-1,4455,4454,4456,-1,4455,4456,4457,-1,4457,4456,4458,-1,4457,4458,4459,-1,4459,4458,4460,-1,4459,4460,4461,-1,4462,4463,4464,-1,4464,4463,4465,-1,4464,4465,4466,-1,4466,4465,4467,-1,4466,4467,4468,-1,4468,4467,4469,-1,4468,4469,4470,-1,4470,4469,4471,-1,4470,4471,4472,-1,4472,4471,4473,-1,4472,4473,4474,-1,4474,4473,4461,-1,4474,4461,4475,-1,4475,4461,4460,-1,4463,4408,4465,-1,4465,4408,4410,-1,4465,4410,4467,-1,4467,4410,4476,-1,4467,4476,4469,-1,4469,4476,4477,-1,4469,4477,4471,-1,4471,4477,4478,-1,4471,4478,4473,-1,4473,4478,4479,-1,4473,4479,4461,-1,4461,4479,4480,-1,4461,4480,4459,-1,4459,4480,4481,-1,4459,4481,4457,-1,4457,4481,4482,-1,4457,4482,4455,-1,4455,4482,4483,-1,4455,4483,4428,-1,4428,4483,4425,-1,4428,4425,4426,-1,4426,4425,4424,-1,4409,4411,4410,-1,4410,4411,4413,-1,4410,4413,4476,-1,4476,4413,4484,-1,4476,4484,4477,-1,4477,4484,4485,-1,4477,4485,4478,-1,4478,4485,4486,-1,4478,4486,4479,-1,4479,4486,4487,-1,4479,4487,4480,-1,4480,4487,4488,-1,4480,4488,4481,-1,4481,4488,4489,-1,4481,4489,4482,-1,4482,4489,4490,-1,4482,4490,4483,-1,4483,4490,4430,-1,4483,4430,4425,-1,4425,4430,4422,-1,4425,4422,4423,-1,4423,4422,4421,-1,4412,4491,4413,-1,4413,4491,4414,-1,4413,4414,4484,-1,4484,4414,4416,-1,4484,4416,4485,-1,4485,4416,4452,-1,4485,4452,4486,-1,4486,4452,4492,-1,4486,4492,4487,-1,4487,4492,4493,-1,4487,4493,4488,-1,4488,4493,4494,-1,4488,4494,4489,-1,4489,4494,4495,-1,4489,4495,4490,-1,4490,4495,4432,-1,4490,4432,4430,-1,4430,4432,4434,-1,4430,4434,4431,-1,4431,4434,4436,-1,4451,4419,4452,-1,4452,4419,4418,-1,4452,4418,4492,-1,4492,4418,4447,-1,4492,4447,4493,-1,4493,4447,4445,-1,4493,4445,4494,-1,4494,4445,4442,-1,4494,4442,4495,-1,4495,4442,4440,-1,4495,4440,4432,-1,4432,4440,4438,-1,4432,4438,4433,-1,4433,4438,4437,-1,4496,4497,4498,-1,4499,4500,4501,-1,4502,4503,4504,-1,4505,4506,4507,-1,4508,4509,4510,-1,4511,4512,4513,-1,4514,4515,4516,-1,4517,4518,4514,-1,4514,4518,4519,-1,4514,4519,4515,-1,4501,4500,4520,-1,4520,4500,4521,-1,4520,4521,4522,-1,4522,4521,4523,-1,4522,4523,4524,-1,4524,4523,4525,-1,4524,4525,4526,-1,4526,4525,4527,-1,4527,4525,4528,-1,4527,4528,4529,-1,4529,4528,4530,-1,4529,4530,4531,-1,4531,4530,4532,-1,4531,4532,4533,-1,4497,4496,4532,-1,4532,4496,4534,-1,4532,4534,4533,-1,4535,4536,4537,-1,4537,4536,4498,-1,4538,4539,4540,-1,4540,4539,4541,-1,4540,4541,4535,-1,4535,4541,4542,-1,4535,4542,4536,-1,4543,4544,4545,-1,4545,4544,4538,-1,4546,4547,4548,-1,4548,4547,4543,-1,4548,4543,4549,-1,4550,4551,4552,-1,4552,4551,4546,-1,4553,4554,4555,-1,4555,4554,4550,-1,4556,4557,4558,-1,4504,4559,4502,-1,4502,4559,4560,-1,4502,4560,4561,-1,4561,4560,4562,-1,4561,4562,4563,-1,4563,4562,4564,-1,4563,4564,4565,-1,4565,4564,4566,-1,4565,4566,4567,-1,4567,4566,4568,-1,4567,4568,4569,-1,4569,4568,4570,-1,4569,4570,4571,-1,4571,4570,4572,-1,4571,4572,4573,-1,4572,4574,4573,-1,4573,4574,4575,-1,4573,4575,4576,-1,4576,4575,4577,-1,4576,4577,4578,-1,4578,4577,4579,-1,4578,4579,4580,-1,4580,4579,4581,-1,4580,4581,4582,-1,4582,4581,4583,-1,4582,4583,4584,-1,4584,4583,4556,-1,4584,4556,4585,-1,4585,4556,4558,-1,4585,4558,4553,-1,4553,4555,4585,-1,4585,4555,4586,-1,4585,4586,4584,-1,4584,4586,4587,-1,4584,4587,4582,-1,4582,4587,4588,-1,4582,4588,4580,-1,4580,4588,4589,-1,4580,4589,4578,-1,4578,4589,4590,-1,4578,4590,4576,-1,4576,4590,4591,-1,4576,4591,4573,-1,4573,4591,4592,-1,4573,4592,4571,-1,4571,4592,4593,-1,4571,4593,4569,-1,4569,4593,4594,-1,4569,4594,4567,-1,4567,4594,4595,-1,4567,4595,4565,-1,4565,4595,4596,-1,4565,4596,4563,-1,4563,4596,4597,-1,4563,4597,4561,-1,4561,4597,4505,-1,4561,4505,4502,-1,4502,4505,4507,-1,4502,4507,4503,-1,4550,4552,4555,-1,4555,4552,4598,-1,4555,4598,4586,-1,4586,4598,4599,-1,4586,4599,4587,-1,4587,4599,4600,-1,4587,4600,4588,-1,4588,4600,4601,-1,4588,4601,4589,-1,4589,4601,4602,-1,4589,4602,4590,-1,4590,4602,4603,-1,4590,4603,4591,-1,4591,4603,4604,-1,4591,4604,4592,-1,4592,4604,4605,-1,4592,4605,4593,-1,4593,4605,4606,-1,4593,4606,4594,-1,4594,4606,4607,-1,4594,4607,4595,-1,4595,4607,4608,-1,4595,4608,4596,-1,4596,4608,4609,-1,4596,4609,4597,-1,4597,4609,4610,-1,4597,4610,4505,-1,4505,4610,4611,-1,4505,4611,4506,-1,4546,4548,4552,-1,4552,4548,4549,-1,4552,4549,4598,-1,4598,4549,4612,-1,4598,4612,4599,-1,4599,4612,4613,-1,4599,4613,4600,-1,4600,4613,4614,-1,4600,4614,4601,-1,4601,4614,4615,-1,4601,4615,4602,-1,4602,4615,4616,-1,4602,4616,4603,-1,4603,4616,4617,-1,4603,4617,4604,-1,4604,4617,4618,-1,4604,4618,4605,-1,4605,4618,4619,-1,4605,4619,4606,-1,4606,4619,4620,-1,4606,4620,4607,-1,4607,4620,4621,-1,4607,4621,4608,-1,4608,4621,4622,-1,4608,4622,4609,-1,4609,4622,4508,-1,4609,4508,4610,-1,4610,4508,4510,-1,4610,4510,4611,-1,4543,4545,4549,-1,4549,4545,4623,-1,4549,4623,4612,-1,4612,4623,4624,-1,4612,4624,4613,-1,4613,4624,4625,-1,4613,4625,4614,-1,4614,4625,4626,-1,4614,4626,4615,-1,4615,4626,4627,-1,4615,4627,4616,-1,4616,4627,4628,-1,4616,4628,4617,-1,4617,4628,4629,-1,4617,4629,4618,-1,4618,4629,4630,-1,4618,4630,4619,-1,4619,4630,4631,-1,4619,4631,4620,-1,4620,4631,4632,-1,4620,4632,4621,-1,4621,4632,4511,-1,4621,4511,4622,-1,4622,4511,4513,-1,4622,4513,4508,-1,4508,4513,4633,-1,4508,4633,4509,-1,4538,4540,4545,-1,4545,4540,4535,-1,4545,4535,4623,-1,4623,4535,4537,-1,4623,4537,4624,-1,4624,4537,4634,-1,4624,4634,4625,-1,4625,4634,4635,-1,4625,4635,4626,-1,4626,4635,4636,-1,4626,4636,4627,-1,4627,4636,4637,-1,4627,4637,4628,-1,4628,4637,4638,-1,4628,4638,4629,-1,4629,4638,4639,-1,4629,4639,4630,-1,4630,4639,4640,-1,4630,4640,4631,-1,4631,4640,4517,-1,4631,4517,4632,-1,4632,4517,4514,-1,4632,4514,4511,-1,4511,4514,4516,-1,4511,4516,4512,-1,4498,4497,4537,-1,4537,4497,4532,-1,4537,4532,4634,-1,4634,4532,4530,-1,4634,4530,4635,-1,4635,4530,4528,-1,4635,4528,4636,-1,4636,4528,4525,-1,4636,4525,4637,-1,4637,4525,4523,-1,4637,4523,4638,-1,4638,4523,4521,-1,4638,4521,4639,-1,4639,4521,4500,-1,4639,4500,4640,-1,4640,4500,4499,-1,4640,4499,4517,-1,4517,4499,4641,-1,4517,4641,4518,-1,4642,4643,4644,-1,4645,4646,4644,-1,4645,4644,4647,-1,4648,4647,4644,-1,4649,4648,4644,-1,4650,4649,4644,-1,4651,4650,4644,-1,4652,4651,4644,-1,4653,4652,4644,-1,4654,4653,4644,-1,4655,4654,4644,-1,4656,4655,4644,-1,4657,4656,4644,-1,4658,4659,4643,-1,4643,4659,4644,-1,4646,4642,4644,-1,4660,4661,4662,-1,4663,4664,4665,-1,4666,4667,4668,-1,4669,4670,4671,-1,4672,4673,4674,-1,4675,4676,4677,-1,4678,4679,4680,-1,4680,4679,4681,-1,4680,4681,4682,-1,4682,4681,4683,-1,4682,4683,4684,-1,4684,4683,4685,-1,4684,4685,4686,-1,4686,4685,4687,-1,4686,4687,4688,-1,4688,4687,4689,-1,4688,4689,4690,-1,4690,4689,4691,-1,4690,4691,4692,-1,4692,4691,4693,-1,4692,4693,4694,-1,4694,4693,4695,-1,4694,4695,4696,-1,4696,4695,4697,-1,4696,4697,4698,-1,4698,4697,4699,-1,4698,4699,4700,-1,4700,4699,4701,-1,4700,4701,4702,-1,4702,4701,4703,-1,4702,4703,4704,-1,4704,4703,4705,-1,4704,4705,4706,-1,4706,4705,4707,-1,4706,4707,4708,-1,4708,4707,4677,-1,4708,4677,4709,-1,4709,4677,4676,-1,4679,4672,4681,-1,4681,4672,4674,-1,4681,4674,4683,-1,4683,4674,4710,-1,4683,4710,4685,-1,4685,4710,4711,-1,4685,4711,4687,-1,4687,4711,4712,-1,4687,4712,4689,-1,4689,4712,4713,-1,4689,4713,4691,-1,4691,4713,4714,-1,4691,4714,4693,-1,4693,4714,4715,-1,4693,4715,4695,-1,4695,4715,4716,-1,4695,4716,4697,-1,4697,4716,4717,-1,4697,4717,4699,-1,4699,4717,4718,-1,4699,4718,4701,-1,4701,4718,4719,-1,4701,4719,4703,-1,4703,4719,4720,-1,4703,4720,4705,-1,4705,4720,4721,-1,4705,4721,4707,-1,4707,4721,4722,-1,4707,4722,4677,-1,4677,4722,4671,-1,4677,4671,4675,-1,4675,4671,4670,-1,4673,4666,4674,-1,4674,4666,4668,-1,4674,4668,4710,-1,4710,4668,4723,-1,4710,4723,4711,-1,4711,4723,4724,-1,4711,4724,4712,-1,4712,4724,4725,-1,4712,4725,4713,-1,4713,4725,4726,-1,4713,4726,4714,-1,4714,4726,4727,-1,4714,4727,4715,-1,4715,4727,4728,-1,4715,4728,4716,-1,4716,4728,4729,-1,4716,4729,4717,-1,4717,4729,4730,-1,4717,4730,4718,-1,4718,4730,4731,-1,4718,4731,4719,-1,4719,4731,4732,-1,4719,4732,4720,-1,4720,4732,4733,-1,4720,4733,4721,-1,4721,4733,4734,-1,4721,4734,4722,-1,4722,4734,4735,-1,4722,4735,4671,-1,4671,4735,4736,-1,4671,4736,4669,-1,4669,4736,4737,-1,4667,4738,4668,-1,4668,4738,4739,-1,4668,4739,4723,-1,4723,4739,4740,-1,4723,4740,4724,-1,4724,4740,4741,-1,4724,4741,4725,-1,4725,4741,4742,-1,4725,4742,4726,-1,4726,4742,4743,-1,4726,4743,4727,-1,4727,4743,4744,-1,4727,4744,4728,-1,4728,4744,4745,-1,4728,4745,4729,-1,4729,4745,4746,-1,4729,4746,4730,-1,4730,4746,4747,-1,4730,4747,4731,-1,4731,4747,4748,-1,4731,4748,4732,-1,4732,4748,4749,-1,4732,4749,4733,-1,4733,4749,4750,-1,4733,4750,4734,-1,4734,4750,4751,-1,4734,4751,4735,-1,4735,4751,4752,-1,4735,4752,4736,-1,4736,4752,4753,-1,4736,4753,4737,-1,4737,4753,4754,-1,4738,4755,4739,-1,4739,4755,4756,-1,4739,4756,4740,-1,4740,4756,4757,-1,4740,4757,4741,-1,4741,4757,4758,-1,4741,4758,4742,-1,4742,4758,4759,-1,4742,4759,4743,-1,4743,4759,4760,-1,4743,4760,4744,-1,4744,4760,4761,-1,4744,4761,4745,-1,4745,4761,4762,-1,4745,4762,4746,-1,4746,4762,4763,-1,4746,4763,4747,-1,4747,4763,4764,-1,4747,4764,4748,-1,4748,4764,4765,-1,4748,4765,4749,-1,4749,4765,4766,-1,4749,4766,4750,-1,4750,4766,4767,-1,4750,4767,4751,-1,4751,4767,4768,-1,4751,4768,4752,-1,4752,4768,4769,-1,4752,4769,4753,-1,4753,4769,4665,-1,4753,4665,4754,-1,4754,4665,4664,-1,4755,4660,4756,-1,4756,4660,4662,-1,4756,4662,4757,-1,4757,4662,4770,-1,4757,4770,4758,-1,4758,4770,4771,-1,4758,4771,4759,-1,4759,4771,4772,-1,4759,4772,4760,-1,4760,4772,4773,-1,4760,4773,4761,-1,4761,4773,4774,-1,4761,4774,4762,-1,4762,4774,4775,-1,4762,4775,4763,-1,4763,4775,4776,-1,4763,4776,4764,-1,4764,4776,4777,-1,4764,4777,4765,-1,4765,4777,4778,-1,4765,4778,4766,-1,4766,4778,4779,-1,4766,4779,4767,-1,4767,4779,4780,-1,4767,4780,4768,-1,4768,4780,4781,-1,4768,4781,4769,-1,4769,4781,4782,-1,4769,4782,4665,-1,4665,4782,4783,-1,4665,4783,4663,-1,4784,4785,4783,-1,4783,4785,4786,-1,4783,4786,4663,-1,4661,4658,4662,-1,4662,4658,4643,-1,4662,4643,4770,-1,4770,4643,4642,-1,4770,4642,4771,-1,4771,4642,4646,-1,4771,4646,4772,-1,4772,4646,4645,-1,4772,4645,4773,-1,4773,4645,4647,-1,4773,4647,4774,-1,4774,4647,4648,-1,4774,4648,4775,-1,4775,4648,4649,-1,4775,4649,4776,-1,4776,4649,4650,-1,4776,4650,4777,-1,4777,4650,4651,-1,4777,4651,4778,-1,4778,4651,4652,-1,4778,4652,4779,-1,4779,4652,4653,-1,4779,4653,4780,-1,4780,4653,4654,-1,4780,4654,4781,-1,4781,4654,4655,-1,4781,4655,4782,-1,4782,4655,4656,-1,4782,4656,4783,-1,4783,4656,4657,-1,4783,4657,4784,-1,4784,4657,4644,-1,4787,4788,4789,-1,4789,4788,4790,-1,4791,4792,4793,-1,4791,4793,4794,-1,4794,4793,4795,-1,4794,4795,4796,-1,4796,4795,4797,-1,4796,4797,4798,-1,4798,4797,4799,-1,4798,4799,4800,-1,4800,4799,4801,-1,4800,4801,4802,-1,4802,4801,4803,-1,4802,4803,4804,-1,4804,4803,4788,-1,4804,4788,4787,-1,4805,4806,4807,-1,4807,4806,4808,-1,4807,4808,4809,-1,4809,4808,4810,-1,4809,4810,4811,-1,4811,4810,4812,-1,4813,4814,4790,-1,4790,4814,4815,-1,4790,4815,4816,-1,4816,4815,4817,-1,4816,4817,4818,-1,4818,4817,4819,-1,4819,4817,4820,-1,4819,4820,4821,-1,4821,4820,4822,-1,4821,4822,4823,-1,4824,4825,4826,-1,4803,4551,4550,-1,4803,4550,4788,-1,4788,4550,4554,-1,4788,4554,4553,-1,4553,4558,4788,-1,4788,4558,4557,-1,4788,4557,4790,-1,4790,4557,4827,-1,4790,4827,4813,-1,4828,4829,4826,-1,4826,4829,4830,-1,4826,4830,4831,-1,4831,4832,4826,-1,4826,4832,4833,-1,4826,4833,4834,-1,4823,4822,4826,-1,4826,4822,4835,-1,4826,4835,4824,-1,4825,4836,4826,-1,4826,4836,4837,-1,4826,4837,4828,-1,4803,4801,4551,-1,4551,4801,4799,-1,4551,4799,4546,-1,4531,4533,4792,-1,4792,4533,4534,-1,4792,4534,4496,-1,4496,4498,4792,-1,4792,4498,4536,-1,4792,4536,4542,-1,4522,4524,4811,-1,4542,4541,4792,-1,4792,4541,4539,-1,4792,4539,4538,-1,4799,4797,4546,-1,4546,4797,4795,-1,4546,4795,4547,-1,4547,4795,4793,-1,4547,4793,4543,-1,4543,4793,4792,-1,4543,4792,4544,-1,4544,4792,4538,-1,4834,4838,4826,-1,4826,4838,4839,-1,4826,4839,4812,-1,4812,4839,4840,-1,4812,4840,4841,-1,4841,4842,4812,-1,4812,4842,4843,-1,4812,4843,4844,-1,4844,4845,4812,-1,4812,4845,4846,-1,4812,4846,4847,-1,4641,4499,4811,-1,4524,4526,4811,-1,4811,4526,4527,-1,4811,4527,4792,-1,4792,4527,4529,-1,4792,4529,4531,-1,4499,4501,4811,-1,4811,4501,4520,-1,4811,4520,4522,-1,4847,4848,4812,-1,4812,4848,4849,-1,4812,4849,4850,-1,4811,4812,4851,-1,4851,4504,4811,-1,4811,4504,4503,-1,4811,4503,4507,-1,4515,4519,4811,-1,4811,4519,4518,-1,4811,4518,4641,-1,4850,4852,4812,-1,4812,4852,4853,-1,4812,4853,4854,-1,4855,4856,4812,-1,4812,4856,4857,-1,4812,4857,4851,-1,4854,4858,4812,-1,4812,4858,4859,-1,4812,4859,4855,-1,4507,4506,4811,-1,4811,4506,4611,-1,4811,4611,4510,-1,4513,4512,4811,-1,4811,4512,4516,-1,4811,4516,4515,-1,4510,4509,4811,-1,4811,4509,4633,-1,4811,4633,4513,-1,4789,4790,4816,-1,4789,4816,4860,-1,4860,4816,4818,-1,4860,4818,4861,-1,4861,4818,4819,-1,4861,4819,4862,-1,4862,4819,4821,-1,4862,4821,4863,-1,4863,4821,4823,-1,4863,4823,4864,-1,4864,4823,4826,-1,4864,4826,4865,-1,4676,4675,4866,-1,4737,4754,4866,-1,4866,4754,4664,-1,4664,4663,4866,-1,4866,4663,4786,-1,4866,4786,4785,-1,4867,4868,4869,-1,4675,4670,4866,-1,4866,4670,4669,-1,4866,4669,4737,-1,4785,4784,4866,-1,4866,4784,4644,-1,4866,4644,4865,-1,4865,4644,4659,-1,4659,4658,4865,-1,4865,4658,4661,-1,4865,4661,4660,-1,4868,4870,4869,-1,4869,4870,4871,-1,4869,4871,4872,-1,4872,4873,4869,-1,4869,4873,4874,-1,4869,4874,4866,-1,4866,4874,4709,-1,4866,4709,4676,-1,4789,4860,4673,-1,4673,4860,4666,-1,4673,4672,4789,-1,4789,4672,4679,-1,4789,4679,4787,-1,4787,4679,4678,-1,4787,4678,4875,-1,4876,4877,4791,-1,4791,4877,4878,-1,4878,4879,4791,-1,4791,4879,4880,-1,4791,4880,4881,-1,4882,4883,4869,-1,4869,4883,4884,-1,4869,4884,4867,-1,4660,4755,4865,-1,4865,4755,4738,-1,4865,4738,4864,-1,4864,4738,4667,-1,4860,4861,4666,-1,4666,4861,4862,-1,4666,4862,4667,-1,4667,4862,4863,-1,4667,4863,4864,-1,4791,4794,4876,-1,4876,4794,4796,-1,4876,4796,4885,-1,4885,4796,4798,-1,4885,4798,4800,-1,4881,4886,4791,-1,4791,4886,4887,-1,4791,4887,4869,-1,4869,4887,4888,-1,4869,4888,4882,-1,4875,4889,4787,-1,4787,4889,4890,-1,4787,4890,4804,-1,4804,4890,4885,-1,4804,4885,4802,-1,4802,4885,4800,-1,4891,4892,4893,-1,4893,4894,4891,-1,4891,4894,4869,-1,4891,4869,4866,-1,4895,4896,4892,-1,4892,4896,4893,-1,4896,4895,4897,-1,4897,4895,4898,-1,4897,4898,4899,-1,4899,4898,4900,-1,4899,4900,4901,-1,4901,4900,4902,-1,4901,4902,4903,-1,4903,4902,4904,-1,4903,4904,4905,-1,4905,4904,4906,-1,4905,4906,4907,-1,4907,4906,4908,-1,4907,4908,4909,-1,4909,4908,4910,-1,4865,4826,4866,-1,4866,4826,4812,-1,4866,4812,4891,-1,4891,4812,4810,-1,4891,4810,4892,-1,4892,4810,4808,-1,4892,4808,4895,-1,4895,4808,4806,-1,4895,4806,4898,-1,4898,4806,4911,-1,4898,4911,4900,-1,4900,4911,4912,-1,4900,4912,4902,-1,4902,4912,4913,-1,4902,4913,4904,-1,4904,4913,4914,-1,4904,4914,4906,-1,4906,4914,4915,-1,4906,4915,4908,-1,4908,4915,4916,-1,4908,4916,4910,-1,4910,4916,4917,-1,4910,4917,4918,-1,4918,4917,4919,-1,4918,4919,4920,-1,4920,4919,4921,-1,4920,4921,4922,-1,4922,4921,4923,-1,4922,4923,4924,-1,4924,4923,4925,-1,4924,4925,4926,-1,4926,4925,4927,-1,4926,4927,4928,-1,4928,4927,4929,-1,4928,4929,4930,-1,4930,4929,4931,-1,4932,4933,4934,-1,4934,4933,4935,-1,4934,4935,4936,-1,4936,4935,4937,-1,4936,4937,4938,-1,4938,4937,4939,-1,4938,4939,4940,-1,4940,4939,4941,-1,4940,4941,4942,-1,4942,4941,4943,-1,4942,4943,4944,-1,4944,4943,4945,-1,4944,4945,4909,-1,4909,4945,4946,-1,4909,4946,4907,-1,4907,4946,4947,-1,4907,4947,4905,-1,4905,4947,4948,-1,4905,4948,4903,-1,4903,4948,4949,-1,4903,4949,4901,-1,4901,4949,4950,-1,4901,4950,4899,-1,4899,4950,4951,-1,4899,4951,4897,-1,4897,4951,4952,-1,4897,4952,4896,-1,4896,4952,4805,-1,4896,4805,4893,-1,4893,4805,4807,-1,4893,4807,4894,-1,4894,4807,4809,-1,4894,4809,4869,-1,4869,4809,4811,-1,4869,4811,4791,-1,4791,4811,4792,-1,4330,4953,4328,-1,4328,4953,4954,-1,4328,4954,4326,-1,4373,4334,4371,-1,4371,4334,4318,-1,4371,4318,4955,-1,4955,4318,4320,-1,4955,4320,4956,-1,4956,4320,4322,-1,4956,4322,4957,-1,4957,4322,4324,-1,4957,4324,4958,-1,4958,4324,4326,-1,4958,4326,4959,-1,4959,4326,4954,-1,4338,4393,4319,-1,4319,4393,4386,-1,4319,4386,4321,-1,4321,4386,4960,-1,4321,4960,4323,-1,4323,4960,4961,-1,4323,4961,4325,-1,4962,4331,4963,-1,4963,4331,4329,-1,4963,4329,4964,-1,4964,4329,4327,-1,4964,4327,4965,-1,4965,4327,4325,-1,4965,4325,4966,-1,4966,4325,4961,-1,4967,4968,4969,-1,4970,4971,4972,-1,4973,4974,4975,-1,4976,4977,4978,-1,4979,4980,4981,-1,4982,4983,4984,-1,4985,4986,4987,-1,4979,4988,4980,-1,4980,4988,4989,-1,4980,4989,4990,-1,4991,4992,4993,-1,4993,4992,4994,-1,4993,4994,4978,-1,4978,4994,4995,-1,4978,4995,4976,-1,4996,4997,4998,-1,4998,4997,4999,-1,4998,4999,4991,-1,4991,4999,5000,-1,4991,5000,4992,-1,4975,5001,4996,-1,4996,5001,5002,-1,4996,5002,4997,-1,4974,5003,4975,-1,4975,5003,5004,-1,4975,5004,5001,-1,4971,5005,4972,-1,4972,5005,4973,-1,4972,4973,5006,-1,4968,5007,4969,-1,4969,5007,4970,-1,4969,4970,5008,-1,5009,5010,5011,-1,4984,5012,4982,-1,4982,5012,5013,-1,4982,5013,5014,-1,5014,5013,5015,-1,5014,5015,5016,-1,5016,5015,5017,-1,5016,5017,5018,-1,5018,5017,5019,-1,5018,5019,5020,-1,5020,5019,5021,-1,5020,5021,5022,-1,5021,5023,5022,-1,5022,5023,5024,-1,5022,5024,5025,-1,5025,5024,5026,-1,5025,5026,5027,-1,5027,5026,5028,-1,5027,5028,5029,-1,5029,5028,5009,-1,5029,5009,5030,-1,5030,5009,5011,-1,5030,5011,4967,-1,4967,4969,5030,-1,5030,4969,5008,-1,5030,5008,5029,-1,5029,5008,5031,-1,5029,5031,5027,-1,5027,5031,5032,-1,5027,5032,5025,-1,5025,5032,5033,-1,5025,5033,5022,-1,5022,5033,5034,-1,5022,5034,5020,-1,5020,5034,5035,-1,5020,5035,5018,-1,5018,5035,5036,-1,5018,5036,5016,-1,5016,5036,5037,-1,5016,5037,5014,-1,5014,5037,4985,-1,5014,4985,4982,-1,4982,4985,4987,-1,4982,4987,4983,-1,4970,4972,5008,-1,5008,4972,5006,-1,5008,5006,5031,-1,5031,5006,5038,-1,5031,5038,5032,-1,5032,5038,5039,-1,5032,5039,5033,-1,5033,5039,5040,-1,5033,5040,5034,-1,5034,5040,5041,-1,5034,5041,5035,-1,5035,5041,4981,-1,5035,4981,5036,-1,5036,4981,4980,-1,5036,4980,5037,-1,5037,4980,4990,-1,5037,4990,4985,-1,4985,4990,5042,-1,4985,5042,4986,-1,4973,4975,5006,-1,5006,4975,4996,-1,5006,4996,5038,-1,5038,4996,4998,-1,5038,4998,5039,-1,5039,4998,4991,-1,5039,4991,5040,-1,5040,4991,4993,-1,5040,4993,5041,-1,5041,4993,4978,-1,5041,4978,4981,-1,4981,4978,4977,-1,4981,4977,4979,-1,5043,5044,5045,-1,5045,5044,5046,-1,5043,5045,5047,-1,5047,5045,5048,-1,5047,5048,5049,-1,5049,5048,5050,-1,5049,5050,5051,-1,5051,5050,5052,-1,5051,5052,5053,-1,5053,5052,5054,-1,5053,5054,5055,-1,5055,5054,5056,-1,5055,5056,5057,-1,5057,5056,5058,-1,5057,5058,5059,-1,5059,5058,5060,-1,5059,5060,5061,-1,5061,5060,5062,-1,5061,5062,5063,-1,5063,5062,5064,-1,5065,5066,5067,-1,5065,5067,5068,-1,5068,5067,5069,-1,5068,5069,5070,-1,5070,5069,5071,-1,5070,5071,5072,-1,5072,5071,5063,-1,5072,5063,5064,-1,5073,5074,5065,-1,5065,5074,5066,-1,5075,5076,5077,-1,5075,5077,5078,-1,5078,5077,5079,-1,5078,5079,5080,-1,5080,5079,5081,-1,5080,5081,5082,-1,5082,5081,5083,-1,5082,5083,5084,-1,5084,5083,5085,-1,5084,5085,5086,-1,5086,5085,5074,-1,5086,5074,5073,-1,5076,5075,4330,-1,4330,5075,4953,-1,4953,4962,4963,-1,4953,4963,4954,-1,4954,4963,4964,-1,4954,4964,4959,-1,4959,4964,4965,-1,4959,4965,4958,-1,4958,4965,4966,-1,4958,4966,4957,-1,4957,4966,4961,-1,4957,4961,4956,-1,4956,4961,4960,-1,4956,4960,4955,-1,4955,4960,4386,-1,4955,4386,4371,-1,5087,5088,4962,-1,4962,5088,4331,-1,5089,5090,5091,-1,5089,5091,5092,-1,5092,5091,5093,-1,5092,5093,5094,-1,5094,5093,5095,-1,5094,5095,5096,-1,5096,5095,5097,-1,5096,5097,5098,-1,5098,5097,5099,-1,5098,5099,5100,-1,5100,5099,5101,-1,5100,5101,5102,-1,5102,5101,5088,-1,5102,5088,5087,-1,5089,5103,5090,-1,5090,5103,5104,-1,5105,5106,5107,-1,5105,5107,5108,-1,5108,5107,5109,-1,5108,5109,5110,-1,5110,5109,5111,-1,5110,5111,5112,-1,5112,5111,5104,-1,5112,5104,5103,-1,5106,5105,5113,-1,5113,5105,5114,-1,5113,5114,5115,-1,5115,5114,5116,-1,5115,5116,5117,-1,5117,5116,5118,-1,5117,5118,5119,-1,5119,5118,5120,-1,5119,5120,5121,-1,5121,5120,5122,-1,5121,5122,5123,-1,5123,5122,5124,-1,5123,5124,5125,-1,5125,5124,5126,-1,5125,5126,5127,-1,5127,5126,5128,-1,5127,5128,5129,-1,5129,5128,5130,-1,5131,5132,5130,-1,5130,5132,5129,-1,5133,5134,5135,-1,5135,5134,5136,-1,5134,5133,5137,-1,5137,5133,5138,-1,5137,5138,5139,-1,5139,5138,5140,-1,5141,5142,5140,-1,5140,5142,5139,-1,5143,5144,5145,-1,5143,5145,5146,-1,5146,5145,5147,-1,5146,5147,5148,-1,5148,5147,5149,-1,5148,5149,5150,-1,5150,5149,5151,-1,5150,5151,5152,-1,5152,5151,5153,-1,5152,5153,5154,-1,5154,5153,5155,-1,5154,5155,5156,-1,5156,5155,5142,-1,5156,5142,5141,-1,4930,4931,5143,-1,5143,4931,5144,-1,4909,4910,4944,-1,4944,4910,4918,-1,4944,4918,4942,-1,4942,4918,4920,-1,4942,4920,4940,-1,4940,4920,4922,-1,4940,4922,4938,-1,4938,4922,4924,-1,4938,4924,4936,-1,4936,4924,4926,-1,4936,4926,4934,-1,4934,4926,4928,-1,4934,4928,4932,-1,4932,4928,4930,-1,5157,5158,4932,-1,4932,5158,4933,-1,5159,5160,5161,-1,5159,5161,5162,-1,5162,5161,5163,-1,5162,5163,5164,-1,5164,5163,5165,-1,5164,5165,5166,-1,5166,5165,5167,-1,5166,5167,5168,-1,5168,5167,5169,-1,5168,5169,5170,-1,5170,5169,5158,-1,5170,5158,5157,-1,5171,5172,5159,-1,5159,5172,5160,-1,5172,5171,5173,-1,5173,5171,5174,-1,5173,5174,5175,-1,5175,5174,5176,-1,5176,5177,5175,-1,5175,5177,5178,-1,5046,5177,5045,-1,5045,5177,5176,-1,5045,5176,5174,-1,5130,4930,5138,-1,5138,5133,5130,-1,5130,5133,5135,-1,5130,5135,5131,-1,4986,5042,5130,-1,5168,5170,5159,-1,5159,5170,5157,-1,5159,5157,5171,-1,5171,5157,4932,-1,5171,4932,5174,-1,5143,5146,5148,-1,5092,5179,5180,-1,5122,4983,5124,-1,5124,4983,4987,-1,5124,4987,5126,-1,5130,5042,4930,-1,4930,5042,4990,-1,4930,4990,4989,-1,4989,4988,4930,-1,4930,4988,4979,-1,4930,4979,4977,-1,4970,5007,5045,-1,5007,4968,5045,-1,5045,4968,4967,-1,5045,4967,5048,-1,5168,5159,5166,-1,5166,5159,5162,-1,5166,5162,5164,-1,5148,5150,5143,-1,5143,5150,5152,-1,5143,5152,5154,-1,5154,5156,5143,-1,5143,5156,5141,-1,5143,5141,4930,-1,4930,5141,5140,-1,4930,5140,5138,-1,5075,5078,5181,-1,5181,5078,5080,-1,5181,5080,5182,-1,5181,5183,5075,-1,5075,5183,5184,-1,5075,5184,4953,-1,4953,5184,5185,-1,4953,5185,5186,-1,5186,5187,4953,-1,4953,5187,5188,-1,4953,5188,5189,-1,5190,5191,4962,-1,4962,5191,5192,-1,4962,5192,5193,-1,5114,5194,5116,-1,5116,5194,5118,-1,4986,5130,4987,-1,4987,5130,5128,-1,4987,5128,5126,-1,4977,4976,4930,-1,4930,4976,4995,-1,4930,4995,4994,-1,5002,5001,4932,-1,5174,4932,5045,-1,5045,4932,4971,-1,5045,4971,4970,-1,5070,5072,5195,-1,5195,5072,5064,-1,5195,5064,5062,-1,5080,5082,5182,-1,5182,5082,5084,-1,5182,5084,5196,-1,5196,5084,5086,-1,5196,5086,5197,-1,5198,5087,5199,-1,5199,5087,4962,-1,5199,4962,5200,-1,5200,4962,5193,-1,5092,5094,5179,-1,5179,5094,5096,-1,5179,5096,5098,-1,5198,5201,5087,-1,5087,5201,5202,-1,5087,5202,5102,-1,5102,5202,5179,-1,5102,5179,5100,-1,5100,5179,5098,-1,5118,5194,5120,-1,5120,5194,5203,-1,5120,5203,5122,-1,5122,5203,4984,-1,5122,4984,4983,-1,5114,5105,5194,-1,5194,5105,5108,-1,5194,5108,5110,-1,5110,5112,5194,-1,5194,5112,5103,-1,5194,5103,5180,-1,5180,5103,5089,-1,5180,5089,5092,-1,5002,4932,4997,-1,5001,5004,4932,-1,4932,5004,5003,-1,4932,5003,4974,-1,4974,4973,4932,-1,4932,4973,5005,-1,4932,5005,4971,-1,5086,5073,5197,-1,5197,5073,5065,-1,5197,5065,5195,-1,5195,5065,5068,-1,5195,5068,5070,-1,5062,5060,5195,-1,5195,5060,5058,-1,5195,5058,5204,-1,5204,5058,5056,-1,5204,5056,5010,-1,5010,5056,5054,-1,5010,5054,5011,-1,5011,5054,5052,-1,5011,5052,4967,-1,4967,5052,5050,-1,4967,5050,5048,-1,5189,5205,4953,-1,4953,5205,5206,-1,4953,5206,4962,-1,4962,5206,5207,-1,4962,5207,5190,-1,4994,4992,4930,-1,4930,4992,5000,-1,4930,5000,4932,-1,4932,5000,4999,-1,4932,4999,4997,-1,4911,4806,4805,-1,4805,4952,4911,-1,4911,4952,4951,-1,4911,4951,4912,-1,4912,4951,4950,-1,4912,4950,4913,-1,4913,4950,4949,-1,4913,4949,4914,-1,4914,4949,4948,-1,4914,4948,4915,-1,4915,4948,4947,-1,4915,4947,4916,-1,4916,4947,4946,-1,4916,4946,4917,-1,4933,4931,4929,-1,4933,4929,4935,-1,4935,4929,4927,-1,4935,4927,4937,-1,4937,4927,4925,-1,4937,4925,4939,-1,4939,4925,4923,-1,4939,4923,4941,-1,4941,4923,4921,-1,4941,4921,4943,-1,4943,4921,4919,-1,4943,4919,4945,-1,4945,4919,4917,-1,4945,4917,4946,-1,5144,4931,5142,-1,5178,5044,5043,-1,5127,5129,5208,-1,5160,5172,5158,-1,5158,5172,4933,-1,4933,5172,5173,-1,4933,5173,5043,-1,5043,5173,5175,-1,5043,5175,5178,-1,5208,5129,5209,-1,5129,5132,5136,-1,5136,5134,5129,-1,5129,5134,5137,-1,5129,5137,4931,-1,4931,5137,5139,-1,4931,5139,5142,-1,5210,5051,5211,-1,5211,5051,5053,-1,5212,5213,4931,-1,5061,4408,5059,-1,5059,4408,5057,-1,5043,5047,5210,-1,5210,5047,5049,-1,5210,5049,5051,-1,5160,5158,5161,-1,5161,5158,5169,-1,5161,5169,5163,-1,5163,5169,5167,-1,5163,5167,5165,-1,5057,4408,5055,-1,5055,4408,4463,-1,5055,4463,5053,-1,5053,4463,4462,-1,5053,4462,5211,-1,5061,5063,4408,-1,4408,5063,5071,-1,4408,5071,5069,-1,5113,5115,4426,-1,4426,5115,5117,-1,4426,5117,4427,-1,4427,5117,5119,-1,4427,5119,4453,-1,4453,5119,5121,-1,4453,5121,5214,-1,5214,5121,5123,-1,5214,5123,5208,-1,5208,5123,5125,-1,5208,5125,5127,-1,5149,5147,5151,-1,5151,5147,5153,-1,5142,5155,5144,-1,5144,5155,5153,-1,5144,5153,5145,-1,5145,5153,5147,-1,5111,5109,4426,-1,4933,5215,5216,-1,4423,5091,4424,-1,4424,5091,5090,-1,4424,5090,4426,-1,4426,5090,5104,-1,4426,5104,5111,-1,5109,5107,4426,-1,4426,5107,5106,-1,4426,5106,5113,-1,4429,4431,4331,-1,4331,4431,4436,-1,4331,4436,4435,-1,4435,4433,4331,-1,4331,4433,4437,-1,4331,4437,4439,-1,4444,4330,4443,-1,4443,4330,4331,-1,4443,4331,4441,-1,4441,4331,4439,-1,4444,4446,4330,-1,4330,4446,4448,-1,4330,4448,4449,-1,4933,5217,5218,-1,5218,5219,4933,-1,4933,5219,5220,-1,4933,5220,4931,-1,4931,5220,5221,-1,4931,5221,5212,-1,5213,5222,4931,-1,4931,5222,5223,-1,4931,5223,5224,-1,5224,5225,4931,-1,4931,5225,5226,-1,4931,5226,5227,-1,5227,5228,4931,-1,4931,5228,5229,-1,4931,5229,5129,-1,5129,5229,5230,-1,5129,5230,5209,-1,5097,5095,4423,-1,4423,5095,5093,-1,4423,5093,5091,-1,4449,4417,4330,-1,4330,4417,4419,-1,4330,4419,4451,-1,5210,5231,5043,-1,5043,5231,5232,-1,5043,5232,4933,-1,4933,5232,5233,-1,4933,5233,5234,-1,5234,5235,4933,-1,4933,5235,5236,-1,4933,5236,5215,-1,5216,5237,4933,-1,4933,5237,5238,-1,4933,5238,5217,-1,4429,4331,4420,-1,4420,4331,5088,-1,4420,5088,4421,-1,4421,5088,5101,-1,4421,5101,4423,-1,4423,5101,5099,-1,4423,5099,5097,-1,4451,4450,4330,-1,4330,4450,4415,-1,4330,4415,5076,-1,4415,4414,5076,-1,5076,4414,4491,-1,5076,4491,5077,-1,5077,4491,4412,-1,5077,4412,5079,-1,5079,4412,5081,-1,5069,5067,4408,-1,4408,5067,5066,-1,4408,5066,4409,-1,4409,5066,5074,-1,4409,5074,4411,-1,4411,5074,5085,-1,4411,5085,4412,-1,4412,5085,5083,-1,4412,5083,5081,-1,5131,5135,5132,-1,5132,5135,5136,-1,5177,5046,5178,-1,5178,5046,5044,-1,5239,5240,5241,-1,5242,5243,5239,-1,5208,5209,5244,-1,5230,5229,5245,-1,5227,5226,5246,-1,5213,5212,5247,-1,5220,5219,5248,-1,5217,5238,5249,-1,5249,5238,5237,-1,5215,5236,5243,-1,5250,5211,4462,-1,5241,5231,5210,-1,5231,5241,5232,-1,5232,5241,5240,-1,5232,5240,5233,-1,5243,5236,5239,-1,5239,5236,5235,-1,5239,5235,5240,-1,5240,5235,5234,-1,5240,5234,5233,-1,5218,5217,5251,-1,5251,5217,5249,-1,5251,5249,5242,-1,5242,5249,5237,-1,5242,5237,5243,-1,5243,5237,5216,-1,5243,5216,5215,-1,5213,5247,5222,-1,5223,5252,5224,-1,5224,5252,5246,-1,5224,5246,5225,-1,5225,5246,5226,-1,5229,5228,5245,-1,5245,5228,5227,-1,5245,5227,5253,-1,5253,5227,5246,-1,5253,5246,5254,-1,5254,5246,5252,-1,5254,5252,5255,-1,5209,5230,5244,-1,5244,5230,5245,-1,5244,5245,5256,-1,5256,5245,5253,-1,5256,5253,5257,-1,5257,5253,5254,-1,5257,5254,5258,-1,5258,5254,5255,-1,5258,5255,5259,-1,5219,5218,5248,-1,5248,5218,5251,-1,5248,5251,5260,-1,5260,5251,5242,-1,5260,5242,5261,-1,5261,5242,5239,-1,5261,5239,5262,-1,5262,5239,5241,-1,5262,5241,5250,-1,5250,5241,5210,-1,5250,5210,5211,-1,5214,5208,5263,-1,5263,5208,5244,-1,5263,5244,5264,-1,5264,5244,5256,-1,5264,5256,5265,-1,5265,5256,5257,-1,5265,5257,5266,-1,5266,5257,5258,-1,5266,5258,5267,-1,5267,5258,5259,-1,5267,5259,5268,-1,5221,5220,5269,-1,5269,5220,5248,-1,5269,5248,5270,-1,5270,5248,5260,-1,5270,5260,5271,-1,5271,5260,5261,-1,5271,5261,5272,-1,5272,5261,5262,-1,5272,5262,5273,-1,5273,5262,5250,-1,5273,5250,4464,-1,4464,5250,4462,-1,4453,5214,4454,-1,4454,5214,5263,-1,4454,5263,4456,-1,4456,5263,5264,-1,4456,5264,4458,-1,4458,5264,5265,-1,4458,5265,4460,-1,4460,5265,5266,-1,4460,5266,4475,-1,4475,5266,5267,-1,4475,5267,4474,-1,4474,5267,5268,-1,4474,5268,4472,-1,4472,5268,4470,-1,5223,5274,5252,-1,5252,5274,5275,-1,5252,5275,5255,-1,5255,5275,5276,-1,5255,5276,5259,-1,5259,5276,5277,-1,5259,5277,5268,-1,5268,5277,5278,-1,5268,5278,4470,-1,4470,5278,4468,-1,5223,5222,5274,-1,5274,5222,5247,-1,5274,5247,5275,-1,5275,5247,5279,-1,5275,5279,5276,-1,5276,5279,5280,-1,5276,5280,5277,-1,5277,5280,5281,-1,5277,5281,5278,-1,5278,5281,5282,-1,5278,5282,4468,-1,4468,5282,4466,-1,5212,5221,5247,-1,5247,5221,5269,-1,5247,5269,5279,-1,5279,5269,5270,-1,5279,5270,5280,-1,5280,5270,5271,-1,5280,5271,5281,-1,5281,5271,5272,-1,5281,5272,5282,-1,5282,5272,5273,-1,5282,5273,4466,-1,4466,5273,4464,-1,4568,5283,5284,-1,4845,5285,5286,-1,4843,4842,5287,-1,4830,5288,4831,-1,4813,4827,5289,-1,5289,4827,4557,-1,4815,4814,5290,-1,5290,4814,4813,-1,5291,4817,4815,-1,4822,4820,5292,-1,5292,4820,4817,-1,4825,4824,5293,-1,5293,4824,4835,-1,4837,4836,5294,-1,5294,4836,4825,-1,4837,5294,4828,-1,4828,5294,5295,-1,4828,5295,4829,-1,4831,5288,4832,-1,4832,5288,5296,-1,4832,5296,4833,-1,4833,5296,5297,-1,4833,5297,4834,-1,4834,5297,5298,-1,4834,5298,4838,-1,4838,5298,4839,-1,4839,5298,5299,-1,4839,5299,4840,-1,4840,5299,5300,-1,4840,5300,4841,-1,4843,5287,4844,-1,4845,5286,4846,-1,4848,4847,5301,-1,4849,5302,4850,-1,4850,5302,5303,-1,5304,4853,5303,-1,5303,4853,4852,-1,5303,4852,4850,-1,4854,5305,4858,-1,4858,5305,5306,-1,4858,5306,4859,-1,4859,5306,4855,-1,4855,5306,5307,-1,4855,5307,4856,-1,4856,5307,4857,-1,4857,5307,5308,-1,4857,5308,4851,-1,4851,5308,4559,-1,4851,4559,4504,-1,4829,5295,4830,-1,4830,5295,5309,-1,4830,5309,5288,-1,5288,5309,5310,-1,5288,5310,5296,-1,5296,5310,5311,-1,5296,5311,5297,-1,5297,5311,5312,-1,5297,5312,5298,-1,5298,5312,5313,-1,5298,5313,5299,-1,5299,5313,5314,-1,5299,5314,5300,-1,4825,5293,5294,-1,5294,5293,5315,-1,5294,5315,5295,-1,5295,5315,5316,-1,5295,5316,5309,-1,5309,5316,5317,-1,5309,5317,5310,-1,5310,5317,5318,-1,5310,5318,5311,-1,5311,5318,5319,-1,5311,5319,5312,-1,5312,5319,5320,-1,5312,5320,5313,-1,5313,5320,5321,-1,5313,5321,5314,-1,4822,5292,4835,-1,4835,5292,5322,-1,4835,5322,5293,-1,5293,5322,5323,-1,5293,5323,5315,-1,5315,5323,5324,-1,5315,5324,5316,-1,5316,5324,5325,-1,5316,5325,5317,-1,5317,5325,5326,-1,5317,5326,5318,-1,5318,5326,5327,-1,5318,5327,5319,-1,5319,5327,5328,-1,5319,5328,5320,-1,5320,5328,5329,-1,5320,5329,5321,-1,4817,5291,5292,-1,5292,5291,5330,-1,5292,5330,5322,-1,5322,5330,5331,-1,5322,5331,5323,-1,5323,5331,5332,-1,5323,5332,5324,-1,5324,5332,5333,-1,5324,5333,5325,-1,5325,5333,5334,-1,5325,5334,5326,-1,5326,5334,5335,-1,5326,5335,5327,-1,5327,5335,5336,-1,5327,5336,5328,-1,5328,5336,5337,-1,5328,5337,5329,-1,4815,5290,5291,-1,5291,5290,5338,-1,5291,5338,5330,-1,5330,5338,5339,-1,5330,5339,5331,-1,5331,5339,5340,-1,5331,5340,5332,-1,5332,5340,5341,-1,5332,5341,5333,-1,5333,5341,5342,-1,5333,5342,5334,-1,5334,5342,5343,-1,5334,5343,5335,-1,5335,5343,5344,-1,5335,5344,5336,-1,5336,5344,5345,-1,5336,5345,5337,-1,4813,5289,5290,-1,5290,5289,5346,-1,5290,5346,5338,-1,5338,5346,5347,-1,5338,5347,5339,-1,5339,5347,5348,-1,5339,5348,5340,-1,5340,5348,5349,-1,5340,5349,5341,-1,5341,5349,5350,-1,5341,5350,5342,-1,5342,5350,5351,-1,5342,5351,5343,-1,5343,5351,5284,-1,5343,5284,5344,-1,5344,5284,5283,-1,5344,5283,5345,-1,4854,4853,5305,-1,5305,4853,5304,-1,5305,5304,5306,-1,5306,5304,5352,-1,5306,5352,5307,-1,5307,5352,5353,-1,5307,5353,5308,-1,5308,5353,5354,-1,5308,5354,4559,-1,4559,5354,4560,-1,4849,4848,5302,-1,5302,4848,5301,-1,5302,5301,5303,-1,5303,5301,5355,-1,5303,5355,5304,-1,5304,5355,5356,-1,5304,5356,5352,-1,5352,5356,5357,-1,5352,5357,5353,-1,5353,5357,5358,-1,5353,5358,5354,-1,5354,5358,5359,-1,5354,5359,4560,-1,4560,5359,4562,-1,4847,4846,5301,-1,5301,4846,5286,-1,5301,5286,5355,-1,5355,5286,5360,-1,5355,5360,5356,-1,5356,5360,5361,-1,5356,5361,5357,-1,5357,5361,5362,-1,5357,5362,5358,-1,5358,5362,5363,-1,5358,5363,5359,-1,5359,5363,5364,-1,5359,5364,4562,-1,4562,5364,4564,-1,4845,4844,5285,-1,5285,4844,5287,-1,5285,5287,5286,-1,5286,5287,5365,-1,5286,5365,5360,-1,5360,5365,5366,-1,5360,5366,5361,-1,5361,5366,5367,-1,5361,5367,5362,-1,5362,5367,5368,-1,5362,5368,5363,-1,5363,5368,5369,-1,5363,5369,5364,-1,5364,5369,5370,-1,5364,5370,4564,-1,4564,5370,4566,-1,4842,4841,5287,-1,5287,4841,5300,-1,5287,5300,5365,-1,5365,5300,5314,-1,5365,5314,5366,-1,5366,5314,5321,-1,5366,5321,5367,-1,5367,5321,5329,-1,5367,5329,5368,-1,5368,5329,5337,-1,5368,5337,5369,-1,5369,5337,5345,-1,5369,5345,5370,-1,5370,5345,5283,-1,5370,5283,4566,-1,4566,5283,4568,-1,4557,4556,5289,-1,5289,4556,4583,-1,5289,4583,5346,-1,5346,4583,4581,-1,5346,4581,5347,-1,5347,4581,4579,-1,5347,4579,5348,-1,5348,4579,4577,-1,5348,4577,5349,-1,5349,4577,4575,-1,5349,4575,5350,-1,5350,4575,4574,-1,5350,4574,5351,-1,5351,4574,4572,-1,5351,4572,5284,-1,5284,4572,4570,-1,5284,4570,4568,-1,4889,4875,5371,-1,4873,4872,5372,-1,4885,4890,5373,-1,4871,4870,5374,-1,4879,4878,5375,-1,4884,4883,5376,-1,4887,4886,5377,-1,4887,5378,5379,-1,5380,5378,4887,-1,5381,5380,4887,-1,4887,5382,5383,-1,5384,5382,4887,-1,5379,5384,4887,-1,4887,5385,5386,-1,5387,5385,4887,-1,5383,5387,4887,-1,4887,5388,5389,-1,5390,5388,4887,-1,5386,5390,4887,-1,4882,4888,5389,-1,5389,4888,4887,-1,4883,4882,5376,-1,5376,4882,5389,-1,5376,5389,5391,-1,5391,5389,5388,-1,5391,5388,5392,-1,5392,5388,5390,-1,5392,5390,5393,-1,5393,5390,5386,-1,5393,5386,5394,-1,5394,5386,5385,-1,5394,5385,5395,-1,5395,5385,5387,-1,5395,5387,5396,-1,5396,5387,5383,-1,5396,5383,5397,-1,5397,5383,5382,-1,5397,5382,5398,-1,5398,5382,5384,-1,5398,5384,5399,-1,5399,5384,5379,-1,5399,5379,5400,-1,5400,5379,5378,-1,5400,5378,5401,-1,5401,5378,5380,-1,5401,5380,5402,-1,5402,5380,5381,-1,5402,5381,5403,-1,5377,5404,5405,-1,5405,5404,5403,-1,5377,4886,5404,-1,5404,4886,4881,-1,5404,4881,4880,-1,5405,4887,5377,-1,5403,5381,5405,-1,5405,5381,4887,-1,4880,4879,5404,-1,5404,4879,5375,-1,5404,5375,5403,-1,5403,5375,5406,-1,5403,5406,5402,-1,5402,5406,5407,-1,5402,5407,5401,-1,5401,5407,5408,-1,5401,5408,5400,-1,5400,5408,5409,-1,5400,5409,5399,-1,5399,5409,5410,-1,5399,5410,5398,-1,5398,5410,5411,-1,5398,5411,5397,-1,5397,5411,5412,-1,5397,5412,5396,-1,5396,5412,5413,-1,5396,5413,5395,-1,5395,5413,5414,-1,5395,5414,5394,-1,5394,5414,5415,-1,5394,5415,5393,-1,5393,5415,5416,-1,5393,5416,5392,-1,5392,5416,5417,-1,5392,5417,5391,-1,5391,5417,5418,-1,5391,5418,5376,-1,5376,5418,5419,-1,5376,5419,4884,-1,4884,5419,4867,-1,4878,4877,5375,-1,5375,4877,5420,-1,5375,5420,5406,-1,5406,5420,5421,-1,5406,5421,5407,-1,5407,5421,5422,-1,5407,5422,5408,-1,5408,5422,5423,-1,5408,5423,5409,-1,5409,5423,5424,-1,5409,5424,5410,-1,5410,5424,5425,-1,5410,5425,5411,-1,5411,5425,5426,-1,5411,5426,5412,-1,5412,5426,5427,-1,5412,5427,5413,-1,5413,5427,5428,-1,5413,5428,5414,-1,5414,5428,5429,-1,5414,5429,5415,-1,5415,5429,5430,-1,5415,5430,5416,-1,5416,5430,5431,-1,5416,5431,5417,-1,5417,5431,5432,-1,5417,5432,5418,-1,5418,5432,5433,-1,5418,5433,5419,-1,5419,5433,5434,-1,5419,5434,4867,-1,4867,5434,4868,-1,4877,4876,5420,-1,5420,4876,5435,-1,5420,5435,5421,-1,5421,5435,5436,-1,5421,5436,5422,-1,5422,5436,5437,-1,5422,5437,5423,-1,5423,5437,5438,-1,5423,5438,5424,-1,5424,5438,5439,-1,5424,5439,5425,-1,5425,5439,5440,-1,5425,5440,5426,-1,5426,5440,5441,-1,5426,5441,5427,-1,5427,5441,5442,-1,5427,5442,5428,-1,5428,5442,5443,-1,5428,5443,5429,-1,5429,5443,5444,-1,5429,5444,5430,-1,5430,5444,5445,-1,5430,5445,5431,-1,5431,5445,5446,-1,5431,5446,5432,-1,5432,5446,5447,-1,5432,5447,5433,-1,5433,5447,5448,-1,5433,5448,5434,-1,5434,5448,5374,-1,5434,5374,4868,-1,4868,5374,4870,-1,4876,4885,5435,-1,5435,4885,5373,-1,5435,5373,5436,-1,5436,5373,5449,-1,5436,5449,5437,-1,5437,5449,5450,-1,5437,5450,5438,-1,5438,5450,5451,-1,5438,5451,5439,-1,5439,5451,5452,-1,5439,5452,5440,-1,5440,5452,5453,-1,5440,5453,5441,-1,5441,5453,5454,-1,5441,5454,5442,-1,5442,5454,5455,-1,5442,5455,5443,-1,5443,5455,5456,-1,5443,5456,5444,-1,5444,5456,5457,-1,5444,5457,5445,-1,5445,5457,5458,-1,5445,5458,5446,-1,5446,5458,5459,-1,5446,5459,5447,-1,5447,5459,5460,-1,5447,5460,5448,-1,5448,5460,5461,-1,5448,5461,5374,-1,5374,5461,5372,-1,5374,5372,4871,-1,4871,5372,4872,-1,4890,4889,5373,-1,5373,4889,5371,-1,5373,5371,5449,-1,5449,5371,5462,-1,5449,5462,5450,-1,5450,5462,5463,-1,5450,5463,5451,-1,5451,5463,5464,-1,5451,5464,5452,-1,5452,5464,5465,-1,5452,5465,5453,-1,5453,5465,5466,-1,5453,5466,5454,-1,5454,5466,5467,-1,5454,5467,5455,-1,5455,5467,5468,-1,5455,5468,5456,-1,5456,5468,5469,-1,5456,5469,5457,-1,5457,5469,5470,-1,5457,5470,5458,-1,5458,5470,5471,-1,5458,5471,5459,-1,5459,5471,5472,-1,5459,5472,5460,-1,5460,5472,5473,-1,5460,5473,5461,-1,5461,5473,5474,-1,5461,5474,5372,-1,5372,5474,5475,-1,5372,5475,4873,-1,4873,5475,4874,-1,4875,4678,5371,-1,5371,4678,4680,-1,5371,4680,5462,-1,5462,4680,4682,-1,5462,4682,5463,-1,5463,4682,4684,-1,5463,4684,5464,-1,5464,4684,4686,-1,5464,4686,5465,-1,5465,4686,4688,-1,5465,4688,5466,-1,5466,4688,4690,-1,5466,4690,5467,-1,5467,4690,4692,-1,5467,4692,5468,-1,5468,4692,4694,-1,5468,4694,5469,-1,5469,4694,4696,-1,5469,4696,5470,-1,5470,4696,4698,-1,5470,4698,5471,-1,5471,4698,4700,-1,5471,4700,5472,-1,5472,4700,4702,-1,5472,4702,5473,-1,5473,4702,4704,-1,5473,4704,5474,-1,5474,4704,4706,-1,5474,4706,5475,-1,5475,4706,4708,-1,5475,4708,4874,-1,4874,4708,4709,-1,5017,5476,5477,-1,5193,5192,5478,-1,5186,5185,5479,-1,5195,5204,5480,-1,5480,5204,5010,-1,5196,5197,5481,-1,5481,5197,5195,-1,5183,5181,5482,-1,5482,5181,5182,-1,5183,5482,5184,-1,5184,5482,5483,-1,5184,5483,5185,-1,5484,5189,5485,-1,5485,5189,5188,-1,5485,5188,5479,-1,5479,5188,5187,-1,5479,5187,5186,-1,5191,5190,5486,-1,5486,5190,5207,-1,5486,5207,5487,-1,5487,5207,5206,-1,5487,5206,5484,-1,5484,5206,5205,-1,5484,5205,5189,-1,5488,5199,5478,-1,5478,5199,5200,-1,5478,5200,5193,-1,5489,5202,5490,-1,5490,5202,5201,-1,5490,5201,5198,-1,5491,5180,5179,-1,5180,5491,5194,-1,5194,5491,5492,-1,5194,5492,5203,-1,5203,5492,5012,-1,5203,5012,4984,-1,5185,5483,5479,-1,5479,5483,5493,-1,5479,5493,5485,-1,5485,5493,5494,-1,5485,5494,5484,-1,5484,5494,5495,-1,5484,5495,5487,-1,5487,5495,5496,-1,5487,5496,5486,-1,5196,5481,5182,-1,5182,5481,5497,-1,5182,5497,5482,-1,5482,5497,5498,-1,5482,5498,5483,-1,5483,5498,5499,-1,5483,5499,5493,-1,5493,5499,5500,-1,5493,5500,5494,-1,5494,5500,5501,-1,5494,5501,5495,-1,5495,5501,5502,-1,5495,5502,5496,-1,5195,5480,5481,-1,5481,5480,5503,-1,5481,5503,5497,-1,5497,5503,5504,-1,5497,5504,5498,-1,5498,5504,5505,-1,5498,5505,5499,-1,5499,5505,5506,-1,5499,5506,5500,-1,5500,5506,5477,-1,5500,5477,5501,-1,5501,5477,5476,-1,5501,5476,5502,-1,5179,5202,5491,-1,5491,5202,5489,-1,5491,5489,5492,-1,5492,5489,5507,-1,5492,5507,5012,-1,5012,5507,5013,-1,5198,5199,5490,-1,5490,5199,5488,-1,5490,5488,5489,-1,5489,5488,5508,-1,5489,5508,5507,-1,5507,5508,5509,-1,5507,5509,5013,-1,5013,5509,5015,-1,5192,5191,5478,-1,5478,5191,5486,-1,5478,5486,5488,-1,5488,5486,5496,-1,5488,5496,5508,-1,5508,5496,5502,-1,5508,5502,5509,-1,5509,5502,5476,-1,5509,5476,5015,-1,5015,5476,5017,-1,5010,5009,5480,-1,5480,5009,5028,-1,5480,5028,5503,-1,5503,5028,5026,-1,5503,5026,5504,-1,5504,5026,5024,-1,5504,5024,5505,-1,5505,5024,5023,-1,5505,5023,5506,-1,5506,5023,5021,-1,5506,5021,5477,-1,5477,5021,5019,-1,5477,5019,5017,-1,
        ]
    }
}
Shape{
    appearance Appearance {
        material  Material 	{
            diffuseColor 0.2235294117647059 0.2235294117647059 0.2235294117647059
            specularColor 0.11372549019607843 0.11372549019607843 0.11372549019607843
            ambientIntensity 0.2235
            transparency 0.0
            shininess 0.5
        }
    }
    geometry IndexedFaceSet {
        ccw TRUE
        solid FALSE
        coord DEF co Coordinate {
            point [
                -0.2288 1.2697 0.8683, -0.2307 1.2697 0.8517, -0.2339 1.2697 0.9121, 0.1871 1.2697 0.7901, 0.1871 1.2697 0.7558, 0.071 1.2697 0.7558, 0.0638 1.2697 0.7558, 0.0638 1.2697 0.7211, -0.016 1.2697 0.7211, -1.2023 1.2697 0.1654, -1.3465 1.2697 0.1654, -1.3465 1.2697 0.7187, -0.0063 1.2697 0.7914, 0.0083 1.2697 0.7901, -0.016 1.2697 0.7901, 0.0238 1.2697 0.9119, 0.0217 1.2697 0.9121, 0.0638 1.2697 0.9121, -0.016 1.2697 0.9106, -0.016 1.2697 0.9121, -0.0107 1.2697 0.9121, 0.2363 1.2697 0.7187, 0.1871 1.2697 0.7187, 0.1871 1.2697 0.7211, 0.5817 1.2697 0.7187, 0.477 1.2697 0.7187, 0.4725 1.2697 0.7211, 0.7801 1.2697 0.7512, 0.7793 1.2697 0.7558, 1.9488 1.2697 0.7558, 0.5574 1.2697 0.9303, 0.5562 1.2697 0.9307, 1.9488 1.2697 0.9307, 0.29 1.2697 0.8202, 0.267 1.2697 0.8004, 0.1871 1.2697 0.9121, 0.3652 1.2697 0.9022, 0.3349 1.2697 0.8657, 0.3196 1.2697 0.8344, 0.3154 1.2697 0.833, 0.4459 1.2697 0.9435, 0.4104 1.2697 0.9307, 0.1871 1.2697 0.9307, 0.4031 1.2697 0.9281, 0.3797 1.2697 0.9121, 0.481 1.2697 0.9475, 0.1871 1.2697 1.7913, 2.0394 1.2697 1.6024, 1.9606 1.2697 1.5236, 2.0394 1.2697 1.7913, 1.9488 1.2697 1.5236, 0.5176 1.2697 0.9438, 1.9488 1.2697 0.9121, 0.587 1.2697 0.9121, 0.5837 1.2697 0.9149, 0.6738 1.2697 0.8758, 0.6412 1.2697 0.8794, 0.6039 1.2697 0.8978, 0.6314 1.2697 0.8788, 0.6216 1.2697 0.8776, 0.7397 1.2697 0.8391, 0.733 1.2697 0.8453, 0.7056 1.2697 0.864, 1.9488 1.2697 0.7901, 0.774 1.2697 0.7832, 0.7708 1.2697 0.7901, 0.7599 1.2697 0.8137, 0.7805 1.2697 0.7421, 1.9488 1.2697 0.7211, 0.7782 1.2697 0.7211, 1.9488 1.2697 0.7187, 0.7779 1.2697 0.7187, 0.7402 1.2697 0.122, 0.7402 1.2697 0.0197, 0.1871 1.2697 0.0197, 0.4068 1.2697 0.6534, 0.4009 1.2697 0.6557, 0.3905 1.2697 0.7043, 2.0394 1.2697 0.248, 2.0394 1.2697 0.122, 1.9488 1.2697 0.248, 0.4121 1.2697 0.6497, 0.3943 1.2697 0.6565, 0.3935 1.2697 0.6564, 0.3909 1.2697 0.6558, 0.4209 1.2697 0.6302, 0.4207 1.2697 0.6336, 0.5105 1.2697 0.6419, 0.4189 1.2697 0.6401, 0.4156 1.2697 0.6459, 0.7769 1.2697 0.7097, 0.7651 1.2697 0.6777, 0.3064 1.2697 0.6765, 0.2969 1.2697 0.6897, 0.2909 1.2697 0.7049, 0.3988 1.2697 0.7187, 0.4012 1.2697 0.6044, 0.4068 1.2697 0.6066, 0.5162 1.2697 0.6035, 0.4123 1.2697 0.6106, 0.4143 1.2697 0.6126, 0.418 1.2697 0.618, 0.4202 1.2697 0.6238, 0.5111 1.2697 0.6246, 0.5106 1.2697 0.6334, 0.24 1.2697 0.6915, 0.2509 1.2697 0.6645, 0.268 1.2697 0.6411, 0.3892 1.2697 0.6556, 0.3507 1.2697 0.6553, 0.3354 1.2697 0.6581, 0.6397 1.2697 0.5604, 0.6563 1.2697 0.5731, 0.6689 1.2697 0.5889, 0.6773 1.2697 0.6073, 0.3203 1.2697 0.665, 0.3076 1.2697 0.6752, 0.5265 1.2697 0.5846, 0.346 1.2697 0.6032, 0.3964 1.2697 0.6036, 0.6895 1.2697 0.6111, 0.7201 1.2697 0.6267, 0.7453 1.2697 0.6487, 0.5966 1.2697 0.5486, 0.5999 1.2697 0.5487, 0.62 1.2697 0.552, 0.2914 1.2697 0.6216, 0.3175 1.2697 0.609, 0.5397 1.2697 0.5699, 0.5568 1.2697 0.5582, 0.5759 1.2697 0.551, 0.2891 1.2697 0.7187, 0.2888 1.2697 0.7211, 0.4002 1.2697 0.7211, 0.2888 1.2697 0.7215, 0.7232 1.2697 0.7211, 0.7258 1.2697 0.7303, 0.4167 1.2697 0.7497, 0.7267 1.2697 0.7434, 0.7251 1.2697 0.7558, 0.2891 1.2697 0.7289, 0.293 1.2697 0.7454, 0.2985 1.2697 0.7558, 0.5644 1.2697 0.7143, 0.5463 1.2697 0.7045, 0.5315 1.2697 0.6908, 0.6347 1.2697 0.7108, 0.6157 1.2697 0.7179, 0.7225 1.2697 0.7187, 0.6085 1.2697 0.7187, 0.5954 1.2697 0.7203, 0.585 1.2697 0.7196, 0.7198 1.2697 0.7093, 0.6664 1.2697 0.6828, 0.6522 1.2697 0.6988, 0.7097 1.2697 0.6919, 0.6945 1.2697 0.6761, 0.676 1.2697 0.6645, 0.3617 1.2697 0.7886, 0.7166 1.2697 0.783, 0.724 1.2697 0.764, 0.3549 1.2697 0.7886, 0.3009 1.2697 0.7602, 0.3107 1.2697 0.7713, 0.3238 1.2697 0.7806, 0.3387 1.2697 0.7865, 0.3798 1.2697 0.84, 0.3988 1.2697 0.8632, 0.5955 1.2697 0.815, 0.401 1.2697 0.8652, 0.4249 1.2697 0.882, 0.5823 1.2697 0.842, 0.7116 1.2697 0.7901, 0.6017 1.2697 0.8185, 0.3621 1.2697 0.7901, 0.3668 1.2697 0.8124, 0.6208 1.2697 0.8256, 0.6407 1.2697 0.8282, 0.6495 1.2697 0.8278, 0.563 1.2697 0.8647, 0.4516 1.2697 0.8925, 0.54 1.2697 0.8813, 0.4805 1.2697 0.8962, 0.512 1.2697 0.8924, 0.6707 1.2697 0.823, 0.6898 1.2697 0.813, 0.7046 1.2697 0.7999, 0.2395 1.2697 0.7498, 0.2358 1.2697 0.722, 0.236 1.2697 0.7211, 0.2418 1.2697 0.7558, 0.2498 1.2697 0.776, 0.2597 1.2697 0.7901, -0.3764 1.2697 0.6384, -0.3704 1.2697 0.626, -0.3829 1.2697 0.0197, -0.3614 1.2697 0.6154, -0.3488 1.2697 0.6065, -0.3351 1.2697 0.6013, -0.3146 1.2697 0.5989, -0.2703 1.2697 0.0197, -0.2816 1.2697 0.5992, -0.2703 1.2697 0.7187, -0.3495 1.2697 0.7115, -0.362 1.2697 0.7028, -0.3829 1.2697 0.7187, -0.3662 1.2697 0.6987, -0.3735 1.2697 0.6881, -0.3779 1.2697 0.6767, -0.3798 1.2697 0.6601, -0.3794 1.2697 0.6524, -0.2824 1.2697 0.7187, -0.2824 1.2697 0.7193, -0.2703 1.2697 0.7211, -0.3167 1.2697 0.719, -0.3829 1.2697 0.7211, -0.3192 1.2697 0.7187, -0.335 1.2697 0.7169, 0.0757 1.2697 0.708, 0.1221 1.2697 0.7083, 0.1223 1.2697 0.6699, 0.0737 1.2697 0.6017, 0.1383 1.2697 0.6022, 0.071 1.2697 0.7187, 0.0794 1.2697 0.6696, 0.0795 1.2697 0.6558, 0.071 1.2697 0.0197, 0.0736 1.2697 0.6154, 0.1227 1.2697 0.6157, 0.1224 1.2697 0.6561, 0.0756 1.2697 0.7187, 0.071 1.2697 0.7211, 0.0756 1.2697 0.7211, 0.0756 1.2697 0.7218, 0.1375 1.2697 0.7223, 0.1375 1.2697 0.7211, 0.1375 1.2697 0.7187, -0.2703 1.2697 0.9121, -0.2836 1.2697 0.9098, -0.3001 1.2697 0.9097, -0.237 1.2697 0.79, -0.237 1.2697 0.7901, -0.2339 1.2697 0.7901, -0.2703 1.2697 0.8757, -0.2339 1.2697 0.7558, -0.2541 1.2697 0.7899, -0.2703 1.2697 0.7558, -0.2542 1.2697 0.7901, -0.2703 1.2697 0.7901, -0.2703 1.2697 0.8226, -0.2659 1.2697 0.8227, -0.3159 1.2697 0.8223, -0.3276 1.2697 0.7901, -0.3279 1.2697 0.7894, -0.345 1.2697 0.7893, -0.3829 1.2697 0.7558, -0.3447 1.2697 0.7901, -0.3829 1.2697 0.7901, -0.3829 1.2697 0.9121, -0.0922 1.2697 0.9121, -0.0922 1.2697 0.9112, -0.108 1.2697 0.9111, -0.0922 1.2697 0.8589, -0.1042 1.2697 0.8588, -0.1079 1.2697 0.8972, -0.1212 1.2697 0.9121, -0.1212 1.2697 0.7901, -0.1041 1.2697 0.8451, -0.0922 1.2697 0.8973, -0.0615 1.2697 0.8976, -0.0612 1.2697 0.8591, -0.0452 1.2697 0.7914, -0.0376 1.2697 0.7901, -0.0922 1.2697 0.7901, -0.0461 1.2697 0.9115, -0.0376 1.2697 0.9121, -0.0611 1.2697 0.8454, -0.0608 1.2697 0.805, -0.0922 1.2697 0.8452, -0.0922 1.2697 0.8047, -0.1099 1.2697 0.8046, -0.1098 1.2697 0.7909, -0.0922 1.2697 0.7911, -0.022 1.2697 0.9088, -0.0219 1.2697 0.8926, -0.0084 1.2697 0.898, 0.0063 1.2697 0.8999, -0.016 1.2697 0.809, -0.0213 1.2697 0.8114, -0.0206 1.2697 0.8933, -0.016 1.2697 0.8951, 0.0126 1.2697 0.8996, 0.0228 1.2697 0.8974, 0.0321 1.2697 0.8927, 0.0392 1.2697 0.8868, 0.0399 1.2697 0.8859, 0.0458 1.2697 0.8777, 0.0499 1.2697 0.8673, 0.052 1.2697 0.8508, 0.0518 1.2697 0.8447, 0.0497 1.2697 0.833, 0.0041 1.2697 0.8037, -0.0095 1.2697 0.8062, 0.0303 1.2697 0.8085, 0.0218 1.2697 0.8051, 0.0097 1.2697 0.8036, 0.0457 1.2697 0.8235, 0.0405 1.2697 0.8164, 0.0381 1.2697 0.8141, 0.0064 1.2697 0.9139, 0.0064 1.2697 0.9139, -0.016 1.2697 0.9307, -0.0093 1.2697 0.9125, 0.0594 1.2697 0.8852, 0.0506 1.2697 0.8965, 0.0477 1.2697 0.8993, 0.0364 1.2697 0.9071, 0.071 1.2697 0.9121, 0.0652 1.2697 0.8719, 0.0638 1.2697 0.8752, 0.0638 1.2697 0.8244, 0.0661 1.2697 0.8303, 0.071 1.2697 0.7901, 0.0683 1.2697 0.85, 0.0681 1.2697 0.8562, 0.0323 1.2697 0.7929, 0.0436 1.2697 0.7984, 0.0638 1.2697 0.7901, 0.0193 1.2697 0.7902, 0.0532 1.2697 0.8065, 0.0542 1.2697 0.8075, 0.0613 1.2697 0.8178, -0.016 1.2697 0.7558, 0.0121 1.2697 0.7898, 0.0182 1.2697 0.7901, -0.0212 1.2697 0.7965, -0.0192 1.2697 0.7955, -0.016 1.2697 0.7945, 0.1206 1.2697 0.9121, 0.1214 1.2697 0.8063, 0.0735 1.2697 0.8059, 0.0736 1.2697 0.7922, 0.137 1.2697 0.7927, -0.0366 1.2697 0.6155, -0.0376 1.2697 0.6151, -0.0376 1.2697 0.6471, -0.0347 1.2697 0.65, -0.0328 1.2697 0.6531, -0.0301 1.2697 0.6195, -0.0311 1.2697 0.6577, -0.016 1.2697 0.7187, -0.0305 1.2697 0.6636, -0.0311 1.2697 0.6689, -0.0371 1.2697 0.6474, -0.03 1.2697 0.604, -0.016 1.2697 0.0197, -0.0376 1.2697 0.6012, -0.0376 1.2697 0.0197, -0.0406 1.2697 0.6002, -0.0831 1.2697 0.6381, -0.0859 1.2697 0.6339, -0.0843 1.2697 0.6699, -0.0881 1.2697 0.6239, -0.0873 1.2697 0.6178, -0.0922 1.2697 0.0197, -0.0796 1.2697 0.6413, -0.0403 1.2697 0.6818, -0.044 1.2697 0.6841, -0.0376 1.2697 0.7187, -0.033 1.2697 0.6738, -0.0358 1.2697 0.6778, -0.0376 1.2697 0.6795, -0.0521 1.2697 0.6871, -0.0641 1.2697 0.6885, -0.0922 1.2697 0.7187, -0.0746 1.2697 0.6875, -0.0844 1.2697 0.6845, -0.051 1.2697 0.6555, -0.0638 1.2697 0.6494, -0.0625 1.2697 0.6763, -0.0854 1.2697 0.6131, -0.0826 1.2697 0.6091, -0.0783 1.2697 0.6054, -0.0747 1.2697 0.6033, -0.0668 1.2697 0.6003, -0.0532 1.2697 0.5988, -0.0696 1.2697 0.647, -0.0802 1.2697 0.6722, -0.0717 1.2697 0.6752, -0.0581 1.2697 0.676, -0.0541 1.2697 0.6749, -0.046 1.2697 0.6648, -0.0507 1.2697 0.6731, -0.0462 1.2697 0.6628, -0.0467 1.2697 0.6605, -0.0478 1.2697 0.6584, -0.0493 1.2697 0.6568, -0.0484 1.2697 0.6712, -0.0471 1.2697 0.6693, -0.0463 1.2697 0.6672, -0.046 1.2697 0.6121, -0.0531 1.2697 0.6385, -0.0442 1.2697 0.6427, -0.0548 1.2697 0.611, -0.0555 1.2697 0.611, -0.063 1.2697 0.6343, -0.0632 1.2697 0.6118, -0.0726 1.2697 0.6225, -0.0725 1.2697 0.6244, -0.0671 1.2697 0.6132, -0.0685 1.2697 0.6141, -0.0702 1.2697 0.6156, -0.0715 1.2697 0.6175, -0.0723 1.2697 0.6196, -0.0718 1.2697 0.6267, -0.0707 1.2697 0.6287, -0.0688 1.2697 0.6307, -0.1212 1.2697 0.6624, -0.1351 1.2697 0.6215, -0.1392 1.2697 0.6214, -0.1369 1.2697 0.6144, -0.1373 1.2697 0.6144, -0.138 1.2697 0.6174, -0.1212 1.2697 0.7187, -0.1631 1.2697 0.6858, -0.1951 1.2697 0.7187, -0.1787 1.2697 0.6857, -0.1943 1.2697 0.5998, -0.1391 1.2697 0.5872, -0.1322 1.2697 0.574, -0.1266 1.2697 0.5674, -0.1256 1.2697 0.5665, -0.1212 1.2697 0.5635, -0.0986 1.2697 0.5613, -0.0987 1.2697 0.5747, -0.1132 1.2697 0.6862, -0.0964 1.2697 0.6863, -0.0875 1.2697 0.6295, -0.2589 1.2697 0.5993, -0.2339 1.2697 0.5995, -0.2339 1.2697 0.0197, -0.1212 1.2697 0.0197, -0.1203 1.2697 0.5629, -0.1212 1.2697 0.6216, -0.1168 1.2697 0.5763, -0.1196 1.2697 0.5794, -0.1143 1.2697 0.5607, -0.1083 1.2697 0.56, -0.1049 1.2697 0.5601, -0.1017 1.2697 0.5737, -0.1072 1.2697 0.5729, -0.1111 1.2697 0.5734, -0.1144 1.2697 0.5746, -0.1212 1.2697 0.5823, -0.1227 1.2697 0.5849, -0.1294 1.2697 0.6004, -0.257 1.2697 0.7195, -0.257 1.2697 0.7187, -0.2569 1.2697 0.7056, -0.2531 1.2697 0.6535, -0.2532 1.2697 0.6672, -0.2339 1.2697 0.6674, -0.2102 1.2697 0.6538, -0.2099 1.2697 0.6134, -0.2339 1.2697 0.6536, -0.2339 1.2697 0.6132, -0.259 1.2697 0.613, -0.2339 1.2697 0.7058, -0.2105 1.2697 0.706, -0.2103 1.2697 0.6675, -0.2339 1.2697 0.7211, -0.2339 1.2697 0.7196, -0.1951 1.2697 0.7199, -0.1212 1.2697 0.7211, -0.0086 1.2697 0.6689, -0.01 1.2697 0.6563, -0.0096 1.2697 0.6011, 0.0054 1.2697 0.6012, 0.0638 1.2697 0.0197, 0.0172 1.2697 0.6763, 0.0223 1.2697 0.6769, 0.0305 1.2697 0.6524, 0.0505 1.2697 0.6667, 0.0504 1.2697 0.6813, 0.0638 1.2697 0.7187, 0.0534 1.2697 0.6419, 0.049 1.2697 0.6459, 0.0429 1.2697 0.6492, 0.0401 1.2697 0.6731, 0.0306 1.2697 0.6761, 0.0469 1.2697 0.6027, 0.0519 1.2697 0.6063, 0.0536 1.2697 0.6079, 0.0567 1.2697 0.6126, 0.0585 1.2697 0.6177, 0.0592 1.2697 0.6246, 0.0584 1.2697 0.6315, 0.0566 1.2697 0.637, 0.024 1.2697 0.6003, 0.0321 1.2697 0.5994, 0.0411 1.2697 0.6005, 0.0105 1.2697 0.6879, 0.0045 1.2697 0.6858, -0.0003 1.2697 0.6827, 0.0051 1.2697 0.6557, 0.0055 1.2697 0.6624, 0.007 1.2697 0.6677, 0.0088 1.2697 0.6709, -0.003 1.2697 0.6801, -0.0062 1.2697 0.6754, 0.0054 1.2697 0.6145, 0.0058 1.2697 0.6145, 0.0473 1.2697 0.6831, 0.0361 1.2697 0.6873, 0.0208 1.2697 0.6891, 0.0111 1.2697 0.6733, 0.0137 1.2697 0.675, 0.0089 1.2697 0.61, 0.0138 1.2697 0.6052, 0.0179 1.2697 0.6025, -1.2023 1.2697 0.0197, -0.9203 1.2697 0.7187, -0.9203 1.2697 0.0197, -0.4492 1.2697 0.7181, -0.4941 1.2697 0.5977, -0.4649 1.2697 0.6307, -0.4149 1.2697 0.6311, -0.477 1.2697 0.5978, -0.4031 1.2697 0.5983, -0.4326 1.2697 0.7182, -0.386 1.2697 0.5984, -0.0922 1.2697 0.7211, -0.0376 1.2697 0.7211, -0.0376 1.2697 0.7558, -0.0922 1.2697 0.7558, -0.1212 1.2697 0.7558, 0.1206 1.2697 0.9127, 0.071 1.2697 0.9307, 0.1361 1.2697 0.9128, 0.1361 1.2697 0.9121, -0.2245 1.2697 0.8797, -0.2303 1.2697 0.844, -0.2273 1.2697 0.83, -0.1676 1.2697 0.9106, -0.186 1.2697 0.9085, -0.2004 1.2697 0.9031, -0.2213 1.2697 0.8176, -0.2123 1.2697 0.807, -0.1997 1.2697 0.7981, -0.186 1.2697 0.7929, -0.1656 1.2697 0.7905, -0.1325 1.2697 0.7908, -0.1334 1.2697 0.9109, -0.2129 1.2697 0.8944, -0.2171 1.2697 0.8903, -0.9203 1.2697 0.7211, -0.9203 1.2697 0.7558, -0.9203 1.2697 0.7901, -0.9203 1.2697 0.9121, -1.3465 1.2697 0.7211, -1.3465 1.2697 0.7558, -1.3465 1.2697 0.7901, -1.3465 1.2697 0.9121, 0.0638 1.2697 0.9307, -0.0376 1.2697 0.9307, -0.0922 1.2697 0.9307, -0.1212 1.2697 0.9307, -0.2339 1.2697 0.9307, -0.2703 1.2697 0.9307, -0.3829 1.2697 0.9307, -0.9203 1.2697 0.9307, -1.3465 1.2697 0.9307, 0.071 1.2697 1.7913, 0.0638 1.2697 1.7913, -0.016 1.2697 1.7913, -0.0376 1.2697 1.7913, -0.0922 1.2697 1.7913, -0.1212 1.2697 1.7913, -0.2339 1.2697 1.7913, -0.2703 1.2697 1.7913, -0.3829 1.2697 1.7913, -0.9203 1.2697 1.7913, -1.3465 1.2697 1.7913, -2.8839 0.3957 1.8067, -2.685 0.4686 1.771, -2.685 0.4921 1.7579, -3.1394 0.2652 1.8534, -3.1325 0.2831 1.8482, -3.3937 0.336 1.8287, -3.1216 0.2988 1.8433, -3.1071 0.3114 1.8392, -3.3937 0.1748 1.8741, -3.1417 0.1709 1.8748, -3.1417 0.2462 1.8585, -3.3937 0.2948 1.8446, -3.3937 0.1709 1.8746, -3.3937 0.052 1.8884, -3.1417 -0.0 1.8898, -3.0901 -0.2886 1.8465, -3.1071 -0.2799 1.8491, -3.3937 -0.3362 1.8293, -3.3937 0.0 1.8879, -3.3937 -0.0716 1.8872, -3.1417 -0.1709 1.8748, -3.3937 -0.1708 1.8736, -3.1417 -0.2147 1.8661, -3.3937 -0.194 1.8705, -3.1394 -0.2337 1.8616, -3.3937 -0.3134 1.8385, -3.1325 -0.2516 1.8571, -3.1216 -0.2673 1.8528, -2.685 -0.4921 1.7579, -2.685 -0.4371 1.7874, -3.3937 -0.4279 1.7919, -2.8843 -0.3641 1.82, -2.9598 -0.3364 1.8297, -3.3937 0.9843 0.9055, -3.3937 0.9842 0.9153, -2.685 0.9843 0.9055, -3.3937 0.9752 1.0386, -2.685 0.9693 1.0764, -3.3937 0.9233 1.2416, -2.685 0.9249 1.2421, -3.3937 0.9509 1.1597, -3.3937 0.9677 1.0761, -3.3937 0.9115 1.2769, -3.3937 0.8578 1.3882, -2.685 0.8524 1.3976, -3.3937 0.8519 1.3973, -3.3937 0.7905 1.4919, -2.685 0.754 1.5382, -3.3937 0.6321 1.6588, -2.685 0.6327 1.6595, -3.3937 0.7108 1.5864, -3.3937 0.7525 1.5369, -3.0901 0.3201 1.8363, -3.0456 0.3364 1.8299, -3.3937 0.4102 1.8002, -3.3937 0.4914 1.7566, -3.3937 0.5191 1.7417, -3.3937 0.6198 1.6701, -3.3937 -0.4912 1.7563, -3.3937 -0.5356 1.7313, -2.685 -0.6327 1.6595, -3.3937 -0.6326 1.6594, -2.685 -0.754 1.5382, -3.3937 -0.6349 1.6576, -3.3937 -0.7241 1.5721, -3.3937 -0.8512 1.3969, -2.685 -0.8524 1.3976, -3.3937 -0.802 1.4761, -3.3937 -0.7526 1.537, -3.3937 -0.8672 1.3711, -3.3937 -0.9187 1.2587, -2.685 -0.9249 1.2421, -3.3937 -0.924 1.2419, -3.3937 -0.9557 1.1408, -2.685 -0.9693 1.0764, -3.3937 -0.9843 0.9055, -2.685 -0.9843 0.9055, -3.3937 -0.9777 1.0192, -3.3937 -0.9674 1.0761, 0.4252 0.4742 0.3789, 0.4252 0.5099 0.4134, 0.1102 0.5099 0.4134, -2.124 0.5733 0.489, -3.3543 0.5011 0.4044, -2.124 0.502 0.4053, -3.3543 0.4725 0.3809, -1.5531 0.502 0.4053, 0.4252 -0.6296 0.5803, 0.4252 -0.5733 0.489, 0.4006 -0.6052 0.5369, 0.3737 -0.5785 0.4962, -1.0593 -0.5329 0.4383, 0.2628 -0.5329 0.4383, 0.4252 -0.4742 0.3789, 0.2781 -0.5336 0.4392, 0.2928 -0.5357 0.4416, 0.3081 -0.5395 0.446, 0.3224 -0.5446 0.452, 0.3498 -0.559 0.47, 0.3672 -0.5732 0.4891, -1.0593 -0.6474 0.6173, -1.0593 -0.5733 0.489, -3.3543 -0.5892 0.5118, -3.3543 -0.6924 0.7584, -1.0593 -0.651 0.6254, -3.3543 -0.6547 0.6343, -3.3543 -0.646 0.618, -0.874 -0.651 0.6254, -0.874 -0.6932 0.7582, -0.874 -0.7087 0.9055, -3.3543 -0.695 0.7673, -3.3543 -0.7087 0.9055, -3.3543 0.7087 0.9055, -3.3543 0.695 0.7673, -2.124 0.7087 0.9055, -2.124 0.6932 0.7582, -3.3543 0.6924 0.7584, -3.3543 0.6547 0.6343, -2.124 0.6474 0.6173, -3.3543 0.646 0.618, -3.3543 0.5892 0.5118, -3.3543 0.5716 0.4904, 0.1102 0.7087 0.9055, -1.5531 0.7087 0.9055, 0.1102 0.6932 0.7582, -1.5531 0.6932 0.7582, 0.1102 0.6474 0.6173, -1.5531 0.6474 0.6173, 0.1102 0.5733 0.489, -1.5531 0.5733 0.489, -3.3543 0.3937 0.3163, 0.4252 0.3543 0.2918, -3.3543 0.3529 0.2945, -3.3543 0.2712 0.2508, 0.4252 0.219 0.2315, -3.3543 0.218 0.2347, -3.3543 0.1383 0.2105, 0.4252 0.0741 0.2007, -3.3543 0.0737 0.2041, -3.3543 0.0 0.1969, 0.4252 -0.0741 0.2007, -3.3543 -0.0737 0.2041, -3.3543 -0.1383 0.2105, 0.4252 -0.219 0.2315, -3.3543 -0.218 0.2347, -3.3543 -0.2712 0.2508, 0.4252 -0.3543 0.2918, -3.3543 -0.3529 0.2945, -3.3543 -0.3937 0.3163, -3.3543 -0.4725 0.3809, -3.3543 -0.5011 0.4044, -3.3543 -0.5716 0.4904, 0.3372 -0.7087 0.9055, -0.1653 -0.7087 0.9055, 0.3295 -0.701 1.0094, -0.1653 -0.6941 1.0485, 0.3207 -0.6923 1.0481, 0.3064 -0.6781 1.1113, -0.1653 -0.651 1.1856, 0.279 -0.651 1.1856, 0.8189 0.6988 0.1769, 1.5787 0.6988 0.1769, 0.8189 0.7894 0.1769, 1.5787 0.7894 0.1769, 2.0213 1.1709 0.1205, 0.7402 1.1709 0.1205, 2.0213 1.1709 0.122, 0.7402 1.1709 0.122, 1.6378 1.0118 0.1024, 1.9606 1.0118 0.1024, 1.6378 0.8681 0.1024, 2.0394 0.9331 0.1024, 2.0394 0.8681 0.1024, 0.7402 1.122 0.1693, 0.7402 1.0118 0.1693, 0.7402 1.0118 0.0197, 2.0394 1.189 0.122, 1.6378 0.7894 0.1179, 1.6378 0.6988 0.1179, -2.3976 -1.25 0.0197, -2.685 -1.25 0.0197, -2.3976 -1.0157 0.0197, -2.685 -0.429 0.0197, 1.2203 0.1181 0.0197, 1.1828 0.167 0.0197, 1.1339 0.2046 0.0197, 1.0769 0.2282 0.0197, 2.0394 0.6201 0.0197, 2.0394 -1.25 0.0197, 1.8228 -0.9783 0.0197, 1.8228 -1.25 0.0197, 1.0158 0.2362 0.0197, -0.2047 0.315 0.0197, -2.685 1.2697 0.0197, -2.4622 1.2697 0.0197, -2.685 0.429 0.0197, -2.4622 0.8858 0.0197, 1.6378 1.0118 0.0197, 1.6378 0.6988 0.0197, 1.2439 0.0611 0.0197, 1.252 0.0 0.0197, -2.124 0.8858 0.0197, -2.124 0.502 0.0197, -0.874 -0.651 0.0197, -0.874 -0.8563 0.0197, -1.0593 -0.651 0.0197, -1.1496 -0.8563 0.0197, 0.7537 -0.9555 0.0197, 0.3737 -0.5785 0.0197, 0.8487 -0.167 0.0197, -1.5356 -0.1181 0.0197, -1.512 -0.0611 0.0197, -0.7953 -0.2756 0.0197, -1.5039 0.0 0.0197, -0.7953 0.315 0.0197, -1.5731 0.167 0.0197, -1.2023 0.8858 0.0197, -1.5356 0.1181 0.0197, -1.512 0.0611 0.0197, -1.622 0.2046 0.0197, -1.679 0.2282 0.0197, -1.7402 0.2362 0.0197, 0.9546 0.2282 0.0197, 0.8976 0.2046 0.0197, 0.8487 0.167 0.0197, 0.8112 0.1181 0.0197, 0.7876 0.0611 0.0197, -0.2047 -0.2756 0.0197, 0.8112 -0.1181 0.0197, -1.5531 0.8858 0.0197, -1.5531 0.502 0.0197, -1.8013 0.2282 0.0197, -1.8583 0.2046 0.0197, -1.9072 0.167 0.0197, -1.9447 0.1181 0.0197, -1.9683 0.0611 0.0197, -1.9764 0.0 0.0197, -1.5731 -0.167 0.0197, -1.0593 -0.5329 0.0197, -1.622 -0.2046 0.0197, -1.679 -0.2282 0.0197, 0.2628 -0.5329 0.0197, 0.2928 -0.5357 0.0197, 0.3224 -0.5446 0.0197, 0.7795 0.0 0.0197, 0.7876 -0.0611 0.0197, 0.3498 -0.559 0.0197, -1.9683 -0.0611 0.0197, -1.9447 -0.1181 0.0197, -1.9072 -0.167 0.0197, -1.8583 -0.2046 0.0197, -1.8013 -0.2282 0.0197, -1.7402 -0.2362 0.0197, 1.1339 -0.2046 0.0197, 1.1828 -0.167 0.0197, 1.2203 -0.1181 0.0197, -1.3465 -1.0157 0.0197, -1.3465 -1.25 0.0197, -1.1496 -1.25 0.0197, 0.8092 -0.9783 0.0197, 1.0158 -0.2362 0.0197, 1.0769 -0.2282 0.0197, 1.9606 0.6988 0.0197, 1.2439 -0.0611 0.0197, 0.8976 -0.2046 0.0197, 0.9546 -0.2282 0.0197, 0.77 -0.9679 0.0197, 0.7889 -0.9757 0.0197, 1.9606 0.7894 0.4134, 1.9606 0.7894 0.1811, 2.0394 0.8681 0.4134, 2.0394 0.9331 0.4134, -0.6772 1.0118 1.3583, 1.1142 1.0118 1.5236, 1.9606 1.0118 1.3583, 1.5866 1.0118 1.5236, 1.9606 1.0118 1.5236, 0.6614 1.0118 0.248, 1.9606 1.0118 0.4134, -0.6772 1.0118 0.4134, -1.1102 1.0118 0.248, -1.1102 1.0118 1.5236, 1.6378 0.7894 0.1811, 0.8189 0.7894 0.4134, 2.0394 1.189 0.248, 0.6614 1.1102 0.248, 0.7284 1.1102 0.1811, 1.9606 1.1102 0.1811, 1.9606 1.1102 0.248, 1.1142 1.1102 1.5236, -1.1102 1.1102 1.5236, 1.8701 1.1102 0.248, 1.5866 1.1102 1.7913, 1.1142 1.1102 1.7913, 1.5866 1.1102 1.5236, -1.1102 1.1102 0.248, 1.8701 1.1102 1.5236, 0.1102 0.7252 1.3583, 0.8189 0.7894 1.3583, 2.0394 0.9331 1.3583, 2.0394 0.8681 1.3583, 1.9606 0.7894 1.3583, 0.6956 0.3973 1.3583, 0.5662 0.4657 1.3583, 0.8189 0.6988 1.3583, 0.4252 0.5349 1.3583, 0.4252 0.5452 1.3583, 0.1102 0.5452 1.3583, 2.0394 0.6201 1.3583, 2.0394 0.3973 1.3583, 1.9606 0.6988 1.3583, 0.8583 0.6988 1.3583, 0.1102 0.7252 0.4134, 0.8189 0.6988 0.4134, 0.4252 0.4989 0.4134, 0.5662 0.4238 0.4134, 0.6926 0.3492 0.4134, 1.9606 0.6988 0.4134, 2.0394 0.3492 0.4134, 2.0394 0.6201 0.4134, 1.8228 -1.1402 0.1004, 1.8228 -1.126 0.1063, 1.8228 -1.0965 1.2008, 1.8228 -0.9783 1.2008, 1.8228 -1.0965 0.1575, 1.8228 -1.0985 0.1422, 1.8228 -1.1138 0.1157, 1.8228 -1.1044 0.128, 1.8228 -1.1555 0.0984, 1.8228 -1.25 0.0984, 1.5276 -1.0965 0.6496, 1.5276 -1.25 0.6496, 1.5276 -1.0965 1.2008, 1.5276 -1.25 1.7913, 1.5276 -1.063 1.2008, 1.5276 -1.063 1.7913, 1.4291 -1.25 0.0984, 1.4291 -1.1555 0.0984, 1.4291 -1.1402 0.1004, 1.4291 -1.126 0.1063, 1.4291 -1.1138 0.1157, 1.4291 -1.1044 0.128, 1.4291 -1.0985 0.1422, 1.4291 -1.0965 0.1575, 1.1339 -1.063 1.7913, 1.1339 -1.063 1.2008, 0.8092 -0.9783 1.2008, 0.7889 -0.9757 1.2008, 0.77 -0.9679 1.2008, 0.7537 -0.9555 1.2008, 1.4291 -1.0965 0.0197, 0.793 -1.0965 0.0197, 0.793 -1.0965 1.2008, 1.1339 -1.0965 1.2008, 1.1339 -1.0965 0.6496, 1.1339 -1.25 0.6496, 1.1339 -1.25 1.7913, 0.1181 -0.8563 0.0197, 0.1181 -1.25 0.0197, 0.1181 -0.8563 0.1654, 0.1181 -1.25 0.1654, 0.7524 -1.0911 1.2008, 0.7524 -1.0911 0.0197, 0.7146 -1.0756 1.2008, 0.7146 -1.0756 0.0197, 0.6821 -1.0508 1.2008, 0.6821 -1.0508 0.0197, 0.302 -0.6738 0.0197, 0.302 -0.6738 0.686, 0.279 -0.651 1.2008, 0.321 -0.6926 0.7629, 0.3274 -0.699 0.7889, 0.3369 -0.7084 0.8872, 0.2598 -0.6521 0.628, 0.2669 -0.6536 0.6317, 0.2669 -0.6536 0.0197, 0.2858 -0.6614 0.0197, 0.2858 -0.6614 0.6511, 0.2774 -0.6572 0.6405, 0.2466 -0.651 0.0197, 0.2466 -0.651 0.6254, 0.252 -0.6512 0.6259, 0.0 -1.0138 0.2441, 0.0787 -0.935 0.1654, 0.0 -1.1122 0.2441, 0.0787 -1.1909 0.1654, 1.4291 -1.25 0.0197, 1.252 0.0 -0.1575, 1.2451 0.0565 -0.1575, 1.2434 0.061 -0.1575, 1.2249 0.1098 -0.1575, 1.2195 0.1176 -0.1575, 1.1926 0.1566 -0.1575, 1.1819 0.1661 -0.1575, 1.1499 0.1944 -0.1575, 1.1332 0.2032 -0.1575, 1.0995 0.2209 -0.1575, 1.0765 0.2265 -0.1575, 1.0442 0.2345 -0.1575, 1.0158 0.2345 -0.1575, 0.9873 0.2345 -0.1575, 0.955 0.2265 -0.1575, 0.932 0.2209 -0.1575, 0.8984 0.2032 -0.1575, 0.8816 0.1944 -0.1575, 0.8496 0.1661 -0.1575, 0.8389 0.1566 -0.1575, 0.812 0.1176 -0.1575, 0.8066 0.1098 -0.1575, 0.7795 0.0 -0.1575, 0.7864 0.0565 -0.1575, 0.7881 0.061 -0.1575, 0.7864 -0.0565 -0.1575, 0.7881 -0.061 -0.1575, 0.8066 -0.1098 -0.1575, 0.812 -0.1176 -0.1575, 0.8389 -0.1566 -0.1575, 0.8496 -0.1661 -0.1575, 0.8816 -0.1944 -0.1575, 0.8984 -0.2032 -0.1575, 0.932 -0.2209 -0.1575, 0.955 -0.2265 -0.1575, 0.9873 -0.2345 -0.1575, 1.0158 -0.2345 -0.1575, 1.0442 -0.2345 -0.1575, 1.0765 -0.2265 -0.1575, 1.0995 -0.2209 -0.1575, 1.1332 -0.2032 -0.1575, 1.1499 -0.1944 -0.1575, 1.1819 -0.1661 -0.1575, 1.1926 -0.1566 -0.1575, 1.2195 -0.1176 -0.1575, 1.2249 -0.1098 -0.1575, 1.2451 -0.0565 -0.1575, 1.2434 -0.061 -0.1575, 1.9606 0.6988 0.1575, 0.4252 -0.6296 0.5978, 0.4252 -0.5806 0.5131, 0.4252 -0.492 0.4065, 0.4252 -0.3842 0.3194, 0.4252 -0.2614 0.2553, 0.4252 -0.1283 0.2166, 0.4252 0.0098 0.2048, 0.4252 0.1475 0.2204, 0.4252 0.2795 0.2629, 0.4252 0.4005 0.3304, 0.4272 -0.6345 1.2009, 0.4252 -0.6442 1.2008, 0.4252 -0.573 1.309, 0.4252 -0.5733 1.3221, 0.4252 -0.4791 1.4169, 0.4252 -0.4742 1.4322, 0.4252 -0.3653 1.5035, 0.4252 -0.3543 1.5192, 0.4252 -0.2363 1.5653, 0.4252 -0.219 1.5795, 0.4252 -0.0974 1.5995, 0.4252 -0.0741 1.6103, 0.4252 0.0456 1.6048, 0.4252 0.0741 1.6103, 0.4252 0.1866 1.581, 0.4252 0.219 1.5795, 0.4252 0.3199 1.529, 0.4252 0.3543 1.5192, 0.4252 0.4398 1.4511, 0.4252 0.4742 1.4322, 2.0394 0.6201 1.5819, 1.9606 0.6988 1.4961, 1.9606 0.6988 1.5031, 0.6956 0.3781 1.3745, 2.0394 0.2907 1.4331, 2.0394 0.1624 1.4856, 0.6956 0.275 1.4415, 0.6956 0.2898 1.4318, 0.6956 0.0257 1.5061, 0.6956 0.0392 1.5066, 2.0394 0.0256 1.5073, 0.6956 0.1604 1.4861, 0.6956 0.1624 1.4854, 0.6956 -0.0837 1.502, 2.0394 -0.1125 1.4973, 0.6956 -0.112 1.4951, 0.6956 -0.2031 1.4726, 2.0394 -0.2447 1.4559, 0.6956 -0.2435 1.4533, 0.6956 -0.314 1.4196, 2.0394 -0.364 1.3855, 0.6956 -0.3621 1.383, 0.6956 -0.4119 1.3451, 2.0394 -0.464 1.2896, 0.6956 -0.4618 1.2877, 0.6956 -0.4925 1.2523, 2.0394 -0.5395 1.1734, 0.6956 -0.5374 1.1723, 0.6956 -0.5527 1.145, 2.0394 -0.5864 1.0431, 0.6956 -0.5851 1.0427, 0.6956 -0.5898 1.0278, 2.0394 -0.6024 0.9055, 0.6956 -0.6024 0.9055, 0.5662 0.4657 1.3583, 0.4672 -0.6712 1.0447, 0.4777 -0.6817 0.9055, 0.4353 -0.6396 1.1827, 0.6956 0.3442 0.4112, 0.6956 0.3492 0.4147, 0.5662 0.4238 0.4134, 0.47 -0.674 0.7863, 0.6956 -0.5906 0.787, 0.4669 -0.671 0.7708, 0.6956 -0.5867 0.7743, 0.4469 -0.6511 0.6685, 0.6956 -0.5557 0.673, 0.4372 -0.6415 0.637, 0.6956 -0.5431 0.6497, 0.6956 -0.4991 0.5682, 0.6956 -0.4736 0.5375, 0.6956 -0.4229 0.4766, 0.6956 -0.3815 0.4432, 0.6956 -0.3303 0.4018, 0.6956 -0.2712 0.3709, 0.6956 -0.2247 0.3466, 0.6956 -0.1479 0.3243, 0.6956 -0.1103 0.3133, 0.6956 -0.0174 0.3054, 0.6956 0.0084 0.3032, 0.6956 0.1143 0.3152, 0.6956 0.1268 0.3167, 0.6956 0.2402 0.3531, 0.6956 0.2408 0.3535, 2.0394 0.3492 0.4147, 2.0394 0.2409 0.3534, 2.0394 -0.5878 0.7739, 2.0394 -0.5449 0.6487, 2.0394 -0.4756 0.5359, 2.0394 -0.3834 0.4409, 2.0394 -0.2726 0.3684, 2.0394 -0.1487 0.3218, 2.0394 -0.0175 0.3034, 2.0394 0.1144 0.3141, 0.4006 -0.6052 0.5369, 0.809 0.1085 -0.1779, 0.8409 0.1549 -0.1779, 0.8831 0.1922 -0.1779, 0.9329 0.2184 -0.1779, 1.1484 0.1922 -0.1779, 1.1906 0.1549 -0.1779, 1.2225 0.1085 -0.1779, 1.2425 0.0559 -0.1779, 1.0716 0.1472 -0.2362, 1.0347 0.1563 -0.2362, 1.0788 0.1663 -0.2335, 1.0372 0.1766 -0.2335, 1.0856 0.1841 -0.2257, 1.0395 0.1954 -0.2257, 1.0913 0.1993 -0.2132, 1.1052 0.1296 -0.2362, 1.1168 0.1464 -0.2335, 1.1276 0.162 -0.2257, 1.1368 0.1754 -0.2132, 1.1439 0.1857 -0.1968, 1.1336 0.1044 -0.2362, 1.1489 0.1179 -0.2335, 1.1631 0.1305 -0.2257, 1.1753 0.1414 -0.2132, 1.1847 0.1496 -0.1968, 1.043 0.224 -0.1968, 1.0439 0.2318 -0.1779, 1.0986 0.2184 -0.1779, 1.1732 0.0 -0.2362, 1.1687 0.0377 -0.2362, 1.1936 0.0 -0.2335, 1.1884 0.0426 -0.2335, 1.2126 0.0 -0.2257, 1.2069 0.0471 -0.2257, 1.2289 0.0 -0.2132, 1.2227 0.051 -0.2132, 1.2414 0.0 -0.1968, 1.2349 0.054 -0.1968, 1.2493 0.0 -0.1779, 1.2156 0.1049 -0.1968, 1.2045 0.0991 -0.2132, 1.1901 0.0915 -0.2257, 1.1732 0.0827 -0.2335, 1.1552 0.0732 -0.2362, 1.0414 0.2116 -0.2132, 1.0958 0.211 -0.1968, 0.9876 0.2318 -0.1779, 0.9886 0.224 -0.1968, 0.9901 0.2116 -0.2132, 0.992 0.1954 -0.2257, 0.9943 0.1766 -0.2335, 0.9968 0.1563 -0.2362, 0.9357 0.211 -0.1968, 0.9402 0.1993 -0.2132, 0.9459 0.1841 -0.2257, 0.9527 0.1663 -0.2335, 0.9599 0.1472 -0.2362, 0.8876 0.1857 -0.1968, 0.8947 0.1754 -0.2132, 0.9039 0.162 -0.2257, 0.9147 0.1464 -0.2335, 0.9263 0.1296 -0.2362, 0.8468 0.1496 -0.1968, 0.8562 0.1414 -0.2132, 0.8684 0.1305 -0.2257, 0.8826 0.1179 -0.2335, 0.8979 0.1044 -0.2362, 0.8159 0.1049 -0.1968, 0.827 0.0991 -0.2132, 0.8415 0.0915 -0.2257, 0.8583 0.0827 -0.2335, 0.8763 0.0732 -0.2362, 0.789 0.0559 -0.1779, 0.7966 0.054 -0.1968, 0.8088 0.051 -0.2132, 0.8246 0.0471 -0.2257, 0.8431 0.0426 -0.2335, 0.8628 0.0377 -0.2362, 0.8583 0.0 -0.2362, 0.8379 0.0 -0.2335, 0.8189 0.0 -0.2257, 0.8026 0.0 -0.2132, 0.7901 0.0 -0.1968, 0.7822 0.0 -0.1779, 1.2225 -0.1085 -0.1779, 1.1906 -0.1549 -0.1779, 1.1484 -0.1922 -0.1779, 1.0986 -0.2184 -0.1779, 0.8831 -0.1922 -0.1779, 0.8409 -0.1549 -0.1779, 0.809 -0.1085 -0.1779, 0.789 -0.0559 -0.1779, 0.9599 -0.1472 -0.2362, 0.9968 -0.1563 -0.2362, 0.9527 -0.1663 -0.2335, 0.9943 -0.1766 -0.2335, 0.9459 -0.1841 -0.2257, 0.992 -0.1954 -0.2257, 0.9402 -0.1993 -0.2132, 0.9263 -0.1296 -0.2362, 0.9147 -0.1464 -0.2335, 0.9039 -0.162 -0.2257, 0.8947 -0.1754 -0.2132, 0.8876 -0.1857 -0.1968, 0.8979 -0.1044 -0.2362, 0.8826 -0.1179 -0.2335, 0.8684 -0.1305 -0.2257, 0.8562 -0.1414 -0.2132, 0.8468 -0.1496 -0.1968, 0.9886 -0.224 -0.1968, 0.9876 -0.2318 -0.1779, 0.9329 -0.2184 -0.1779, 0.8628 -0.0377 -0.2362, 0.8431 -0.0426 -0.2335, 0.8246 -0.0471 -0.2257, 0.8088 -0.051 -0.2132, 0.7966 -0.054 -0.1968, 0.8159 -0.1049 -0.1968, 0.827 -0.0991 -0.2132, 0.8415 -0.0915 -0.2257, 0.8583 -0.0827 -0.2335, 0.8763 -0.0732 -0.2362, 0.9901 -0.2116 -0.2132, 0.9357 -0.211 -0.1968, 1.0439 -0.2318 -0.1779, 1.043 -0.224 -0.1968, 1.0414 -0.2116 -0.2132, 1.0395 -0.1954 -0.2257, 1.0372 -0.1766 -0.2335, 1.0347 -0.1563 -0.2362, 1.0958 -0.211 -0.1968, 1.0913 -0.1993 -0.2132, 1.0856 -0.1841 -0.2257, 1.0788 -0.1663 -0.2335, 1.0716 -0.1472 -0.2362, 1.1439 -0.1857 -0.1968, 1.1368 -0.1754 -0.2132, 1.1276 -0.162 -0.2257, 1.1168 -0.1464 -0.2335, 1.1052 -0.1296 -0.2362, 1.1847 -0.1496 -0.1968, 1.1753 -0.1414 -0.2132, 1.1631 -0.1305 -0.2257, 1.1489 -0.1179 -0.2335, 1.1336 -0.1044 -0.2362, 1.2156 -0.1049 -0.1968, 1.2045 -0.0991 -0.2132, 1.1901 -0.0915 -0.2257, 1.1732 -0.0827 -0.2335, 1.1552 -0.0732 -0.2362, 1.2425 -0.0559 -0.1779, 1.2349 -0.054 -0.1968, 1.2227 -0.051 -0.2132, 1.2069 -0.0471 -0.2257, 1.1884 -0.0426 -0.2335, 1.1687 -0.0377 -0.2362, 1.1142 0.6988 1.7913, 1.5866 0.6988 1.7913, 1.1142 0.6988 1.5031, 1.5866 0.6988 1.5031, 0.8189 0.6988 1.5031, 1.1142 0.7894 1.5031, 1.1142 0.7894 1.5236, 1.5866 0.7894 1.5031, 1.5866 0.7894 1.5236, 0.1102 0.6474 1.1938, 0.1102 0.5733 1.3221, 0.1102 0.6932 1.0529, 2.0394 0.9331 1.6024, 1.9606 0.7894 1.5031, 2.0394 0.8681 1.5819, 0.8189 0.7894 1.5031, 1.9488 1.189 0.248, 1.9488 1.189 1.5236, 2.0394 -1.25 1.7913, 0.0 -1.1122 1.2598, 0.0 -1.0138 1.2598, -0.7953 -0.2756 0.0591, -0.2047 -0.2756 0.0591, -0.2047 0.315 0.0591, -0.7953 0.315 0.0591, -0.6716 0.1071 0.0591, -0.5268 0.1071 0.0591, -0.6716 -0.1608 0.0591, -0.5268 -0.1438 0.0591, -0.4715 0.1071 0.0591, -0.3106 0.1071 0.0591, -0.4715 -0.1438 0.0591, -0.3106 -0.1713 0.0591, -0.2549 -0.1713 0.0591, -0.2549 0.1671 0.0591, -0.7273 0.1671 0.0591, -0.7273 -0.1608 0.0591, -0.2549 -0.1713 0.0197, -0.2549 0.1671 0.0197, -0.7273 0.1671 0.0197, -0.7273 -0.1608 0.0197, -0.6716 -0.1608 0.0197, -0.6716 0.1071 0.0197, -0.5268 0.1071 0.0197, -0.5268 -0.1438 0.0197, -0.4715 -0.1438 0.0197, -0.4715 0.1071 0.0197, -0.3106 0.1071 0.0197, -0.3106 -0.1713 0.0197, -0.874 -0.651 1.6535, -0.874 -0.651 1.2008, -0.1653 -0.651 1.6535, -0.1653 -0.651 1.2008, -0.1653 -0.651 0.6254, -0.1653 -0.651 0.0197, -0.874 -1.1122 1.6535, -0.874 -1.1122 1.2598, -0.874 -1.0138 1.2598, -0.874 -1.0138 0.2441, -0.874 -0.935 0.1654, -0.874 -0.8563 0.1654, -0.874 -0.6932 1.0529, -0.874 -0.651 1.1856, -0.1653 -0.8563 0.0197, -0.1653 -0.8563 0.1654, -0.1653 -1.0138 0.2441, -0.1653 -1.0138 1.2598, -0.1653 -1.1122 1.2598, -0.1653 -1.1122 1.6535, -0.1653 -0.935 0.1654, -0.1653 -0.6941 0.7625, -1.0394 -1.1122 0.2441, -1.0394 -1.1122 1.2598, 0.2743 -0.6631 0.6555, -1.0394 -1.0138 1.2598, -1.0394 -1.0138 0.2441, -1.3465 -1.25 1.7913, -1.1496 -1.25 0.1654, -1.1496 -0.8563 0.1654, -1.1181 -1.1909 0.1654, -1.1181 -0.935 0.1654, -1.2023 0.8858 0.1654, -1.0593 -0.6442 1.2008, -1.0593 -0.651 1.2008, -1.0593 -0.6474 1.1938, -1.0593 -0.651 1.1856, -1.3465 1.1417 1.5866, -1.3465 1.0236 1.7047, -1.3465 -0.8976 1.7047, -1.3465 -1.0157 1.5866, -1.3465 1.1417 0.1654, -1.3779 0.8858 1.3858, -1.3779 0.9843 1.3858, -1.3779 0.9843 0.7218, -1.3779 0.8858 0.2441, -1.3779 0.9843 0.5118, -1.3779 0.9843 0.2441, -1.6811 -1.0157 0.6024, -1.6811 -1.0157 0.8937, -1.6811 -1.0945 0.6024, -1.6811 -1.0945 0.7402, -2.0354 -1.0157 0.6024, -2.0354 -1.0945 0.6024, -2.0354 -1.0157 0.8937, -2.0354 -1.0945 0.7402, -2.124 0.8858 1.3858, -2.124 0.6743 1.3858, -2.124 0.6743 1.1234, -2.124 0.6932 1.0529, -1.5531 0.5211 1.3858, -1.5531 0.8858 1.3858, -1.5531 0.5733 1.3221, -1.5531 0.6474 1.1938, -1.5531 0.6932 1.0529, -1.2992 0.8858 0.1654, -1.5039 0.0 -0.1575, -1.5108 0.0565 -0.1575, -1.5125 0.061 -0.1575, -1.531 0.1098 -0.1575, -1.5364 0.1176 -0.1575, -1.5633 0.1566 -0.1575, -1.574 0.1661 -0.1575, -1.606 0.1944 -0.1575, -1.6228 0.2032 -0.1575, -1.6564 0.2209 -0.1575, -1.6794 0.2265 -0.1575, -1.7117 0.2345 -0.1575, -1.7402 0.2345 -0.1575, -1.7686 0.2345 -0.1575, -1.8009 0.2265 -0.1575, -1.8239 0.2209 -0.1575, -1.8576 0.2032 -0.1575, -1.8743 0.1944 -0.1575, -1.9063 0.1661 -0.1575, -1.917 0.1566 -0.1575, -1.9439 0.1176 -0.1575, -1.9493 0.1098 -0.1575, -1.9764 0.0 -0.1575, -1.9695 0.0565 -0.1575, -1.9678 0.061 -0.1575, -1.9695 -0.0565 -0.1575, -1.9678 -0.061 -0.1575, -1.9493 -0.1098 -0.1575, -1.9439 -0.1176 -0.1575, -1.917 -0.1566 -0.1575, -1.9063 -0.1661 -0.1575, -1.8743 -0.1944 -0.1575, -1.8576 -0.2032 -0.1575, -1.8239 -0.2209 -0.1575, -1.8009 -0.2265 -0.1575, -1.7686 -0.2345 -0.1575, -1.7402 -0.2345 -0.1575, -1.7117 -0.2345 -0.1575, -1.6794 -0.2265 -0.1575, -1.6564 -0.2209 -0.1575, -1.6228 -0.2032 -0.1575, -1.606 -0.1944 -0.1575, -1.574 -0.1661 -0.1575, -1.5633 -0.1566 -0.1575, -1.5364 -0.1176 -0.1575, -1.531 -0.1098 -0.1575, -1.5108 -0.0565 -0.1575, -1.5125 -0.061 -0.1575, -2.2992 0.8858 1.3858, -2.2992 0.9843 1.3858, -2.0096 0.5823 1.3858, -2.0448 0.6138 1.3858, -2.2252 0.6372 1.3858, -2.1793 0.648 1.3858, -2.1321 0.6476 1.3858, -1.973 0.5211 1.3858, -1.9829 0.5434 1.3858, -2.0864 0.636 1.3858, -1.9606 0.4524 1.451, -1.9606 0.4524 1.7047, -1.9618 0.4742 1.4322, -1.9663 0.4993 1.7047, -1.9829 0.5434 1.7047, -1.9677 0.4989 1.4077, -2.2252 0.6372 1.7047, -2.1793 0.648 1.7047, -2.1321 0.6476 1.7047, -2.0864 0.636 1.7047, -2.0448 0.6138 1.7047, -2.0096 0.5823 1.7047, -1.9606 0.3543 1.5192, -1.9606 -0.4209 1.4756, -1.9606 -0.4209 1.7047, -1.9606 -0.3543 1.5192, -1.9606 -0.219 1.5795, -1.9606 0.219 1.5795, -1.9606 0.0741 1.6103, -1.9606 -0.0741 1.6103, -2.0096 -0.5508 1.3514, -2.0096 -0.5508 1.7047, -1.9829 -0.5119 1.7047, -2.2252 -0.6057 1.2733, -2.2252 -0.6057 1.7047, -2.2033 -0.6124 1.2622, -2.1793 -0.6165 1.7047, -2.1793 -0.6165 1.2549, -2.1557 -0.6178 1.2528, -2.1321 -0.6161 1.7047, -2.1321 -0.6161 1.2556, -2.1082 -0.6115 1.2637, -2.0864 -0.6045 1.7047, -2.0864 -0.6045 1.2754, -2.0448 -0.5823 1.7047, -2.0448 -0.5823 1.3094, -2.0344 -0.573 1.3218, -1.9663 -0.4678 1.4379, -1.9686 -0.474 1.4319, -1.9829 -0.5119 1.3956, -1.9663 -0.4678 1.7047, -1.9469 0.1085 -0.1779, -1.915 0.1549 -0.1779, -1.8728 0.1922 -0.1779, -1.823 0.2184 -0.1779, -1.7683 0.2318 -0.1779, -1.5653 0.1549 -0.1779, -1.5334 0.1085 -0.1779, -1.5134 0.0559 -0.1779, -1.6507 0.1296 -0.2362, -1.6843 0.1472 -0.2362, -1.6391 0.1464 -0.2335, -1.6771 0.1663 -0.2335, -1.6283 0.162 -0.2257, -1.6703 0.1841 -0.2257, -1.6191 0.1754 -0.2132, -1.6646 0.1993 -0.2132, -1.612 0.1857 -0.1968, -1.6223 0.1044 -0.2362, -1.607 0.1179 -0.2335, -1.5928 0.1305 -0.2257, -1.5806 0.1414 -0.2132, -1.5712 0.1496 -0.1968, -1.6601 0.211 -0.1968, -1.6573 0.2184 -0.1779, -1.6075 0.1922 -0.1779, -1.5827 0.0 -0.2362, -1.5872 0.0377 -0.2362, -1.5623 0.0 -0.2335, -1.5675 0.0426 -0.2335, -1.5433 0.0 -0.2257, -1.549 0.0471 -0.2257, -1.527 0.0 -0.2132, -1.5332 0.051 -0.2132, -1.5145 0.0 -0.1968, -1.521 0.054 -0.1968, -1.5066 0.0 -0.1779, -1.5403 0.1049 -0.1968, -1.5514 0.0991 -0.2132, -1.5658 0.0915 -0.2257, -1.5827 0.0827 -0.2335, -1.6007 0.0732 -0.2362, -1.712 0.2318 -0.1779, -1.713 0.224 -0.1968, -1.7145 0.2116 -0.2132, -1.7164 0.1954 -0.2257, -1.7187 0.1766 -0.2335, -1.7212 0.1563 -0.2362, -1.7674 0.224 -0.1968, -1.7658 0.2116 -0.2132, -1.7639 0.1954 -0.2257, -1.7616 0.1766 -0.2335, -1.7591 0.1563 -0.2362, -1.8202 0.211 -0.1968, -1.8157 0.1993 -0.2132, -1.81 0.1841 -0.2257, -1.8032 0.1663 -0.2335, -1.796 0.1472 -0.2362, -1.8683 0.1857 -0.1968, -1.8612 0.1754 -0.2132, -1.852 0.162 -0.2257, -1.8412 0.1464 -0.2335, -1.8296 0.1296 -0.2362, -1.9091 0.1496 -0.1968, -1.8997 0.1414 -0.2132, -1.8875 0.1305 -0.2257, -1.8733 0.1179 -0.2335, -1.858 0.1044 -0.2362, -1.94 0.1049 -0.1968, -1.9289 0.0991 -0.2132, -1.9145 0.0915 -0.2257, -1.8976 0.0827 -0.2335, -1.8796 0.0732 -0.2362, -1.9669 0.0559 -0.1779, -1.9593 0.054 -0.1968, -1.9471 0.051 -0.2132, -1.9313 0.0471 -0.2257, -1.9128 0.0426 -0.2335, -1.8931 0.0377 -0.2362, -1.8976 0.0 -0.2362, -1.918 0.0 -0.2335, -1.937 0.0 -0.2257, -1.9533 0.0 -0.2132, -1.9658 0.0 -0.1968, -1.9737 0.0 -0.1779, -1.5334 -0.1085 -0.1779, -1.5653 -0.1549 -0.1779, -1.6075 -0.1922 -0.1779, -1.6573 -0.2184 -0.1779, -1.8728 -0.1922 -0.1779, -1.915 -0.1549 -0.1779, -1.9469 -0.1085 -0.1779, -1.9669 -0.0559 -0.1779, -1.796 -0.1472 -0.2362, -1.7591 -0.1563 -0.2362, -1.8032 -0.1663 -0.2335, -1.7616 -0.1766 -0.2335, -1.81 -0.1841 -0.2257, -1.7639 -0.1954 -0.2257, -1.8157 -0.1993 -0.2132, -1.8296 -0.1296 -0.2362, -1.8412 -0.1464 -0.2335, -1.852 -0.162 -0.2257, -1.8612 -0.1754 -0.2132, -1.8683 -0.1857 -0.1968, -1.858 -0.1044 -0.2362, -1.8733 -0.1179 -0.2335, -1.8875 -0.1305 -0.2257, -1.8997 -0.1414 -0.2132, -1.9091 -0.1496 -0.1968, -1.7674 -0.224 -0.1968, -1.7683 -0.2318 -0.1779, -1.823 -0.2184 -0.1779, -1.8931 -0.0377 -0.2362, -1.9128 -0.0426 -0.2335, -1.9313 -0.0471 -0.2257, -1.9471 -0.051 -0.2132, -1.9593 -0.054 -0.1968, -1.94 -0.1049 -0.1968, -1.9289 -0.0991 -0.2132, -1.9145 -0.0915 -0.2257, -1.8976 -0.0827 -0.2335, -1.8796 -0.0732 -0.2362, -1.7658 -0.2116 -0.2132, -1.8202 -0.211 -0.1968, -1.712 -0.2318 -0.1779, -1.713 -0.224 -0.1968, -1.7145 -0.2116 -0.2132, -1.7164 -0.1954 -0.2257, -1.7187 -0.1766 -0.2335, -1.7212 -0.1563 -0.2362, -1.6601 -0.211 -0.1968, -1.6646 -0.1993 -0.2132, -1.6703 -0.1841 -0.2257, -1.6771 -0.1663 -0.2335, -1.6843 -0.1472 -0.2362, -1.612 -0.1857 -0.1968, -1.6191 -0.1754 -0.2132, -1.6283 -0.162 -0.2257, -1.6391 -0.1464 -0.2335, -1.6507 -0.1296 -0.2362, -1.5712 -0.1496 -0.1968, -1.5806 -0.1414 -0.2132, -1.5928 -0.1305 -0.2257, -1.607 -0.1179 -0.2335, -1.6223 -0.1044 -0.2362, -1.5403 -0.1049 -0.1968, -1.5514 -0.0991 -0.2132, -1.5658 -0.0915 -0.2257, -1.5827 -0.0827 -0.2335, -1.6007 -0.0732 -0.2362, -1.5134 -0.0559 -0.1779, -1.521 -0.054 -0.1968, -1.5332 -0.051 -0.2132, -1.549 -0.0471 -0.2257, -1.5675 -0.0426 -0.2335, -1.5872 -0.0377 -0.2362, -2.4622 1.2697 0.1654, -2.685 1.2697 1.7913, -2.3976 1.2697 0.1654, -2.3976 1.2697 1.7913, -1.6811 1.1417 0.8937, -1.6811 1.1417 0.5984, -1.6811 1.2402 0.7362, -1.6811 1.2402 0.5984, -2.0354 1.1417 0.8937, -2.0354 1.2402 0.7362, -2.0354 1.1417 0.5984, -2.0354 1.2402 0.5984, -1.7303 0.9843 0.4213, -1.7201 0.9843 0.446, -1.9177 0.9843 0.446, -1.7166 0.9843 0.4724, -1.9212 0.9843 0.4724, -1.9075 0.9843 0.4213, -1.8912 0.9843 0.4001, -1.87 0.9843 0.3839, -1.8189 0.9843 0.3702, -1.7924 0.9843 0.3736, -1.7677 0.9843 0.3839, -1.7201 0.9843 0.4989, -1.9075 0.9843 0.5236, -1.9177 0.9843 0.4989, -1.7303 0.9843 0.5236, -1.7466 0.9843 0.5448, -1.7677 0.9843 0.561, -1.8189 0.9843 0.5747, -1.8454 0.9843 0.5712, -1.87 0.9843 0.561, -1.8454 0.9843 0.3736, -1.7466 0.9843 0.4001, -1.7924 0.9843 0.5712, -1.8912 0.9843 0.5448, -1.2992 1.063 0.1654, -1.3858 0.9843 0.2441, -2.3779 1.063 0.1654, -2.2913 0.9843 0.2441, -2.2992 0.9843 0.2441, -2.3976 1.1417 0.1654, -2.3976 1.1417 1.5866, -2.3976 1.0236 1.7047, -1.4068 0.9843 0.394, -1.3954 0.9843 0.3781, -1.4415 0.9843 0.4277, -1.433 0.9843 0.4159, -1.4218 0.9843 0.4065, -1.3858 0.9843 0.3404, -1.3883 0.9843 0.3598, -1.4094 0.9843 0.5118, -1.4225 0.9843 0.5053, -1.4335 0.9843 0.4958, -1.4419 0.9843 0.4838, -1.4471 0.9843 0.4702, -1.4488 0.9843 0.4557, -1.4469 0.9843 0.4413, -2.2913 0.9843 1.1417, -2.2887 0.9843 1.1621, -1.4442 0.9843 1.2178, -1.4252 0.9843 1.2099, -1.4089 0.9843 1.1974, -1.3964 0.9843 1.1811, -1.3885 0.9843 1.1621, -1.3858 0.9843 1.1417, -1.3858 0.9843 0.7596, -1.3825 0.9843 0.737, -1.385 0.9843 0.7482, -2.2808 0.9843 1.1811, -2.2683 0.9843 1.1974, -2.252 0.9843 1.2099, -2.2992 0.9843 0.7218, -2.2947 0.9843 0.737, -2.2913 0.9843 0.7596, -2.2922 0.9843 0.7482, -2.233 0.9843 1.2178, -2.2126 0.9843 1.2205, -1.4646 0.9843 1.2205, -2.2992 0.9843 0.5118, -2.2677 0.9843 0.5118, -2.2913 0.9843 0.3404, -2.2889 0.9843 0.3598, -2.2302 0.9843 0.4413, -2.2356 0.9843 0.4277, -2.2442 0.9843 0.4159, -2.2553 0.9843 0.4065, -2.2547 0.9843 0.5053, -2.2703 0.9843 0.394, -2.2818 0.9843 0.3781, -2.2436 0.9843 0.4958, -2.2352 0.9843 0.4838, -2.23 0.9843 0.4702, -2.2283 0.9843 0.4557, -2.2992 0.8858 0.2441, -2.3976 -1.0157 1.5866, -2.3976 -0.8976 1.7047, -2.3976 -1.25 1.7913, -2.3976 -0.5425 1.7047, -2.3976 -0.5425 1.7913, -2.3976 0.574 1.7047, -2.4622 0.8858 0.1654, -2.3779 0.8858 0.1654, -2.685 -1.25 1.7913, -2.685 -0.9249 0.5689, -2.685 -0.8524 0.4134, -2.685 -0.754 0.2728, -2.685 -0.9693 0.7346, -2.685 -0.6327 0.1515, -2.685 -0.4921 0.0531, -2.685 -0.4371 1.7913, -2.685 0.3366 -0.0194, -2.685 -0.3366 -0.0194, -2.685 -0.1709 -0.0638, -2.685 0.1709 -0.0638, -2.685 0.0 -0.0787, -2.3908 -0.545 1.3584, -2.5802 -0.4756 1.4309, -2.3171 -0.5721 1.3211, -2.2402 -0.6003 1.2822, -2.5842 -0.4741 1.432, -2.8081 -0.392 1.4959, -2.9139 -0.3532 1.5172, -3.0901 -0.2886 1.5527, -3.3543 -0.646 1.193, -3.3543 -0.5716 1.3207, -3.3543 -0.5892 1.2992, -3.1216 -0.2673 1.5618, -3.1071 -0.2799 1.5566, -3.3543 -0.3529 1.5166, -3.1325 -0.2516 1.568, -3.3543 -0.3937 1.4947, -3.3543 -0.4725 1.4301, -3.3543 -0.5011 1.4066, -3.1394 -0.2337 1.5745, -3.3543 -0.2712 1.5602, -3.1412 -0.219 1.5794, -3.3543 -0.218 1.5764, -3.1417 -0.2147 1.5809, -3.3543 -0.1383 1.6006, -3.1417 -0.0741 1.6103, -3.3543 -0.0737 1.6069, -3.3543 -0.0 1.6142, -3.1417 0.0741 1.6103, -3.0901 0.3201 1.5378, -3.1071 0.3114 1.5421, -3.3543 0.3529 1.5166, -3.1216 0.2988 1.5481, -3.1325 0.2831 1.5552, -3.3543 0.2712 1.5602, -3.3543 0.0737 1.6069, -3.3543 0.1383 1.6006, -3.1417 0.219 1.5795, -3.3543 0.218 1.5764, -3.1417 0.2462 1.57, -3.1394 0.2652 1.5627, -3.3543 0.646 1.193, -2.2867 0.6147 1.2581, -3.3543 0.5892 1.2992, -2.4015 0.5726 1.3216, -3.3543 0.5716 1.3207, -2.4258 0.5637 1.335, -3.3543 0.5011 1.4066, -2.6033 0.4986 1.4091, -3.3543 0.4725 1.4301, -2.6729 0.4731 1.4309, -3.3543 0.3937 1.4947, -2.819 0.4195 1.4766, -2.9998 0.3532 1.5174, -3.3543 0.695 1.0438, -3.3543 0.6924 1.0526, -3.3543 0.6547 1.1767, -2.1827 0.6528 1.1813, -2.1992 0.6468 1.1934, -3.3543 -0.6547 1.1767, -3.3543 -0.6924 1.0526, -3.3543 -0.695 1.0438, -2.3976 0.574 1.7913, -2.685 0.6327 0.1515, -2.685 0.4921 0.0531, -2.685 0.9249 0.5689, -2.685 0.9693 0.7346, -2.685 0.4686 1.7913, -2.685 0.754 0.2728, -2.685 0.8524 0.4134, -3.3937 -0.9842 0.8957, -3.3937 -0.9752 0.7725, -3.3937 -0.9233 0.5694, -3.3937 -0.9509 0.6513, -3.3937 -0.9677 0.7349, -3.3937 -0.9115 0.5341, -3.3937 -0.8578 0.4228, -3.3937 -0.8519 0.4137, -3.3937 -0.7905 0.3191, -3.3937 -0.6321 0.1522, -3.3937 -0.7108 0.2247, -3.3937 -0.7525 0.2741, -3.3937 -0.6198 0.1409, -3.3937 -0.5191 0.0693, -3.3937 -0.4914 0.0544, -3.3937 -0.4102 0.0108, -3.3937 -0.1748 -0.0631, -3.3937 -0.2948 -0.0335, -3.3937 -0.336 -0.0177, -3.3937 -0.1709 -0.0635, -3.3937 -0.052 -0.0774, -3.3937 0.1708 -0.0626, -3.3937 0.0716 -0.0761, -3.3937 -0.0 -0.0768, -3.3937 0.194 -0.0594, -3.3937 0.3134 -0.0275, -3.3937 0.3362 -0.0182, -3.3937 0.4279 0.0191, -3.3937 0.4912 0.0548, -3.3937 0.5356 0.0798, -3.3937 0.6326 0.1517, -3.3937 0.6349 0.1534, -3.3937 0.7241 0.2389, -3.3937 0.8512 0.4141, -3.3937 0.802 0.3349, -3.3937 0.7526 0.274, -3.3937 0.8672 0.4399, -3.3937 0.9187 0.5523, -3.3937 0.924 0.5692, -3.3937 0.9557 0.6702, -3.3937 0.9777 0.7919, -3.3937 0.9674 0.7349, -3.4724 0.8109 1.0668, -3.4724 0.8268 0.9055, -3.4724 0.7638 1.2219, -3.4724 0.6874 1.3648, -3.4724 0.5846 1.4901, -3.4724 0.4593 1.5929, -3.4724 0.3164 1.6693, -3.4724 0.1613 1.7164, -3.4724 -0.0 1.7323, -3.4724 -0.1613 1.7164, -3.4724 -0.3164 1.6693, -3.4724 -0.4593 1.5929, -3.4724 -0.5846 1.4901, -3.4724 -0.6874 1.3648, -3.4724 -0.7638 1.2219, -3.4724 -0.8268 0.9055, -3.4724 -0.8109 1.0668, -3.4724 -0.8109 0.7442, -3.4724 -0.7638 0.5891, -3.4724 -0.6874 0.4462, -3.4724 -0.5846 0.3209, -3.4724 -0.4593 0.2181, -3.4724 -0.3164 0.1417, -3.4724 -0.1613 0.0946, -3.4724 0.0 0.0787, -3.4724 0.1613 0.0946, -3.4724 0.3164 0.1417, -3.4724 0.4593 0.2181, -3.4724 0.5846 0.3209, -3.4724 0.6874 0.4462, -3.4724 0.7638 0.5891, -3.4724 0.8109 0.7442, -3.4112 0.9757 0.7921, -3.4112 0.9538 0.6707, -3.4112 0.8004 0.3361, -3.4112 0.5345 0.0814, -3.4112 0.427 0.0209, -3.4112 0.0714 -0.0742, -3.4112 -0.1745 -0.0611, -3.4112 -0.4094 0.0126, -3.4112 -0.7093 0.226, -3.4112 -0.7889 0.3203, -3.4112 -0.9489 0.6518, -3.4724 -0.8972 0.7831, -3.4724 -0.8748 0.6716, -3.4705 -0.9146 0.7807, -3.4705 -0.8917 0.6671, -3.4646 -0.9311 0.7785, -3.4646 -0.9078 0.6628, -3.4553 -0.9458 0.7765, -3.4553 -0.9222 0.6589, -3.4428 -0.9582 0.7748, -3.4428 -0.9343 0.6557, -3.4279 -0.9675 0.7735, -3.4279 -0.9433 0.6533, -3.4112 -0.9733 0.7727, -3.4724 -0.7891 0.4614, -3.4724 -0.7273 0.366, -3.4705 -0.8044 0.4528, -3.4705 -0.7413 0.3556, -3.4646 -0.8189 0.4447, -3.4646 -0.7547 0.3457, -3.4553 -0.8319 0.4373, -3.4553 -0.7667 0.3368, -3.4428 -0.8428 0.4312, -3.4428 -0.7767 0.3293, -3.4279 -0.851 0.4266, -3.4279 -0.7842 0.3237, -3.4112 -0.856 0.4238, -3.4724 -0.4776 0.1362, -3.4724 -0.3774 0.0824, -3.4705 -0.4868 0.1213, -3.4705 -0.3847 0.0665, -3.4646 -0.4956 0.1072, -3.4646 -0.3916 0.0513, -3.4553 -0.5035 0.0945, -3.4553 -0.3979 0.0378, -3.4428 -0.51 0.0839, -3.4428 -0.403 0.0264, -3.4279 -0.515 0.0759, -3.4279 -0.407 0.0179, -3.4112 -0.5181 0.071, -3.4724 -0.0479 0.0013, -3.4724 0.0658 0.0024, -3.4705 -0.0488 -0.0162, -3.4705 0.0671 -0.0151, -3.4646 -0.0497 -0.0328, -3.4646 0.0683 -0.0317, -3.4553 -0.0505 -0.0478, -3.4553 0.0694 -0.0466, -3.4428 -0.0511 -0.0602, -3.4428 0.0703 -0.059, -3.4279 -0.0516 -0.0696, -3.4279 0.071 -0.0684, -3.4112 -0.0519 -0.0754, -3.4724 0.2884 0.0471, -3.4724 0.3937 0.0901, -3.4705 0.2939 0.0305, -3.4705 0.4013 0.0743, -3.4646 0.2992 0.0148, -3.4646 0.4085 0.0593, -3.4553 0.304 0.0006, -3.4553 0.415 0.0458, -3.4428 0.308 -0.0112, -3.4428 0.4204 0.0346, -3.4279 0.3109 -0.0201, -3.4279 0.4245 0.0262, -3.4112 0.3128 -0.0256, -3.4724 0.6662 0.2922, -3.4724 0.7378 0.3806, -3.4705 0.6791 0.2804, -3.4705 0.7521 0.3704, -3.4646 0.6913 0.2691, -3.4646 0.7657 0.3608, -3.4553 0.7023 0.259, -3.4553 0.7778 0.3521, -3.4428 0.7115 0.2505, -3.4428 0.788 0.3449, -3.4279 0.7184 0.2442, -3.4279 0.7956 0.3394, -3.4112 0.7227 0.2402, -3.4724 0.8452 0.5805, -3.4724 0.8793 0.689, -3.4705 0.8615 0.5743, -3.4705 0.8963 0.6849, -3.4646 0.8771 0.5683, -3.4646 0.9124 0.6809, -3.4553 0.891 0.5629, -3.4553 0.9269 0.6773, -3.4428 0.9027 0.5585, -3.4428 0.939 0.6743, -3.4279 0.9114 0.5551, -3.4279 0.9481 0.6721, -3.4112 0.9168 0.553, -3.4724 -0.9055 0.8965, -3.4705 -0.923 0.8963, -3.4646 -0.9396 0.8962, -3.4553 -0.9546 0.896, -3.4428 -0.967 0.8959, -3.4279 -0.9764 0.8958, -3.4112 -0.9822 0.8958, -3.4112 -0.9097 0.5349, -3.4279 -0.9043 0.5371, -3.4428 -0.8956 0.5406, -3.4553 -0.884 0.5453, -3.4646 -0.8702 0.5509, -3.4705 -0.8548 0.5572, -3.4724 -0.8386 0.5638, -3.4724 -0.6539 0.2791, -3.4705 -0.6666 0.267, -3.4646 -0.6786 0.2555, -3.4553 -0.6894 0.2452, -3.4428 -0.6984 0.2365, -3.4279 -0.7051 0.23, -3.4112 -0.6186 0.1425, -3.4279 -0.6149 0.147, -3.4428 -0.609 0.1543, -3.4553 -0.6012 0.164, -3.4646 -0.5918 0.1756, -3.4705 -0.5813 0.1885, -3.4724 -0.5702 0.2021, -3.4112 -0.2942 -0.0317, -3.4279 -0.2925 -0.0261, -3.4428 -0.2897 -0.0172, -3.4553 -0.286 -0.0053, -3.4646 -0.2815 0.009, -3.4705 -0.2765 0.0249, -3.4724 -0.2713 0.0416, -3.4724 -0.1608 0.0144, -3.4705 -0.1639 -0.0028, -3.4646 -0.1669 -0.0192, -3.4553 -0.1696 -0.0339, -3.4428 -0.1718 -0.0462, -3.4279 -0.1734 -0.0554, -3.4112 0.1936 -0.0575, -3.4279 0.1925 -0.0518, -3.4428 0.1906 -0.0426, -3.4553 0.1882 -0.0304, -3.4646 0.1852 -0.0157, -3.4705 0.182 0.0006, -3.4724 0.1785 0.0178, -3.4279 0.5314 0.0863, -3.4428 0.5263 0.0942, -3.4553 0.5195 0.1046, -3.4646 0.5114 0.1172, -3.4705 0.5023 0.1311, -3.4724 0.4928 0.1458, -3.4112 0.6336 0.1549, -3.4279 0.6299 0.1594, -3.4428 0.6238 0.1665, -3.4553 0.6158 0.1761, -3.4646 0.6061 0.1875, -3.4705 0.5954 0.2002, -3.4724 0.5841 0.2136, -3.4112 0.8654 0.4409, -3.4279 0.8603 0.4436, -3.4428 0.852 0.4481, -3.4553 0.8411 0.454, -3.4646 0.8279 0.461, -3.4705 0.8132 0.4689, -3.4724 0.7978 0.4772, -3.4279 0.9699 0.7928, -3.4428 0.9606 0.7938, -3.4553 0.9482 0.7953, -3.4646 0.9334 0.797, -3.4705 0.9169 0.7989, -3.4724 0.8995 0.8009, -3.4112 0.9822 0.9153, -3.4279 0.9764 0.9152, -3.4428 0.967 0.9151, -3.4553 0.9546 0.915, -3.4646 0.9396 0.9148, -3.4705 0.923 0.9147, -3.4724 0.9055 0.9145, -3.4112 -0.9757 1.0189, -3.4112 -0.9538 1.1403, -3.4112 -0.8004 1.475, -3.4112 -0.5345 1.7296, -3.4112 -0.427 1.7901, -3.4112 -0.0714 1.8852, -3.4112 0.1745 1.8722, -3.4112 0.4094 1.7984, -3.4112 0.7093 1.585, -3.4112 0.7889 1.4907, -3.4112 0.9489 1.1592, -3.4724 0.8972 1.0279, -3.4724 0.8748 1.1394, -3.4705 0.9146 1.0303, -3.4705 0.8917 1.1439, -3.4646 0.9311 1.0325, -3.4646 0.9078 1.1482, -3.4553 0.9458 1.0346, -3.4553 0.9222 1.1521, -3.4428 0.9582 1.0362, -3.4428 0.9343 1.1553, -3.4279 0.9675 1.0375, -3.4279 0.9433 1.1577, -3.4112 0.9733 1.0383, -3.4724 0.7891 1.3496, -3.4724 0.7273 1.445, -3.4705 0.8044 1.3582, -3.4705 0.7413 1.4554, -3.4646 0.8189 1.3664, -3.4646 0.7547 1.4654, -3.4553 0.8319 1.3737, -3.4553 0.7667 1.4743, -3.4428 0.8428 1.3798, -3.4428 0.7767 1.4817, -3.4279 0.851 1.3844, -3.4279 0.7842 1.4873, -3.4112 0.856 1.3873, -3.4724 0.4776 1.6748, -3.4724 0.3774 1.7286, -3.4705 0.4868 1.6897, -3.4705 0.3847 1.7446, -3.4646 0.4956 1.7039, -3.4646 0.3916 1.7597, -3.4553 0.5035 1.7166, -3.4553 0.3979 1.7733, -3.4428 0.51 1.7271, -3.4428 0.403 1.7846, -3.4279 0.515 1.7351, -3.4279 0.407 1.7931, -3.4112 0.5181 1.7401, -3.4724 0.0479 1.8098, -3.4724 -0.0658 1.8086, -3.4705 0.0488 1.8273, -3.4705 -0.0671 1.8261, -3.4646 0.0497 1.8439, -3.4646 -0.0683 1.8427, -3.4553 0.0505 1.8588, -3.4553 -0.0694 1.8576, -3.4428 0.0511 1.8712, -3.4428 -0.0703 1.87, -3.4279 0.0516 1.8806, -3.4279 -0.071 1.8794, -3.4112 0.0519 1.8864, -3.4724 -0.2884 1.7639, -3.4724 -0.3937 1.721, -3.4705 -0.2939 1.7805, -3.4705 -0.4013 1.7368, -3.4646 -0.2992 1.7963, -3.4646 -0.4085 1.7517, -3.4553 -0.304 1.8104, -3.4553 -0.415 1.7652, -3.4428 -0.308 1.8222, -3.4428 -0.4204 1.7764, -3.4279 -0.3109 1.8311, -3.4279 -0.4245 1.7849, -3.4112 -0.3128 1.8367, -3.4724 -0.6662 1.5188, -3.4724 -0.7378 1.4305, -3.4705 -0.6791 1.5307, -3.4705 -0.7521 1.4406, -3.4646 -0.6913 1.5419, -3.4646 -0.7657 1.4503, -3.4553 -0.7023 1.552, -3.4553 -0.7778 1.4589, -3.4428 -0.7115 1.5605, -3.4428 -0.788 1.4661, -3.4279 -0.7184 1.5668, -3.4279 -0.7956 1.4716, -3.4112 -0.7227 1.5708, -3.4724 -0.8452 1.2305, -3.4724 -0.8793 1.122, -3.4705 -0.8615 1.2368, -3.4705 -0.8963 1.1262, -3.4646 -0.8771 1.2427, -3.4646 -0.9124 1.1301, -3.4553 -0.891 1.2481, -3.4553 -0.9269 1.1337, -3.4428 -0.9027 1.2526, -3.4428 -0.939 1.1367, -3.4279 -0.9114 1.2559, -3.4279 -0.9481 1.1389, -3.4112 -0.9168 1.258, -3.4112 0.9097 1.2762, -3.4279 0.9043 1.274, -3.4428 0.8956 1.2704, -3.4553 0.884 1.2657, -3.4646 0.8702 1.2601, -3.4705 0.8548 1.2538, -3.4724 0.8386 1.2472, -3.4724 0.6539 1.5319, -3.4705 0.6666 1.544, -3.4646 0.6786 1.5555, -3.4553 0.6894 1.5659, -3.4428 0.6984 1.5745, -3.4279 0.7051 1.581, -3.4112 0.6186 1.6686, -3.4279 0.6149 1.664, -3.4428 0.609 1.6567, -3.4553 0.6012 1.6471, -3.4646 0.5918 1.6355, -3.4705 0.5813 1.6225, -3.4724 0.5702 1.6089, -3.4112 0.2942 1.8427, -3.4279 0.2925 1.8371, -3.4428 0.2897 1.8282, -3.4553 0.286 1.8163, -3.4646 0.2815 1.802, -3.4705 0.2765 1.7862, -3.4724 0.2713 1.7694, -3.4724 0.1608 1.7966, -3.4705 0.1639 1.8139, -3.4646 0.1669 1.8302, -3.4553 0.1696 1.8449, -3.4428 0.1718 1.8572, -3.4279 0.1734 1.8664, -3.4112 -0.1936 1.8685, -3.4279 -0.1925 1.8628, -3.4428 -0.1906 1.8536, -3.4553 -0.1882 1.8414, -3.4646 -0.1852 1.8267, -3.4705 -0.182 1.8104, -3.4724 -0.1785 1.7933, -3.4279 -0.5314 1.7247, -3.4428 -0.5263 1.7169, -3.4553 -0.5195 1.7064, -3.4646 -0.5114 1.6939, -3.4705 -0.5023 1.6799, -3.4724 -0.4928 1.6652, -3.4112 -0.6336 1.6561, -3.4279 -0.6299 1.6517, -3.4428 -0.6238 1.6445, -3.4553 -0.6158 1.635, -3.4646 -0.6061 1.6236, -3.4705 -0.5954 1.6108, -3.4724 -0.5841 1.5975, -3.4112 -0.8654 1.3702, -3.4279 -0.8603 1.3674, -3.4428 -0.852 1.363, -3.4553 -0.8411 1.3571, -3.4646 -0.8279 1.35, -3.4705 -0.8132 1.3421, -3.4724 -0.7978 1.3338, -3.4279 -0.9699 1.0183, -3.4428 -0.9606 1.0172, -3.4553 -0.9482 1.0157, -3.4646 -0.9334 1.014, -3.4705 -0.9169 1.0121, -3.4724 -0.8995 1.0101
            ]
        }
        coordIndex [
            0,1,2,-1,3,4,5,-1,6,7,8,-1,9,10,11,-1,12,13,14,-1,15,16,17,-1,18,19,20,-1,21,22,23,-1,24,25,26,-1,27,28,29,-1,30,31,32,-1,33,34,35,-1,35,34,3,-1,35,36,37,-1,37,38,35,-1,35,38,39,-1,35,39,33,-1,40,41,42,-1,42,41,43,-1,42,43,35,-1,35,43,44,-1,35,44,36,-1,45,40,46,-1,47,48,49,-1,49,48,50,-1,49,50,46,-1,32,31,50,-1,50,31,46,-1,46,31,51,-1,46,51,45,-1,52,53,32,-1,32,53,54,-1,32,54,30,-1,52,55,53,-1,53,55,56,-1,53,56,57,-1,57,56,58,-1,57,58,59,-1,60,61,52,-1,52,61,62,-1,52,62,55,-1,29,28,63,-1,28,64,63,-1,63,64,65,-1,63,65,52,-1,52,65,66,-1,52,66,60,-1,27,29,67,-1,67,29,68,-1,67,68,69,-1,69,68,70,-1,69,70,71,-1,72,73,74,-1,75,76,77,-1,78,79,80,-1,80,79,72,-1,75,77,81,-1,76,82,77,-1,77,82,83,-1,77,83,84,-1,85,86,87,-1,87,86,88,-1,87,88,77,-1,77,88,89,-1,77,89,81,-1,71,70,90,-1,90,70,80,-1,90,80,91,-1,92,93,77,-1,77,93,94,-1,77,94,95,-1,96,97,98,-1,98,97,99,-1,98,99,100,-1,100,101,98,-1,98,101,102,-1,98,102,103,-1,103,102,85,-1,103,85,104,-1,104,85,87,-1,21,105,22,-1,22,105,106,-1,22,106,107,-1,84,108,77,-1,77,108,109,-1,77,109,110,-1,111,112,72,-1,72,112,113,-1,72,113,114,-1,110,115,77,-1,77,115,116,-1,77,116,92,-1,117,118,98,-1,98,118,119,-1,98,119,96,-1,114,120,72,-1,72,120,121,-1,72,121,80,-1,80,121,122,-1,80,122,91,-1,123,124,72,-1,72,124,125,-1,72,125,111,-1,126,127,72,-1,72,127,118,-1,117,128,118,-1,118,128,129,-1,118,129,72,-1,72,129,130,-1,72,130,123,-1,94,131,95,-1,95,131,132,-1,95,132,133,-1,133,132,134,-1,135,26,136,-1,136,26,137,-1,136,137,138,-1,138,137,139,-1,134,140,133,-1,133,140,141,-1,133,141,137,-1,137,141,142,-1,137,142,139,-1,24,143,25,-1,25,143,144,-1,25,144,145,-1,146,147,148,-1,148,147,149,-1,148,149,135,-1,135,149,150,-1,135,150,26,-1,26,150,151,-1,26,151,24,-1,152,153,148,-1,148,153,154,-1,148,154,146,-1,152,155,153,-1,153,155,156,-1,153,156,157,-1,158,159,160,-1,160,139,158,-1,158,139,142,-1,158,142,161,-1,161,142,162,-1,162,163,161,-1,161,163,164,-1,161,164,165,-1,166,167,168,-1,167,169,168,-1,168,169,170,-1,168,170,171,-1,172,168,173,-1,159,158,172,-1,172,158,174,-1,172,174,168,-1,168,174,175,-1,168,175,166,-1,173,176,172,-1,172,176,177,-1,172,177,178,-1,171,170,179,-1,179,170,180,-1,179,180,181,-1,181,180,182,-1,181,182,183,-1,184,185,178,-1,178,185,186,-1,178,186,172,-1,187,188,23,-1,23,188,189,-1,23,189,21,-1,190,4,191,-1,191,4,3,-1,191,3,192,-1,192,3,34,-1,193,194,195,-1,195,194,196,-1,195,196,197,-1,197,198,195,-1,195,198,199,-1,195,199,200,-1,200,199,201,-1,200,201,202,-1,203,204,205,-1,205,204,206,-1,205,206,207,-1,207,208,205,-1,205,208,209,-1,205,209,195,-1,195,209,210,-1,195,210,193,-1,211,212,213,-1,213,212,214,-1,213,214,215,-1,215,214,216,-1,215,216,205,-1,205,216,217,-1,205,217,203,-1,218,219,220,-1,221,222,74,-1,74,222,22,-1,74,22,72,-1,72,22,107,-1,72,107,126,-1,223,224,225,-1,74,226,221,-1,221,226,223,-1,221,223,227,-1,227,223,225,-1,227,225,228,-1,228,225,229,-1,220,224,218,-1,218,224,223,-1,218,223,230,-1,230,223,231,-1,230,231,232,-1,232,231,233,-1,233,231,5,-1,233,5,234,-1,234,5,4,-1,234,4,235,-1,222,236,22,-1,22,236,235,-1,22,235,23,-1,23,235,4,-1,23,4,187,-1,187,4,190,-1,237,238,239,-1,240,241,242,-1,242,241,243,-1,240,244,245,-1,245,244,246,-1,245,246,247,-1,246,248,247,-1,247,248,249,-1,247,249,250,-1,251,249,252,-1,252,249,248,-1,252,248,253,-1,253,248,246,-1,253,246,254,-1,254,246,255,-1,254,255,256,-1,256,255,257,-1,256,257,239,-1,239,257,258,-1,239,258,237,-1,259,260,261,-1,262,263,264,-1,259,261,265,-1,265,261,264,-1,265,264,266,-1,266,264,263,-1,266,263,267,-1,264,268,262,-1,262,268,269,-1,262,269,270,-1,271,272,273,-1,260,259,274,-1,274,259,275,-1,274,275,271,-1,276,277,278,-1,278,277,279,-1,278,279,267,-1,267,279,280,-1,267,280,266,-1,266,280,281,-1,266,281,273,-1,273,281,282,-1,273,282,271,-1,19,18,275,-1,275,18,283,-1,275,283,284,-1,285,286,287,-1,271,275,272,-1,272,275,284,-1,272,284,288,-1,288,284,289,-1,288,289,287,-1,287,289,290,-1,287,290,285,-1,286,291,287,-1,287,291,292,-1,287,292,293,-1,293,294,287,-1,287,294,295,-1,287,295,296,-1,296,297,287,-1,287,297,298,-1,287,298,299,-1,300,301,299,-1,299,301,302,-1,299,302,287,-1,303,304,305,-1,300,306,301,-1,301,306,307,-1,301,307,305,-1,305,307,308,-1,305,308,303,-1,309,310,311,-1,311,310,312,-1,311,312,20,-1,17,313,314,-1,314,315,17,-1,17,315,316,-1,17,316,15,-1,317,318,17,-1,17,318,319,-1,17,319,313,-1,320,321,322,-1,322,321,323,-1,322,323,317,-1,317,323,324,-1,317,324,318,-1,325,326,327,-1,325,327,328,-1,326,329,327,-1,327,329,330,-1,327,330,331,-1,332,333,334,-1,328,327,334,-1,334,327,6,-1,334,6,332,-1,288,335,272,-1,272,335,336,-1,272,336,14,-1,14,336,337,-1,14,337,12,-1,338,339,317,-1,317,339,340,-1,317,340,322,-1,322,340,341,-1,322,341,342,-1,343,344,345,-1,346,347,348,-1,348,347,349,-1,348,349,350,-1,350,349,351,-1,350,351,352,-1,343,345,348,-1,348,345,353,-1,348,353,346,-1,354,355,356,-1,356,355,357,-1,356,357,358,-1,359,360,361,-1,362,363,364,-1,359,361,365,-1,366,367,368,-1,352,369,350,-1,350,369,370,-1,350,370,368,-1,368,370,371,-1,368,371,366,-1,367,372,368,-1,368,372,373,-1,368,373,374,-1,373,375,374,-1,374,375,376,-1,374,376,361,-1,377,378,379,-1,363,380,364,-1,364,380,381,-1,364,381,382,-1,382,383,364,-1,364,383,384,-1,364,384,357,-1,357,384,385,-1,357,385,358,-1,365,361,386,-1,386,361,387,-1,386,387,378,-1,378,387,388,-1,378,388,379,-1,389,390,391,-1,391,390,392,-1,389,391,379,-1,379,391,393,-1,379,393,394,-1,394,395,379,-1,379,395,396,-1,379,396,377,-1,397,398,392,-1,392,398,399,-1,392,399,391,-1,400,401,344,-1,344,401,402,-1,344,402,345,-1,400,403,401,-1,401,403,404,-1,401,404,405,-1,405,404,406,-1,405,407,408,-1,406,409,405,-1,405,409,410,-1,405,410,411,-1,411,412,405,-1,405,412,413,-1,405,413,407,-1,408,414,405,-1,405,414,415,-1,405,415,416,-1,417,418,419,-1,420,421,418,-1,418,421,422,-1,418,422,419,-1,423,424,425,-1,425,424,426,-1,425,426,427,-1,427,426,428,-1,427,428,429,-1,429,430,427,-1,427,430,431,-1,427,431,432,-1,433,434,374,-1,419,424,417,-1,417,424,423,-1,417,423,435,-1,435,423,436,-1,360,437,361,-1,361,437,362,-1,361,362,374,-1,374,362,364,-1,374,364,433,-1,438,439,440,-1,440,439,427,-1,440,427,441,-1,441,427,432,-1,441,432,442,-1,443,444,445,-1,442,446,441,-1,441,446,447,-1,441,447,364,-1,364,447,448,-1,364,448,433,-1,423,374,436,-1,436,374,434,-1,436,434,443,-1,443,434,449,-1,443,449,450,-1,450,451,443,-1,443,451,452,-1,443,452,444,-1,445,453,443,-1,443,453,454,-1,443,454,455,-1,456,457,202,-1,202,457,458,-1,459,202,460,-1,460,202,458,-1,460,458,461,-1,462,463,464,-1,464,463,465,-1,464,465,459,-1,459,465,466,-1,459,466,202,-1,202,466,438,-1,202,438,200,-1,200,438,440,-1,458,467,461,-1,461,467,468,-1,461,468,469,-1,201,211,202,-1,202,211,213,-1,202,213,456,-1,456,213,470,-1,456,470,471,-1,471,470,472,-1,472,470,473,-1,472,473,425,-1,474,475,350,-1,350,475,476,-1,477,478,476,-1,476,478,355,-1,476,355,350,-1,350,355,354,-1,350,354,348,-1,479,480,481,-1,482,483,484,-1,485,486,482,-1,482,486,487,-1,482,487,488,-1,488,487,481,-1,488,481,489,-1,489,481,480,-1,490,491,478,-1,478,491,492,-1,478,492,493,-1,493,494,478,-1,478,494,495,-1,478,495,484,-1,484,495,496,-1,484,496,482,-1,482,496,497,-1,482,497,485,-1,498,499,478,-1,478,499,500,-1,478,500,490,-1,501,502,350,-1,350,502,503,-1,504,505,481,-1,481,505,506,-1,481,506,507,-1,503,508,350,-1,350,508,509,-1,350,509,474,-1,477,510,511,-1,483,512,484,-1,484,512,513,-1,484,513,350,-1,350,513,514,-1,350,514,501,-1,507,515,481,-1,481,515,516,-1,481,516,479,-1,511,517,477,-1,477,517,518,-1,477,518,478,-1,478,518,519,-1,478,519,498,-1,520,521,522,-1,522,521,523,-1,522,523,524,-1,525,526,527,-1,527,526,528,-1,529,205,530,-1,530,205,195,-1,530,195,528,-1,528,195,522,-1,528,522,527,-1,527,522,524,-1,425,473,423,-1,423,473,531,-1,423,531,374,-1,374,531,532,-1,374,532,368,-1,368,532,8,-1,368,8,350,-1,350,8,7,-1,350,7,484,-1,6,8,332,-1,332,8,532,-1,332,532,533,-1,533,532,531,-1,533,531,534,-1,534,531,473,-1,534,473,535,-1,535,473,470,-1,535,470,244,-1,244,470,213,-1,244,213,246,-1,246,213,215,-1,246,215,255,-1,536,537,538,-1,538,537,42,-1,538,42,539,-1,539,42,35,-1,539,35,342,-1,342,35,3,-1,342,3,322,-1,322,3,5,-1,226,478,223,-1,223,478,484,-1,223,484,231,-1,231,484,7,-1,231,7,5,-1,5,7,6,-1,5,6,322,-1,322,6,327,-1,322,327,320,-1,320,327,331,-1,240,242,244,-1,244,242,266,-1,244,266,535,-1,535,266,273,-1,535,273,534,-1,534,273,272,-1,534,272,533,-1,533,272,14,-1,533,14,332,-1,332,14,13,-1,332,13,333,-1,0,2,540,-1,541,542,242,-1,265,543,2,-1,2,543,544,-1,2,544,545,-1,238,237,243,-1,243,237,2,-1,243,2,242,-1,242,2,1,-1,242,1,541,-1,542,546,242,-1,242,546,547,-1,242,547,548,-1,548,549,242,-1,242,549,550,-1,242,550,266,-1,266,550,551,-1,266,551,265,-1,265,551,552,-1,265,552,543,-1,545,553,2,-1,2,553,554,-1,2,554,540,-1,529,523,205,-1,205,523,521,-1,205,521,215,-1,215,521,555,-1,215,555,255,-1,255,555,556,-1,255,556,257,-1,257,556,557,-1,257,557,258,-1,258,557,558,-1,520,9,521,-1,521,9,11,-1,521,11,555,-1,555,11,559,-1,555,559,556,-1,556,559,560,-1,556,560,557,-1,557,560,561,-1,557,561,558,-1,558,561,562,-1,309,311,16,-1,16,311,563,-1,16,563,17,-1,17,563,537,-1,17,537,317,-1,317,537,536,-1,317,536,338,-1,20,19,311,-1,311,19,275,-1,311,275,564,-1,564,275,259,-1,564,259,565,-1,565,259,265,-1,565,265,566,-1,566,265,2,-1,566,2,567,-1,567,2,237,-1,567,237,568,-1,568,237,258,-1,568,258,569,-1,569,258,558,-1,569,558,570,-1,570,558,562,-1,570,562,571,-1,40,42,46,-1,46,42,537,-1,46,537,572,-1,572,537,563,-1,572,563,573,-1,573,563,311,-1,573,311,574,-1,574,311,564,-1,574,564,575,-1,575,564,565,-1,575,565,576,-1,576,565,566,-1,576,566,577,-1,577,566,567,-1,577,567,578,-1,578,567,568,-1,578,568,579,-1,579,568,569,-1,579,569,580,-1,580,569,570,-1,580,570,581,-1,581,570,571,-1,581,571,582,-1,583,584,585,-1,586,587,588,-1,588,587,589,-1,588,589,590,-1,591,592,593,-1,586,588,593,-1,593,588,594,-1,593,594,591,-1,591,595,592,-1,592,595,596,-1,592,596,597,-1,598,599,600,-1,596,601,597,-1,597,601,602,-1,597,602,603,-1,603,602,604,-1,603,604,605,-1,605,604,606,-1,605,606,607,-1,607,606,608,-1,607,608,609,-1,609,608,600,-1,609,600,610,-1,610,600,599,-1,611,612,613,-1,613,612,614,-1,613,614,600,-1,600,614,615,-1,600,615,598,-1,616,617,618,-1,618,617,619,-1,618,619,620,-1,621,622,623,-1,623,622,620,-1,623,620,624,-1,624,620,619,-1,621,625,622,-1,622,625,626,-1,622,626,627,-1,626,628,627,-1,627,628,629,-1,627,629,630,-1,631,632,633,-1,633,632,630,-1,633,630,634,-1,634,630,629,-1,590,635,588,-1,588,635,636,-1,588,636,637,-1,637,636,583,-1,637,583,638,-1,638,583,585,-1,638,585,639,-1,639,585,632,-1,639,632,640,-1,640,632,631,-1,613,641,611,-1,611,641,642,-1,611,642,643,-1,643,642,644,-1,643,644,645,-1,645,644,646,-1,645,646,647,-1,648,649,650,-1,650,649,645,-1,650,645,651,-1,651,645,647,-1,648,652,649,-1,649,652,653,-1,649,653,654,-1,653,655,654,-1,654,655,656,-1,654,656,657,-1,658,659,660,-1,660,659,657,-1,660,657,661,-1,661,657,656,-1,662,663,664,-1,665,666,667,-1,667,666,668,-1,667,668,669,-1,670,671,672,-1,672,671,673,-1,674,675,676,-1,675,677,676,-1,676,677,678,-1,676,678,679,-1,679,680,676,-1,676,680,681,-1,676,681,671,-1,671,681,682,-1,671,682,673,-1,683,684,685,-1,686,687,688,-1,688,687,683,-1,688,683,689,-1,689,683,685,-1,690,687,691,-1,691,687,686,-1,691,686,692,-1,692,686,693,-1,692,693,694,-1,695,696,697,-1,697,696,698,-1,696,699,698,-1,698,699,700,-1,698,700,701,-1,700,702,701,-1,701,702,703,-1,701,703,665,-1,665,703,704,-1,665,704,666,-1,705,706,707,-1,707,706,708,-1,707,708,709,-1,709,708,710,-1,709,710,711,-1,711,710,712,-1,711,712,664,-1,664,712,669,-1,664,669,662,-1,669,668,662,-1,662,668,713,-1,662,713,714,-1,713,715,714,-1,714,715,716,-1,714,716,717,-1,716,718,717,-1,717,718,719,-1,717,719,720,-1,719,721,720,-1,720,721,722,-1,720,722,723,-1,722,724,723,-1,723,724,725,-1,723,725,726,-1,725,727,726,-1,726,727,728,-1,726,728,729,-1,728,730,729,-1,729,730,731,-1,729,731,676,-1,676,731,732,-1,676,732,674,-1,674,732,733,-1,674,733,684,-1,684,733,734,-1,684,734,685,-1,735,736,737,-1,737,736,738,-1,737,738,739,-1,739,738,740,-1,740,738,741,-1,740,741,742,-1,743,744,745,-1,745,744,746,-1,747,748,749,-1,749,748,750,-1,751,752,753,-1,753,752,754,-1,753,754,755,-1,748,756,757,-1,72,750,73,-1,73,750,748,-1,73,748,758,-1,758,748,757,-1,749,750,759,-1,759,750,72,-1,759,72,79,-1,746,744,760,-1,760,744,761,-1,762,763,764,-1,764,763,765,-1,766,767,758,-1,758,767,768,-1,758,768,769,-1,770,771,772,-1,772,771,773,-1,769,774,758,-1,758,774,775,-1,758,775,73,-1,73,775,74,-1,776,777,778,-1,778,777,779,-1,758,780,766,-1,766,780,781,-1,766,781,782,-1,782,781,783,-1,779,784,778,-1,778,784,785,-1,778,785,765,-1,786,787,788,-1,788,787,789,-1,357,355,775,-1,790,791,792,-1,200,440,775,-1,355,478,775,-1,775,478,226,-1,775,226,74,-1,793,794,795,-1,795,794,796,-1,795,796,797,-1,798,799,800,-1,800,799,797,-1,800,797,801,-1,801,797,796,-1,798,802,799,-1,799,802,803,-1,799,803,804,-1,774,805,775,-1,775,805,806,-1,775,806,807,-1,807,808,775,-1,775,808,809,-1,775,809,810,-1,792,791,811,-1,812,799,813,-1,813,799,804,-1,813,804,785,-1,785,804,814,-1,785,814,815,-1,815,816,785,-1,785,816,817,-1,785,817,765,-1,765,817,818,-1,765,818,819,-1,440,441,775,-1,775,441,364,-1,775,364,357,-1,820,821,822,-1,822,821,823,-1,820,793,821,-1,821,793,795,-1,821,795,824,-1,824,795,810,-1,824,810,825,-1,825,810,826,-1,809,827,810,-1,810,827,828,-1,810,828,826,-1,826,828,811,-1,826,811,829,-1,829,811,791,-1,819,830,765,-1,765,830,831,-1,765,831,764,-1,764,831,832,-1,764,832,833,-1,799,520,797,-1,797,520,522,-1,797,522,775,-1,775,522,195,-1,775,195,200,-1,788,834,821,-1,821,834,835,-1,821,835,823,-1,836,837,772,-1,772,837,838,-1,833,834,764,-1,764,834,788,-1,764,788,839,-1,839,788,789,-1,839,789,840,-1,840,789,841,-1,842,843,772,-1,772,843,844,-1,772,844,836,-1,770,772,845,-1,845,772,838,-1,845,838,781,-1,781,838,846,-1,781,846,783,-1,792,847,790,-1,790,847,848,-1,790,848,849,-1,849,848,843,-1,849,843,850,-1,850,843,842,-1,851,852,853,-1,853,852,755,-1,853,755,854,-1,854,755,754,-1,855,856,857,-1,857,856,858,-1,857,858,859,-1,780,758,751,-1,751,758,757,-1,751,757,860,-1,752,751,861,-1,861,751,860,-1,861,860,862,-1,862,860,863,-1,862,863,855,-1,855,863,864,-1,855,864,856,-1,753,865,760,-1,761,781,760,-1,760,781,780,-1,760,780,753,-1,753,780,751,-1,746,760,865,-1,852,851,865,-1,865,851,866,-1,865,866,746,-1,746,866,745,-1,854,754,861,-1,861,754,752,-1,865,753,852,-1,852,753,755,-1,867,759,78,-1,78,759,79,-1,868,860,869,-1,869,860,757,-1,869,757,756,-1,748,747,756,-1,756,747,870,-1,756,870,869,-1,870,747,749,-1,871,870,867,-1,867,870,749,-1,867,749,759,-1,856,864,872,-1,872,864,873,-1,869,870,874,-1,874,870,871,-1,875,876,877,-1,877,876,872,-1,873,878,872,-1,872,878,868,-1,872,868,877,-1,877,868,869,-1,877,869,879,-1,879,869,874,-1,868,878,860,-1,860,878,863,-1,864,863,873,-1,873,863,878,-1,880,855,881,-1,881,855,857,-1,857,882,881,-1,881,882,883,-1,881,883,884,-1,885,886,887,-1,886,888,887,-1,887,888,889,-1,887,889,881,-1,881,889,890,-1,881,890,880,-1,891,892,893,-1,893,892,885,-1,893,885,894,-1,894,885,887,-1,895,862,880,-1,880,862,855,-1,895,664,663,-1,861,862,866,-1,862,895,866,-1,866,895,663,-1,866,663,896,-1,896,663,897,-1,851,853,866,-1,866,853,854,-1,866,854,861,-1,897,898,896,-1,896,898,899,-1,896,899,900,-1,900,899,901,-1,900,901,902,-1,903,904,772,-1,905,906,907,-1,907,906,772,-1,907,772,908,-1,904,909,772,-1,772,909,910,-1,772,910,908,-1,903,772,911,-1,911,772,773,-1,911,773,912,-1,913,914,915,-1,915,914,916,-1,915,916,917,-1,917,916,918,-1,919,920,912,-1,912,920,911,-1,911,920,921,-1,911,921,903,-1,903,921,922,-1,903,922,904,-1,904,922,923,-1,904,923,909,-1,909,923,924,-1,909,924,910,-1,910,924,925,-1,910,925,908,-1,908,925,926,-1,908,926,907,-1,918,927,917,-1,917,927,928,-1,906,929,772,-1,772,929,842,-1,842,929,930,-1,842,930,850,-1,850,930,931,-1,850,931,849,-1,849,931,932,-1,849,932,790,-1,926,933,934,-1,935,936,937,-1,915,905,913,-1,913,905,907,-1,913,907,937,-1,937,907,926,-1,937,926,935,-1,935,926,934,-1,938,937,936,-1,928,927,936,-1,936,927,939,-1,936,939,938,-1,940,941,942,-1,942,941,943,-1,913,937,914,-1,914,937,938,-1,935,934,944,-1,944,934,945,-1,944,945,946,-1,946,945,947,-1,946,947,948,-1,948,947,949,-1,735,737,948,-1,949,950,951,-1,742,952,740,-1,740,952,948,-1,740,948,739,-1,739,948,737,-1,951,953,949,-1,949,953,954,-1,949,954,948,-1,948,954,955,-1,948,955,735,-1,956,957,958,-1,950,959,951,-1,951,959,960,-1,958,957,959,-1,959,957,961,-1,959,961,960,-1,962,963,958,-1,958,963,964,-1,958,964,956,-1,965,966,967,-1,967,966,968,-1,933,926,925,-1,925,924,933,-1,933,924,923,-1,933,923,922,-1,919,969,920,-1,920,969,933,-1,920,933,921,-1,921,933,922,-1,970,971,783,-1,783,971,782,-1,971,972,782,-1,782,972,973,-1,782,973,766,-1,973,974,766,-1,766,974,975,-1,766,975,767,-1,975,976,767,-1,767,976,977,-1,767,977,768,-1,977,978,768,-1,768,978,979,-1,768,979,769,-1,979,980,769,-1,769,980,981,-1,769,981,774,-1,981,982,774,-1,774,982,983,-1,774,983,805,-1,983,984,805,-1,805,984,985,-1,805,985,806,-1,985,986,806,-1,806,986,987,-1,806,987,807,-1,987,988,807,-1,807,988,989,-1,807,989,808,-1,989,990,808,-1,808,990,991,-1,808,991,809,-1,992,827,993,-1,993,827,809,-1,993,809,994,-1,994,809,991,-1,992,995,827,-1,827,995,828,-1,995,996,828,-1,828,996,997,-1,828,997,811,-1,997,998,811,-1,811,998,999,-1,811,999,792,-1,999,1000,792,-1,792,1000,1001,-1,792,1001,847,-1,1001,1002,847,-1,847,1002,1003,-1,847,1003,848,-1,1003,1004,848,-1,848,1004,1005,-1,848,1005,843,-1,1005,1006,843,-1,843,1006,1007,-1,843,1007,844,-1,1007,1008,844,-1,844,1008,1009,-1,844,1009,836,-1,1009,1010,836,-1,836,1010,1011,-1,836,1011,837,-1,1011,1012,837,-1,837,1012,1013,-1,837,1013,838,-1,1013,1014,838,-1,838,1014,1015,-1,838,1015,846,-1,970,783,1016,-1,1016,783,846,-1,1016,846,1017,-1,1017,846,1015,-1,900,902,1018,-1,1018,902,770,-1,1018,770,845,-1,675,824,677,-1,677,824,825,-1,677,825,678,-1,678,825,679,-1,679,825,826,-1,679,826,680,-1,680,826,829,-1,680,829,681,-1,681,829,682,-1,682,829,791,-1,682,791,673,-1,670,1019,1020,-1,670,1020,671,-1,671,1020,1021,-1,671,1021,676,-1,676,1021,1022,-1,676,1022,729,-1,729,1022,1023,-1,729,1023,726,-1,726,1023,1024,-1,726,1024,723,-1,723,1024,1025,-1,723,1025,720,-1,720,1025,1026,-1,720,1026,717,-1,717,1026,1027,-1,717,1027,714,-1,714,1027,1028,-1,714,1028,662,-1,662,1028,897,-1,662,897,663,-1,1029,1030,1031,-1,1031,1030,1032,-1,1031,1032,1033,-1,1033,1032,1034,-1,1033,1034,1035,-1,1035,1034,1036,-1,1035,1036,1037,-1,1037,1036,1038,-1,1037,1038,1039,-1,1039,1038,1040,-1,1039,1040,1041,-1,1041,1040,1042,-1,1041,1042,1043,-1,1043,1042,1044,-1,1043,1044,1045,-1,1045,1044,1046,-1,1045,1046,1047,-1,1047,1046,1048,-1,1047,1048,888,-1,888,1048,889,-1,891,893,1049,-1,1049,893,1050,-1,1049,1050,1051,-1,885,892,1052,-1,1052,892,1053,-1,1054,1055,1053,-1,1053,1055,1056,-1,1053,1056,1052,-1,1057,1058,1059,-1,1059,1058,1060,-1,1059,1060,1054,-1,1054,1060,1061,-1,1054,1061,1055,-1,1057,1059,1062,-1,1062,1059,1063,-1,1062,1063,1064,-1,1064,1063,1065,-1,1065,1063,1066,-1,1065,1066,1067,-1,1067,1066,1068,-1,1068,1066,1069,-1,1068,1069,1070,-1,1070,1069,1071,-1,1071,1069,1072,-1,1071,1072,1073,-1,1073,1072,1074,-1,1074,1072,1075,-1,1074,1075,1076,-1,1076,1075,1077,-1,1077,1075,1078,-1,1077,1078,1079,-1,1079,1078,1080,-1,1080,1078,1081,-1,1080,1081,1082,-1,1083,885,1052,-1,1080,1082,1084,-1,1084,1082,1085,-1,888,1083,1047,-1,1047,1083,1052,-1,1047,1052,1045,-1,1052,1056,1045,-1,1045,1056,1055,-1,1045,1055,1043,-1,1055,1061,1043,-1,1043,1061,1060,-1,1043,1060,1041,-1,1060,1058,1041,-1,1041,1058,1057,-1,1041,1057,1039,-1,1057,1062,1039,-1,1039,1062,1064,-1,1039,1064,1037,-1,1064,1065,1037,-1,1037,1065,1067,-1,1037,1067,1035,-1,1067,1068,1035,-1,1035,1068,1070,-1,1035,1070,1033,-1,1033,1070,1071,-1,1033,1071,1031,-1,1071,1073,1031,-1,1031,1073,1074,-1,1031,1074,1029,-1,1029,1074,1076,-1,1029,1076,1086,-1,1086,1076,1077,-1,1086,1077,1084,-1,1084,1077,1079,-1,1084,1079,1080,-1,1087,1088,899,-1,1087,899,1028,-1,1028,899,1089,-1,1028,1089,897,-1,1085,1082,1090,-1,1090,1082,1091,-1,1090,1091,1092,-1,1092,1091,1093,-1,1092,1093,1094,-1,1094,1093,1095,-1,1094,1095,1096,-1,1096,1095,1019,-1,1019,1095,1097,-1,1019,1097,1020,-1,1097,1098,1020,-1,1020,1098,1099,-1,1020,1099,1021,-1,1099,1100,1021,-1,1021,1100,1101,-1,1021,1101,1022,-1,1022,1101,1102,-1,1022,1102,1023,-1,1102,1103,1023,-1,1023,1103,1104,-1,1023,1104,1024,-1,1104,1105,1024,-1,1024,1105,1106,-1,1024,1106,1025,-1,1106,1107,1025,-1,1025,1107,1108,-1,1025,1108,1026,-1,1108,1109,1026,-1,1026,1109,1110,-1,1026,1110,1027,-1,1027,1110,1111,-1,1027,1111,1028,-1,1028,1111,1112,-1,1028,1112,1087,-1,899,1088,901,-1,901,1088,1113,-1,1114,1113,1088,-1,1082,1081,1091,-1,1091,1081,1115,-1,1116,1095,1115,-1,1115,1095,1093,-1,1115,1093,1091,-1,1117,1098,1116,-1,1116,1098,1097,-1,1116,1097,1095,-1,1118,1100,1117,-1,1117,1100,1099,-1,1117,1099,1098,-1,1119,1102,1118,-1,1118,1102,1101,-1,1118,1101,1100,-1,1120,1104,1119,-1,1119,1104,1103,-1,1119,1103,1102,-1,1121,1106,1120,-1,1120,1106,1105,-1,1120,1105,1104,-1,1110,1109,1122,-1,1122,1109,1108,-1,1122,1108,1121,-1,1121,1108,1107,-1,1121,1107,1106,-1,1088,1087,1114,-1,1114,1087,1112,-1,1114,1112,1122,-1,1122,1112,1111,-1,1122,1111,1110,-1,932,1029,1086,-1,1086,1084,932,-1,932,1084,1085,-1,932,1085,790,-1,790,1085,1090,-1,1090,1092,790,-1,790,1092,1094,-1,790,1094,1096,-1,673,791,1123,-1,1123,791,790,-1,1123,790,670,-1,670,790,1096,-1,670,1096,1019,-1,994,991,1124,-1,990,989,1125,-1,988,987,1126,-1,986,985,1127,-1,978,977,1128,-1,976,975,1129,-1,974,973,1130,-1,972,971,1131,-1,1132,1133,1134,-1,1134,1133,1135,-1,1134,1135,1136,-1,1136,1135,1137,-1,1136,1137,1138,-1,1139,1132,1140,-1,1140,1132,1134,-1,1140,1134,1141,-1,1141,1134,1136,-1,1141,1136,1142,-1,1142,1136,1138,-1,1142,1138,1143,-1,1144,1139,1145,-1,1145,1139,1140,-1,1145,1140,1146,-1,1146,1140,1141,-1,1146,1141,1147,-1,1147,1141,1142,-1,1147,1142,1148,-1,1148,1142,1143,-1,1148,1143,1129,-1,1149,1150,1151,-1,1152,1153,1154,-1,1154,1153,1155,-1,1154,1155,1156,-1,1156,1155,1157,-1,1156,1157,1158,-1,1158,1157,1159,-1,1158,1159,1160,-1,1160,1159,1161,-1,1160,1161,1162,-1,1162,1161,1131,-1,1162,1131,970,-1,970,1131,971,-1,973,972,1130,-1,1130,972,1131,-1,1130,1131,1163,-1,1163,1131,1161,-1,1163,1161,1164,-1,1164,1161,1159,-1,1164,1159,1165,-1,1165,1159,1157,-1,1165,1157,1166,-1,1166,1157,1155,-1,1166,1155,1167,-1,1167,1155,1153,-1,975,974,1129,-1,1129,974,1130,-1,1129,1130,1148,-1,1148,1130,1163,-1,1148,1163,1147,-1,1147,1163,1164,-1,1147,1164,1146,-1,1146,1164,1165,-1,1146,1165,1145,-1,1145,1165,1166,-1,1145,1166,1144,-1,1144,1166,1167,-1,1137,1168,1138,-1,1138,1168,1169,-1,1138,1169,1143,-1,1143,1169,1128,-1,1143,1128,1129,-1,1129,1128,977,-1,1129,977,976,-1,1168,1149,1169,-1,1169,1149,1151,-1,1169,1151,1128,-1,1128,1151,979,-1,1128,979,978,-1,984,983,1170,-1,1170,983,1150,-1,1170,1150,1171,-1,1171,1150,1149,-1,1171,1149,1172,-1,1172,1149,1168,-1,1172,1168,1173,-1,1173,1168,1137,-1,1173,1137,1174,-1,1174,1137,1135,-1,1174,1135,1175,-1,1175,1135,1133,-1,983,982,1150,-1,1150,982,981,-1,1150,981,1151,-1,1151,981,980,-1,1151,980,979,-1,985,984,1127,-1,1127,984,1170,-1,1127,1170,1176,-1,1176,1170,1171,-1,1176,1171,1177,-1,1177,1171,1172,-1,1177,1172,1178,-1,1178,1172,1173,-1,1178,1173,1179,-1,1179,1173,1174,-1,1179,1174,1180,-1,1180,1174,1175,-1,987,986,1126,-1,1126,986,1127,-1,1126,1127,1181,-1,1181,1127,1176,-1,1181,1176,1182,-1,1182,1176,1177,-1,1182,1177,1183,-1,1183,1177,1178,-1,1183,1178,1184,-1,1184,1178,1179,-1,1184,1179,1185,-1,1185,1179,1180,-1,989,988,1125,-1,1125,988,1126,-1,1125,1126,1186,-1,1186,1126,1181,-1,1186,1181,1187,-1,1187,1181,1182,-1,1187,1182,1188,-1,1188,1182,1183,-1,1188,1183,1189,-1,1189,1183,1184,-1,1189,1184,1190,-1,1190,1184,1185,-1,991,990,1124,-1,1124,990,1125,-1,1124,1125,1191,-1,1191,1125,1186,-1,1191,1186,1192,-1,1192,1186,1187,-1,1192,1187,1193,-1,1193,1187,1188,-1,1193,1188,1194,-1,1194,1188,1189,-1,1194,1189,1195,-1,1195,1189,1190,-1,993,994,1196,-1,1196,994,1124,-1,1196,1124,1197,-1,1197,1124,1191,-1,1197,1191,1198,-1,1198,1191,1192,-1,1198,1192,1199,-1,1199,1192,1193,-1,1199,1193,1200,-1,1200,1193,1194,-1,1200,1194,1201,-1,1201,1194,1195,-1,1201,1202,1200,-1,1200,1202,1203,-1,1200,1203,1199,-1,1199,1203,1204,-1,1199,1204,1198,-1,1198,1204,1205,-1,1198,1205,1197,-1,1197,1205,1206,-1,1197,1206,1196,-1,1196,1206,1207,-1,1196,1207,993,-1,993,1207,992,-1,1017,1015,1208,-1,1014,1013,1209,-1,1012,1011,1210,-1,1010,1009,1211,-1,1002,1001,1212,-1,1000,999,1213,-1,998,997,1214,-1,996,995,1215,-1,1216,1217,1218,-1,1218,1217,1219,-1,1218,1219,1220,-1,1220,1219,1221,-1,1220,1221,1222,-1,1223,1216,1224,-1,1224,1216,1218,-1,1224,1218,1225,-1,1225,1218,1220,-1,1225,1220,1226,-1,1226,1220,1222,-1,1226,1222,1227,-1,1228,1223,1229,-1,1229,1223,1224,-1,1229,1224,1230,-1,1230,1224,1225,-1,1230,1225,1231,-1,1231,1225,1226,-1,1231,1226,1232,-1,1232,1226,1227,-1,1232,1227,1213,-1,1233,1234,1235,-1,1202,1236,1203,-1,1203,1236,1237,-1,1203,1237,1204,-1,1204,1237,1238,-1,1204,1238,1205,-1,1205,1238,1239,-1,1205,1239,1206,-1,1206,1239,1240,-1,1206,1240,1207,-1,1207,1240,1215,-1,1207,1215,992,-1,992,1215,995,-1,997,996,1214,-1,1214,996,1215,-1,1214,1215,1241,-1,1241,1215,1240,-1,1241,1240,1242,-1,1242,1240,1239,-1,1242,1239,1243,-1,1243,1239,1238,-1,1243,1238,1244,-1,1244,1238,1237,-1,1244,1237,1245,-1,1245,1237,1236,-1,999,998,1213,-1,1213,998,1214,-1,1213,1214,1232,-1,1232,1214,1241,-1,1232,1241,1231,-1,1231,1241,1242,-1,1231,1242,1230,-1,1230,1242,1243,-1,1230,1243,1229,-1,1229,1243,1244,-1,1229,1244,1228,-1,1228,1244,1245,-1,1221,1246,1222,-1,1222,1246,1247,-1,1222,1247,1227,-1,1227,1247,1212,-1,1227,1212,1213,-1,1213,1212,1001,-1,1213,1001,1000,-1,1246,1233,1247,-1,1247,1233,1235,-1,1247,1235,1212,-1,1212,1235,1003,-1,1212,1003,1002,-1,1008,1007,1248,-1,1248,1007,1234,-1,1248,1234,1249,-1,1249,1234,1233,-1,1249,1233,1250,-1,1250,1233,1246,-1,1250,1246,1251,-1,1251,1246,1221,-1,1251,1221,1252,-1,1252,1221,1219,-1,1252,1219,1253,-1,1253,1219,1217,-1,1007,1006,1234,-1,1234,1006,1005,-1,1234,1005,1235,-1,1235,1005,1004,-1,1235,1004,1003,-1,1009,1008,1211,-1,1211,1008,1248,-1,1211,1248,1254,-1,1254,1248,1249,-1,1254,1249,1255,-1,1255,1249,1250,-1,1255,1250,1256,-1,1256,1250,1251,-1,1256,1251,1257,-1,1257,1251,1252,-1,1257,1252,1258,-1,1258,1252,1253,-1,1011,1010,1210,-1,1210,1010,1211,-1,1210,1211,1259,-1,1259,1211,1254,-1,1259,1254,1260,-1,1260,1254,1255,-1,1260,1255,1261,-1,1261,1255,1256,-1,1261,1256,1262,-1,1262,1256,1257,-1,1262,1257,1263,-1,1263,1257,1258,-1,1013,1012,1209,-1,1209,1012,1210,-1,1209,1210,1264,-1,1264,1210,1259,-1,1264,1259,1265,-1,1265,1259,1260,-1,1265,1260,1266,-1,1266,1260,1261,-1,1266,1261,1267,-1,1267,1261,1262,-1,1267,1262,1268,-1,1268,1262,1263,-1,1015,1014,1208,-1,1208,1014,1209,-1,1208,1209,1269,-1,1269,1209,1264,-1,1269,1264,1270,-1,1270,1264,1265,-1,1270,1265,1271,-1,1271,1265,1266,-1,1271,1266,1272,-1,1272,1266,1267,-1,1272,1267,1273,-1,1273,1267,1268,-1,1016,1017,1274,-1,1274,1017,1208,-1,1274,1208,1275,-1,1275,1208,1269,-1,1275,1269,1276,-1,1276,1269,1270,-1,1276,1270,1277,-1,1277,1270,1271,-1,1277,1271,1278,-1,1278,1271,1272,-1,1278,1272,1279,-1,1279,1272,1273,-1,1279,1152,1278,-1,1278,1152,1154,-1,1278,1154,1277,-1,1277,1154,1156,-1,1277,1156,1276,-1,1276,1156,1158,-1,1276,1158,1275,-1,1275,1158,1160,-1,1275,1160,1274,-1,1274,1160,1162,-1,1274,1162,1016,-1,1016,1162,970,-1,1245,1236,1263,-1,1202,1201,1153,-1,1279,1273,1236,-1,1236,1273,1268,-1,1236,1268,1263,-1,1201,1195,1153,-1,1153,1195,1190,-1,1153,1190,1185,-1,1185,1180,1175,-1,1175,1133,1185,-1,1185,1133,1132,-1,1185,1132,1139,-1,1139,1144,1185,-1,1185,1144,1167,-1,1185,1167,1153,-1,1202,1153,1236,-1,1236,1153,1152,-1,1236,1152,1279,-1,1258,1253,1223,-1,1223,1253,1217,-1,1223,1217,1216,-1,1258,1223,1263,-1,1263,1223,1228,-1,1263,1228,1245,-1,1280,1281,1282,-1,1282,1281,1283,-1,887,1284,894,-1,894,1284,1282,-1,894,1282,893,-1,893,1282,1283,-1,893,1283,1050,-1,1050,1283,1051,-1,1280,1282,1285,-1,872,876,856,-1,856,876,1280,-1,856,1280,1286,-1,1286,1280,1285,-1,1287,1283,1288,-1,1288,1283,1281,-1,1288,1281,858,-1,858,1281,875,-1,858,875,877,-1,1289,880,1290,-1,1290,880,890,-1,707,895,705,-1,705,895,880,-1,705,880,1291,-1,1291,880,1289,-1,707,709,895,-1,895,709,711,-1,895,711,664,-1,882,857,1292,-1,1292,857,859,-1,1293,884,1294,-1,1294,884,883,-1,1285,1295,881,-1,884,1293,1287,-1,1288,1286,1287,-1,1287,1286,1285,-1,1287,1285,884,-1,884,1285,881,-1,1295,1284,881,-1,881,1284,887,-1,743,745,896,-1,896,745,866,-1,1051,1293,1049,-1,1049,1293,1294,-1,1293,1051,1287,-1,1287,1051,1283,-1,856,1286,858,-1,858,1286,1288,-1,1285,1282,1295,-1,1295,1282,1284,-1,1296,1297,874,-1,874,1297,879,-1,859,858,877,-1,50,48,1297,-1,1297,48,859,-1,1297,859,879,-1,879,859,877,-1,859,48,1292,-1,1292,48,47,-1,47,49,1292,-1,1292,49,1298,-1,1078,1075,1298,-1,1298,1075,1072,-1,1072,1069,1298,-1,1298,1069,1066,-1,1298,1066,1063,-1,1063,1059,1298,-1,1298,1059,1049,-1,1298,1049,1292,-1,1292,1049,1294,-1,1292,1294,882,-1,882,1294,883,-1,892,891,1053,-1,1053,891,1049,-1,1053,1049,1054,-1,1054,1049,1059,-1,1113,1114,901,-1,901,1114,770,-1,901,770,902,-1,1120,771,1121,-1,1121,771,770,-1,1121,770,1122,-1,1122,770,1114,-1,1120,1119,771,-1,771,1119,1118,-1,771,1118,1117,-1,1117,1116,771,-1,771,1116,1115,-1,771,1115,1298,-1,1298,1115,1081,-1,1298,1081,1078,-1,80,70,1296,-1,1296,70,68,-1,1296,68,29,-1,29,63,1296,-1,1296,63,52,-1,1296,52,1297,-1,1297,52,32,-1,1297,32,50,-1,874,871,1296,-1,1296,871,867,-1,1296,867,80,-1,80,867,78,-1,1299,1300,967,-1,967,1300,965,-1,795,1301,810,-1,810,1301,1302,-1,810,1302,775,-1,775,1302,1303,-1,775,1303,797,-1,797,1303,1304,-1,797,1304,795,-1,795,1304,1301,-1,1305,1306,1307,-1,1307,1306,1308,-1,1307,1308,1301,-1,1309,1310,1311,-1,1311,1310,1312,-1,1308,1311,1301,-1,1301,1311,1312,-1,1301,1312,1302,-1,1302,1312,1313,-1,1302,1313,1303,-1,1303,1313,1314,-1,1303,1314,1304,-1,1304,1314,1315,-1,1304,1315,1301,-1,1301,1315,1316,-1,1301,1316,1307,-1,1313,1317,1314,-1,1314,1317,1318,-1,1314,1318,1315,-1,1315,1318,1319,-1,1315,1319,1316,-1,1316,1319,1320,-1,1316,1320,1307,-1,1307,1320,1321,-1,1307,1321,1305,-1,1305,1321,1322,-1,1305,1322,1306,-1,1306,1322,1323,-1,1306,1323,1308,-1,1308,1323,1324,-1,1308,1324,1311,-1,1311,1324,1325,-1,1311,1325,1309,-1,1309,1325,1326,-1,1309,1326,1310,-1,1310,1326,1327,-1,1310,1327,1312,-1,1312,1327,1328,-1,1312,1328,1313,-1,1313,1328,1317,-1,1321,1320,1322,-1,1322,1320,1319,-1,1322,1319,1323,-1,1317,1328,1318,-1,1318,1328,1327,-1,1318,1327,1326,-1,1325,1324,1326,-1,1326,1324,1323,-1,1326,1323,1318,-1,1318,1323,1319,-1,1329,1330,1331,-1,1331,1330,1332,-1,963,962,1333,-1,1333,962,1334,-1,952,742,1332,-1,1332,742,741,-1,1335,1336,1329,-1,1329,1336,1337,-1,1338,1339,1340,-1,787,786,1340,-1,1340,786,690,-1,1340,690,1338,-1,1338,690,691,-1,1338,691,1337,-1,1337,691,692,-1,1337,692,1341,-1,1341,1342,1337,-1,1337,1342,1330,-1,1337,1330,1329,-1,1334,1343,1333,-1,1333,1343,1344,-1,1345,1346,736,-1,1347,1348,1346,-1,1346,1348,1331,-1,1346,1331,1332,-1,1332,741,1346,-1,1346,741,738,-1,1346,738,736,-1,1344,1349,1333,-1,1333,1349,1345,-1,1333,1345,1350,-1,1350,1345,736,-1,933,969,934,-1,934,969,941,-1,934,941,945,-1,945,941,947,-1,1343,1334,940,-1,940,1334,962,-1,940,962,958,-1,958,959,940,-1,940,959,950,-1,940,950,941,-1,941,950,949,-1,941,949,947,-1,942,1344,940,-1,940,1344,1343,-1,965,1345,966,-1,966,1345,1349,-1,1345,965,1346,-1,1346,965,1300,-1,1347,1346,1299,-1,1299,1346,1300,-1,1351,1352,967,-1,967,1352,1336,-1,1299,967,1347,-1,1347,967,1336,-1,1347,1336,1348,-1,1348,1336,1335,-1,1335,1329,1348,-1,1348,1329,1331,-1,963,1333,1350,-1,1353,951,960,-1,951,1353,953,-1,960,961,1353,-1,1353,961,957,-1,1353,957,956,-1,956,964,1353,-1,1353,964,963,-1,1353,963,953,-1,953,963,1350,-1,953,1350,954,-1,954,1350,736,-1,954,736,955,-1,955,736,735,-1,1337,1336,1354,-1,1354,1336,1352,-1,1355,1338,1354,-1,1354,1338,1337,-1,943,914,938,-1,773,771,912,-1,912,771,1298,-1,938,939,943,-1,943,939,1356,-1,943,1356,1357,-1,1357,1356,840,-1,1357,840,841,-1,1298,916,912,-1,912,916,914,-1,912,914,919,-1,919,914,943,-1,919,943,969,-1,969,943,941,-1,1356,939,927,-1,581,582,1356,-1,876,875,49,-1,49,875,1281,-1,49,1281,1298,-1,46,572,1356,-1,49,46,876,-1,876,46,1356,-1,876,1356,1280,-1,1280,1356,927,-1,1280,927,1281,-1,1281,927,918,-1,1281,918,1298,-1,1298,918,916,-1,572,573,1356,-1,1356,573,574,-1,1356,574,575,-1,575,576,1356,-1,1356,576,577,-1,1356,577,578,-1,578,579,1356,-1,1356,579,580,-1,1356,580,581,-1,1358,1357,789,-1,789,1357,841,-1,1349,1344,966,-1,966,1344,942,-1,966,942,968,-1,968,942,943,-1,968,943,1359,-1,1359,943,1357,-1,1359,1357,1360,-1,1360,1357,1358,-1,1360,1358,1339,-1,1339,1358,1340,-1,675,674,824,-1,824,674,821,-1,788,821,674,-1,674,684,788,-1,788,684,683,-1,788,683,687,-1,786,788,690,-1,690,788,687,-1,1340,1358,787,-1,787,1358,789,-1,799,1361,520,-1,520,1361,9,-1,1338,1355,1339,-1,1339,1355,1360,-1,1360,1355,1359,-1,1359,1355,1351,-1,967,968,1351,-1,1351,968,1359,-1,906,905,915,-1,915,917,906,-1,906,917,928,-1,906,928,929,-1,929,928,930,-1,948,935,946,-1,946,935,944,-1,948,1030,935,-1,935,1030,1029,-1,935,1029,932,-1,928,936,930,-1,930,936,935,-1,930,935,931,-1,931,935,932,-1,948,952,1030,-1,1030,952,1332,-1,1030,1332,1362,-1,1362,1332,1330,-1,1362,1330,1363,-1,1362,1363,1364,-1,1364,1363,1365,-1,1342,1365,1330,-1,1330,1365,1363,-1,1352,1351,1354,-1,1354,1351,1355,-1,1366,1367,582,-1,582,1367,1368,-1,582,1368,1356,-1,1356,1368,1369,-1,1356,1369,840,-1,840,1369,839,-1,582,571,1366,-1,1366,571,562,-1,1366,562,1370,-1,1370,562,561,-1,1370,561,560,-1,560,559,1370,-1,1370,559,11,-1,1370,11,10,-1,1371,1372,1373,-1,1371,1373,1374,-1,1374,1373,1375,-1,1374,1375,1376,-1,1377,1378,1379,-1,1379,1378,1380,-1,1381,1377,1382,-1,1382,1377,1379,-1,1383,1381,1384,-1,1384,1381,1382,-1,1378,1383,1380,-1,1380,1383,1384,-1,698,784,697,-1,697,784,1385,-1,1386,1387,1385,-1,1385,1387,1388,-1,1385,1388,697,-1,667,785,665,-1,665,785,784,-1,665,784,701,-1,701,784,698,-1,813,785,669,-1,669,785,667,-1,1389,1390,1391,-1,1391,1390,1392,-1,710,708,812,-1,812,708,706,-1,812,706,1390,-1,1390,706,1393,-1,1390,1393,1392,-1,813,669,812,-1,812,669,712,-1,812,712,710,-1,812,1390,1371,-1,1361,799,1394,-1,1394,799,812,-1,1394,812,1374,-1,1374,812,1371,-1,1395,1396,796,-1,796,1396,801,-1,1396,1397,801,-1,801,1397,1398,-1,801,1398,800,-1,1398,1399,800,-1,800,1399,1400,-1,800,1400,798,-1,1400,1401,798,-1,798,1401,1402,-1,798,1402,802,-1,1402,1403,802,-1,802,1403,1404,-1,802,1404,803,-1,1404,1405,803,-1,803,1405,1406,-1,803,1406,804,-1,1406,1407,804,-1,804,1407,1408,-1,804,1408,814,-1,1408,1409,814,-1,814,1409,1410,-1,814,1410,815,-1,1410,1411,815,-1,815,1411,1412,-1,815,1412,816,-1,1412,1413,816,-1,816,1413,1414,-1,816,1414,817,-1,1414,1415,817,-1,817,1415,1416,-1,817,1416,818,-1,1417,819,1418,-1,1418,819,818,-1,1418,818,1419,-1,1419,818,1416,-1,1417,1420,819,-1,819,1420,830,-1,1420,1421,830,-1,830,1421,1422,-1,830,1422,831,-1,1422,1423,831,-1,831,1423,1424,-1,831,1424,832,-1,1424,1425,832,-1,832,1425,1426,-1,832,1426,833,-1,1426,1427,833,-1,833,1427,1428,-1,833,1428,834,-1,1428,1429,834,-1,834,1429,1430,-1,834,1430,835,-1,1430,1431,835,-1,835,1431,1432,-1,835,1432,823,-1,1432,1433,823,-1,823,1433,1434,-1,823,1434,822,-1,1434,1435,822,-1,822,1435,1436,-1,822,1436,820,-1,1436,1437,820,-1,820,1437,1438,-1,820,1438,793,-1,1438,1439,793,-1,793,1439,1440,-1,793,1440,794,-1,1395,796,1441,-1,1441,796,794,-1,1441,794,1442,-1,1442,794,1440,-1,1443,1444,1385,-1,1385,1444,1372,-1,1372,1371,1390,-1,1390,1445,1446,-1,1447,1386,1448,-1,1448,1386,1449,-1,1389,1450,1390,-1,1390,1450,1451,-1,1390,1451,1445,-1,1372,1390,1385,-1,1385,1390,1446,-1,1385,1446,1386,-1,1386,1446,1452,-1,1386,1452,1449,-1,1453,1454,1455,-1,1455,1454,1456,-1,1457,1450,1456,-1,1456,1450,1458,-1,1456,1458,1455,-1,1459,1447,1460,-1,1460,1447,1448,-1,1460,1448,1461,-1,1461,1448,1449,-1,1461,1449,1462,-1,1462,1449,1452,-1,1462,1452,1463,-1,1463,1452,1446,-1,1463,1446,1464,-1,1464,1446,1445,-1,1464,1445,1457,-1,1457,1445,1451,-1,1457,1451,1450,-1,1454,1453,1465,-1,1466,1467,1468,-1,1468,1467,1469,-1,1465,1470,1454,-1,1454,1470,1471,-1,1454,1471,1467,-1,1467,1471,1472,-1,1467,1472,1469,-1,1473,1474,1475,-1,1476,1477,1478,-1,1478,1477,1479,-1,1478,1479,1480,-1,1480,1479,1481,-1,1481,1479,1482,-1,1481,1482,1483,-1,1483,1482,1484,-1,1484,1482,1485,-1,1484,1485,1486,-1,1486,1485,1487,-1,1486,1487,1488,-1,1474,1473,1487,-1,1487,1473,1489,-1,1487,1489,1488,-1,1490,1491,1475,-1,1475,1491,1492,-1,1475,1492,1473,-1,1475,1493,1490,-1,1490,1493,1467,-1,1490,1467,1466,-1,1384,1382,1380,-1,1380,1382,1379,-1,1419,1416,1494,-1,1415,1414,1495,-1,1413,1412,1496,-1,1411,1410,1497,-1,1409,1408,1498,-1,1401,1400,1499,-1,1399,1398,1500,-1,1397,1396,1501,-1,1502,1503,1504,-1,1504,1503,1505,-1,1504,1505,1506,-1,1506,1505,1507,-1,1506,1507,1508,-1,1508,1507,1509,-1,1508,1509,1510,-1,1511,1502,1512,-1,1512,1502,1504,-1,1512,1504,1513,-1,1513,1504,1506,-1,1513,1506,1514,-1,1514,1506,1508,-1,1514,1508,1515,-1,1515,1508,1510,-1,1515,1510,1499,-1,1516,1517,1518,-1,1519,1520,1521,-1,1521,1520,1522,-1,1521,1522,1523,-1,1523,1522,1524,-1,1523,1524,1525,-1,1525,1524,1526,-1,1525,1526,1527,-1,1527,1526,1528,-1,1527,1528,1529,-1,1529,1528,1501,-1,1529,1501,1395,-1,1395,1501,1396,-1,1398,1397,1500,-1,1500,1397,1501,-1,1500,1501,1530,-1,1530,1501,1528,-1,1530,1528,1531,-1,1531,1528,1526,-1,1531,1526,1532,-1,1532,1526,1524,-1,1532,1524,1533,-1,1533,1524,1522,-1,1533,1522,1534,-1,1534,1522,1520,-1,1400,1399,1499,-1,1499,1399,1500,-1,1499,1500,1515,-1,1515,1500,1530,-1,1515,1530,1514,-1,1514,1530,1531,-1,1514,1531,1513,-1,1513,1531,1532,-1,1513,1532,1512,-1,1512,1532,1533,-1,1512,1533,1511,-1,1511,1533,1534,-1,1509,1516,1510,-1,1510,1516,1518,-1,1510,1518,1499,-1,1499,1518,1402,-1,1499,1402,1401,-1,1407,1406,1535,-1,1535,1406,1517,-1,1535,1517,1536,-1,1536,1517,1516,-1,1536,1516,1537,-1,1537,1516,1509,-1,1537,1509,1538,-1,1538,1509,1507,-1,1538,1507,1539,-1,1539,1507,1505,-1,1539,1505,1540,-1,1540,1505,1503,-1,1406,1405,1517,-1,1517,1405,1404,-1,1517,1404,1518,-1,1518,1404,1403,-1,1518,1403,1402,-1,1408,1407,1498,-1,1498,1407,1535,-1,1498,1535,1541,-1,1541,1535,1536,-1,1541,1536,1542,-1,1542,1536,1537,-1,1542,1537,1543,-1,1543,1537,1538,-1,1543,1538,1544,-1,1544,1538,1539,-1,1544,1539,1545,-1,1545,1539,1540,-1,1410,1409,1497,-1,1497,1409,1498,-1,1497,1498,1546,-1,1546,1498,1541,-1,1546,1541,1547,-1,1547,1541,1542,-1,1547,1542,1548,-1,1548,1542,1543,-1,1548,1543,1549,-1,1549,1543,1544,-1,1549,1544,1550,-1,1550,1544,1545,-1,1412,1411,1496,-1,1496,1411,1497,-1,1496,1497,1551,-1,1551,1497,1546,-1,1551,1546,1552,-1,1552,1546,1547,-1,1552,1547,1553,-1,1553,1547,1548,-1,1553,1548,1554,-1,1554,1548,1549,-1,1554,1549,1555,-1,1555,1549,1550,-1,1414,1413,1495,-1,1495,1413,1496,-1,1495,1496,1556,-1,1556,1496,1551,-1,1556,1551,1557,-1,1557,1551,1552,-1,1557,1552,1558,-1,1558,1552,1553,-1,1558,1553,1559,-1,1559,1553,1554,-1,1559,1554,1560,-1,1560,1554,1555,-1,1416,1415,1494,-1,1494,1415,1495,-1,1494,1495,1561,-1,1561,1495,1556,-1,1561,1556,1562,-1,1562,1556,1557,-1,1562,1557,1563,-1,1563,1557,1558,-1,1563,1558,1564,-1,1564,1558,1559,-1,1564,1559,1565,-1,1565,1559,1560,-1,1418,1419,1566,-1,1566,1419,1494,-1,1566,1494,1567,-1,1567,1494,1561,-1,1567,1561,1568,-1,1568,1561,1562,-1,1568,1562,1569,-1,1569,1562,1563,-1,1569,1563,1570,-1,1570,1563,1564,-1,1570,1564,1571,-1,1571,1564,1565,-1,1571,1572,1570,-1,1570,1572,1573,-1,1570,1573,1569,-1,1569,1573,1574,-1,1569,1574,1568,-1,1568,1574,1575,-1,1568,1575,1567,-1,1567,1575,1576,-1,1567,1576,1566,-1,1566,1576,1577,-1,1566,1577,1418,-1,1418,1577,1417,-1,1442,1440,1578,-1,1439,1438,1579,-1,1437,1436,1580,-1,1435,1434,1581,-1,1427,1426,1582,-1,1425,1424,1583,-1,1423,1422,1584,-1,1421,1420,1585,-1,1586,1587,1588,-1,1588,1587,1589,-1,1588,1589,1590,-1,1590,1589,1591,-1,1590,1591,1592,-1,1593,1586,1594,-1,1594,1586,1588,-1,1594,1588,1595,-1,1595,1588,1590,-1,1595,1590,1596,-1,1596,1590,1592,-1,1596,1592,1597,-1,1598,1593,1599,-1,1599,1593,1594,-1,1599,1594,1600,-1,1600,1594,1595,-1,1600,1595,1601,-1,1601,1595,1596,-1,1601,1596,1602,-1,1602,1596,1597,-1,1602,1597,1583,-1,1603,1604,1605,-1,1572,1606,1573,-1,1573,1606,1607,-1,1573,1607,1574,-1,1574,1607,1608,-1,1574,1608,1575,-1,1575,1608,1609,-1,1575,1609,1576,-1,1576,1609,1610,-1,1576,1610,1577,-1,1577,1610,1585,-1,1577,1585,1417,-1,1417,1585,1420,-1,1422,1421,1584,-1,1584,1421,1585,-1,1584,1585,1611,-1,1611,1585,1610,-1,1611,1610,1612,-1,1612,1610,1609,-1,1612,1609,1613,-1,1613,1609,1608,-1,1613,1608,1614,-1,1614,1608,1607,-1,1614,1607,1615,-1,1615,1607,1606,-1,1424,1423,1583,-1,1583,1423,1584,-1,1583,1584,1602,-1,1602,1584,1611,-1,1602,1611,1601,-1,1601,1611,1612,-1,1601,1612,1600,-1,1600,1612,1613,-1,1600,1613,1599,-1,1599,1613,1614,-1,1599,1614,1598,-1,1598,1614,1615,-1,1591,1616,1592,-1,1592,1616,1617,-1,1592,1617,1597,-1,1597,1617,1582,-1,1597,1582,1583,-1,1583,1582,1426,-1,1583,1426,1425,-1,1616,1603,1617,-1,1617,1603,1605,-1,1617,1605,1582,-1,1582,1605,1428,-1,1582,1428,1427,-1,1433,1432,1618,-1,1618,1432,1604,-1,1618,1604,1619,-1,1619,1604,1603,-1,1619,1603,1620,-1,1620,1603,1616,-1,1620,1616,1621,-1,1621,1616,1591,-1,1621,1591,1622,-1,1622,1591,1589,-1,1622,1589,1623,-1,1623,1589,1587,-1,1432,1431,1604,-1,1604,1431,1430,-1,1604,1430,1605,-1,1605,1430,1429,-1,1605,1429,1428,-1,1434,1433,1581,-1,1581,1433,1618,-1,1581,1618,1624,-1,1624,1618,1619,-1,1624,1619,1625,-1,1625,1619,1620,-1,1625,1620,1626,-1,1626,1620,1621,-1,1626,1621,1627,-1,1627,1621,1622,-1,1627,1622,1628,-1,1628,1622,1623,-1,1436,1435,1580,-1,1580,1435,1581,-1,1580,1581,1629,-1,1629,1581,1624,-1,1629,1624,1630,-1,1630,1624,1625,-1,1630,1625,1631,-1,1631,1625,1626,-1,1631,1626,1632,-1,1632,1626,1627,-1,1632,1627,1633,-1,1633,1627,1628,-1,1438,1437,1579,-1,1579,1437,1580,-1,1579,1580,1634,-1,1634,1580,1629,-1,1634,1629,1635,-1,1635,1629,1630,-1,1635,1630,1636,-1,1636,1630,1631,-1,1636,1631,1637,-1,1637,1631,1632,-1,1637,1632,1638,-1,1638,1632,1633,-1,1440,1439,1578,-1,1578,1439,1579,-1,1578,1579,1639,-1,1639,1579,1634,-1,1639,1634,1640,-1,1640,1634,1635,-1,1640,1635,1641,-1,1641,1635,1636,-1,1641,1636,1642,-1,1642,1636,1637,-1,1642,1637,1643,-1,1643,1637,1638,-1,1441,1442,1644,-1,1644,1442,1578,-1,1644,1578,1645,-1,1645,1578,1639,-1,1645,1639,1646,-1,1646,1639,1640,-1,1646,1640,1647,-1,1647,1640,1641,-1,1647,1641,1648,-1,1648,1641,1642,-1,1648,1642,1649,-1,1649,1642,1643,-1,1649,1519,1648,-1,1648,1519,1521,-1,1648,1521,1647,-1,1647,1521,1523,-1,1647,1523,1646,-1,1646,1523,1525,-1,1646,1525,1645,-1,1645,1525,1527,-1,1645,1527,1644,-1,1644,1527,1529,-1,1644,1529,1441,-1,1441,1529,1395,-1,1520,1519,1565,-1,1565,1519,1571,-1,1643,1638,1572,-1,1555,1550,1534,-1,1571,1519,1572,-1,1572,1519,1649,-1,1572,1649,1643,-1,1520,1565,1534,-1,1534,1565,1560,-1,1534,1560,1555,-1,1534,1503,1511,-1,1511,1503,1502,-1,1633,1628,1586,-1,1586,1628,1623,-1,1586,1623,1587,-1,1633,1586,1638,-1,1638,1586,1593,-1,1638,1593,1598,-1,1598,1615,1638,-1,1638,1615,1606,-1,1638,1606,1572,-1,1550,1545,1534,-1,1534,1545,1540,-1,1534,1540,1503,-1,777,776,1650,-1,1650,776,1651,-1,1650,1651,1652,-1,1652,1651,1653,-1,1654,1655,1656,-1,1656,1655,1657,-1,1658,1654,1659,-1,1659,1654,1656,-1,1660,1658,1661,-1,1661,1658,1659,-1,1655,1660,1657,-1,1657,1660,1661,-1,1661,1659,1657,-1,1657,1659,1656,-1,1662,1663,1664,-1,1664,1663,1665,-1,1664,1665,1666,-1,1664,1667,1662,-1,1662,1667,1668,-1,1662,1668,1669,-1,1670,1671,1672,-1,1673,1674,1665,-1,1665,1674,1675,-1,1665,1675,1666,-1,1673,1676,1674,-1,1674,1676,1677,-1,1674,1677,1678,-1,1679,1680,1681,-1,1669,1682,1662,-1,1662,1682,1670,-1,1662,1670,1683,-1,1683,1670,1672,-1,1678,1684,1674,-1,1674,1684,1679,-1,1674,1679,1685,-1,1685,1679,1681,-1,1394,1374,1686,-1,1686,1374,1376,-1,1686,1376,1687,-1,1686,1687,1688,-1,1688,1687,1689,-1,1688,1689,1690,-1,1655,1370,1660,-1,1660,1370,1691,-1,1660,1691,1658,-1,1658,1691,1692,-1,1658,1692,1654,-1,1654,1692,1366,-1,1654,1366,1655,-1,1655,1366,1370,-1,1693,1367,1692,-1,1692,1367,1366,-1,1694,1695,1375,-1,1696,1697,1375,-1,1375,1697,1698,-1,1375,1698,1694,-1,1687,1376,1699,-1,1699,1376,1375,-1,1699,1375,1700,-1,1700,1375,1695,-1,1375,1701,1702,-1,1702,1703,1375,-1,1375,1703,1704,-1,1375,1704,1705,-1,1705,1706,1375,-1,1375,1706,1707,-1,1375,1707,1696,-1,1708,1709,1444,-1,1710,1711,1372,-1,1372,1711,1712,-1,1372,1712,1713,-1,1713,1714,1372,-1,1372,1714,1715,-1,1372,1715,1373,-1,1373,1715,1716,-1,1373,1716,1717,-1,1717,1716,1718,-1,1709,1719,1444,-1,1444,1719,1720,-1,1444,1720,1721,-1,1444,1722,1708,-1,1708,1722,1723,-1,1708,1723,1724,-1,1724,1723,1725,-1,1721,1726,1444,-1,1444,1726,1727,-1,1444,1727,1372,-1,1372,1727,1728,-1,1372,1728,1710,-1,1702,1701,1673,-1,1717,1701,1373,-1,1373,1701,1375,-1,1717,1718,1701,-1,1701,1718,1716,-1,1701,1716,1728,-1,1728,1716,1715,-1,1729,1730,1722,-1,1722,1730,1723,-1,1681,1680,1727,-1,1702,1673,1703,-1,1697,1696,1663,-1,1696,1707,1663,-1,1663,1707,1706,-1,1663,1706,1665,-1,1665,1706,1705,-1,1665,1705,1673,-1,1673,1705,1704,-1,1673,1704,1703,-1,1715,1714,1728,-1,1728,1714,1713,-1,1728,1713,1710,-1,1710,1713,1712,-1,1710,1712,1711,-1,1719,1726,1720,-1,1720,1726,1721,-1,1719,1709,1726,-1,1726,1709,1708,-1,1726,1708,1727,-1,1727,1708,1724,-1,1727,1724,1730,-1,1730,1724,1725,-1,1730,1725,1723,-1,1687,1683,1672,-1,1672,1671,1687,-1,1687,1671,1670,-1,1687,1670,1689,-1,1689,1670,1682,-1,1689,1682,1669,-1,1669,1668,1689,-1,1689,1668,1667,-1,1689,1667,1731,-1,1731,1667,1664,-1,1731,1664,1732,-1,1733,1734,1664,-1,1664,1734,1735,-1,1664,1735,1736,-1,1727,1680,1728,-1,1728,1680,1679,-1,1728,1679,1684,-1,1695,1694,1663,-1,1663,1694,1698,-1,1663,1698,1697,-1,1737,1675,1730,-1,1730,1675,1674,-1,1730,1674,1727,-1,1727,1674,1685,-1,1727,1685,1681,-1,1684,1678,1728,-1,1728,1678,1677,-1,1728,1677,1701,-1,1701,1677,1676,-1,1701,1676,1673,-1,1683,1687,1662,-1,1662,1687,1699,-1,1662,1699,1663,-1,1663,1699,1700,-1,1663,1700,1695,-1,1736,1738,1664,-1,1664,1738,1739,-1,1664,1739,1732,-1,1737,1740,1675,-1,1675,1740,1741,-1,1675,1741,1666,-1,1666,1741,1742,-1,1666,1742,1664,-1,1664,1742,1743,-1,1664,1743,1733,-1,1732,1739,1729,-1,1729,1739,1738,-1,1729,1738,1736,-1,1732,1729,1731,-1,1731,1729,1690,-1,1731,1690,1689,-1,1736,1735,1729,-1,1729,1735,1734,-1,1729,1734,1733,-1,1733,1743,1729,-1,1729,1743,1742,-1,1729,1742,1741,-1,1741,1740,1729,-1,1729,1740,1737,-1,1729,1737,1730,-1,1444,1443,1722,-1,1722,1443,1744,-1,1722,1744,1729,-1,1729,1744,1690,-1,1378,1369,1383,-1,1383,1369,1745,-1,1383,1745,1381,-1,1381,1745,764,-1,1381,764,1377,-1,1377,764,839,-1,1377,839,1378,-1,1378,839,1369,-1,1368,1746,1369,-1,1369,1746,1745,-1,1747,762,764,-1,1748,1749,1746,-1,1746,1749,1747,-1,1746,1747,1745,-1,1745,1747,764,-1,1464,1457,1367,-1,1748,1746,1477,-1,1477,1746,1479,-1,1464,1367,1463,-1,1493,1475,1368,-1,1368,1475,1474,-1,1693,1461,1367,-1,1367,1461,1462,-1,1367,1462,1463,-1,1750,1459,1693,-1,1693,1459,1460,-1,1693,1460,1461,-1,1474,1487,1368,-1,1368,1487,1485,-1,1368,1485,1746,-1,1746,1485,1482,-1,1746,1482,1479,-1,1457,1456,1367,-1,1367,1456,1454,-1,1367,1454,1368,-1,1368,1454,1467,-1,1368,1467,1493,-1,1650,1751,777,-1,777,1751,779,-1,784,779,1751,-1,1443,1385,1744,-1,1744,1385,784,-1,1744,784,1752,-1,1752,784,1751,-1,762,1747,763,-1,763,1747,1753,-1,1754,1755,763,-1,763,1755,1756,-1,643,645,1753,-1,1753,645,649,-1,1753,649,654,-1,654,657,1753,-1,1753,657,659,-1,1753,659,763,-1,763,659,1757,-1,763,1757,1754,-1,1756,1758,763,-1,763,1758,1759,-1,763,1759,765,-1,1760,612,1753,-1,1753,612,611,-1,1753,611,643,-1,1761,778,765,-1,765,1762,1761,-1,1761,1762,1763,-1,1761,1763,1764,-1,1764,1763,1765,-1,1688,1752,1751,-1,1361,1394,9,-1,9,1394,1686,-1,1650,1652,1691,-1,10,9,1370,-1,1370,9,1686,-1,1370,1686,1691,-1,1691,1686,1688,-1,1691,1688,1650,-1,1650,1688,1751,-1,1690,1744,1688,-1,1688,1744,1752,-1,612,1766,1767,-1,1760,1749,612,-1,612,1749,1748,-1,1766,612,1768,-1,1768,612,1748,-1,1768,1748,1769,-1,1769,1748,1477,-1,1769,1477,1476,-1,1767,1770,612,-1,612,1770,1771,-1,612,1771,614,-1,614,1771,1772,-1,614,1772,615,-1,615,1772,1773,-1,615,1773,598,-1,1365,1342,1341,-1,1453,1455,1048,-1,1048,1455,1389,-1,1389,1455,1458,-1,1389,1458,1450,-1,889,1048,890,-1,890,1048,1389,-1,890,1389,1290,-1,1290,1389,1391,-1,1290,1391,1289,-1,1289,1391,1392,-1,1289,1392,1291,-1,1291,1392,1393,-1,1291,1393,705,-1,705,1393,706,-1,1453,1048,1465,-1,1465,1048,1046,-1,1465,1046,1470,-1,1470,1046,1044,-1,1470,1044,1471,-1,1471,1044,1042,-1,1471,1042,1472,-1,1472,1042,1040,-1,1472,1040,1469,-1,1469,1040,1038,-1,1469,1038,1468,-1,1468,1038,1036,-1,1468,1036,1466,-1,1032,1492,1034,-1,1034,1492,1491,-1,1034,1491,1036,-1,1036,1491,1490,-1,1036,1490,1466,-1,1032,1030,1362,-1,1478,1480,1774,-1,1775,1768,1776,-1,1776,1768,1769,-1,1776,1769,1774,-1,1774,1769,1476,-1,1774,1476,1478,-1,1364,1481,1483,-1,1364,1483,1362,-1,1362,1483,1484,-1,1362,1484,1486,-1,1486,1488,1362,-1,1362,1488,1489,-1,1362,1489,1032,-1,1032,1489,1473,-1,1032,1473,1492,-1,1777,1778,1779,-1,1777,1779,1780,-1,1778,1773,1779,-1,1779,1773,1772,-1,1779,1772,1781,-1,1781,1772,1771,-1,1781,1771,1782,-1,1782,1771,1770,-1,1782,1770,1783,-1,1783,1770,1767,-1,1783,1767,1775,-1,1775,1767,1766,-1,1775,1766,1768,-1,1780,1779,1784,-1,1784,1779,1785,-1,1784,1785,1786,-1,1786,1785,1787,-1,1786,1787,1788,-1,1788,1787,1789,-1,1788,1789,1790,-1,1789,1791,1790,-1,1790,1791,1792,-1,1790,1792,1793,-1,1794,1795,1796,-1,1795,1797,1796,-1,1796,1797,1798,-1,1796,1798,1799,-1,1792,1800,1793,-1,1793,1800,1801,-1,1793,1801,1802,-1,1802,1801,1803,-1,1802,1803,1804,-1,1804,1803,1799,-1,1804,1799,1805,-1,1805,1799,1798,-1,1806,1807,1808,-1,1808,1807,1809,-1,1808,1809,1810,-1,1810,1809,1811,-1,1810,1811,1812,-1,1812,1811,1813,-1,1812,1813,1814,-1,1814,1813,1815,-1,1814,1815,1816,-1,1816,1815,1817,-1,1816,1817,1796,-1,1796,1817,1818,-1,1796,1818,1794,-1,695,697,1819,-1,1819,697,1388,-1,1819,1388,1820,-1,1820,1388,1387,-1,1820,1387,1821,-1,1821,1387,1822,-1,1821,1822,1806,-1,1806,1822,1823,-1,1806,1823,1807,-1,1480,1481,1774,-1,1774,1481,1364,-1,1774,1364,1824,-1,1824,1364,1365,-1,1824,1365,1825,-1,1825,1365,1341,-1,1825,1341,1826,-1,1826,1341,692,-1,1826,692,694,-1,1788,605,1786,-1,1786,605,607,-1,1786,607,1784,-1,1784,607,609,-1,1784,609,1780,-1,1780,609,610,-1,1780,610,1777,-1,1777,610,599,-1,1777,599,1778,-1,1778,599,598,-1,1778,598,1773,-1,1653,1827,1750,-1,1691,1652,1692,-1,1692,1652,1653,-1,1692,1653,1693,-1,1693,1653,1750,-1,1828,776,1829,-1,1829,776,778,-1,1830,1831,776,-1,776,1831,618,-1,776,618,1651,-1,1651,618,620,-1,1651,620,622,-1,584,1832,585,-1,585,1832,1651,-1,585,1651,632,-1,622,627,1651,-1,1651,627,630,-1,1651,630,632,-1,1828,1833,776,-1,776,1833,1834,-1,776,1834,1830,-1,658,1835,659,-1,659,1835,1836,-1,659,1836,1757,-1,1837,1754,1838,-1,1838,1754,1757,-1,1838,1757,1839,-1,1839,1757,1836,-1,1837,1840,1754,-1,1754,1840,1841,-1,1754,1841,1755,-1,1841,1842,1755,-1,1755,1842,1843,-1,1755,1843,1756,-1,1844,1758,1845,-1,1845,1758,1756,-1,1845,1756,1846,-1,1846,1756,1843,-1,1844,1847,1758,-1,1758,1847,1848,-1,1758,1848,1759,-1,1759,1848,1849,-1,1759,1849,765,-1,765,1849,1850,-1,765,1850,1762,-1,1851,1763,1852,-1,1852,1763,1762,-1,1852,1762,1853,-1,1853,1762,1850,-1,1851,1854,1763,-1,1763,1854,1855,-1,1763,1855,1765,-1,1856,1764,1857,-1,1857,1764,1765,-1,1857,1765,1858,-1,1858,1765,1855,-1,1856,1859,1764,-1,1764,1859,1860,-1,1764,1860,1761,-1,1761,1860,1861,-1,1761,1861,778,-1,778,1861,1862,-1,778,1862,1829,-1,1862,1863,1829,-1,1829,1863,1864,-1,1829,1864,1828,-1,1828,1864,1865,-1,1828,1865,1833,-1,1833,1865,1866,-1,1833,1866,1867,-1,1868,1834,1869,-1,1869,1834,1833,-1,1869,1833,1870,-1,1870,1833,1867,-1,1868,1871,1834,-1,1834,1871,1872,-1,1834,1872,1830,-1,1872,1873,1830,-1,1830,1873,1874,-1,1830,1874,1831,-1,616,618,1875,-1,1875,618,1831,-1,1875,1831,1876,-1,1876,1831,1874,-1,1822,1387,1386,-1,1827,1832,1750,-1,1750,1832,584,-1,1811,1809,584,-1,584,1809,1807,-1,584,1807,1750,-1,1822,1386,1823,-1,1823,1386,1447,-1,1823,1447,1807,-1,1807,1447,1459,-1,1807,1459,1750,-1,1817,1815,584,-1,584,1815,1813,-1,584,1813,1811,-1,1817,584,1818,-1,1818,584,583,-1,1818,583,1794,-1,1794,583,636,-1,1794,636,635,-1,1651,1832,1653,-1,1653,1832,1827,-1,1747,1749,1753,-1,1753,1749,1760,-1,1877,1878,695,-1,695,1819,1877,-1,1877,1819,1820,-1,1877,1820,1879,-1,1820,1821,1879,-1,1879,1821,1806,-1,1879,1806,1880,-1,1806,1808,1880,-1,1880,1808,1810,-1,1880,1810,1881,-1,1810,1812,1881,-1,1881,1812,1814,-1,1881,1814,1882,-1,1814,1816,1882,-1,1882,1816,1796,-1,1882,1796,1883,-1,1796,1799,1883,-1,1883,1799,1803,-1,1883,1803,1884,-1,1803,1801,1884,-1,1884,1801,1800,-1,1884,1800,1885,-1,1800,1792,1885,-1,1885,1792,1791,-1,1885,1791,1886,-1,1791,1789,1886,-1,1886,1789,1787,-1,1886,1787,1887,-1,1787,1785,1887,-1,1887,1785,1779,-1,1887,1779,1888,-1,1779,1781,1888,-1,1888,1781,1782,-1,1888,1782,1889,-1,1782,1783,1889,-1,1889,1783,1775,-1,1889,1775,1890,-1,1775,1776,1890,-1,1890,1776,1774,-1,1890,1774,1891,-1,694,1892,1826,-1,1826,1892,1893,-1,1826,1893,1825,-1,1825,1893,1891,-1,1825,1891,1824,-1,1824,1891,1774,-1,1794,635,590,-1,1794,590,1795,-1,1795,590,589,-1,1795,589,1797,-1,1797,589,587,-1,1797,587,1798,-1,1798,587,586,-1,1798,586,1805,-1,1805,586,593,-1,1805,593,1804,-1,1802,1804,593,-1,1802,593,1793,-1,605,1788,603,-1,603,1788,1790,-1,603,1790,597,-1,597,1790,1793,-1,597,1793,592,-1,592,1793,593,-1,1894,1892,694,-1,694,693,1894,-1,1894,693,686,-1,1894,686,1895,-1,686,688,1895,-1,1895,688,689,-1,1895,689,1896,-1,689,685,1896,-1,1896,685,734,-1,1896,734,1897,-1,734,733,1897,-1,1897,733,732,-1,1897,732,1898,-1,732,731,1898,-1,1898,731,730,-1,1898,730,1899,-1,730,728,1899,-1,1899,728,727,-1,1899,727,1900,-1,727,725,1900,-1,1900,725,724,-1,1900,724,1901,-1,724,722,1901,-1,1901,722,721,-1,1901,721,1902,-1,721,719,1902,-1,1902,719,718,-1,1902,718,1903,-1,718,716,1903,-1,1903,716,715,-1,1903,715,1904,-1,715,713,1904,-1,1904,713,668,-1,1904,668,1905,-1,668,666,1905,-1,1905,666,704,-1,1905,704,1906,-1,704,703,1906,-1,1906,703,702,-1,1906,702,1907,-1,695,1878,696,-1,696,1878,1908,-1,696,1908,699,-1,699,1908,1907,-1,699,1907,700,-1,700,1907,702,-1,616,1875,1909,-1,1876,1874,1910,-1,1868,1869,1911,-1,1865,1864,1912,-1,1863,1862,1913,-1,1856,1857,1914,-1,1854,1851,1915,-1,1853,1850,1916,-1,1844,1845,1917,-1,1846,1843,1918,-1,1837,1838,1919,-1,1920,1921,1922,-1,1922,1921,1923,-1,1922,1923,1924,-1,1924,1923,1925,-1,1924,1925,1926,-1,1926,1925,1927,-1,1926,1927,1928,-1,1928,1927,1929,-1,1928,1929,1930,-1,1930,1929,1931,-1,1930,1931,1932,-1,1932,1931,1919,-1,1933,1934,1935,-1,1935,1934,1936,-1,1935,1936,1937,-1,1937,1936,1938,-1,1937,1938,1939,-1,1939,1938,1940,-1,1939,1940,1941,-1,1941,1940,1942,-1,1941,1942,1943,-1,1943,1942,1944,-1,1943,1944,1945,-1,1945,1944,1918,-1,1946,1947,1948,-1,1948,1947,1949,-1,1948,1949,1950,-1,1950,1949,1951,-1,1950,1951,1952,-1,1952,1951,1953,-1,1952,1953,1954,-1,1954,1953,1955,-1,1954,1955,1956,-1,1956,1955,1957,-1,1956,1957,1958,-1,1958,1957,1916,-1,1959,1960,1961,-1,1961,1960,1962,-1,1961,1962,1963,-1,1963,1962,1964,-1,1963,1964,1965,-1,1965,1964,1966,-1,1965,1966,1967,-1,1967,1966,1968,-1,1967,1968,1969,-1,1969,1968,1970,-1,1969,1970,1971,-1,1971,1970,1914,-1,1972,1973,1974,-1,1974,1973,1975,-1,1974,1975,1976,-1,1976,1975,1977,-1,1976,1977,1978,-1,1978,1977,1979,-1,1978,1979,1980,-1,1980,1979,1981,-1,1980,1981,1982,-1,1982,1981,1983,-1,1982,1983,1984,-1,1984,1983,1913,-1,1985,1986,1987,-1,1987,1986,1988,-1,1987,1988,1989,-1,1989,1988,1990,-1,1989,1990,1991,-1,1991,1990,1992,-1,1991,1992,1993,-1,1993,1992,1994,-1,1993,1994,1995,-1,1995,1994,1996,-1,1995,1996,1997,-1,1997,1996,1911,-1,1998,1999,2000,-1,2000,1999,2001,-1,2000,2001,2002,-1,2002,2001,2003,-1,2002,2003,2004,-1,2004,2003,2005,-1,2004,2005,2006,-1,2006,2005,2007,-1,2006,2007,2008,-1,2008,2007,2009,-1,2008,2009,2010,-1,2010,2009,1910,-1,2011,1920,2012,-1,2012,1920,1922,-1,2012,1922,2013,-1,2013,1922,1924,-1,2013,1924,2014,-1,2014,1924,1926,-1,2014,1926,2015,-1,2015,1926,1928,-1,2015,1928,2016,-1,2016,1928,1930,-1,2016,1930,2017,-1,2017,1930,1932,-1,2017,1932,1835,-1,1835,1932,1836,-1,1919,1838,1932,-1,1932,1838,1839,-1,1932,1839,1836,-1,1840,1837,2018,-1,2018,1837,1919,-1,2018,1919,2019,-1,2019,1919,1931,-1,2019,1931,2020,-1,2020,1931,1929,-1,2020,1929,2021,-1,2021,1929,1927,-1,2021,1927,2022,-1,2022,1927,1925,-1,2022,1925,2023,-1,2023,1925,1923,-1,2023,1923,2024,-1,2024,1923,1921,-1,2024,1933,2023,-1,2023,1933,1935,-1,2023,1935,2022,-1,2022,1935,1937,-1,2022,1937,2021,-1,2021,1937,1939,-1,2021,1939,2020,-1,2020,1939,1941,-1,2020,1941,2019,-1,2019,1941,1943,-1,2019,1943,2018,-1,2018,1943,1945,-1,2018,1945,1840,-1,1840,1945,1841,-1,1918,1843,1945,-1,1945,1843,1842,-1,1945,1842,1841,-1,1934,2025,1936,-1,1936,2025,2026,-1,1936,2026,1938,-1,1938,2026,2027,-1,1938,2027,1940,-1,1940,2027,2028,-1,1940,2028,1942,-1,1942,2028,2029,-1,1942,2029,1944,-1,1944,2029,2030,-1,1944,2030,1918,-1,1918,2030,1917,-1,1918,1917,1846,-1,1846,1917,1845,-1,1847,1844,2031,-1,2031,1844,1917,-1,2031,1917,2032,-1,2032,1917,2030,-1,2032,2030,2033,-1,2033,2030,2029,-1,2033,2029,2034,-1,2034,2029,2028,-1,2034,2028,2035,-1,2035,2028,2027,-1,2035,2027,2036,-1,2036,2027,2026,-1,2036,2026,2037,-1,2037,2026,2025,-1,2037,1946,2036,-1,2036,1946,1948,-1,2036,1948,2035,-1,2035,1948,1950,-1,2035,1950,2034,-1,2034,1950,1952,-1,2034,1952,2033,-1,2033,1952,1954,-1,2033,1954,2032,-1,2032,1954,1956,-1,2032,1956,2031,-1,2031,1956,1958,-1,2031,1958,1847,-1,1847,1958,1848,-1,1916,1850,1958,-1,1958,1850,1849,-1,1958,1849,1848,-1,1852,1853,2038,-1,2038,1853,1916,-1,2038,1916,2039,-1,2039,1916,1957,-1,2039,1957,2040,-1,2040,1957,1955,-1,2040,1955,2041,-1,2041,1955,1953,-1,2041,1953,2042,-1,2042,1953,1951,-1,2042,1951,2043,-1,2043,1951,1949,-1,2043,1949,2044,-1,2044,1949,1947,-1,2044,2045,2043,-1,2043,2045,2046,-1,2043,2046,2042,-1,2042,2046,2047,-1,2042,2047,2041,-1,2041,2047,2048,-1,2041,2048,2040,-1,2040,2048,2049,-1,2040,2049,2039,-1,2039,2049,2050,-1,2039,2050,2038,-1,2038,2050,1915,-1,2038,1915,1852,-1,1852,1915,1851,-1,1855,1854,1971,-1,1971,1854,1915,-1,1971,1915,1969,-1,1969,1915,2050,-1,1969,2050,1967,-1,1967,2050,2049,-1,1967,2049,1965,-1,1965,2049,2048,-1,1965,2048,1963,-1,1963,2048,2047,-1,1963,2047,1961,-1,1961,2047,2046,-1,1961,2046,1959,-1,1959,2046,2045,-1,1914,1857,1971,-1,1971,1857,1858,-1,1971,1858,1855,-1,1859,1856,2051,-1,2051,1856,1914,-1,2051,1914,2052,-1,2052,1914,1970,-1,2052,1970,2053,-1,2053,1970,1968,-1,2053,1968,2054,-1,2054,1968,1966,-1,2054,1966,2055,-1,2055,1966,1964,-1,2055,1964,2056,-1,2056,1964,1962,-1,2056,1962,2057,-1,2057,1962,1960,-1,2057,1972,2056,-1,2056,1972,1974,-1,2056,1974,2055,-1,2055,1974,1976,-1,2055,1976,2054,-1,2054,1976,1978,-1,2054,1978,2053,-1,2053,1978,1980,-1,2053,1980,2052,-1,2052,1980,1982,-1,2052,1982,2051,-1,2051,1982,1984,-1,2051,1984,1859,-1,1859,1984,1860,-1,1913,1862,1984,-1,1984,1862,1861,-1,1984,1861,1860,-1,1864,1863,1912,-1,1912,1863,1913,-1,1912,1913,2058,-1,2058,1913,1983,-1,2058,1983,2059,-1,2059,1983,1981,-1,2059,1981,2060,-1,2060,1981,1979,-1,2060,1979,2061,-1,2061,1979,1977,-1,2061,1977,2062,-1,2062,1977,1975,-1,2062,1975,2063,-1,2063,1975,1973,-1,1866,1865,2064,-1,2064,1865,1912,-1,2064,1912,2065,-1,2065,1912,2058,-1,2065,2058,2066,-1,2066,2058,2059,-1,2066,2059,2067,-1,2067,2059,2060,-1,2067,2060,2068,-1,2068,2060,2061,-1,2068,2061,2069,-1,2069,2061,2062,-1,2069,2062,2070,-1,2070,2062,2063,-1,2070,1985,2069,-1,2069,1985,1987,-1,2069,1987,2068,-1,2068,1987,1989,-1,2068,1989,2067,-1,2067,1989,1991,-1,2067,1991,2066,-1,2066,1991,1993,-1,2066,1993,2065,-1,2065,1993,1995,-1,2065,1995,2064,-1,2064,1995,1997,-1,2064,1997,1866,-1,1866,1997,1867,-1,1911,1869,1997,-1,1997,1869,1870,-1,1997,1870,1867,-1,1871,1868,2071,-1,2071,1868,1911,-1,2071,1911,2072,-1,2072,1911,1996,-1,2072,1996,2073,-1,2073,1996,1994,-1,2073,1994,2074,-1,2074,1994,1992,-1,2074,1992,2075,-1,2075,1992,1990,-1,2075,1990,2076,-1,2076,1990,1988,-1,2076,1988,2077,-1,2077,1988,1986,-1,2077,1998,2076,-1,2076,1998,2000,-1,2076,2000,2075,-1,2075,2000,2002,-1,2075,2002,2074,-1,2074,2002,2004,-1,2074,2004,2073,-1,2073,2004,2006,-1,2073,2006,2072,-1,2072,2006,2008,-1,2072,2008,2071,-1,2071,2008,2010,-1,2071,2010,1871,-1,1871,2010,1872,-1,1910,1874,2010,-1,2010,1874,1873,-1,2010,1873,1872,-1,1875,1876,1909,-1,1909,1876,1910,-1,1909,1910,2078,-1,2078,1910,2009,-1,2078,2009,2079,-1,2079,2009,2007,-1,2079,2007,2080,-1,2080,2007,2005,-1,2080,2005,2081,-1,2081,2005,2003,-1,2081,2003,2082,-1,2082,2003,2001,-1,2082,2001,2083,-1,2083,2001,1999,-1,617,616,2084,-1,2084,616,1909,-1,2084,1909,2085,-1,2085,1909,2078,-1,2085,2078,2086,-1,2086,2078,2079,-1,2086,2079,2087,-1,2087,2079,2080,-1,2087,2080,2088,-1,2088,2080,2081,-1,2088,2081,2089,-1,2089,2081,2082,-1,2089,2082,2090,-1,2090,2082,2083,-1,658,660,2091,-1,661,656,2092,-1,648,650,2093,-1,644,642,2094,-1,641,613,2095,-1,604,602,2096,-1,595,591,2097,-1,588,637,2098,-1,631,633,2099,-1,634,629,2100,-1,621,623,2101,-1,2102,2103,2104,-1,2104,2103,2105,-1,2104,2105,2106,-1,2106,2105,2107,-1,2106,2107,2108,-1,2108,2107,2109,-1,2108,2109,2110,-1,2110,2109,2111,-1,2110,2111,2112,-1,2112,2111,2113,-1,2112,2113,2114,-1,2114,2113,2101,-1,2115,2116,2117,-1,2117,2116,2118,-1,2117,2118,2119,-1,2119,2118,2120,-1,2119,2120,2121,-1,2121,2120,2122,-1,2121,2122,2123,-1,2123,2122,2124,-1,2123,2124,2125,-1,2125,2124,2126,-1,2125,2126,2127,-1,2127,2126,2100,-1,2128,2129,2130,-1,2130,2129,2131,-1,2130,2131,2132,-1,2132,2131,2133,-1,2132,2133,2134,-1,2134,2133,2135,-1,2134,2135,2136,-1,2136,2135,2137,-1,2136,2137,2138,-1,2138,2137,2139,-1,2138,2139,2140,-1,2140,2139,2098,-1,2141,2142,2143,-1,2143,2142,2144,-1,2143,2144,2145,-1,2145,2144,2146,-1,2145,2146,2147,-1,2147,2146,2148,-1,2147,2148,2149,-1,2149,2148,2150,-1,2149,2150,2151,-1,2151,2150,2152,-1,2151,2152,2153,-1,2153,2152,2096,-1,2154,2155,2156,-1,2156,2155,2157,-1,2156,2157,2158,-1,2158,2157,2159,-1,2158,2159,2160,-1,2160,2159,2161,-1,2160,2161,2162,-1,2162,2161,2163,-1,2162,2163,2164,-1,2164,2163,2165,-1,2164,2165,2166,-1,2166,2165,2095,-1,2167,2168,2169,-1,2169,2168,2170,-1,2169,2170,2171,-1,2171,2170,2172,-1,2171,2172,2173,-1,2173,2172,2174,-1,2173,2174,2175,-1,2175,2174,2176,-1,2175,2176,2177,-1,2177,2176,2178,-1,2177,2178,2179,-1,2179,2178,2093,-1,2180,2181,2182,-1,2182,2181,2183,-1,2182,2183,2184,-1,2184,2183,2185,-1,2184,2185,2186,-1,2186,2185,2187,-1,2186,2187,2188,-1,2188,2187,2189,-1,2188,2189,2190,-1,2190,2189,2191,-1,2190,2191,2192,-1,2192,2191,2092,-1,2090,2102,2089,-1,2089,2102,2104,-1,2089,2104,2088,-1,2088,2104,2106,-1,2088,2106,2087,-1,2087,2106,2108,-1,2087,2108,2086,-1,2086,2108,2110,-1,2086,2110,2085,-1,2085,2110,2112,-1,2085,2112,2084,-1,2084,2112,2114,-1,2084,2114,617,-1,617,2114,619,-1,2101,623,2114,-1,2114,623,624,-1,2114,624,619,-1,625,621,2193,-1,2193,621,2101,-1,2193,2101,2194,-1,2194,2101,2113,-1,2194,2113,2195,-1,2195,2113,2111,-1,2195,2111,2196,-1,2196,2111,2109,-1,2196,2109,2197,-1,2197,2109,2107,-1,2197,2107,2198,-1,2198,2107,2105,-1,2198,2105,2199,-1,2199,2105,2103,-1,2199,2115,2198,-1,2198,2115,2117,-1,2198,2117,2197,-1,2197,2117,2119,-1,2197,2119,2196,-1,2196,2119,2121,-1,2196,2121,2195,-1,2195,2121,2123,-1,2195,2123,2194,-1,2194,2123,2125,-1,2194,2125,2193,-1,2193,2125,2127,-1,2193,2127,625,-1,625,2127,626,-1,2100,629,2127,-1,2127,629,628,-1,2127,628,626,-1,2116,2200,2118,-1,2118,2200,2201,-1,2118,2201,2120,-1,2120,2201,2202,-1,2120,2202,2122,-1,2122,2202,2203,-1,2122,2203,2124,-1,2124,2203,2204,-1,2124,2204,2126,-1,2126,2204,2205,-1,2126,2205,2100,-1,2100,2205,2099,-1,2100,2099,634,-1,634,2099,633,-1,640,631,2206,-1,2206,631,2099,-1,2206,2099,2207,-1,2207,2099,2205,-1,2207,2205,2208,-1,2208,2205,2204,-1,2208,2204,2209,-1,2209,2204,2203,-1,2209,2203,2210,-1,2210,2203,2202,-1,2210,2202,2211,-1,2211,2202,2201,-1,2211,2201,2212,-1,2212,2201,2200,-1,2212,2128,2211,-1,2211,2128,2130,-1,2211,2130,2210,-1,2210,2130,2132,-1,2210,2132,2209,-1,2209,2132,2134,-1,2209,2134,2208,-1,2208,2134,2136,-1,2208,2136,2207,-1,2207,2136,2138,-1,2207,2138,2206,-1,2206,2138,2140,-1,2206,2140,640,-1,640,2140,639,-1,2098,637,2140,-1,2140,637,638,-1,2140,638,639,-1,594,588,2213,-1,2213,588,2098,-1,2213,2098,2214,-1,2214,2098,2139,-1,2214,2139,2215,-1,2215,2139,2137,-1,2215,2137,2216,-1,2216,2137,2135,-1,2216,2135,2217,-1,2217,2135,2133,-1,2217,2133,2218,-1,2218,2133,2131,-1,2218,2131,2219,-1,2219,2131,2129,-1,2219,2220,2218,-1,2218,2220,2221,-1,2218,2221,2217,-1,2217,2221,2222,-1,2217,2222,2216,-1,2216,2222,2223,-1,2216,2223,2215,-1,2215,2223,2224,-1,2215,2224,2214,-1,2214,2224,2225,-1,2214,2225,2213,-1,2213,2225,2097,-1,2213,2097,594,-1,594,2097,591,-1,596,595,2153,-1,2153,595,2097,-1,2153,2097,2151,-1,2151,2097,2225,-1,2151,2225,2149,-1,2149,2225,2224,-1,2149,2224,2147,-1,2147,2224,2223,-1,2147,2223,2145,-1,2145,2223,2222,-1,2145,2222,2143,-1,2143,2222,2221,-1,2143,2221,2141,-1,2141,2221,2220,-1,2096,602,2153,-1,2153,602,601,-1,2153,601,596,-1,606,604,2226,-1,2226,604,2096,-1,2226,2096,2227,-1,2227,2096,2152,-1,2227,2152,2228,-1,2228,2152,2150,-1,2228,2150,2229,-1,2229,2150,2148,-1,2229,2148,2230,-1,2230,2148,2146,-1,2230,2146,2231,-1,2231,2146,2144,-1,2231,2144,2232,-1,2232,2144,2142,-1,2232,2154,2231,-1,2231,2154,2156,-1,2231,2156,2230,-1,2230,2156,2158,-1,2230,2158,2229,-1,2229,2158,2160,-1,2229,2160,2228,-1,2228,2160,2162,-1,2228,2162,2227,-1,2227,2162,2164,-1,2227,2164,2226,-1,2226,2164,2166,-1,2226,2166,606,-1,606,2166,608,-1,2095,613,2166,-1,2166,613,600,-1,2166,600,608,-1,642,641,2094,-1,2094,641,2095,-1,2094,2095,2233,-1,2233,2095,2165,-1,2233,2165,2234,-1,2234,2165,2163,-1,2234,2163,2235,-1,2235,2163,2161,-1,2235,2161,2236,-1,2236,2161,2159,-1,2236,2159,2237,-1,2237,2159,2157,-1,2237,2157,2238,-1,2238,2157,2155,-1,646,644,2239,-1,2239,644,2094,-1,2239,2094,2240,-1,2240,2094,2233,-1,2240,2233,2241,-1,2241,2233,2234,-1,2241,2234,2242,-1,2242,2234,2235,-1,2242,2235,2243,-1,2243,2235,2236,-1,2243,2236,2244,-1,2244,2236,2237,-1,2244,2237,2245,-1,2245,2237,2238,-1,2245,2167,2244,-1,2244,2167,2169,-1,2244,2169,2243,-1,2243,2169,2171,-1,2243,2171,2242,-1,2242,2171,2173,-1,2242,2173,2241,-1,2241,2173,2175,-1,2241,2175,2240,-1,2240,2175,2177,-1,2240,2177,2239,-1,2239,2177,2179,-1,2239,2179,646,-1,646,2179,647,-1,2093,650,2179,-1,2179,650,651,-1,2179,651,647,-1,652,648,2246,-1,2246,648,2093,-1,2246,2093,2247,-1,2247,2093,2178,-1,2247,2178,2248,-1,2248,2178,2176,-1,2248,2176,2249,-1,2249,2176,2174,-1,2249,2174,2250,-1,2250,2174,2172,-1,2250,2172,2251,-1,2251,2172,2170,-1,2251,2170,2252,-1,2252,2170,2168,-1,2252,2180,2251,-1,2251,2180,2182,-1,2251,2182,2250,-1,2250,2182,2184,-1,2250,2184,2249,-1,2249,2184,2186,-1,2249,2186,2248,-1,2248,2186,2188,-1,2248,2188,2247,-1,2247,2188,2190,-1,2247,2190,2246,-1,2246,2190,2192,-1,2246,2192,652,-1,652,2192,653,-1,2092,656,2192,-1,2192,656,655,-1,2192,655,653,-1,660,661,2091,-1,2091,661,2092,-1,2091,2092,2253,-1,2253,2092,2191,-1,2253,2191,2254,-1,2254,2191,2189,-1,2254,2189,2255,-1,2255,2189,2187,-1,2255,2187,2256,-1,2256,2187,2185,-1,2256,2185,2257,-1,2257,2185,2183,-1,2257,2183,2258,-1,2258,2183,2181,-1,1835,658,2017,-1,2017,658,2091,-1,2017,2091,2016,-1,2016,2091,2253,-1,2016,2253,2015,-1,2015,2253,2254,-1,2015,2254,2014,-1,2014,2254,2255,-1,2014,2255,2013,-1,2013,2255,2256,-1,2013,2256,2012,-1,2012,2256,2257,-1,2012,2257,2011,-1,2011,2257,2258,-1,1882,1883,2129,-1,1880,2115,1879,-1,1879,2115,2199,-1,1879,2199,1877,-1,1898,2037,1897,-1,1897,2037,2025,-1,1897,2025,1896,-1,1899,1947,1898,-1,1898,1947,1946,-1,1898,1946,2037,-1,1905,2070,1904,-1,1904,2070,2063,-1,1904,2063,1903,-1,1906,1986,1905,-1,1905,1986,1985,-1,1905,1985,2070,-1,1889,1890,2168,-1,2025,1934,1896,-1,1896,1934,1933,-1,1896,1933,1895,-1,1895,1933,2024,-1,1895,2024,1894,-1,2063,1973,1903,-1,1903,1973,1972,-1,1903,1972,1902,-1,1902,1972,2057,-1,1902,2057,1901,-1,1893,2181,1891,-1,1891,2181,2180,-1,1891,2180,1890,-1,1890,2180,2252,-1,1890,2252,2168,-1,2024,1921,1894,-1,1894,1921,1920,-1,1894,1920,1892,-1,1892,1920,2011,-1,1892,2011,1893,-1,1893,2011,2258,-1,1893,2258,2181,-1,1908,1999,1907,-1,1907,1999,1998,-1,1907,1998,1906,-1,1906,1998,2077,-1,1906,2077,1986,-1,2129,2128,1882,-1,1882,2128,2212,-1,1882,2212,1881,-1,1881,2212,2200,-1,1881,2200,1880,-1,1880,2200,2116,-1,1880,2116,2115,-1,1885,2141,1884,-1,1884,2141,2220,-1,1884,2220,1883,-1,1883,2220,2219,-1,1883,2219,2129,-1,2057,1960,1901,-1,1901,1960,1959,-1,1901,1959,1900,-1,1900,1959,2045,-1,1900,2045,1899,-1,1899,2045,2044,-1,1899,2044,1947,-1,2199,2103,1877,-1,1877,2103,2102,-1,1877,2102,1878,-1,1878,2102,2090,-1,1878,2090,1908,-1,1908,2090,2083,-1,1908,2083,1999,-1,1887,2154,1886,-1,1886,2154,2232,-1,1886,2232,1885,-1,1885,2232,2142,-1,1885,2142,2141,-1,2168,2167,1889,-1,1889,2167,2245,-1,1889,2245,1888,-1,1888,2245,2238,-1,1888,2238,1887,-1,1887,2238,2155,-1,1887,2155,2154,-1,743,896,744,-1,744,896,900,-1,744,900,761,-1,761,900,1018,-1,761,1018,781,-1,781,1018,845,-1,
        ]
    }
}
Shape{
    appearance Appearance {
        material  Material 	{
            diffuseColor 1.0 1.0 1.0
            specularColor 0.5019607843137255 0.5019607843137255 0.5019607843137255
            ambientIntensity 1.0
            transparency 0.0
            shininess 0.5
        }
    }
    geometry IndexedFaceSet {
        ccw TRUE
        solid FALSE
        coord DEF co Coordinate {
            point [
                0.0735 1.2697 0.8059, 0.0736 1.2697 0.7922, 0.0735 1.2697 0.8059, 0.0736 1.2697 0.7922, 0.1214 1.2697 0.8063, 0.1214 1.2697 0.8063, 0.1206 1.2697 0.9127, 0.1206 1.2697 0.9127, 0.1206 1.2697 0.9121, 0.1361 1.2697 0.9128, 0.1361 1.2697 0.9128, 0.137 1.2697 0.7927, 0.137 1.2697 0.7927, 0.1361 1.2697 0.9121, -0.0212 1.2697 0.7965, -0.0212 1.2697 0.7965, -0.0192 1.2697 0.7955, 0.0121 1.2697 0.7898, 0.0121 1.2697 0.7898, 0.0083 1.2697 0.7901, -0.0063 1.2697 0.7914, -0.0063 1.2697 0.7914, -0.016 1.2697 0.7945, -0.0192 1.2697 0.7955, -0.0213 1.2697 0.8114, -0.0213 1.2697 0.8114, -0.016 1.2697 0.809, -0.0095 1.2697 0.8062, -0.0095 1.2697 0.8062, 0.0041 1.2697 0.8037, 0.0041 1.2697 0.8037, 0.0097 1.2697 0.8036, 0.0097 1.2697 0.8036, 0.0218 1.2697 0.8051, 0.0218 1.2697 0.8051, 0.0303 1.2697 0.8085, 0.0303 1.2697 0.8085, 0.0381 1.2697 0.8141, 0.0381 1.2697 0.8141, 0.0405 1.2697 0.8164, 0.0405 1.2697 0.8164, 0.0457 1.2697 0.8235, 0.0457 1.2697 0.8235, 0.0497 1.2697 0.833, 0.0497 1.2697 0.833, 0.0518 1.2697 0.8447, 0.0518 1.2697 0.8447, 0.052 1.2697 0.8508, 0.052 1.2697 0.8508, 0.0499 1.2697 0.8673, 0.0499 1.2697 0.8673, 0.0458 1.2697 0.8777, 0.0458 1.2697 0.8777, 0.0399 1.2697 0.8859, 0.0399 1.2697 0.8859, 0.0392 1.2697 0.8868, 0.0392 1.2697 0.8868, 0.0321 1.2697 0.8927, 0.0321 1.2697 0.8927, 0.0228 1.2697 0.8974, 0.0228 1.2697 0.8974, 0.0126 1.2697 0.8996, 0.0126 1.2697 0.8996, 0.0063 1.2697 0.8999, 0.0063 1.2697 0.8999, -0.0219 1.2697 0.8926, -0.0219 1.2697 0.8926, -0.0206 1.2697 0.8933, -0.0084 1.2697 0.898, -0.0084 1.2697 0.898, -0.016 1.2697 0.8951, -0.0206 1.2697 0.8933, -0.022 1.2697 0.9088, -0.022 1.2697 0.9088, -0.0107 1.2697 0.9121, -0.0093 1.2697 0.9125, -0.016 1.2697 0.9106, -0.0093 1.2697 0.9125, 0.0064 1.2697 0.9139, 0.0064 1.2697 0.9139, 0.0064 1.2697 0.9139, 0.0064 1.2697 0.9139, 0.0238 1.2697 0.9119, 0.0217 1.2697 0.9121, 0.0238 1.2697 0.9119, 0.0364 1.2697 0.9071, 0.0364 1.2697 0.9071, 0.0477 1.2697 0.8993, 0.0477 1.2697 0.8993, 0.0506 1.2697 0.8965, 0.0506 1.2697 0.8965, 0.0594 1.2697 0.8852, 0.0594 1.2697 0.8852, 0.0638 1.2697 0.8752, 0.0652 1.2697 0.8719, 0.0652 1.2697 0.8719, 0.0681 1.2697 0.8562, 0.0681 1.2697 0.8562, 0.0683 1.2697 0.85, 0.0683 1.2697 0.85, 0.0661 1.2697 0.8303, 0.0661 1.2697 0.8303, 0.0638 1.2697 0.8244, 0.0613 1.2697 0.8178, 0.0613 1.2697 0.8178, 0.0542 1.2697 0.8075, 0.0542 1.2697 0.8075, 0.0532 1.2697 0.8065, 0.0532 1.2697 0.8065, 0.0182 1.2697 0.7901, 0.0193 1.2697 0.7902, 0.0193 1.2697 0.7902, 0.0323 1.2697 0.7929, 0.0323 1.2697 0.7929, 0.0436 1.2697 0.7984, 0.0436 1.2697 0.7984, -0.1099 1.2697 0.8046, -0.1098 1.2697 0.7909, -0.1099 1.2697 0.8046, -0.1098 1.2697 0.7909, -0.0608 1.2697 0.805, -0.0608 1.2697 0.805, -0.0922 1.2697 0.8047, -0.0611 1.2697 0.8454, -0.0611 1.2697 0.8454, -0.1041 1.2697 0.8451, -0.1041 1.2697 0.8451, -0.0922 1.2697 0.8452, -0.1042 1.2697 0.8588, -0.1042 1.2697 0.8588, -0.0612 1.2697 0.8591, -0.0612 1.2697 0.8591, -0.0922 1.2697 0.8589, -0.0615 1.2697 0.8976, -0.0615 1.2697 0.8976, -0.1079 1.2697 0.8972, -0.1079 1.2697 0.8972, -0.0922 1.2697 0.8973, -0.108 1.2697 0.9111, -0.108 1.2697 0.9111, -0.0461 1.2697 0.9115, -0.0461 1.2697 0.9115, -0.0922 1.2697 0.9112, -0.0452 1.2697 0.7914, -0.0452 1.2697 0.7914, -0.0922 1.2697 0.7911, -0.2123 1.2697 0.807, -0.2 1.2697 0.8152, -0.1997 1.2697 0.7981, -0.1922 1.2697 0.8099, -0.186 1.2697 0.7929, -0.1823 1.2697 0.8061, -0.1656 1.2697 0.7905, -0.1656 1.2697 0.8042, -0.1325 1.2697 0.7908, -0.1481 1.2697 0.8044, -0.1334 1.2697 0.9109, -0.1488 1.2697 0.8969, -0.1676 1.2697 0.9106, -0.1669 1.2697 0.8968, -0.1715 1.2697 0.8967, -0.186 1.2697 0.9085, -0.184 1.2697 0.8946, -0.2004 1.2697 0.9031, -0.1941 1.2697 0.8904, -0.2129 1.2697 0.8944, -0.2015 1.2697 0.8853, -0.2171 1.2697 0.8903, -0.2048 1.2697 0.882, -0.2245 1.2697 0.8797, -0.2094 1.2697 0.8752, -0.2288 1.2697 0.8683, -0.2127 1.2697 0.8664, -0.2307 1.2697 0.8517, -0.2144 1.2697 0.8513, -0.2303 1.2697 0.844, -0.2138 1.2697 0.8425, -0.2273 1.2697 0.83, -0.2112 1.2697 0.8318, -0.2213 1.2697 0.8176, -0.2069 1.2697 0.8231, -0.2014 1.2697 0.8165, -0.1656 1.2697 0.7905, -0.1325 1.2697 0.7908, -0.186 1.2697 0.7929, -0.1997 1.2697 0.7981, -0.2123 1.2697 0.807, -0.2213 1.2697 0.8176, -0.2273 1.2697 0.83, -0.2303 1.2697 0.844, -0.2307 1.2697 0.8517, -0.2288 1.2697 0.8683, -0.2245 1.2697 0.8797, -0.2171 1.2697 0.8903, -0.2129 1.2697 0.8944, -0.2004 1.2697 0.9031, -0.186 1.2697 0.9085, -0.1676 1.2697 0.9106, -0.1334 1.2697 0.9109, -0.1669 1.2697 0.8968, -0.1488 1.2697 0.8969, -0.1481 1.2697 0.8044, -0.1656 1.2697 0.8042, -0.2014 1.2697 0.8165, -0.2 1.2697 0.8152, -0.1922 1.2697 0.8099, -0.1823 1.2697 0.8061, -0.2144 1.2697 0.8513, -0.2138 1.2697 0.8425, -0.2112 1.2697 0.8318, -0.2069 1.2697 0.8231, -0.2015 1.2697 0.8853, -0.2048 1.2697 0.882, -0.2094 1.2697 0.8752, -0.2127 1.2697 0.8664, -0.1715 1.2697 0.8967, -0.184 1.2697 0.8946, -0.1941 1.2697 0.8904
            ]
        }
        coordIndex [
            0,1,2,-1,2,1,3,-1,4,0,5,-1,5,0,2,-1,6,7,8,-1,8,7,4,-1,8,4,5,-1,9,7,10,-1,10,7,6,-1,11,12,13,-1,13,12,9,-1,13,9,10,-1,1,12,3,-1,3,12,11,-1,7,9,4,-1,4,9,12,-1,4,12,0,-1,0,12,1,-1,14,15,16,-1,17,18,19,-1,17,19,20,-1,19,21,20,-1,20,21,22,-1,20,22,16,-1,16,22,23,-1,16,23,14,-1,24,15,25,-1,25,15,14,-1,24,25,26,-1,24,26,27,-1,26,28,27,-1,27,28,29,-1,27,29,30,-1,30,29,31,-1,30,31,32,-1,32,31,33,-1,32,33,34,-1,34,33,35,-1,34,35,36,-1,36,35,37,-1,36,37,38,-1,38,37,39,-1,38,39,40,-1,40,39,41,-1,40,41,42,-1,42,41,43,-1,42,43,44,-1,44,43,45,-1,44,45,46,-1,46,45,47,-1,46,47,48,-1,48,47,49,-1,48,49,50,-1,50,49,51,-1,50,51,52,-1,52,51,53,-1,52,53,54,-1,54,53,55,-1,54,55,56,-1,56,55,57,-1,56,57,58,-1,58,57,59,-1,58,59,60,-1,60,59,61,-1,60,61,62,-1,62,61,63,-1,62,63,64,-1,65,66,67,-1,64,63,68,-1,64,68,69,-1,69,68,70,-1,69,70,67,-1,67,70,71,-1,67,71,65,-1,72,66,73,-1,73,66,65,-1,74,75,76,-1,76,75,72,-1,76,72,73,-1,74,77,75,-1,75,77,78,-1,75,78,79,-1,79,78,80,-1,79,80,81,-1,82,81,83,-1,83,81,80,-1,83,84,82,-1,82,84,85,-1,82,85,86,-1,86,85,87,-1,86,87,88,-1,88,87,89,-1,88,89,90,-1,90,89,91,-1,90,91,92,-1,92,91,93,-1,92,93,94,-1,93,95,94,-1,94,95,96,-1,94,96,97,-1,97,96,98,-1,97,98,99,-1,99,98,100,-1,99,100,101,-1,101,100,102,-1,101,102,103,-1,102,104,103,-1,103,104,105,-1,103,105,106,-1,106,105,107,-1,106,107,108,-1,18,17,109,-1,109,17,110,-1,109,110,111,-1,111,110,112,-1,111,112,113,-1,113,112,114,-1,113,114,115,-1,115,114,108,-1,115,108,107,-1,67,66,72,-1,50,52,92,-1,92,52,90,-1,67,72,69,-1,69,72,75,-1,69,75,64,-1,64,75,79,-1,64,79,62,-1,62,79,81,-1,62,81,60,-1,60,81,82,-1,60,82,58,-1,15,24,16,-1,16,24,27,-1,16,27,20,-1,20,27,30,-1,20,30,17,-1,17,30,32,-1,17,32,110,-1,110,32,34,-1,110,34,112,-1,112,34,36,-1,112,36,114,-1,114,36,38,-1,114,38,108,-1,108,38,40,-1,108,40,106,-1,106,40,42,-1,106,42,103,-1,99,48,97,-1,97,48,50,-1,97,50,94,-1,94,50,92,-1,52,54,90,-1,90,54,56,-1,90,56,88,-1,88,56,58,-1,88,58,86,-1,86,58,82,-1,103,42,101,-1,101,42,44,-1,101,44,99,-1,99,44,46,-1,99,46,48,-1,116,117,118,-1,118,117,119,-1,120,121,122,-1,122,121,116,-1,122,116,118,-1,123,121,124,-1,124,121,120,-1,125,126,127,-1,127,126,123,-1,127,123,124,-1,128,126,129,-1,129,126,125,-1,130,131,132,-1,132,131,128,-1,132,128,129,-1,133,131,134,-1,134,131,130,-1,135,136,137,-1,137,136,133,-1,137,133,134,-1,138,136,139,-1,139,136,135,-1,140,141,142,-1,142,141,138,-1,142,138,139,-1,143,141,144,-1,144,141,140,-1,119,117,145,-1,145,117,143,-1,145,143,144,-1,143,117,116,-1,116,121,143,-1,143,121,123,-1,143,123,141,-1,136,138,133,-1,133,138,141,-1,133,141,131,-1,131,141,123,-1,131,123,128,-1,128,123,126,-1,146,147,148,-1,148,147,149,-1,148,149,150,-1,150,149,151,-1,150,151,152,-1,152,151,153,-1,152,153,154,-1,154,153,155,-1,154,155,156,-1,156,155,157,-1,156,157,158,-1,157,159,158,-1,158,159,160,-1,158,160,161,-1,161,160,162,-1,161,162,163,-1,163,162,164,-1,163,164,165,-1,165,164,166,-1,165,166,167,-1,167,166,168,-1,167,168,169,-1,169,168,170,-1,169,170,171,-1,171,170,172,-1,171,172,173,-1,173,172,174,-1,173,174,175,-1,175,174,176,-1,175,176,177,-1,177,176,178,-1,177,178,179,-1,179,178,180,-1,179,180,146,-1,146,180,181,-1,146,181,147,-1,152,154,182,-1,182,154,183,-1,152,182,184,-1,152,184,150,-1,150,184,185,-1,150,185,148,-1,148,185,186,-1,148,186,146,-1,146,186,187,-1,146,187,179,-1,179,187,188,-1,179,188,177,-1,177,188,189,-1,177,189,175,-1,175,189,190,-1,175,190,173,-1,173,190,191,-1,173,191,171,-1,171,191,192,-1,171,192,169,-1,169,192,193,-1,169,193,167,-1,167,193,194,-1,167,194,165,-1,165,194,195,-1,165,195,163,-1,163,195,196,-1,163,196,161,-1,161,196,197,-1,161,197,158,-1,156,158,198,-1,198,158,197,-1,154,156,183,-1,183,156,198,-1,159,157,199,-1,199,157,200,-1,157,155,200,-1,200,155,201,-1,155,153,201,-1,201,153,202,-1,181,203,204,-1,181,204,147,-1,147,204,205,-1,147,205,149,-1,149,205,206,-1,149,206,151,-1,151,206,202,-1,151,202,153,-1,174,207,208,-1,174,208,176,-1,176,208,209,-1,176,209,178,-1,178,209,210,-1,178,210,180,-1,180,210,203,-1,180,203,181,-1,166,211,212,-1,166,212,168,-1,168,212,213,-1,168,213,170,-1,170,213,214,-1,170,214,172,-1,172,214,207,-1,172,207,174,-1,159,199,215,-1,159,215,160,-1,160,215,216,-1,160,216,162,-1,162,216,217,-1,162,217,164,-1,164,217,211,-1,164,211,166,-1,
        ]
    }
}
Shape{
    appearance Appearance {
        material  Material 	{
            diffuseColor 0.2235294117647059 0.2235294117647059 0.2235294117647059
            specularColor 0.11372549019607843 0.11372549019607843 0.11372549019607843
            ambientIntensity 0.2235
            transparency 0.0
            shininess 0.5
        }
    }
    geometry IndexedFaceSet {
        ccw TRUE
        solid FALSE
        coord DEF co Coordinate {
            point [
                -0.2 1.2697 0.8152, -0.2014 1.2697 0.8165, -0.1715 1.2697 0.8967, -0.1922 1.2697 0.8099, -0.1488 1.2697 0.8969, -0.1481 1.2697 0.8044, -0.1669 1.2697 0.8968, -0.1656 1.2697 0.8042, -0.1823 1.2697 0.8061, -0.2069 1.2697 0.8231, -0.2112 1.2697 0.8318, -0.2138 1.2697 0.8425, -0.2015 1.2697 0.8853, -0.2144 1.2697 0.8513, -0.1941 1.2697 0.8904, -0.184 1.2697 0.8946, -0.2127 1.2697 0.8664, -0.2094 1.2697 0.8752, -0.2048 1.2697 0.882
            ]
        }
        coordIndex [
            0,1,2,-1,0,2,3,-1,4,5,6,-1,6,5,7,-1,6,7,2,-1,2,7,8,-1,2,8,3,-1,1,9,2,-1,2,9,10,-1,2,10,11,-1,12,11,13,-1,12,14,11,-1,11,14,15,-1,11,15,2,-1,16,17,13,-1,13,17,18,-1,13,18,12,-1,
        ]
    }
}
Shape{
    appearance Appearance {
        material  Material 	{
            diffuseColor 1.0 1.0 1.0
            specularColor 0.5019607843137255 0.5019607843137255 0.5019607843137255
            ambientIntensity 1.0
            transparency 0.0
            shininess 0.5
        }
    }
    geometry IndexedFaceSet {
        ccw TRUE
        solid FALSE
        coord DEF co Coordinate {
            point [
                -0.2709 1.2697 0.8362, -0.2659 1.2697 0.8227, -0.3112 1.2697 0.8359, -0.3159 1.2697 0.8223, -0.2892 1.2697 0.886, -0.2836 1.2697 0.9098, -0.237 1.2697 0.79, -0.2541 1.2697 0.7899, -0.2903 1.2697 0.8896, -0.2912 1.2697 0.8944, -0.3001 1.2697 0.9097, -0.2916 1.2697 0.8944, -0.2925 1.2697 0.8893, -0.2934 1.2697 0.886, -0.345 1.2697 0.7893, -0.3279 1.2697 0.7894, -0.3001 1.2697 0.9097, -0.3447 1.2697 0.7901, -0.345 1.2697 0.7893, -0.2836 1.2697 0.9098, -0.237 1.2697 0.7901, -0.237 1.2697 0.79, -0.2703 1.2697 0.8757, -0.2541 1.2697 0.7899, -0.2659 1.2697 0.8227, -0.2542 1.2697 0.7901, -0.3159 1.2697 0.8223, -0.2703 1.2697 0.8226, -0.3279 1.2697 0.7894, -0.3276 1.2697 0.7901, -0.2709 1.2697 0.8362, -0.3112 1.2697 0.8359, -0.2934 1.2697 0.886, -0.2916 1.2697 0.8944, -0.2925 1.2697 0.8893, -0.2912 1.2697 0.8944, -0.2892 1.2697 0.886, -0.2903 1.2697 0.8896
            ]
        }
        coordIndex [
            0,1,2,-1,2,1,3,-1,4,5,0,-1,0,5,6,-1,0,6,1,-1,1,6,7,-1,4,8,5,-1,5,8,9,-1,5,9,10,-1,10,9,11,-1,10,11,12,-1,12,13,10,-1,10,13,2,-1,10,2,14,-1,14,2,3,-1,14,3,15,-1,16,10,17,-1,17,10,14,-1,17,14,18,-1,5,10,19,-1,19,10,16,-1,20,21,6,-1,20,6,22,-1,22,6,5,-1,22,5,19,-1,7,6,23,-1,23,6,21,-1,24,1,25,-1,25,1,7,-1,25,7,23,-1,26,3,27,-1,27,3,1,-1,27,1,24,-1,28,15,29,-1,29,15,3,-1,29,3,26,-1,14,15,18,-1,18,15,28,-1,0,2,30,-1,30,2,31,-1,2,13,31,-1,31,13,32,-1,11,33,34,-1,11,34,12,-1,12,34,32,-1,12,32,13,-1,11,9,33,-1,33,9,35,-1,4,36,37,-1,4,37,8,-1,8,37,35,-1,8,35,9,-1,4,0,36,-1,36,0,30,-1,
        ]
    }
}
Shape{
    appearance Appearance {
        material  Material 	{
            diffuseColor 0.2235294117647059 0.2235294117647059 0.2235294117647059
            specularColor 0.11372549019607843 0.11372549019607843 0.11372549019607843
            ambientIntensity 0.2235
            transparency 0.0
            shininess 0.5
        }
    }
    geometry IndexedFaceSet {
        ccw TRUE
        solid FALSE
        coord DEF co Coordinate {
            point [
                -0.2916 1.2697 0.8944, -0.2912 1.2697 0.8944, -0.2925 1.2697 0.8893, -0.2903 1.2697 0.8896, -0.2934 1.2697 0.886, -0.2892 1.2697 0.886, -0.3112 1.2697 0.8359, -0.2709 1.2697 0.8362
            ]
        }
        coordIndex [
            0,1,2,-1,2,1,3,-1,2,3,4,-1,4,3,5,-1,4,5,6,-1,6,5,7,-1,
        ]
    }
}
Shape{
    appearance Appearance {
        material  Material 	{
            diffuseColor 1.0 1.0 1.0
            specularColor 0.5019607843137255 0.5019607843137255 0.5019607843137255
            ambientIntensity 1.0
            transparency 0.0
            shininess 0.5
        }
    }
    geometry IndexedFaceSet {
        ccw TRUE
        solid FALSE
        coord DEF co Coordinate {
            point [
                0.0736 1.2697 0.6154, 0.0737 1.2697 0.6017, 0.0736 1.2697 0.6154, 0.0737 1.2697 0.6017, 0.1227 1.2697 0.6157, 0.1227 1.2697 0.6157, 0.1224 1.2697 0.6561, 0.1224 1.2697 0.6561, 0.0795 1.2697 0.6558, 0.0795 1.2697 0.6558, 0.0794 1.2697 0.6696, 0.0794 1.2697 0.6696, 0.1223 1.2697 0.6699, 0.1223 1.2697 0.6699, 0.1221 1.2697 0.7083, 0.1221 1.2697 0.7083, 0.0757 1.2697 0.708, 0.0757 1.2697 0.708, 0.0756 1.2697 0.7187, 0.0756 1.2697 0.7218, 0.0756 1.2697 0.7211, 0.0756 1.2697 0.7218, 0.1375 1.2697 0.7223, 0.1375 1.2697 0.7223, 0.1383 1.2697 0.6022, 0.1383 1.2697 0.6022, 0.1375 1.2697 0.7187, 0.1375 1.2697 0.7211, 0.0054 1.2697 0.6012, -0.0096 1.2697 0.6011, 0.0054 1.2697 0.6145, -0.01 1.2697 0.6563, 0.0058 1.2697 0.6145, 0.0137 1.2697 0.6167, 0.0089 1.2697 0.61, 0.0179 1.2697 0.6139, 0.035 1.2697 0.6394, 0.0252 1.2697 0.6417, 0.0051 1.2697 0.6443, 0.0052 1.2697 0.636, 0.0052 1.2697 0.635, 0.0062 1.2697 0.6283, 0.0085 1.2697 0.623, 0.0118 1.2697 0.6186, 0.0105 1.2697 0.6879, 0.0137 1.2697 0.675, 0.0045 1.2697 0.6858, 0.0111 1.2697 0.6733, 0.0383 1.2697 0.6377, 0.0051 1.2697 0.6557, 0.0055 1.2697 0.6624, -0.0086 1.2697 0.6689, 0.007 1.2697 0.6677, -0.0062 1.2697 0.6754, 0.0088 1.2697 0.6709, -0.003 1.2697 0.6801, -0.0003 1.2697 0.6827, 0.0504 1.2697 0.6813, 0.0505 1.2697 0.6667, 0.0473 1.2697 0.6831, 0.0401 1.2697 0.6731, 0.0361 1.2697 0.6873, 0.0306 1.2697 0.6761, 0.0208 1.2697 0.6891, 0.0223 1.2697 0.6769, 0.0172 1.2697 0.6763, 0.0409 1.2697 0.6169, 0.0519 1.2697 0.6063, 0.0396 1.2697 0.6156, 0.0469 1.2697 0.6027, 0.0366 1.2697 0.6136, 0.0411 1.2697 0.6005, 0.0332 1.2697 0.6123, 0.0321 1.2697 0.5994, 0.0282 1.2697 0.6117, 0.024 1.2697 0.6003, 0.0225 1.2697 0.6123, 0.0179 1.2697 0.6025, 0.0138 1.2697 0.6052, 0.0305 1.2697 0.6524, 0.0429 1.2697 0.6492, 0.0398 1.2697 0.6365, 0.049 1.2697 0.6459, 0.0416 1.2697 0.6343, 0.0534 1.2697 0.6419, 0.043 1.2697 0.6315, 0.0566 1.2697 0.637, 0.0438 1.2697 0.6281, 0.0584 1.2697 0.6315, 0.0439 1.2697 0.6257, 0.0592 1.2697 0.6246, 0.0435 1.2697 0.6222, 0.0585 1.2697 0.6177, 0.0426 1.2697 0.6195, 0.0567 1.2697 0.6126, 0.0536 1.2697 0.6079, 0.0208 1.2697 0.6891, 0.0361 1.2697 0.6873, 0.0473 1.2697 0.6831, 0.0504 1.2697 0.6813, 0.0505 1.2697 0.6667, 0.0401 1.2697 0.6731, 0.0306 1.2697 0.6761, 0.0223 1.2697 0.6769, 0.0172 1.2697 0.6763, 0.0137 1.2697 0.675, 0.0111 1.2697 0.6733, 0.0088 1.2697 0.6709, 0.007 1.2697 0.6677, 0.0055 1.2697 0.6624, 0.0051 1.2697 0.6557, 0.0305 1.2697 0.6524, 0.0429 1.2697 0.6492, 0.049 1.2697 0.6459, 0.0534 1.2697 0.6419, 0.0566 1.2697 0.637, 0.0584 1.2697 0.6315, 0.0592 1.2697 0.6246, 0.0585 1.2697 0.6177, 0.0567 1.2697 0.6126, 0.0536 1.2697 0.6079, 0.0519 1.2697 0.6063, 0.0469 1.2697 0.6027, 0.0411 1.2697 0.6005, 0.0321 1.2697 0.5994, 0.024 1.2697 0.6003, 0.0179 1.2697 0.6025, 0.0138 1.2697 0.6052, 0.0089 1.2697 0.61, 0.0058 1.2697 0.6145, 0.0054 1.2697 0.6145, 0.0054 1.2697 0.6012, -0.0096 1.2697 0.6011, -0.01 1.2697 0.6563, -0.0086 1.2697 0.6689, -0.0062 1.2697 0.6754, -0.003 1.2697 0.6801, -0.0003 1.2697 0.6827, 0.0045 1.2697 0.6858, 0.0105 1.2697 0.6879, 0.0398 1.2697 0.6365, 0.0383 1.2697 0.6377, 0.035 1.2697 0.6394, 0.0252 1.2697 0.6417, 0.0439 1.2697 0.6257, 0.0438 1.2697 0.6281, 0.043 1.2697 0.6315, 0.0416 1.2697 0.6343, 0.0396 1.2697 0.6156, 0.0409 1.2697 0.6169, 0.0426 1.2697 0.6195, 0.0435 1.2697 0.6222, 0.0282 1.2697 0.6117, 0.0332 1.2697 0.6123, 0.0366 1.2697 0.6136, 0.0118 1.2697 0.6186, 0.0137 1.2697 0.6167, 0.0179 1.2697 0.6139, 0.0225 1.2697 0.6123, 0.0052 1.2697 0.636, 0.0052 1.2697 0.635, 0.0062 1.2697 0.6283, 0.0085 1.2697 0.623, 0.0051 1.2697 0.6443
            ]
        }
        coordIndex [
            0,1,2,-1,2,1,3,-1,4,0,5,-1,5,0,2,-1,6,4,7,-1,7,4,5,-1,8,6,9,-1,9,6,7,-1,10,8,11,-1,11,8,9,-1,12,10,13,-1,13,10,11,-1,14,12,15,-1,15,12,13,-1,16,14,17,-1,17,14,15,-1,16,17,18,-1,16,18,19,-1,19,18,20,-1,19,20,21,-1,22,19,23,-1,23,19,21,-1,24,25,26,-1,26,25,22,-1,26,22,27,-1,27,22,23,-1,1,25,3,-1,3,25,24,-1,25,1,0,-1,0,4,25,-1,25,4,6,-1,25,6,22,-1,16,19,14,-1,14,19,22,-1,14,22,12,-1,12,22,6,-1,12,6,10,-1,10,6,8,-1,28,29,30,-1,30,29,31,-1,32,33,34,-1,34,33,35,-1,36,37,31,-1,31,37,38,-1,31,38,39,-1,39,40,31,-1,31,40,41,-1,31,41,30,-1,30,41,42,-1,30,42,32,-1,32,42,43,-1,32,43,33,-1,44,45,46,-1,46,45,47,-1,48,36,49,-1,49,36,31,-1,49,31,50,-1,50,31,51,-1,50,51,52,-1,52,51,53,-1,52,53,54,-1,54,53,55,-1,54,55,47,-1,47,55,56,-1,47,56,46,-1,57,58,59,-1,59,58,60,-1,59,60,61,-1,61,60,62,-1,61,62,63,-1,63,62,64,-1,63,64,44,-1,44,64,65,-1,44,65,45,-1,66,67,68,-1,68,67,69,-1,68,69,70,-1,70,69,71,-1,70,71,72,-1,72,71,73,-1,72,73,74,-1,74,73,75,-1,74,75,76,-1,76,75,77,-1,76,77,35,-1,35,77,78,-1,35,78,34,-1,49,79,48,-1,48,79,80,-1,48,80,81,-1,81,80,82,-1,81,82,83,-1,83,82,84,-1,83,84,85,-1,85,84,86,-1,85,86,87,-1,87,86,88,-1,87,88,89,-1,89,88,90,-1,89,90,91,-1,91,90,92,-1,91,92,93,-1,93,92,94,-1,93,94,66,-1,66,94,95,-1,66,95,67,-1,63,96,97,-1,63,97,61,-1,61,97,98,-1,61,98,59,-1,59,98,99,-1,59,99,57,-1,58,57,100,-1,100,57,99,-1,58,100,101,-1,58,101,60,-1,60,101,102,-1,60,102,62,-1,62,102,103,-1,62,103,64,-1,64,103,104,-1,64,104,65,-1,65,104,105,-1,65,105,45,-1,45,105,106,-1,45,106,47,-1,47,106,107,-1,47,107,54,-1,54,107,108,-1,54,108,52,-1,52,108,109,-1,52,109,50,-1,50,109,110,-1,50,110,49,-1,79,49,111,-1,111,49,110,-1,79,111,112,-1,79,112,80,-1,80,112,113,-1,80,113,82,-1,82,113,114,-1,82,114,84,-1,84,114,115,-1,84,115,86,-1,86,115,116,-1,86,116,88,-1,88,116,117,-1,88,117,90,-1,90,117,118,-1,90,118,92,-1,92,118,119,-1,92,119,94,-1,94,119,120,-1,94,120,95,-1,95,120,121,-1,95,121,67,-1,67,121,122,-1,67,122,69,-1,69,122,123,-1,69,123,71,-1,71,123,124,-1,71,124,73,-1,73,124,125,-1,73,125,75,-1,75,125,126,-1,75,126,77,-1,77,126,127,-1,77,127,78,-1,78,127,128,-1,78,128,34,-1,34,128,129,-1,34,129,32,-1,30,32,130,-1,130,32,129,-1,28,30,131,-1,131,30,130,-1,29,28,132,-1,132,28,131,-1,31,29,133,-1,133,29,132,-1,31,133,134,-1,31,134,51,-1,51,134,135,-1,51,135,53,-1,53,135,136,-1,53,136,55,-1,55,136,137,-1,55,137,56,-1,56,137,138,-1,56,138,46,-1,46,138,139,-1,46,139,44,-1,44,139,96,-1,44,96,63,-1,81,140,141,-1,81,141,48,-1,48,141,142,-1,48,142,36,-1,36,142,143,-1,36,143,37,-1,89,144,145,-1,89,145,87,-1,87,145,146,-1,87,146,85,-1,85,146,147,-1,85,147,83,-1,83,147,140,-1,83,140,81,-1,68,148,149,-1,68,149,66,-1,66,149,150,-1,66,150,93,-1,93,150,151,-1,93,151,91,-1,91,151,144,-1,91,144,89,-1,74,152,153,-1,74,153,72,-1,72,153,154,-1,72,154,70,-1,70,154,148,-1,70,148,68,-1,43,155,156,-1,43,156,33,-1,33,156,157,-1,33,157,35,-1,35,157,158,-1,35,158,76,-1,76,158,152,-1,76,152,74,-1,39,159,160,-1,39,160,40,-1,40,160,161,-1,40,161,41,-1,41,161,162,-1,41,162,42,-1,42,162,155,-1,42,155,43,-1,39,38,159,-1,159,38,163,-1,38,37,163,-1,163,37,143,-1,
        ]
    }
}
Shape{
    appearance Appearance {
        material  Material 	{
            diffuseColor 0.2235294117647059 0.2235294117647059 0.2235294117647059
            specularColor 0.11372549019607843 0.11372549019607843 0.11372549019607843
            ambientIntensity 0.2235
            transparency 0.0
            shininess 0.5
        }
    }
    geometry IndexedFaceSet {
        ccw TRUE
        solid FALSE
        coord DEF co Coordinate {
            point [
                0.0052 1.2697 0.635, 0.0052 1.2697 0.636, 0.0398 1.2697 0.6365, 0.0051 1.2697 0.6443, 0.0252 1.2697 0.6417, 0.035 1.2697 0.6394, 0.0383 1.2697 0.6377, 0.0062 1.2697 0.6283, 0.0416 1.2697 0.6343, 0.0085 1.2697 0.623, 0.0409 1.2697 0.6169, 0.0396 1.2697 0.6156, 0.0137 1.2697 0.6167, 0.0426 1.2697 0.6195, 0.0179 1.2697 0.6139, 0.0225 1.2697 0.6123, 0.0282 1.2697 0.6117, 0.043 1.2697 0.6315, 0.0438 1.2697 0.6281, 0.0118 1.2697 0.6186, 0.0439 1.2697 0.6257, 0.0435 1.2697 0.6222, 0.0366 1.2697 0.6136, 0.0332 1.2697 0.6123
            ]
        }
        coordIndex [
            0,1,2,-1,1,3,4,-1,4,5,1,-1,1,5,6,-1,1,6,2,-1,0,2,7,-1,7,2,8,-1,7,8,9,-1,10,11,12,-1,10,12,13,-1,14,12,15,-1,15,12,16,-1,8,17,9,-1,9,17,18,-1,9,18,19,-1,19,18,20,-1,19,20,12,-1,12,20,21,-1,12,21,13,-1,11,22,12,-1,12,22,23,-1,12,23,16,-1,
        ]
    }
}
Shape{
    appearance Appearance {
        material  Material 	{
            diffuseColor 1.0 1.0 1.0
            specularColor 0.5019607843137255 0.5019607843137255 0.5019607843137255
            ambientIntensity 1.0
            transparency 0.0
            shininess 0.5
        }
    }
    geometry IndexedFaceSet {
        ccw TRUE
        solid FALSE
        coord DEF co Coordinate {
            point [
                -0.0301 1.2697 0.6195, -0.0301 1.2697 0.6195, -0.0366 1.2697 0.6155, -0.0548 1.2697 0.611, -0.0548 1.2697 0.611, -0.046 1.2697 0.6121, -0.046 1.2697 0.6121, -0.0376 1.2697 0.6151, -0.0366 1.2697 0.6155, -0.03 1.2697 0.604, -0.03 1.2697 0.604, -0.0532 1.2697 0.5988, -0.0532 1.2697 0.5988, -0.0406 1.2697 0.6002, -0.0376 1.2697 0.6012, -0.0406 1.2697 0.6002, -0.0668 1.2697 0.6003, -0.0668 1.2697 0.6003, -0.0747 1.2697 0.6033, -0.0747 1.2697 0.6033, -0.0783 1.2697 0.6054, -0.0783 1.2697 0.6054, -0.0826 1.2697 0.6091, -0.0826 1.2697 0.6091, -0.0854 1.2697 0.6131, -0.0854 1.2697 0.6131, -0.0873 1.2697 0.6178, -0.0873 1.2697 0.6178, -0.0881 1.2697 0.6239, -0.0881 1.2697 0.6239, -0.0875 1.2697 0.6295, -0.0875 1.2697 0.6295, -0.0859 1.2697 0.6339, -0.0859 1.2697 0.6339, -0.0831 1.2697 0.6381, -0.0831 1.2697 0.6381, -0.0796 1.2697 0.6413, -0.0796 1.2697 0.6413, -0.0696 1.2697 0.647, -0.0696 1.2697 0.647, -0.0638 1.2697 0.6494, -0.0638 1.2697 0.6494, -0.051 1.2697 0.6555, -0.051 1.2697 0.6555, -0.0493 1.2697 0.6568, -0.0493 1.2697 0.6568, -0.0478 1.2697 0.6584, -0.0478 1.2697 0.6584, -0.0467 1.2697 0.6605, -0.0467 1.2697 0.6605, -0.0462 1.2697 0.6628, -0.0462 1.2697 0.6628, -0.046 1.2697 0.6648, -0.046 1.2697 0.6648, -0.0463 1.2697 0.6672, -0.0463 1.2697 0.6672, -0.0471 1.2697 0.6693, -0.0471 1.2697 0.6693, -0.0484 1.2697 0.6712, -0.0484 1.2697 0.6712, -0.0507 1.2697 0.6731, -0.0507 1.2697 0.6731, -0.0541 1.2697 0.6749, -0.0541 1.2697 0.6749, -0.0581 1.2697 0.676, -0.0581 1.2697 0.676, -0.0625 1.2697 0.6763, -0.0625 1.2697 0.6763, -0.0717 1.2697 0.6752, -0.0717 1.2697 0.6752, -0.0802 1.2697 0.6722, -0.0802 1.2697 0.6722, -0.0843 1.2697 0.6699, -0.0843 1.2697 0.6699, -0.0844 1.2697 0.6845, -0.0844 1.2697 0.6845, -0.0746 1.2697 0.6875, -0.0746 1.2697 0.6875, -0.0641 1.2697 0.6885, -0.0641 1.2697 0.6885, -0.0521 1.2697 0.6871, -0.0521 1.2697 0.6871, -0.044 1.2697 0.6841, -0.044 1.2697 0.6841, -0.0403 1.2697 0.6818, -0.0403 1.2697 0.6818, -0.0358 1.2697 0.6778, -0.0376 1.2697 0.6795, -0.0358 1.2697 0.6778, -0.033 1.2697 0.6738, -0.033 1.2697 0.6738, -0.0311 1.2697 0.6689, -0.0311 1.2697 0.6689, -0.0305 1.2697 0.6636, -0.0305 1.2697 0.6636, -0.0311 1.2697 0.6577, -0.0311 1.2697 0.6577, -0.0328 1.2697 0.6531, -0.0328 1.2697 0.6531, -0.0347 1.2697 0.65, -0.0347 1.2697 0.65, -0.0531 1.2697 0.6385, -0.0531 1.2697 0.6385, -0.0442 1.2697 0.6427, -0.0371 1.2697 0.6474, -0.0371 1.2697 0.6474, -0.0376 1.2697 0.6471, -0.0442 1.2697 0.6427, -0.063 1.2697 0.6343, -0.063 1.2697 0.6343, -0.0688 1.2697 0.6307, -0.0688 1.2697 0.6307, -0.0707 1.2697 0.6287, -0.0707 1.2697 0.6287, -0.0718 1.2697 0.6267, -0.0718 1.2697 0.6267, -0.0725 1.2697 0.6244, -0.0725 1.2697 0.6244, -0.0726 1.2697 0.6225, -0.0726 1.2697 0.6225, -0.0723 1.2697 0.6196, -0.0723 1.2697 0.6196, -0.0715 1.2697 0.6175, -0.0715 1.2697 0.6175, -0.0702 1.2697 0.6156, -0.0702 1.2697 0.6156, -0.0685 1.2697 0.6141, -0.0685 1.2697 0.6141, -0.0671 1.2697 0.6132, -0.0671 1.2697 0.6132, -0.0632 1.2697 0.6118, -0.0632 1.2697 0.6118, -0.0555 1.2697 0.611, -0.0555 1.2697 0.611, -0.1631 1.2697 0.6858, -0.1787 1.2697 0.6857, -0.1631 1.2697 0.6858, -0.1787 1.2697 0.6857, -0.1392 1.2697 0.6214, -0.1392 1.2697 0.6214, -0.138 1.2697 0.6174, -0.138 1.2697 0.6174, -0.1373 1.2697 0.6144, -0.1373 1.2697 0.6144, -0.1369 1.2697 0.6144, -0.1369 1.2697 0.6144, -0.1351 1.2697 0.6215, -0.1351 1.2697 0.6215, -0.1132 1.2697 0.6862, -0.1132 1.2697 0.6862, -0.1212 1.2697 0.6624, -0.0964 1.2697 0.6863, -0.0964 1.2697 0.6863, -0.1294 1.2697 0.6004, -0.1294 1.2697 0.6004, -0.1212 1.2697 0.6216, -0.1227 1.2697 0.5849, -0.1227 1.2697 0.5849, -0.1212 1.2697 0.5823, -0.1196 1.2697 0.5794, -0.1196 1.2697 0.5794, -0.1168 1.2697 0.5763, -0.1168 1.2697 0.5763, -0.1144 1.2697 0.5746, -0.1144 1.2697 0.5746, -0.1111 1.2697 0.5734, -0.1111 1.2697 0.5734, -0.1072 1.2697 0.5729, -0.1072 1.2697 0.5729, -0.1017 1.2697 0.5737, -0.1017 1.2697 0.5737, -0.0987 1.2697 0.5747, -0.0987 1.2697 0.5747, -0.0986 1.2697 0.5613, -0.0986 1.2697 0.5613, -0.1049 1.2697 0.5601, -0.1049 1.2697 0.5601, -0.1083 1.2697 0.56, -0.1083 1.2697 0.56, -0.1143 1.2697 0.5607, -0.1143 1.2697 0.5607, -0.1203 1.2697 0.5629, -0.1203 1.2697 0.5629, -0.1212 1.2697 0.5635, -0.1256 1.2697 0.5665, -0.1256 1.2697 0.5665, -0.1266 1.2697 0.5674, -0.1266 1.2697 0.5674, -0.1322 1.2697 0.574, -0.1322 1.2697 0.574, -0.1391 1.2697 0.5872, -0.1391 1.2697 0.5872, -0.259 1.2697 0.613, -0.2589 1.2697 0.5993, -0.259 1.2697 0.613, -0.2589 1.2697 0.5993, -0.2099 1.2697 0.6134, -0.2099 1.2697 0.6134, -0.2339 1.2697 0.6132, -0.2102 1.2697 0.6538, -0.2102 1.2697 0.6538, -0.2531 1.2697 0.6535, -0.2531 1.2697 0.6535, -0.2339 1.2697 0.6536, -0.2532 1.2697 0.6672, -0.2532 1.2697 0.6672, -0.2103 1.2697 0.6675, -0.2103 1.2697 0.6675, -0.2339 1.2697 0.6674, -0.2105 1.2697 0.706, -0.2105 1.2697 0.706, -0.2569 1.2697 0.7056, -0.2569 1.2697 0.7056, -0.2339 1.2697 0.7058, -0.257 1.2697 0.7195, -0.257 1.2697 0.7195, -0.257 1.2697 0.7187, -0.1951 1.2697 0.7199, -0.1951 1.2697 0.7199, -0.2339 1.2697 0.7196, -0.1943 1.2697 0.5998, -0.1943 1.2697 0.5998, -0.1951 1.2697 0.7187, -0.2339 1.2697 0.5995, -0.3614 1.2697 0.6154, -0.349 1.2697 0.6236, -0.3488 1.2697 0.6065, -0.3413 1.2697 0.6183, -0.3351 1.2697 0.6013, -0.3313 1.2697 0.6145, -0.3146 1.2697 0.5989, -0.3146 1.2697 0.6126, -0.2816 1.2697 0.5992, -0.2972 1.2697 0.6128, -0.2824 1.2697 0.7193, -0.2978 1.2697 0.7053, -0.3167 1.2697 0.719, -0.316 1.2697 0.7052, -0.3205 1.2697 0.7051, -0.335 1.2697 0.7169, -0.3331 1.2697 0.703, -0.3495 1.2697 0.7115, -0.3432 1.2697 0.6989, -0.362 1.2697 0.7028, -0.3506 1.2697 0.6937, -0.3662 1.2697 0.6987, -0.3539 1.2697 0.6904, -0.3735 1.2697 0.6881, -0.3585 1.2697 0.6836, -0.3779 1.2697 0.6767, -0.3618 1.2697 0.6749, -0.3798 1.2697 0.6601, -0.3635 1.2697 0.6598, -0.3794 1.2697 0.6524, -0.3629 1.2697 0.6509, -0.3764 1.2697 0.6384, -0.3603 1.2697 0.6402, -0.3704 1.2697 0.626, -0.3559 1.2697 0.6315, -0.3504 1.2697 0.6249, -0.3146 1.2697 0.5989, -0.2816 1.2697 0.5992, -0.3351 1.2697 0.6013, -0.3488 1.2697 0.6065, -0.3614 1.2697 0.6154, -0.3704 1.2697 0.626, -0.3764 1.2697 0.6384, -0.3794 1.2697 0.6524, -0.3798 1.2697 0.6601, -0.3779 1.2697 0.6767, -0.3735 1.2697 0.6881, -0.3662 1.2697 0.6987, -0.362 1.2697 0.7028, -0.3167 1.2697 0.719, -0.3192 1.2697 0.7187, -0.335 1.2697 0.7169, -0.3495 1.2697 0.7115, -0.2824 1.2697 0.7193, -0.2824 1.2697 0.7187, -0.316 1.2697 0.7052, -0.2978 1.2697 0.7053, -0.2972 1.2697 0.6128, -0.3146 1.2697 0.6126, -0.3504 1.2697 0.6249, -0.349 1.2697 0.6236, -0.3413 1.2697 0.6183, -0.3313 1.2697 0.6145, -0.3635 1.2697 0.6598, -0.3629 1.2697 0.6509, -0.3603 1.2697 0.6402, -0.3559 1.2697 0.6315, -0.3506 1.2697 0.6937, -0.3539 1.2697 0.6904, -0.3585 1.2697 0.6836, -0.3618 1.2697 0.6749, -0.3205 1.2697 0.7051, -0.3331 1.2697 0.703, -0.3432 1.2697 0.6989
            ]
        }
        coordIndex [
            0,1,2,-1,3,4,5,-1,3,5,6,-1,6,5,7,-1,6,7,2,-1,2,7,8,-1,2,8,0,-1,9,1,10,-1,10,1,0,-1,11,12,13,-1,9,10,14,-1,9,14,13,-1,13,14,15,-1,13,15,11,-1,12,11,16,-1,12,16,17,-1,17,16,18,-1,17,18,19,-1,19,18,20,-1,19,20,21,-1,21,20,22,-1,21,22,23,-1,23,22,24,-1,23,24,25,-1,25,24,26,-1,25,26,27,-1,27,26,28,-1,27,28,29,-1,29,28,30,-1,29,30,31,-1,31,30,32,-1,31,32,33,-1,33,32,34,-1,33,34,35,-1,35,34,36,-1,35,36,37,-1,37,36,38,-1,37,38,39,-1,39,38,40,-1,39,40,41,-1,41,40,42,-1,41,42,43,-1,43,42,44,-1,43,44,45,-1,45,44,46,-1,45,46,47,-1,47,46,48,-1,47,48,49,-1,49,48,50,-1,49,50,51,-1,51,50,52,-1,51,52,53,-1,53,52,54,-1,53,54,55,-1,55,54,56,-1,55,56,57,-1,57,56,58,-1,57,58,59,-1,59,58,60,-1,59,60,61,-1,61,60,62,-1,61,62,63,-1,63,62,64,-1,63,64,65,-1,65,64,66,-1,65,66,67,-1,67,66,68,-1,67,68,69,-1,69,68,70,-1,69,70,71,-1,71,70,72,-1,71,72,73,-1,74,73,75,-1,75,73,72,-1,74,75,76,-1,74,76,77,-1,77,76,78,-1,77,78,79,-1,79,78,80,-1,79,80,81,-1,81,80,82,-1,81,82,83,-1,83,82,84,-1,83,84,85,-1,86,85,87,-1,87,85,84,-1,87,88,86,-1,86,88,89,-1,86,89,90,-1,90,89,91,-1,90,91,92,-1,92,91,93,-1,92,93,94,-1,94,93,95,-1,94,95,96,-1,96,95,97,-1,96,97,98,-1,98,97,99,-1,98,99,100,-1,101,102,103,-1,100,99,104,-1,100,104,105,-1,105,104,106,-1,105,106,103,-1,103,106,107,-1,103,107,101,-1,102,101,108,-1,102,108,109,-1,109,108,110,-1,109,110,111,-1,111,110,112,-1,111,112,113,-1,113,112,114,-1,113,114,115,-1,115,114,116,-1,115,116,117,-1,117,116,118,-1,117,118,119,-1,119,118,120,-1,119,120,121,-1,121,120,122,-1,121,122,123,-1,123,122,124,-1,123,124,125,-1,125,124,126,-1,125,126,127,-1,127,126,128,-1,127,128,129,-1,129,128,130,-1,129,130,131,-1,131,130,132,-1,131,132,133,-1,133,132,4,-1,133,4,3,-1,59,61,83,-1,83,61,81,-1,12,3,13,-1,13,3,6,-1,13,6,9,-1,9,6,2,-1,9,2,1,-1,61,63,81,-1,81,63,65,-1,81,65,79,-1,79,65,67,-1,79,67,77,-1,77,67,69,-1,77,69,74,-1,74,69,71,-1,74,71,73,-1,125,127,19,-1,19,127,129,-1,19,129,17,-1,17,129,131,-1,17,131,12,-1,12,131,133,-1,12,133,3,-1,83,85,59,-1,59,85,86,-1,59,86,57,-1,57,86,90,-1,57,90,55,-1,55,90,92,-1,55,92,53,-1,53,92,94,-1,53,94,51,-1,51,94,96,-1,51,96,49,-1,49,96,98,-1,49,98,47,-1,47,98,100,-1,47,100,45,-1,45,100,105,-1,45,105,43,-1,43,105,103,-1,43,103,41,-1,41,103,102,-1,41,102,39,-1,39,102,109,-1,39,109,37,-1,37,109,111,-1,37,111,35,-1,35,111,113,-1,35,113,33,-1,33,113,115,-1,33,115,31,-1,31,115,117,-1,31,117,29,-1,29,117,119,-1,29,119,27,-1,27,119,121,-1,27,121,25,-1,25,121,123,-1,25,123,23,-1,23,123,125,-1,23,125,21,-1,21,125,19,-1,134,135,136,-1,136,135,137,-1,138,134,139,-1,139,134,136,-1,138,139,140,-1,138,140,141,-1,141,140,142,-1,141,142,143,-1,144,143,145,-1,145,143,142,-1,146,144,147,-1,147,144,145,-1,148,149,150,-1,150,149,146,-1,150,146,147,-1,151,149,152,-1,152,149,148,-1,153,154,155,-1,155,154,151,-1,155,151,152,-1,156,154,157,-1,157,154,153,-1,156,157,158,-1,156,158,159,-1,158,160,159,-1,159,160,161,-1,159,161,162,-1,162,161,163,-1,162,163,164,-1,164,163,165,-1,164,165,166,-1,166,165,167,-1,166,167,168,-1,168,167,169,-1,168,169,170,-1,170,169,171,-1,170,171,172,-1,173,172,174,-1,174,172,171,-1,173,174,175,-1,173,175,176,-1,176,175,177,-1,176,177,178,-1,178,177,179,-1,178,179,180,-1,180,179,181,-1,180,181,182,-1,182,181,183,-1,182,183,184,-1,183,185,184,-1,184,185,186,-1,184,186,187,-1,187,186,188,-1,187,188,189,-1,189,188,190,-1,189,190,191,-1,135,191,137,-1,137,191,190,-1,141,143,191,-1,135,134,191,-1,191,134,138,-1,191,138,141,-1,149,151,146,-1,146,151,154,-1,146,154,144,-1,172,173,170,-1,170,173,176,-1,170,176,168,-1,168,176,178,-1,168,178,166,-1,166,178,180,-1,166,180,164,-1,164,180,182,-1,164,182,162,-1,143,144,191,-1,191,144,154,-1,191,154,189,-1,154,156,189,-1,189,156,159,-1,189,159,187,-1,187,159,162,-1,187,162,184,-1,184,162,182,-1,192,193,194,-1,194,193,195,-1,196,197,198,-1,198,197,192,-1,198,192,194,-1,199,197,200,-1,200,197,196,-1,201,202,203,-1,203,202,199,-1,203,199,200,-1,204,202,205,-1,205,202,201,-1,206,207,208,-1,208,207,204,-1,208,204,205,-1,209,207,210,-1,210,207,206,-1,211,212,213,-1,213,212,209,-1,213,209,210,-1,214,215,216,-1,216,215,212,-1,216,212,211,-1,217,218,219,-1,219,218,215,-1,219,215,214,-1,220,221,222,-1,222,221,218,-1,222,218,217,-1,195,193,223,-1,223,193,221,-1,223,221,220,-1,221,193,192,-1,192,197,221,-1,221,197,199,-1,221,199,218,-1,212,215,209,-1,209,215,218,-1,209,218,207,-1,207,218,199,-1,207,199,204,-1,204,199,202,-1,224,225,226,-1,226,225,227,-1,226,227,228,-1,228,227,229,-1,228,229,230,-1,230,229,231,-1,230,231,232,-1,232,231,233,-1,232,233,234,-1,234,233,235,-1,234,235,236,-1,235,237,236,-1,236,237,238,-1,236,238,239,-1,239,238,240,-1,239,240,241,-1,241,240,242,-1,241,242,243,-1,243,242,244,-1,243,244,245,-1,245,244,246,-1,245,246,247,-1,247,246,248,-1,247,248,249,-1,249,248,250,-1,249,250,251,-1,251,250,252,-1,251,252,253,-1,253,252,254,-1,253,254,255,-1,255,254,256,-1,255,256,257,-1,257,256,258,-1,257,258,224,-1,224,258,259,-1,224,259,225,-1,230,232,260,-1,260,232,261,-1,230,260,262,-1,230,262,228,-1,228,262,263,-1,228,263,226,-1,226,263,264,-1,226,264,224,-1,224,264,265,-1,224,265,257,-1,257,265,266,-1,257,266,255,-1,255,266,267,-1,255,267,253,-1,253,267,268,-1,253,268,251,-1,251,268,269,-1,251,269,249,-1,249,269,270,-1,249,270,247,-1,247,270,271,-1,247,271,245,-1,245,271,272,-1,245,272,243,-1,273,236,274,-1,274,236,239,-1,274,239,275,-1,275,239,241,-1,275,241,276,-1,276,241,243,-1,276,243,272,-1,234,236,277,-1,277,236,273,-1,261,232,278,-1,278,232,234,-1,278,234,277,-1,237,235,279,-1,279,235,280,-1,235,233,280,-1,280,233,281,-1,233,231,281,-1,281,231,282,-1,259,283,284,-1,259,284,225,-1,225,284,285,-1,225,285,227,-1,227,285,286,-1,227,286,229,-1,229,286,282,-1,229,282,231,-1,252,287,288,-1,252,288,254,-1,254,288,289,-1,254,289,256,-1,256,289,290,-1,256,290,258,-1,258,290,283,-1,258,283,259,-1,244,291,292,-1,244,292,246,-1,246,292,293,-1,246,293,248,-1,248,293,294,-1,248,294,250,-1,250,294,287,-1,250,287,252,-1,237,279,295,-1,237,295,238,-1,238,295,296,-1,238,296,240,-1,240,296,297,-1,240,297,242,-1,242,297,291,-1,242,291,244,-1,
        ]
    }
}
Shape{
    appearance Appearance {
        material  Material 	{
            diffuseColor 0.2235294117647059 0.2235294117647059 0.2235294117647059
            specularColor 0.11372549019607843 0.11372549019607843 0.11372549019607843
            ambientIntensity 0.2235
            transparency 0.0
            shininess 0.5
        }
    }
    geometry IndexedFaceSet {
        ccw TRUE
        solid FALSE
        coord DEF co Coordinate {
            point [
                -0.349 1.2697 0.6236, -0.3504 1.2697 0.6249, -0.3205 1.2697 0.7051, -0.3413 1.2697 0.6183, -0.2978 1.2697 0.7053, -0.2972 1.2697 0.6128, -0.316 1.2697 0.7052, -0.3146 1.2697 0.6126, -0.3313 1.2697 0.6145, -0.3559 1.2697 0.6315, -0.3603 1.2697 0.6402, -0.3629 1.2697 0.6509, -0.3506 1.2697 0.6937, -0.3635 1.2697 0.6598, -0.3432 1.2697 0.6989, -0.3331 1.2697 0.703, -0.3618 1.2697 0.6749, -0.3585 1.2697 0.6836, -0.3539 1.2697 0.6904
            ]
        }
        coordIndex [
            0,1,2,-1,0,2,3,-1,4,5,6,-1,6,5,7,-1,6,7,2,-1,2,7,8,-1,2,8,3,-1,1,9,2,-1,2,9,10,-1,2,10,11,-1,12,11,13,-1,12,14,11,-1,11,14,15,-1,11,15,2,-1,16,17,13,-1,13,17,18,-1,13,18,12,-1,
        ]
    }
}
Shape{
    appearance Appearance {
        material  Material 	{
            diffuseColor 1.0 1.0 1.0
            specularColor 0.5019607843137255 0.5019607843137255 0.5019607843137255
            ambientIntensity 1.0
            transparency 0.0
            shininess 0.5
        }
    }
    geometry IndexedFaceSet {
        ccw TRUE
        solid FALSE
        coord DEF co Coordinate {
            point [
                -0.4199 1.2697 0.6446, -0.4149 1.2697 0.6311, -0.4602 1.2697 0.6443, -0.4649 1.2697 0.6307, -0.4382 1.2697 0.6944, -0.4326 1.2697 0.7182, -0.386 1.2697 0.5984, -0.4031 1.2697 0.5983, -0.4393 1.2697 0.698, -0.4403 1.2697 0.7028, -0.4492 1.2697 0.7181, -0.4406 1.2697 0.7028, -0.4416 1.2697 0.6977, -0.4425 1.2697 0.6944, -0.4941 1.2697 0.5977, -0.477 1.2697 0.5978, -0.4492 1.2697 0.7181, -0.4941 1.2697 0.5977, -0.4326 1.2697 0.7182, -0.386 1.2697 0.5984, -0.4031 1.2697 0.5983, -0.4149 1.2697 0.6311, -0.4649 1.2697 0.6307, -0.477 1.2697 0.5978, -0.4199 1.2697 0.6446, -0.4602 1.2697 0.6443, -0.4425 1.2697 0.6944, -0.4406 1.2697 0.7028, -0.4416 1.2697 0.6977, -0.4403 1.2697 0.7028, -0.4382 1.2697 0.6944, -0.4393 1.2697 0.698
            ]
        }
        coordIndex [
            0,1,2,-1,2,1,3,-1,4,5,0,-1,0,5,6,-1,0,6,1,-1,1,6,7,-1,4,8,5,-1,5,8,9,-1,5,9,10,-1,10,9,11,-1,10,11,12,-1,12,13,10,-1,10,13,2,-1,10,2,14,-1,14,2,3,-1,14,3,15,-1,10,14,16,-1,16,14,17,-1,5,10,18,-1,18,10,16,-1,6,5,19,-1,19,5,18,-1,7,6,20,-1,20,6,19,-1,1,7,21,-1,21,7,20,-1,3,1,22,-1,22,1,21,-1,15,3,23,-1,23,3,22,-1,14,15,17,-1,17,15,23,-1,0,2,24,-1,24,2,25,-1,2,13,25,-1,25,13,26,-1,11,27,28,-1,11,28,12,-1,12,28,26,-1,12,26,13,-1,11,9,27,-1,27,9,29,-1,4,30,31,-1,4,31,8,-1,8,31,29,-1,8,29,9,-1,4,0,30,-1,30,0,24,-1,
        ]
    }
}
Shape{
    appearance Appearance {
        material  Material 	{
            diffuseColor 0.2235294117647059 0.2235294117647059 0.2235294117647059
            specularColor 0.11372549019607843 0.11372549019607843 0.11372549019607843
            ambientIntensity 0.2235
            transparency 0.0
            shininess 0.5
        }
    }
    geometry IndexedFaceSet {
        ccw TRUE
        solid FALSE
        coord DEF co Coordinate {
            point [
                -0.4406 1.2697 0.7028, -0.4403 1.2697 0.7028, -0.4416 1.2697 0.6977, -0.4393 1.2697 0.698, -0.4425 1.2697 0.6944, -0.4382 1.2697 0.6944, -0.4602 1.2697 0.6443, -0.4199 1.2697 0.6446
            ]
        }
        coordIndex [
            0,1,2,-1,2,1,3,-1,2,3,4,-1,4,3,5,-1,4,5,6,-1,6,5,7,-1,
        ]
    }
}
Shape{
    appearance Appearance {
        material  Material 	{
            diffuseColor 1.0 1.0 1.0
            specularColor 0.5019607843137255 0.5019607843137255 0.5019607843137255
            ambientIntensity 1.0
            transparency 0.0
            shininess 0.5
        }
    }
    geometry IndexedFaceSet {
        ccw TRUE
        solid FALSE
        coord DEF co Coordinate {
            point [
                0.6689 1.2697 0.5889, 0.6563 1.2697 0.5731, 0.676 1.2697 0.6645, 0.3905 1.2697 0.7043, 0.4167 1.2697 0.7497, 0.5315 1.2697 0.6908, 0.5904 1.2697 0.6658, 0.5824 1.2697 0.6632, 0.6898 1.2697 0.813, 0.6707 1.2697 0.823, 0.6738 1.2697 0.8758, 0.6216 1.2697 0.8776, 0.5955 1.2697 0.815, 0.5823 1.2697 0.842, 0.6412 1.2697 0.8794, 0.5755 1.2697 0.6587, 0.5698 1.2697 0.6527, 0.5105 1.2697 0.6419, 0.6945 1.2697 0.6761, 0.6895 1.2697 0.6111, 0.6773 1.2697 0.6073, 0.566 1.2697 0.6457, 0.5639 1.2697 0.6379, 0.5106 1.2697 0.6334, 0.5637 1.2697 0.6296, 0.6192 1.2697 0.6085, 0.6124 1.2697 0.6037, 0.6397 1.2697 0.5604, 0.6045 1.2697 0.6008, 0.6043 1.2697 0.6656, 0.6157 1.2697 0.7179, 0.6118 1.2697 0.6629, 0.6347 1.2697 0.7108, 0.6186 1.2697 0.6583, 0.6522 1.2697 0.6988, 0.6238 1.2697 0.6527, 0.6664 1.2697 0.6828, 0.6279 1.2697 0.6453, 0.6299 1.2697 0.6371, 0.3617 1.2697 0.7886, 0.3549 1.2697 0.7886, 0.3196 1.2697 0.8344, 0.3387 1.2697 0.7865, 0.3154 1.2697 0.833, 0.3238 1.2697 0.7806, 0.29 1.2697 0.8202, 0.267 1.2697 0.8004, 0.6039 1.2697 0.8978, 0.563 1.2697 0.8647, 0.5837 1.2697 0.9149, 0.54 1.2697 0.8813, 0.5574 1.2697 0.9303, 0.6495 1.2697 0.8278, 0.6407 1.2697 0.8282, 0.6314 1.2697 0.8788, 0.6208 1.2697 0.8256, 0.6017 1.2697 0.8185, 0.5644 1.2697 0.7143, 0.585 1.2697 0.7196, 0.5954 1.2697 0.7203, 0.268 1.2697 0.6411, 0.3076 1.2697 0.6752, 0.2914 1.2697 0.6216, 0.3203 1.2697 0.665, 0.3175 1.2697 0.609, 0.3354 1.2697 0.6581, 0.346 1.2697 0.6032, 0.3507 1.2697 0.6553, 0.3964 1.2697 0.6036, 0.3892 1.2697 0.6556, 0.4012 1.2697 0.6044, 0.724 1.2697 0.764, 0.7801 1.2697 0.7512, 0.7267 1.2697 0.7434, 0.7805 1.2697 0.7421, 0.7258 1.2697 0.7303, 0.7769 1.2697 0.7097, 0.7198 1.2697 0.7093, 0.7651 1.2697 0.6777, 0.7097 1.2697 0.6919, 0.7453 1.2697 0.6487, 0.7201 1.2697 0.6267, 0.3107 1.2697 0.7713, 0.3009 1.2697 0.7602, 0.2498 1.2697 0.776, 0.293 1.2697 0.7454, 0.2395 1.2697 0.7498, 0.2891 1.2697 0.7289, 0.2358 1.2697 0.722, 0.2888 1.2697 0.7215, 0.24 1.2697 0.6915, 0.2909 1.2697 0.7049, 0.2509 1.2697 0.6645, 0.2969 1.2697 0.6897, 0.3064 1.2697 0.6765, 0.3652 1.2697 0.9022, 0.3988 1.2697 0.8632, 0.3349 1.2697 0.8657, 0.3798 1.2697 0.84, 0.3668 1.2697 0.8124, 0.7056 1.2697 0.864, 0.733 1.2697 0.8453, 0.7046 1.2697 0.7999, 0.7397 1.2697 0.8391, 0.7166 1.2697 0.783, 0.7599 1.2697 0.8137, 0.774 1.2697 0.7832, 0.5966 1.2697 0.6665, 0.5463 1.2697 0.7045, 0.5176 1.2697 0.9438, 0.512 1.2697 0.8924, 0.481 1.2697 0.9475, 0.4805 1.2697 0.8962, 0.4459 1.2697 0.9435, 0.4516 1.2697 0.8925, 0.4031 1.2697 0.9281, 0.4249 1.2697 0.882, 0.401 1.2697 0.8652, 0.6246 1.2697 0.6147, 0.6281 1.2697 0.6218, 0.63 1.2697 0.6297, 0.3935 1.2697 0.6564, 0.4143 1.2697 0.6126, 0.4123 1.2697 0.6106, 0.62 1.2697 0.552, 0.5999 1.2697 0.5487, 0.5971 1.2697 0.5999, 0.5966 1.2697 0.5486, 0.5893 1.2697 0.6007, 0.5759 1.2697 0.551, 0.5818 1.2697 0.6034, 0.5568 1.2697 0.5582, 0.5752 1.2697 0.6079, 0.5397 1.2697 0.5699, 0.5696 1.2697 0.614, 0.5265 1.2697 0.5846, 0.5657 1.2697 0.6214, 0.5162 1.2697 0.6035, 0.5111 1.2697 0.6246, 0.3909 1.2697 0.6558, 0.4068 1.2697 0.6066, 0.4209 1.2697 0.6302, 0.4202 1.2697 0.6238, 0.418 1.2697 0.618, 0.4009 1.2697 0.6557, 0.4068 1.2697 0.6534, 0.4207 1.2697 0.6336, 0.4121 1.2697 0.6497, 0.4156 1.2697 0.6459, 0.4189 1.2697 0.6401, 0.3943 1.2697 0.6565, 0.2358 1.2697 0.722, 0.2395 1.2697 0.7498, 0.2418 1.2697 0.7558, 0.2498 1.2697 0.776, 0.2597 1.2697 0.7901, 0.267 1.2697 0.8004, 0.29 1.2697 0.8202, 0.3154 1.2697 0.833, 0.3196 1.2697 0.8344, 0.3349 1.2697 0.8657, 0.3652 1.2697 0.9022, 0.481 1.2697 0.9475, 0.3797 1.2697 0.9121, 0.4031 1.2697 0.9281, 0.4104 1.2697 0.9307, 0.4459 1.2697 0.9435, 0.5837 1.2697 0.9149, 0.5176 1.2697 0.9438, 0.5562 1.2697 0.9307, 0.5574 1.2697 0.9303, 0.6216 1.2697 0.8776, 0.587 1.2697 0.9121, 0.6039 1.2697 0.8978, 0.6314 1.2697 0.8788, 0.6412 1.2697 0.8794, 0.6738 1.2697 0.8758, 0.7056 1.2697 0.864, 0.733 1.2697 0.8453, 0.7397 1.2697 0.8391, 0.7805 1.2697 0.7421, 0.7599 1.2697 0.8137, 0.7708 1.2697 0.7901, 0.774 1.2697 0.7832, 0.7793 1.2697 0.7558, 0.7801 1.2697 0.7512, 0.7782 1.2697 0.7211, 0.7779 1.2697 0.7187, 0.7769 1.2697 0.7097, 0.7651 1.2697 0.6777, 0.7453 1.2697 0.6487, 0.7201 1.2697 0.6267, 0.6895 1.2697 0.6111, 0.6773 1.2697 0.6073, 0.6689 1.2697 0.5889, 0.6563 1.2697 0.5731, 0.6397 1.2697 0.5604, 0.62 1.2697 0.552, 0.5999 1.2697 0.5487, 0.5966 1.2697 0.5486, 0.5759 1.2697 0.551, 0.5568 1.2697 0.5582, 0.5397 1.2697 0.5699, 0.5265 1.2697 0.5846, 0.5162 1.2697 0.6035, 0.5111 1.2697 0.6246, 0.5106 1.2697 0.6334, 0.5105 1.2697 0.6419, 0.3905 1.2697 0.7043, 0.4167 1.2697 0.7497, 0.4002 1.2697 0.7211, 0.3988 1.2697 0.7187, 0.477 1.2697 0.7187, 0.5315 1.2697 0.6908, 0.4725 1.2697 0.7211, 0.5954 1.2697 0.7203, 0.5463 1.2697 0.7045, 0.5644 1.2697 0.7143, 0.5817 1.2697 0.7187, 0.585 1.2697 0.7196, 0.6085 1.2697 0.7187, 0.6157 1.2697 0.7179, 0.6347 1.2697 0.7108, 0.6522 1.2697 0.6988, 0.6664 1.2697 0.6828, 0.676 1.2697 0.6645, 0.7267 1.2697 0.7434, 0.6945 1.2697 0.6761, 0.7097 1.2697 0.6919, 0.7198 1.2697 0.7093, 0.7225 1.2697 0.7187, 0.7232 1.2697 0.7211, 0.7258 1.2697 0.7303, 0.7251 1.2697 0.7558, 0.724 1.2697 0.764, 0.7166 1.2697 0.783, 0.7116 1.2697 0.7901, 0.7046 1.2697 0.7999, 0.6898 1.2697 0.813, 0.6707 1.2697 0.823, 0.6495 1.2697 0.8278, 0.6407 1.2697 0.8282, 0.6208 1.2697 0.8256, 0.6017 1.2697 0.8185, 0.5955 1.2697 0.815, 0.5823 1.2697 0.842, 0.563 1.2697 0.8647, 0.54 1.2697 0.8813, 0.512 1.2697 0.8924, 0.4805 1.2697 0.8962, 0.3617 1.2697 0.7886, 0.3621 1.2697 0.7901, 0.3668 1.2697 0.8124, 0.3798 1.2697 0.84, 0.3988 1.2697 0.8632, 0.401 1.2697 0.8652, 0.4249 1.2697 0.882, 0.4516 1.2697 0.8925, 0.3549 1.2697 0.7886, 0.3387 1.2697 0.7865, 0.3238 1.2697 0.7806, 0.3107 1.2697 0.7713, 0.3009 1.2697 0.7602, 0.2985 1.2697 0.7558, 0.293 1.2697 0.7454, 0.2891 1.2697 0.7289, 0.2888 1.2697 0.7215, 0.2888 1.2697 0.7211, 0.2891 1.2697 0.7187, 0.2909 1.2697 0.7049, 0.2969 1.2697 0.6897, 0.3064 1.2697 0.6765, 0.3076 1.2697 0.6752, 0.3203 1.2697 0.665, 0.3354 1.2697 0.6581, 0.3507 1.2697 0.6553, 0.3892 1.2697 0.6556, 0.3909 1.2697 0.6558, 0.3935 1.2697 0.6564, 0.3943 1.2697 0.6565, 0.4009 1.2697 0.6557, 0.4068 1.2697 0.6534, 0.4121 1.2697 0.6497, 0.4156 1.2697 0.6459, 0.4189 1.2697 0.6401, 0.4207 1.2697 0.6336, 0.4209 1.2697 0.6302, 0.4202 1.2697 0.6238, 0.418 1.2697 0.618, 0.4143 1.2697 0.6126, 0.4123 1.2697 0.6106, 0.4068 1.2697 0.6066, 0.4012 1.2697 0.6044, 0.3964 1.2697 0.6036, 0.346 1.2697 0.6032, 0.3175 1.2697 0.609, 0.2914 1.2697 0.6216, 0.268 1.2697 0.6411, 0.2509 1.2697 0.6645, 0.24 1.2697 0.6915, 0.2363 1.2697 0.7187, 0.236 1.2697 0.7211, 0.5966 1.2697 0.6665, 0.5904 1.2697 0.6658, 0.5824 1.2697 0.6632, 0.5755 1.2697 0.6587, 0.5698 1.2697 0.6527, 0.566 1.2697 0.6457, 0.5639 1.2697 0.6379, 0.5637 1.2697 0.6296, 0.5657 1.2697 0.6214, 0.5696 1.2697 0.614, 0.5752 1.2697 0.6079, 0.5818 1.2697 0.6034, 0.5893 1.2697 0.6007, 0.5971 1.2697 0.5999, 0.6045 1.2697 0.6008, 0.6124 1.2697 0.6037, 0.6192 1.2697 0.6085, 0.6246 1.2697 0.6147, 0.6281 1.2697 0.6218, 0.63 1.2697 0.6297, 0.6299 1.2697 0.6371, 0.6279 1.2697 0.6453, 0.6238 1.2697 0.6527, 0.6186 1.2697 0.6583, 0.6118 1.2697 0.6629, 0.6043 1.2697 0.6656
            ]
        }
        coordIndex [
            0,1,2,-1,3,4,5,-1,6,7,3,-1,8,9,10,-1,11,12,13,-1,10,9,14,-1,7,15,3,-1,3,15,16,-1,3,16,17,-1,18,19,2,-1,2,19,20,-1,2,20,0,-1,16,21,17,-1,17,21,22,-1,17,22,23,-1,23,22,24,-1,25,1,26,-1,26,1,27,-1,26,27,28,-1,29,30,31,-1,31,30,32,-1,31,32,33,-1,33,32,34,-1,33,34,35,-1,35,34,36,-1,35,36,37,-1,37,36,2,-1,37,2,38,-1,39,40,41,-1,41,40,42,-1,41,42,43,-1,43,42,44,-1,43,44,45,-1,45,44,46,-1,11,13,47,-1,47,13,48,-1,47,48,49,-1,49,48,50,-1,49,50,51,-1,9,52,14,-1,14,52,53,-1,14,53,54,-1,54,53,55,-1,54,55,11,-1,11,55,56,-1,11,56,12,-1,57,58,29,-1,29,58,59,-1,29,59,30,-1,60,61,62,-1,62,61,63,-1,62,63,64,-1,64,63,65,-1,64,65,66,-1,66,65,67,-1,66,67,68,-1,68,67,69,-1,68,69,70,-1,71,72,73,-1,73,72,74,-1,73,74,75,-1,75,74,76,-1,75,76,77,-1,77,76,78,-1,77,78,79,-1,79,78,80,-1,79,80,18,-1,18,80,81,-1,18,81,19,-1,44,82,46,-1,46,82,83,-1,46,83,84,-1,84,83,85,-1,84,85,86,-1,86,85,87,-1,86,87,88,-1,88,87,89,-1,88,89,90,-1,90,89,91,-1,90,91,92,-1,92,91,93,-1,92,93,60,-1,60,93,94,-1,60,94,61,-1,95,96,97,-1,97,96,98,-1,97,98,41,-1,41,98,99,-1,41,99,39,-1,10,100,8,-1,8,100,101,-1,8,101,102,-1,102,101,103,-1,102,103,104,-1,104,103,105,-1,104,105,71,-1,71,105,106,-1,71,106,72,-1,6,3,107,-1,107,3,5,-1,107,5,29,-1,29,5,108,-1,29,108,57,-1,51,50,109,-1,109,50,110,-1,109,110,111,-1,111,110,112,-1,111,112,113,-1,113,112,114,-1,113,114,115,-1,115,114,116,-1,115,116,95,-1,95,116,117,-1,95,117,96,-1,25,118,1,-1,1,118,119,-1,1,119,2,-1,2,119,120,-1,2,120,38,-1,121,122,123,-1,27,124,28,-1,28,124,125,-1,28,125,126,-1,126,125,127,-1,126,127,128,-1,128,127,129,-1,128,129,130,-1,130,129,131,-1,130,131,132,-1,132,131,133,-1,132,133,134,-1,134,133,135,-1,134,135,136,-1,136,135,137,-1,136,137,24,-1,24,137,138,-1,24,138,23,-1,69,139,70,-1,70,139,121,-1,70,121,140,-1,140,121,123,-1,141,142,121,-1,121,142,143,-1,121,143,122,-1,144,145,146,-1,145,147,146,-1,146,147,148,-1,146,148,149,-1,141,121,146,-1,146,121,150,-1,146,150,144,-1,88,151,152,-1,88,152,86,-1,86,152,153,-1,86,153,84,-1,153,154,84,-1,84,154,155,-1,84,155,46,-1,155,156,46,-1,46,156,157,-1,46,157,45,-1,45,157,158,-1,45,158,43,-1,43,158,159,-1,43,159,41,-1,41,159,160,-1,41,160,97,-1,97,160,161,-1,97,161,95,-1,162,111,113,-1,95,161,163,-1,95,163,115,-1,163,164,115,-1,115,164,165,-1,115,165,113,-1,113,165,166,-1,113,166,162,-1,167,49,51,-1,111,162,168,-1,111,168,109,-1,109,168,169,-1,109,169,51,-1,51,169,170,-1,51,170,167,-1,171,11,47,-1,49,167,172,-1,49,172,47,-1,47,172,173,-1,47,173,171,-1,11,171,174,-1,11,174,54,-1,54,174,175,-1,54,175,14,-1,14,175,176,-1,14,176,10,-1,10,176,177,-1,10,177,100,-1,100,177,178,-1,100,178,101,-1,101,178,179,-1,101,179,103,-1,180,74,72,-1,103,179,181,-1,103,181,105,-1,105,181,182,-1,105,182,106,-1,182,183,106,-1,106,183,184,-1,106,184,72,-1,72,184,185,-1,72,185,180,-1,180,186,74,-1,74,186,187,-1,74,187,76,-1,187,188,76,-1,76,188,189,-1,76,189,78,-1,78,189,190,-1,78,190,80,-1,80,190,191,-1,80,191,81,-1,81,191,192,-1,81,192,19,-1,19,192,193,-1,19,193,20,-1,20,193,194,-1,20,194,0,-1,0,194,195,-1,0,195,1,-1,1,195,196,-1,1,196,27,-1,27,196,197,-1,27,197,124,-1,124,197,198,-1,124,198,125,-1,125,198,199,-1,125,199,127,-1,127,199,200,-1,127,200,129,-1,129,200,201,-1,129,201,131,-1,131,201,202,-1,131,202,133,-1,133,202,203,-1,133,203,135,-1,135,203,204,-1,135,204,137,-1,137,204,205,-1,137,205,138,-1,138,205,206,-1,138,206,23,-1,17,23,207,-1,207,23,206,-1,3,17,208,-1,208,17,207,-1,209,4,210,-1,210,4,3,-1,210,3,211,-1,211,3,208,-1,212,213,5,-1,212,5,214,-1,214,5,4,-1,214,4,209,-1,215,59,58,-1,5,213,216,-1,5,216,108,-1,108,216,217,-1,108,217,57,-1,57,217,218,-1,57,218,58,-1,58,218,219,-1,58,219,215,-1,30,59,220,-1,220,59,215,-1,220,221,30,-1,30,221,222,-1,30,222,32,-1,32,222,223,-1,32,223,34,-1,34,223,224,-1,34,224,36,-1,36,224,225,-1,36,225,2,-1,226,73,75,-1,2,225,227,-1,2,227,18,-1,18,227,228,-1,18,228,79,-1,79,228,229,-1,79,229,77,-1,229,230,77,-1,77,230,231,-1,77,231,75,-1,75,231,232,-1,75,232,226,-1,73,226,233,-1,73,233,71,-1,233,234,71,-1,71,234,235,-1,71,235,104,-1,104,235,236,-1,104,236,102,-1,236,237,102,-1,102,237,238,-1,102,238,8,-1,8,238,239,-1,8,239,9,-1,9,239,240,-1,9,240,52,-1,52,240,241,-1,52,241,53,-1,53,241,242,-1,53,242,55,-1,55,242,243,-1,55,243,56,-1,56,243,244,-1,56,244,12,-1,12,244,245,-1,12,245,13,-1,13,245,246,-1,13,246,48,-1,48,246,247,-1,48,247,50,-1,50,247,248,-1,50,248,110,-1,110,248,249,-1,110,249,112,-1,250,39,251,-1,251,39,99,-1,251,99,252,-1,252,99,98,-1,252,98,253,-1,253,98,96,-1,253,96,254,-1,254,96,117,-1,254,117,255,-1,255,117,116,-1,255,116,256,-1,256,116,114,-1,256,114,257,-1,257,114,112,-1,257,112,249,-1,40,39,258,-1,258,39,250,-1,40,258,259,-1,40,259,42,-1,42,259,260,-1,42,260,44,-1,44,260,261,-1,44,261,82,-1,82,261,262,-1,82,262,83,-1,83,262,263,-1,83,263,85,-1,263,264,85,-1,85,264,265,-1,85,265,87,-1,87,265,266,-1,87,266,89,-1,266,267,89,-1,89,267,268,-1,89,268,91,-1,268,269,91,-1,91,269,270,-1,91,270,93,-1,93,270,271,-1,93,271,94,-1,94,271,272,-1,94,272,61,-1,61,272,273,-1,61,273,63,-1,63,273,274,-1,63,274,65,-1,65,274,275,-1,65,275,67,-1,69,67,276,-1,276,67,275,-1,69,276,277,-1,69,277,139,-1,139,277,278,-1,139,278,121,-1,121,278,279,-1,121,279,150,-1,150,279,280,-1,150,280,144,-1,144,280,281,-1,144,281,145,-1,145,281,282,-1,145,282,147,-1,147,282,283,-1,147,283,148,-1,148,283,284,-1,148,284,149,-1,149,284,285,-1,149,285,146,-1,146,285,286,-1,146,286,141,-1,141,286,287,-1,141,287,142,-1,142,287,288,-1,142,288,143,-1,143,288,289,-1,143,289,122,-1,122,289,290,-1,122,290,123,-1,123,290,291,-1,123,291,140,-1,140,291,292,-1,140,292,70,-1,70,292,293,-1,70,293,68,-1,66,68,294,-1,294,68,293,-1,66,294,295,-1,66,295,64,-1,64,295,296,-1,64,296,62,-1,62,296,297,-1,62,297,60,-1,60,297,298,-1,60,298,92,-1,92,298,299,-1,92,299,90,-1,90,299,300,-1,90,300,88,-1,88,300,301,-1,88,301,151,-1,107,302,303,-1,107,303,6,-1,6,303,304,-1,6,304,7,-1,7,304,305,-1,7,305,15,-1,15,305,306,-1,15,306,16,-1,16,306,307,-1,16,307,21,-1,21,307,308,-1,21,308,22,-1,22,308,309,-1,22,309,24,-1,24,309,310,-1,24,310,136,-1,136,310,311,-1,136,311,134,-1,134,311,312,-1,134,312,132,-1,132,312,313,-1,132,313,130,-1,130,313,314,-1,130,314,128,-1,128,314,315,-1,128,315,126,-1,126,315,316,-1,126,316,28,-1,28,316,317,-1,28,317,26,-1,26,317,318,-1,26,318,25,-1,25,318,319,-1,25,319,118,-1,118,319,320,-1,118,320,119,-1,119,320,321,-1,119,321,120,-1,120,321,322,-1,120,322,38,-1,38,322,323,-1,38,323,37,-1,37,323,324,-1,37,324,35,-1,35,324,325,-1,35,325,33,-1,33,325,326,-1,33,326,31,-1,31,326,327,-1,31,327,29,-1,29,327,302,-1,29,302,107,-1,
        ]
    }
}
Shape{
    appearance Appearance {
        material  Material 	{
            diffuseColor 0.2235294117647059 0.2235294117647059 0.2235294117647059
            specularColor 0.11372549019607843 0.11372549019607843 0.11372549019607843
            ambientIntensity 0.2235
            transparency 0.0
            shininess 0.5
        }
    }
    geometry IndexedFaceSet {
        ccw TRUE
        solid FALSE
        coord DEF co Coordinate {
            point [
                0.5966 1.2697 0.6665, 0.5971 1.2697 0.5999, 0.5904 1.2697 0.6658, 0.5893 1.2697 0.6007, 0.63 1.2697 0.6297, 0.6043 1.2697 0.6656, 0.6118 1.2697 0.6629, 0.6186 1.2697 0.6583, 0.6299 1.2697 0.6371, 0.6238 1.2697 0.6527, 0.6279 1.2697 0.6453, 0.6281 1.2697 0.6218, 0.6246 1.2697 0.6147, 0.6192 1.2697 0.6085, 0.5752 1.2697 0.6079, 0.5698 1.2697 0.6527, 0.5755 1.2697 0.6587, 0.6124 1.2697 0.6037, 0.6045 1.2697 0.6008, 0.5818 1.2697 0.6034, 0.5824 1.2697 0.6632, 0.5657 1.2697 0.6214, 0.5637 1.2697 0.6296, 0.5696 1.2697 0.614, 0.5639 1.2697 0.6379, 0.566 1.2697 0.6457, 1.3819 0.7953 0.1769, 0.9882 0.7953 0.1769, 1.3819 0.7894 0.1769, 0.9882 0.7894 0.1769, 0.9882 0.7894 0.1772, 1.3819 0.7894 0.1772, 0.9882 0.7953 0.1772, 1.3819 0.7953 0.1772
            ]
        }
        coordIndex [
            0,1,2,-1,2,1,3,-1,4,0,5,-1,5,6,4,-1,4,6,7,-1,4,7,8,-1,8,7,9,-1,8,9,10,-1,4,11,0,-1,0,11,12,-1,0,12,13,-1,14,15,16,-1,13,17,0,-1,0,17,18,-1,0,18,1,-1,3,19,2,-1,2,19,14,-1,2,14,20,-1,20,14,16,-1,21,22,23,-1,23,22,24,-1,23,24,14,-1,14,24,25,-1,14,25,15,-1,26,27,28,-1,28,27,29,-1,29,30,28,-1,28,30,31,-1,30,32,31,-1,31,32,33,-1,27,32,29,-1,29,32,30,-1,26,28,33,-1,33,28,31,-1,27,26,32,-1,32,26,33,-1,
        ]
    }
}