#VRML V2.0 utf8
# 3D model generated by easyeda2kicad.py (https://github.com/uPesy/easyeda2kicad.py)

Shape{
    appearance Appearance {
        material  Material 	{
            diffuseColor 0.9686274509803922 0.8784313725490196 0.6
            specularColor 0.6784313725490196 0.615686274509804 0.4196078431372549
            ambientIntensity 0.8737
            transparency 0.0
            shininess 0.5
        }
    }
    geometry IndexedFaceSet {
        ccw TRUE
        solid FALSE
        coord DEF co Coordinate {
            point [
                -1.8681 1.2008 -0.1968, -1.8681 1.2008 1.2008, -1.8681 1.2795 -0.1968, -1.8681 1.2795 1.2008, -1.4744 1.2008 -0.1968, -1.4744 1.2008 1.2008, -1.4744 1.2795 -0.1968, -1.4744 1.2795 1.2008, -1.8473 1.2216 -0.315, -1.8473 1.2587 -0.315, -1.4952 1.2216 -0.315, -1.4952 1.2587 -0.315, -0.7658 1.2008 -0.1968, -0.7658 1.2008 1.2008, -0.7658 1.2795 -0.1968, -0.7658 1.2795 1.2008, -0.3721 1.2008 -0.1968, -0.3721 1.2008 1.2008, -0.3721 1.2795 -0.1968, -0.3721 1.2795 1.2008, -0.7449 1.2216 -0.315, -0.7449 1.2587 -0.315, -0.3929 1.2216 -0.315, -0.3929 1.2587 -0.315, 1.5177 1.1221 -0.1968, 1.5177 1.1221 1.2008, 1.5177 1.2008 -0.1968, 1.5177 1.2008 1.2008, 1.8327 1.1221 -0.1968, 1.8327 1.1221 1.2008, 1.8327 1.2008 -0.1968, 1.8327 1.2008 1.2008, 1.5385 1.1429 -0.315, 1.5385 1.18 -0.315, 1.8118 1.1429 -0.315, 1.8118 1.18 -0.315, 1.8327 0.5709 -0.1968, 1.8327 0.5709 0.0535, 1.5177 0.5709 -0.1968, 1.5177 0.5709 0.0535, 1.8327 0.5735 0.082, 1.5177 0.5735 0.082, 1.8327 0.5812 0.1095, 1.5177 0.5812 0.1095, 1.8327 0.5937 0.1352, 1.5177 0.5937 0.1352, 1.8327 0.6107 0.1582, 1.5177 0.6107 0.1582, 1.5177 0.7223 0.2835, 1.8327 0.7223 0.2835, 1.5177 0.7331 0.2992, 1.8327 0.7331 0.2992, 1.5177 0.7399 0.3169, 1.8327 0.7399 0.3169, 1.5177 0.7422 0.3359, 1.8327 0.7422 0.3359, 1.5177 0.7422 1.2008, 1.8327 0.7422 1.2008, 1.5177 0.8209 1.2008, 1.8327 0.8209 1.2008, 1.5177 0.8209 0.3359, 1.8327 0.8209 0.3359, 1.8327 0.8183 0.3074, 1.5177 0.8183 0.3074, 1.8327 0.8106 0.2798, 1.5177 0.8106 0.2798, 1.8327 0.7981 0.2541, 1.5177 0.7981 0.2541, 1.8327 0.7811 0.2311, 1.5177 0.7811 0.2311, 1.5177 0.6695 0.1058, 1.8327 0.6695 0.1058, 1.5177 0.6587 0.0902, 1.8327 0.6587 0.0902, 1.5177 0.6519 0.0724, 1.8327 0.6519 0.0724, 1.5177 0.6496 0.0535, 1.8327 0.6496 0.0535, 1.5177 0.6496 -0.1968, 1.8327 0.6496 -0.1968, 1.8118 0.6288 -0.315, 1.8118 0.5917 -0.315, 1.5385 0.6288 -0.315, 1.5385 0.5917 -0.315, 1.8327 -0.6102 -0.1968, 1.8327 -0.6102 0.0527, 1.5177 -0.6102 -0.1968, 1.5177 -0.6102 0.0527, 1.5177 -0.6126 0.0719, 1.8327 -0.6126 0.0719, 1.5177 -0.6196 0.0899, 1.8327 -0.6196 0.0899, 1.5177 -0.6308 0.1057, 1.8327 -0.6308 0.1057, 1.5177 -0.7447 0.2306, 1.8327 -0.7447 0.2306, 1.8327 -0.7622 0.2537, 1.5177 -0.7622 0.2537, 1.8327 -0.7751 0.2798, 1.5177 -0.7751 0.2798, 1.8327 -0.7831 0.3077, 1.5177 -0.7831 0.3077, 1.8327 -0.7858 0.3367, 1.5177 -0.7858 0.3367, 1.5177 -0.7858 1.2008, 1.8327 -0.7858 1.2008, 1.5177 -0.707 1.2008, 1.8327 -0.707 1.2008, 1.5177 -0.707 0.3367, 1.8327 -0.707 0.3367, 1.5177 -0.7047 0.3175, 1.8327 -0.7047 0.3175, 1.5177 -0.6977 0.2994, 1.8327 -0.6977 0.2994, 1.5177 -0.6865 0.2836, 1.8327 -0.6865 0.2836, 1.5177 -0.5726 0.1588, 1.8327 -0.5726 0.1588, 1.8327 -0.5551 0.1356, 1.5177 -0.5551 0.1356, 1.8327 -0.5421 0.1096, 1.5177 -0.5421 0.1096, 1.8327 -0.5342 0.0816, 1.5177 -0.5342 0.0816, 1.8327 -0.5315 0.0527, 1.5177 -0.5315 0.0527, 1.5177 -0.5315 -0.1968, 1.8327 -0.5315 -0.1968, 1.8118 -0.5523 -0.315, 1.8118 -0.5894 -0.315, 1.5385 -0.5523 -0.315, 1.5385 -0.5894 -0.315, 0.6516 -1.0433 -0.1968, 0.6516 -1.0433 1.2008, 0.6516 -0.9646 -0.1968, 0.6516 -0.9646 1.2008, 1.8327 -1.0433 0.0591, 1.8327 -1.0433 1.2008, 1.0453 -1.0433 0.0591, 1.0453 -1.0433 -0.1968, 1.0453 -0.9646 -0.1968, 1.0453 -0.9646 0.0591, 1.8327 -0.9646 0.0591, 1.8327 -0.9646 1.2008, 0.6724 -1.0225 -0.315, 0.6724 -0.9854 -0.315, 1.0244 -1.0225 -0.315, 1.0244 -0.9854 -0.315, -2.3012 -0.4243 1.7283, -2.3012 -1.2008 1.7283, -2.3012 -0.4243 1.8071, -2.3012 -1.2008 1.8071, -2.3012 0.5424 1.8071, -2.3012 1.315 1.8071, -2.3012 0.5424 1.7283, -2.3012 1.315 1.7283, -1.0413 1.315 1.8071, -1.0413 -1.2008 1.8071, -1.0413 1.315 1.7283, -1.0413 -1.2008 1.7283, -1.9134 0.5384 1.8071, -1.8849 0.5266 1.8071, -1.9439 0.5424 1.8071, -1.8298 -0.2756 1.8071, -1.8258 -0.3061 1.8071, -1.8298 -0.3367 1.8071, -1.8416 -0.3652 1.8071, -1.8604 -0.3897 1.8071, -1.8849 -0.4084 1.8071, -1.9134 -0.4202 1.8071, -1.9439 -0.4243 1.8071, -1.8604 0.5078 1.8071, -1.8416 0.4833 1.8071, -1.8298 0.4548 1.8071, -1.8604 -0.2226 1.8071, -1.8849 0.322 1.8071, -1.8849 -0.2039 1.8071, -1.9134 -0.1921 1.8071, -1.8416 -0.2471 1.8071, -1.8604 0.3408 1.8071, -1.8258 0.4243 1.8071, -1.8298 0.3937 1.8071, -1.8416 0.3652 1.8071, -1.9439 0.3062 1.8071, -2.0551 0.3062 1.8071, -2.0551 -0.188 1.8071, -1.9134 0.3102 1.8071, -1.9439 -0.188 1.8071, -1.9134 -0.4202 1.7283, -1.8849 -0.4084 1.7283, -1.8604 -0.3897 1.7283, -1.8416 -0.3652 1.7283, -1.9439 -0.4243 1.7283, -1.8298 -0.2756 1.7283, -1.8258 -0.3061 1.7283, -1.8298 -0.3367 1.7283, -1.8258 0.4243 1.7283, -1.8298 0.4548 1.7283, -1.8416 0.4833 1.7283, -1.9134 0.5384 1.7283, -1.9439 0.5424 1.7283, -1.8849 0.322 1.7283, -1.8416 -0.2471 1.7283, -1.8604 -0.2226 1.7283, -1.8849 -0.2039 1.7283, -1.9134 -0.1921 1.7283, -1.8604 0.5078 1.7283, -1.8849 0.5266 1.7283, -1.8604 0.3408 1.7283, -1.8416 0.3652 1.7283, -1.8298 0.3937 1.7283, -2.0551 -0.188 1.7283, -2.0551 0.3062 1.7283, -1.9439 -0.188 1.7283, -1.9439 0.3062 1.7283, -1.9134 0.3102 1.7283, -1.0413 1.3353 1.8044, -1.0413 1.3832 1.7677, -1.0413 1.391 1.7487, -1.0413 1.3937 1.7283, -1.0413 1.3706 1.784, -1.0413 1.3543 1.7965, -2.3012 1.3937 1.7283, -2.3012 1.391 1.7487, -2.3012 1.3832 1.7677, -2.3012 1.3706 1.784, -2.3012 1.3543 1.7965, -2.3012 1.3353 1.8044, -1.0413 1.3937 0.5472, -1.0413 1.315 0.5472, -1.0622 1.315 0.4291, -2.2804 1.315 0.4291, -1.0622 1.3937 0.4291, -2.2804 1.3937 0.4291, -2.3012 1.315 0.5472, -2.3012 1.3937 0.5472, -1.8626 1.3937 1.1855, -1.8876 1.3937 1.1768, -1.91 1.3937 1.1627, -1.9287 1.3937 1.144, -1.9544 1.3937 1.0704, -1.9544 1.3937 0.878, -1.9515 1.3937 0.8518, -1.4326 1.3937 1.1627, -1.455 1.3937 1.1768, -1.4799 1.3937 1.1855, -1.5062 1.3937 1.1885, -1.8363 1.3937 1.1885, -1.9427 1.3937 1.1216, -1.9515 1.3937 1.0966, -1.9427 1.3937 0.8268, -1.9287 1.3937 0.8044, -1.91 1.3937 0.7857, -1.8876 1.3937 0.7716, -1.4799 1.3937 0.7629, -1.455 1.3937 0.7716, -1.4326 1.3937 0.7857, -1.4139 1.3937 0.8044, -1.3998 1.3937 0.8268, -1.3911 1.3937 1.0966, -1.3998 1.3937 1.1216, -1.4139 1.3937 1.144, -1.8626 1.3937 0.7629, -1.8363 1.3937 0.7599, -1.5062 1.3937 0.7599, -1.3911 1.3937 0.8518, -1.3881 1.3937 0.878, -1.3881 1.3937 1.0704, -1.9427 1.315 0.8268, -1.9515 1.315 0.8518, -1.9544 1.315 0.878, -1.8626 1.315 0.7629, -1.8876 1.315 0.7716, -1.91 1.315 0.7857, -1.9287 1.315 0.8044, -1.9544 1.315 1.0704, -1.9515 1.315 1.0966, -1.9427 1.315 1.1216, -1.9287 1.315 1.144, -1.91 1.315 1.1627, -1.8876 1.315 1.1768, -1.4799 1.315 1.1855, -1.455 1.315 1.1768, -1.455 1.315 0.7716, -1.4799 1.315 0.7629, -1.5062 1.315 0.7599, -1.8363 1.315 0.7599, -1.4326 1.315 1.1627, -1.4139 1.315 1.144, -1.3998 1.315 1.1216, -1.3911 1.315 0.8518, -1.3998 1.315 0.8268, -1.4139 1.315 0.8044, -1.4326 1.315 0.7857, -1.8626 1.315 1.1855, -1.8363 1.315 1.1885, -1.5062 1.315 1.1885, -1.3911 1.315 1.0966, -1.3881 1.315 1.0704, -1.3881 1.315 0.878, -2.3012 -1.2212 1.8044, -2.3012 -1.269 1.7677, -2.3012 -1.2768 1.7487, -2.3012 -1.2795 1.7283, -2.3012 -1.2565 1.784, -2.3012 -1.2402 1.7965, -1.0413 -1.2795 1.7283, -1.0413 -1.2768 1.7487, -1.0413 -1.269 1.7677, -1.0413 -1.2565 1.784, -1.0413 -1.2402 1.7965, -1.0413 -1.2212 1.8044, -2.3012 -1.2008 0.6352, -2.3012 -1.2795 0.6352, -1.2196 -1.2216 -0.315, -1.2196 -1.2587 -0.315, -1.5717 -1.2216 -0.315, -1.5717 -1.2587 -0.315, -1.0413 -1.2008 0.5929, -1.0413 -1.2795 0.5929, -1.3881 -1.2795 1.0704, -1.3881 -1.2795 0.878, -1.1965 -1.2795 0.1982, -1.3911 -1.2795 0.8518, -1.3998 -1.2795 0.8268, -1.4139 -1.2795 0.8044, -2.1709 -1.2795 0.3162, -1.8876 -1.2795 0.7716, -1.91 -1.2795 0.7857, -1.9287 -1.2795 0.8044, -2.2558 -1.2795 0.446, -2.2198 -1.2795 0.3769, -1.9515 -1.2795 0.8518, -1.9427 -1.2795 0.8268, -2.2941 -1.2795 0.5607, -2.2729 -1.2795 0.4888, -1.4326 -1.2795 0.7857, -1.455 -1.2795 0.7716, -1.1988 -1.2795 0.1791, -1.4799 -1.2795 0.7629, -1.6097 -1.2795 0.1691, -1.6003 -1.2795 0.1542, -1.5062 -1.2795 0.7599, -1.5945 -1.2795 0.1375, -1.6537 -1.2795 0.1968, -1.6371 -1.2795 0.191, -1.6222 -1.2795 0.1816, -1.5925 -1.2795 0.12, -1.5925 -1.2795 -0.1968, -1.1988 -1.2795 -0.1968, -1.9544 -1.2795 0.878, -1.9544 -1.2795 1.0704, -1.9515 -1.2795 1.0966, -1.9427 -1.2795 1.1216, -1.9287 -1.2795 1.144, -1.91 -1.2795 1.1627, -1.8876 -1.2795 1.1768, -1.4799 -1.2795 1.1855, -1.455 -1.2795 1.1768, -1.4326 -1.2795 1.1627, -1.4139 -1.2795 1.144, -1.3998 -1.2795 1.1216, -1.3911 -1.2795 1.0966, -2.111 -1.2795 0.2664, -2.0424 -1.2795 0.2293, -1.8626 -1.2795 0.7629, -1.9679 -1.2795 0.2065, -1.8363 -1.2795 0.7599, -1.8904 -1.2795 0.1988, -1.6713 -1.2795 0.1988, -1.1896 -1.2795 0.2161, -1.0875 -1.2795 0.4079, -1.8626 -1.2795 1.1855, -1.8363 -1.2795 1.1885, -1.5062 -1.2795 1.1885, -1.0621 -1.2795 0.4668, -1.0466 -1.2795 0.529, -1.6222 -1.2008 0.1816, -1.6371 -1.2008 0.191, -1.1965 -1.2008 0.1982, -1.6097 -1.2008 0.1691, -1.1988 -1.2008 0.1791, -1.1988 -1.2008 -0.1968, -1.5925 -1.2008 -0.1968, -1.3998 -1.2008 0.8268, -1.3911 -1.2008 0.8518, -1.5925 -1.2008 0.12, -1.5945 -1.2008 0.1375, -1.6003 -1.2008 0.1542, -1.8626 -1.2008 1.1855, -1.8876 -1.2008 1.1768, -1.91 -1.2008 1.1627, -1.9287 -1.2008 1.144, -1.9544 -1.2008 0.878, -1.9515 -1.2008 0.8518, -1.9427 -1.2008 0.8268, -2.2941 -1.2008 0.5607, -1.9287 -1.2008 0.8044, -2.2729 -1.2008 0.4888, -2.2558 -1.2008 0.446, -1.4139 -1.2008 1.144, -1.4326 -1.2008 1.1627, -1.5062 -1.2008 1.1885, -1.8363 -1.2008 1.1885, -1.9427 -1.2008 1.1216, -1.9515 -1.2008 1.0966, -1.9544 -1.2008 1.0704, -1.3998 -1.2008 1.1216, -1.455 -1.2008 1.1768, -1.4799 -1.2008 1.1855, -2.1709 -1.2008 0.3162, -1.8904 -1.2008 0.1988, -2.111 -1.2008 0.2664, -1.9679 -1.2008 0.2065, -2.0424 -1.2008 0.2293, -1.91 -1.2008 0.7857, -1.8876 -1.2008 0.7716, -1.8626 -1.2008 0.7629, -1.6537 -1.2008 0.1968, -1.6713 -1.2008 0.1988, -2.2198 -1.2008 0.3769, -1.4139 -1.2008 0.8044, -1.8363 -1.2008 0.7599, -1.3881 -1.2008 0.878, -1.3881 -1.2008 1.0704, -1.3911 -1.2008 1.0966, -1.0466 -1.2008 0.529, -1.0621 -1.2008 0.4668, -1.4326 -1.2008 0.7857, -1.0875 -1.2008 0.4079, -1.455 -1.2008 0.7716, -1.1896 -1.2008 0.2161, -1.4799 -1.2008 0.7629, -1.5062 -1.2008 0.7599, -2.0755 0.3062 1.8044, -2.0755 -0.188 1.8044, -3.0162 0.3062 1.5523, -2.9958 0.3062 1.4763, -3.0162 -0.188 1.5523, -2.9958 -0.188 1.4763, -3.0162 -0.188 1.4736, -3.0719 -0.188 1.4967, -3.0844 -0.188 1.513, -3.0923 -0.188 1.532, -3.0556 -0.188 1.4842, -3.0366 -0.188 1.4763, -3.0923 0.3062 1.532, -3.0844 0.3062 1.513, -3.0719 0.3062 1.4967, -3.0556 0.3062 1.4842, -3.0366 0.3062 1.4763, -3.0162 0.3062 1.4736, -3.133 -0.188 1.6841, -3.057 -0.188 1.7045, -3.133 0.3062 1.6841, -3.057 0.3062 1.7045
            ]
        }
        coordIndex [
            0,1,2,-1,2,1,3,-1,4,5,0,-1,0,5,1,-1,6,7,4,-1,4,7,5,-1,2,3,6,-1,6,3,7,-1,5,7,1,-1,1,7,3,-1,8,9,10,-1,10,9,11,-1,6,11,2,-1,2,11,9,-1,4,10,6,-1,6,10,11,-1,8,0,9,-1,9,0,2,-1,0,8,4,-1,4,8,10,-1,12,13,14,-1,14,13,15,-1,16,17,12,-1,12,17,13,-1,18,19,16,-1,16,19,17,-1,14,15,18,-1,18,15,19,-1,17,19,13,-1,13,19,15,-1,20,21,22,-1,22,21,23,-1,18,23,14,-1,14,23,21,-1,16,22,18,-1,18,22,23,-1,20,12,21,-1,21,12,14,-1,12,20,16,-1,16,20,22,-1,24,25,26,-1,26,25,27,-1,28,29,24,-1,24,29,25,-1,30,31,28,-1,28,31,29,-1,26,27,30,-1,30,27,31,-1,29,31,25,-1,25,31,27,-1,32,33,34,-1,34,33,35,-1,30,35,26,-1,26,35,33,-1,28,34,30,-1,30,34,35,-1,32,24,33,-1,33,24,26,-1,24,32,28,-1,28,32,34,-1,36,37,38,-1,38,37,39,-1,39,37,40,-1,39,40,41,-1,41,40,42,-1,41,42,43,-1,43,42,44,-1,43,44,45,-1,45,44,46,-1,45,46,47,-1,48,47,49,-1,49,47,46,-1,48,49,50,-1,50,49,51,-1,50,51,52,-1,52,51,53,-1,52,53,54,-1,54,53,55,-1,56,54,57,-1,57,54,55,-1,58,56,59,-1,59,56,57,-1,60,58,61,-1,61,58,59,-1,60,61,62,-1,60,62,63,-1,63,62,64,-1,63,64,65,-1,65,64,66,-1,65,66,67,-1,67,66,68,-1,67,68,69,-1,70,69,71,-1,71,69,68,-1,70,71,72,-1,72,71,73,-1,72,73,74,-1,74,73,75,-1,74,75,76,-1,76,75,77,-1,78,76,79,-1,79,76,77,-1,80,81,82,-1,82,81,83,-1,56,58,54,-1,54,58,60,-1,54,60,52,-1,60,63,52,-1,52,63,65,-1,52,65,50,-1,50,65,67,-1,50,67,48,-1,48,67,69,-1,48,69,47,-1,47,69,70,-1,47,70,45,-1,45,70,72,-1,45,72,43,-1,43,72,74,-1,78,38,76,-1,76,38,39,-1,76,39,74,-1,74,39,41,-1,74,41,43,-1,51,64,53,-1,53,64,62,-1,53,62,55,-1,55,62,61,-1,55,61,57,-1,57,61,59,-1,36,79,37,-1,37,79,77,-1,37,77,40,-1,40,77,75,-1,40,75,42,-1,42,75,73,-1,42,73,44,-1,44,73,46,-1,46,73,71,-1,46,71,49,-1,49,71,68,-1,49,68,51,-1,51,68,66,-1,51,66,64,-1,38,83,36,-1,36,83,81,-1,78,82,38,-1,38,82,83,-1,80,79,81,-1,81,79,36,-1,79,80,78,-1,78,80,82,-1,84,85,86,-1,86,85,87,-1,87,85,88,-1,88,85,89,-1,88,89,90,-1,90,89,91,-1,90,91,92,-1,92,91,93,-1,94,92,95,-1,95,92,93,-1,94,95,96,-1,94,96,97,-1,97,96,98,-1,97,98,99,-1,99,98,100,-1,99,100,101,-1,101,100,102,-1,101,102,103,-1,104,103,105,-1,105,103,102,-1,106,104,107,-1,107,104,105,-1,108,106,109,-1,109,106,107,-1,108,109,110,-1,110,109,111,-1,110,111,112,-1,112,111,113,-1,112,113,114,-1,114,113,115,-1,116,114,117,-1,117,114,115,-1,116,117,118,-1,116,118,119,-1,119,118,120,-1,119,120,121,-1,121,120,122,-1,121,122,123,-1,123,122,124,-1,123,124,125,-1,126,125,127,-1,127,125,124,-1,128,129,130,-1,130,129,131,-1,90,121,88,-1,88,121,123,-1,88,123,87,-1,87,123,125,-1,87,125,86,-1,86,125,126,-1,104,106,103,-1,103,106,108,-1,103,108,101,-1,101,108,110,-1,101,110,99,-1,99,110,112,-1,99,112,97,-1,97,112,94,-1,94,112,114,-1,94,114,92,-1,92,114,116,-1,92,116,90,-1,90,116,119,-1,90,119,121,-1,84,127,85,-1,85,127,124,-1,85,124,89,-1,124,122,89,-1,89,122,120,-1,89,120,91,-1,91,120,118,-1,91,118,93,-1,93,118,117,-1,93,117,95,-1,95,117,115,-1,95,115,96,-1,96,115,113,-1,96,113,98,-1,98,113,111,-1,107,105,109,-1,109,105,102,-1,109,102,111,-1,111,102,100,-1,111,100,98,-1,86,131,84,-1,84,131,129,-1,126,130,86,-1,86,130,131,-1,128,127,129,-1,129,127,84,-1,127,128,126,-1,126,128,130,-1,132,133,134,-1,134,133,135,-1,136,137,138,-1,138,137,133,-1,138,133,139,-1,139,133,132,-1,140,141,139,-1,139,141,138,-1,140,134,141,-1,141,134,135,-1,141,135,142,-1,142,135,143,-1,137,143,133,-1,133,143,135,-1,144,145,146,-1,146,145,147,-1,141,142,138,-1,138,142,136,-1,143,137,142,-1,142,137,136,-1,140,147,134,-1,134,147,145,-1,139,146,140,-1,140,146,147,-1,144,132,145,-1,145,132,134,-1,132,144,139,-1,139,144,146,-1,148,149,150,-1,150,149,151,-1,152,153,154,-1,154,153,155,-1,156,157,158,-1,158,157,159,-1,156,160,161,-1,160,156,162,-1,162,156,153,-1,162,153,152,-1,156,163,157,-1,157,163,164,-1,164,165,157,-1,157,165,166,-1,157,166,167,-1,167,168,157,-1,157,168,169,-1,157,169,151,-1,151,169,170,-1,151,170,150,-1,161,171,156,-1,156,171,172,-1,156,172,173,-1,174,175,176,-1,176,175,177,-1,174,178,175,-1,175,178,163,-1,175,163,179,-1,173,180,156,-1,156,180,181,-1,156,181,163,-1,163,181,182,-1,163,182,179,-1,183,184,185,-1,175,186,177,-1,177,186,183,-1,177,183,187,-1,187,183,185,-1,188,189,159,-1,159,189,190,-1,159,190,191,-1,188,159,192,-1,192,159,149,-1,192,149,148,-1,193,158,194,-1,194,158,159,-1,194,159,195,-1,195,159,191,-1,196,197,158,-1,158,197,198,-1,158,199,155,-1,155,199,200,-1,155,200,154,-1,201,193,202,-1,202,203,201,-1,201,203,204,-1,201,204,205,-1,198,206,158,-1,158,206,207,-1,158,207,199,-1,201,208,193,-1,193,208,209,-1,193,209,158,-1,158,209,210,-1,158,210,196,-1,211,212,213,-1,213,212,214,-1,213,214,205,-1,205,214,215,-1,205,215,201,-1,216,156,158,-1,217,158,218,-1,218,158,219,-1,217,220,158,-1,158,220,221,-1,158,221,216,-1,219,222,223,-1,219,223,218,-1,218,223,224,-1,218,224,217,-1,217,224,225,-1,217,225,220,-1,220,225,226,-1,220,226,221,-1,221,226,227,-1,221,227,216,-1,216,227,153,-1,216,153,156,-1,153,227,155,-1,155,227,226,-1,155,226,225,-1,225,224,155,-1,155,224,223,-1,155,223,222,-1,228,219,229,-1,229,219,158,-1,230,231,232,-1,232,231,233,-1,234,155,235,-1,235,155,222,-1,236,237,222,-1,222,237,238,-1,222,238,239,-1,222,240,235,-1,235,240,241,-1,235,241,242,-1,219,243,244,-1,244,245,219,-1,219,245,246,-1,219,246,222,-1,222,246,247,-1,222,247,236,-1,239,248,222,-1,222,248,249,-1,222,249,240,-1,242,250,235,-1,235,250,251,-1,235,251,233,-1,233,251,252,-1,233,252,253,-1,254,255,232,-1,232,255,256,-1,232,256,228,-1,228,256,257,-1,228,257,258,-1,259,260,219,-1,219,260,261,-1,219,261,243,-1,253,262,233,-1,233,262,263,-1,233,263,232,-1,232,263,264,-1,232,264,254,-1,258,265,228,-1,228,265,266,-1,228,266,219,-1,219,266,267,-1,219,267,259,-1,268,269,234,-1,234,269,270,-1,234,270,155,-1,271,272,231,-1,231,272,273,-1,231,273,234,-1,234,273,274,-1,234,274,268,-1,270,275,155,-1,155,275,276,-1,155,276,277,-1,277,278,155,-1,155,278,279,-1,155,279,280,-1,158,281,282,-1,283,284,230,-1,230,284,285,-1,230,285,231,-1,231,285,286,-1,231,286,271,-1,282,287,158,-1,158,287,288,-1,158,288,289,-1,290,291,229,-1,229,291,292,-1,229,292,230,-1,230,292,293,-1,230,293,283,-1,280,294,155,-1,155,294,295,-1,155,295,158,-1,158,295,296,-1,158,296,281,-1,289,297,158,-1,158,297,298,-1,158,298,229,-1,229,298,299,-1,229,299,290,-1,300,151,149,-1,301,149,302,-1,302,149,303,-1,301,304,149,-1,149,304,305,-1,149,305,300,-1,303,306,307,-1,303,307,302,-1,302,307,308,-1,302,308,301,-1,301,308,309,-1,301,309,304,-1,304,309,310,-1,304,310,305,-1,305,310,311,-1,305,311,300,-1,300,311,157,-1,300,157,151,-1,157,311,159,-1,159,311,310,-1,159,310,309,-1,309,308,159,-1,159,308,307,-1,159,307,306,-1,312,313,149,-1,149,313,303,-1,314,315,316,-1,316,315,317,-1,318,159,319,-1,319,159,306,-1,320,321,322,-1,321,323,322,-1,322,323,324,-1,322,324,325,-1,326,327,328,-1,329,330,328,-1,328,330,331,-1,328,331,326,-1,332,313,333,-1,333,313,334,-1,333,334,329,-1,329,334,335,-1,329,335,330,-1,325,336,322,-1,322,336,337,-1,322,337,338,-1,338,337,339,-1,340,341,342,-1,342,341,343,-1,344,345,342,-1,342,345,346,-1,342,346,340,-1,343,347,342,-1,342,347,348,-1,342,348,339,-1,339,348,349,-1,339,349,338,-1,332,350,313,-1,313,350,351,-1,313,351,303,-1,303,351,352,-1,303,352,353,-1,353,354,303,-1,303,354,355,-1,303,355,356,-1,357,358,306,-1,306,358,359,-1,306,359,360,-1,360,361,306,-1,306,361,362,-1,306,362,319,-1,326,363,327,-1,327,363,364,-1,327,364,365,-1,365,364,366,-1,365,366,367,-1,367,366,368,-1,367,368,342,-1,342,368,369,-1,342,369,344,-1,320,322,362,-1,362,322,370,-1,362,370,371,-1,356,372,303,-1,303,372,373,-1,303,373,306,-1,306,373,374,-1,306,374,357,-1,371,375,362,-1,362,375,376,-1,362,376,319,-1,377,378,379,-1,377,379,380,-1,381,382,383,-1,384,385,318,-1,383,386,381,-1,381,386,387,-1,381,387,379,-1,379,387,388,-1,379,388,380,-1,389,390,149,-1,149,390,391,-1,149,391,392,-1,393,394,312,-1,312,394,395,-1,312,395,396,-1,396,395,397,-1,396,397,398,-1,398,397,399,-1,400,401,159,-1,159,402,149,-1,149,402,403,-1,149,403,389,-1,392,404,149,-1,149,404,405,-1,149,405,312,-1,312,405,406,-1,312,406,393,-1,400,159,407,-1,401,408,159,-1,159,408,409,-1,159,409,402,-1,410,411,412,-1,412,411,413,-1,412,413,414,-1,397,415,399,-1,399,415,416,-1,399,416,417,-1,418,419,399,-1,399,419,411,-1,399,411,420,-1,420,411,410,-1,384,318,421,-1,417,422,399,-1,399,422,379,-1,399,379,418,-1,418,379,378,-1,385,423,318,-1,318,423,424,-1,318,424,159,-1,159,424,425,-1,159,425,407,-1,318,426,421,-1,421,426,427,-1,421,427,428,-1,428,427,429,-1,428,429,430,-1,430,429,431,-1,430,431,432,-1,432,431,379,-1,432,379,433,-1,433,379,422,-1,214,183,215,-1,215,183,186,-1,215,186,201,-1,201,186,175,-1,201,175,208,-1,208,175,179,-1,208,179,209,-1,209,179,182,-1,209,182,210,-1,210,182,181,-1,210,181,196,-1,196,181,180,-1,196,180,197,-1,197,180,173,-1,197,173,198,-1,198,173,172,-1,198,172,206,-1,206,172,171,-1,206,171,207,-1,207,171,161,-1,207,161,199,-1,199,161,160,-1,199,160,200,-1,200,160,162,-1,183,214,184,-1,184,214,212,-1,185,211,187,-1,187,211,213,-1,192,170,188,-1,188,170,169,-1,188,169,189,-1,189,169,168,-1,189,168,190,-1,190,168,167,-1,190,167,191,-1,191,167,166,-1,191,166,195,-1,195,166,165,-1,195,165,194,-1,194,165,164,-1,194,164,193,-1,193,164,163,-1,193,163,202,-1,202,163,178,-1,202,178,203,-1,203,178,174,-1,203,174,204,-1,204,174,176,-1,204,176,205,-1,205,176,177,-1,205,177,213,-1,213,177,187,-1,192,148,170,-1,170,148,150,-1,162,152,200,-1,200,152,154,-1,184,212,434,-1,435,185,434,-1,434,185,184,-1,185,435,211,-1,436,434,437,-1,437,434,212,-1,435,438,211,-1,211,438,439,-1,436,438,434,-1,434,438,435,-1,439,437,211,-1,211,437,212,-1,440,439,438,-1,441,438,442,-1,442,438,443,-1,441,444,438,-1,438,444,445,-1,438,445,440,-1,443,446,447,-1,443,447,442,-1,442,447,448,-1,442,448,441,-1,441,448,449,-1,441,449,444,-1,444,449,450,-1,444,450,445,-1,445,450,451,-1,445,451,440,-1,440,451,437,-1,440,437,439,-1,447,446,436,-1,437,451,436,-1,436,451,450,-1,450,449,436,-1,436,449,448,-1,436,448,447,-1,452,443,453,-1,453,443,438,-1,454,452,455,-1,455,452,453,-1,446,454,436,-1,436,454,455,-1,454,446,452,-1,452,446,443,-1,436,455,438,-1,438,455,453,-1,348,347,383,-1,383,347,386,-1,386,347,387,-1,387,347,343,-1,387,343,388,-1,388,343,341,-1,388,341,380,-1,380,341,340,-1,380,340,377,-1,377,340,346,-1,377,346,378,-1,378,346,345,-1,378,345,418,-1,418,345,344,-1,418,344,419,-1,419,344,369,-1,368,411,369,-1,369,411,419,-1,411,368,366,-1,411,366,413,-1,413,366,364,-1,413,364,414,-1,414,364,363,-1,414,363,412,-1,412,363,326,-1,412,326,410,-1,410,326,331,-1,410,331,420,-1,420,331,330,-1,420,330,399,-1,335,398,330,-1,330,398,399,-1,398,335,334,-1,398,334,396,-1,396,334,313,-1,396,313,312,-1,431,370,379,-1,379,370,322,-1,379,322,381,-1,381,322,338,-1,370,431,371,-1,371,431,429,-1,318,319,376,-1,318,376,426,-1,426,376,375,-1,426,375,427,-1,427,375,371,-1,427,371,429,-1,382,381,349,-1,349,381,338,-1,433,422,342,-1,342,422,367,-1,367,422,365,-1,365,422,417,-1,365,417,327,-1,327,417,416,-1,327,416,328,-1,328,416,415,-1,328,415,329,-1,329,415,397,-1,329,397,333,-1,333,397,395,-1,333,395,332,-1,332,395,394,-1,332,394,350,-1,350,394,393,-1,393,406,350,-1,350,406,351,-1,351,406,352,-1,352,406,405,-1,352,405,353,-1,353,405,404,-1,353,404,354,-1,354,404,392,-1,354,392,355,-1,355,392,391,-1,355,391,356,-1,356,391,390,-1,356,390,372,-1,372,390,389,-1,372,389,373,-1,373,389,403,-1,403,402,373,-1,373,402,374,-1,374,402,357,-1,357,402,409,-1,357,409,358,-1,358,409,408,-1,358,408,359,-1,359,408,401,-1,359,401,360,-1,360,401,400,-1,360,400,361,-1,361,400,407,-1,361,407,362,-1,362,407,425,-1,362,425,320,-1,320,425,424,-1,424,423,320,-1,320,423,321,-1,321,423,323,-1,323,423,385,-1,323,385,324,-1,324,385,384,-1,324,384,325,-1,325,384,421,-1,325,421,336,-1,336,421,428,-1,336,428,337,-1,337,428,430,-1,337,430,339,-1,339,430,432,-1,339,432,342,-1,342,432,433,-1,299,266,290,-1,290,266,265,-1,290,265,291,-1,291,265,258,-1,291,258,292,-1,292,258,257,-1,292,257,293,-1,293,257,256,-1,293,256,283,-1,283,256,255,-1,283,255,284,-1,284,255,254,-1,284,254,285,-1,285,254,264,-1,266,299,267,-1,267,299,298,-1,296,246,281,-1,281,246,245,-1,281,245,282,-1,282,245,244,-1,282,244,287,-1,287,244,243,-1,287,243,288,-1,288,243,261,-1,288,261,289,-1,289,261,260,-1,289,260,297,-1,297,260,259,-1,297,259,298,-1,298,259,267,-1,246,296,247,-1,247,296,295,-1,275,240,276,-1,276,240,249,-1,276,249,277,-1,277,249,248,-1,277,248,278,-1,278,248,239,-1,278,239,279,-1,279,239,238,-1,279,238,280,-1,280,238,237,-1,280,237,294,-1,294,237,236,-1,294,236,295,-1,295,236,247,-1,240,275,241,-1,241,275,270,-1,286,263,271,-1,271,263,262,-1,271,262,272,-1,272,262,253,-1,272,253,273,-1,273,253,252,-1,273,252,274,-1,274,252,251,-1,274,251,268,-1,268,251,250,-1,268,250,269,-1,269,250,242,-1,269,242,270,-1,270,242,241,-1,263,286,264,-1,264,286,285,-1,315,349,317,-1,317,349,348,-1,314,382,315,-1,315,382,349,-1,383,316,348,-1,348,316,317,-1,316,383,314,-1,314,383,382,-1,229,230,228,-1,228,230,232,-1,231,234,233,-1,233,234,235,-1,
        ]
    }
}
Shape{
    appearance Appearance {
        material  Material 	{
            diffuseColor 0.2980392156862745 0.2980392156862745 0.2980392156862745
            specularColor 0.09019607843137255 0.09019607843137255 0.09019607843137255
            ambientIntensity 0.298
            transparency 0.0
            shininess 0.5
        }
    }
    geometry IndexedFaceSet {
        ccw TRUE
        solid FALSE
        coord DEF co Coordinate {
            point [
                0.2814 1.3976 0.8268, 0.2814 1.2008 0.8268, 0.36 1.2008 0.8268, 0.6751 1.3395 0.8268, 0.6751 1.3976 0.8268, 0.5602 1.3182 0.8268, 0.4533 1.2711 0.8268, 0.6751 1.3395 1.0236, 0.6751 1.2008 1.0236, 0.6751 1.2008 1.811, 0.6751 1.3976 1.811, 0.36 1.2008 1.0236, 0.2814 1.2008 1.811, -1.9008 0.0081 0.0197, -1.8995 0.0051 0.0197, -2.3406 0.0051 0.0197, 0.5018 -1.2795 0.0197, 0.2611 -1.2795 0.0197, 0.2611 -0.7087 0.0197, -2.5885 0.9479 0.0197, -2.3406 0.9479 0.0197, -2.3406 0.2044 0.0197, 1.439 0.3985 0.0197, 1.8327 0.3985 0.0197, 1.8327 0.2044 0.0197, 1.8327 -0.4919 0.0197, 1.439 -0.4919 0.0197, 1.1437 -0.1114 0.0197, 1.2342 0.0051 0.0197, 1.8327 0.0051 0.0197, 1.2157 -0.0394 0.0197, 1.1845 -0.0801 0.0197, 0.8564 0.0051 0.0197, 0.8748 -0.0394 0.0197, 0.5018 -0.6877 0.0197, 0.9061 -0.0801 0.0197, 0.9468 -0.1114 0.0197, 0.9943 -0.1311 0.0197, 1.439 -0.6877 0.0197, 1.0453 -0.1378 0.0197, 1.0962 -0.1311 0.0197, 0.2611 1.3976 0.0197, 1.8327 1.3976 0.0197, 1.439 1.2277 0.0197, 1.8327 1.2277 0.0197, 1.1765 0.2044 0.0197, 1.1437 0.2295 0.0197, 1.0962 0.2492 0.0197, 1.0453 0.2559 0.0197, -0.179 1.3976 0.0197, -0.179 0.9479 0.0197, 0.2611 0.2044 0.0197, -0.4354 0.9479 0.0197, -0.4354 0.2044 0.0197, -0.7328 0.675 0.0197, -0.7141 0.6937 0.0197, -0.6094 0.2044 0.0197, -0.7535 0.662 0.0197, -0.7 0.7161 0.0197, -0.6913 0.741 0.0197, -0.6094 0.9479 0.0197, -0.6883 0.7673 0.0197, -0.6883 0.9479 0.0197, -0.9383 0.6492 0.0197, -0.8064 0.6492 0.0197, -0.7535 0.2044 0.0197, -0.7801 0.6522 0.0197, -0.7552 0.6609 0.0197, -1.1653 0.741 0.0197, -1.1566 0.7161 0.0197, -1.3185 0.2044 0.0197, -1.1425 0.6937 0.0197, -1.1238 0.675 0.0197, -1.1014 0.6609 0.0197, -1.0764 0.6522 0.0197, -1.1682 0.7673 0.0197, -1.3185 0.9479 0.0197, -1.1682 0.9479 0.0197, -1.9033 0.675 0.0197, -1.8846 0.6937 0.0197, -1.7616 0.2492 0.0197, -1.7106 0.2559 0.0197, -1.8705 0.7161 0.0197, -1.8618 0.741 0.0197, -2.3309 0.741 0.0197, -2.3221 0.7161 0.0197, -2.3081 0.6937 0.0197, -2.2894 0.675 0.0197, -1.6597 0.2492 0.0197, -1.8588 0.9479 0.0197, -1.8588 0.7673 0.0197, -2.3338 0.7673 0.0197, -2.3338 0.9479 0.0197, -1.8091 0.2295 0.0197, -2.242 0.6522 0.0197, -2.2157 0.6492 0.0197, -1.9769 0.6492 0.0197, -1.9506 0.6522 0.0197, -1.9257 0.6609 0.0197, -2.7736 0.2044 0.0197, -2.7736 1.3976 0.0197, -2.5885 1.3976 0.0197, -2.3012 -1.2795 0.0197, -2.3406 -1.2795 0.0197, -2.3012 -1.2008 0.0197, -2.3406 -0.7087 0.0197, -1.3185 -1.2008 0.0197, -1.3185 -0.7087 0.0197, -1.0413 -1.2008 0.0197, -0.9383 -0.7087 0.0197, 0.8551 0.0081 0.0197, 0.2611 0.0051 0.0197, 0.5018 -0.7087 0.0197, -1.5402 0.1575 0.0197, -1.5714 0.1983 0.0197, -1.5794 0.2044 0.0197, -1.6122 0.2295 0.0197, -1.3185 0.0051 0.0197, -1.5205 0.0081 0.0197, -1.5138 0.0591 0.0197, -1.5205 0.11 0.0197, -1.8811 -0.0394 0.0197, -1.8498 -0.0801 0.0197, -1.6597 -0.1311 0.0197, -1.6122 -0.1114 0.0197, -1.5714 -0.0801 0.0197, -1.5402 -0.0394 0.0197, -1.5217 0.0051 0.0197, -1.8091 -0.1114 0.0197, -1.7616 -0.1311 0.0197, -1.7106 -0.1378 0.0197, -1.8498 0.1983 0.0197, -1.8418 0.2044 0.0197, -2.267 0.6609 0.0197, -1.8811 0.1575 0.0197, -1.9008 0.11 0.0197, -1.9075 0.0591 0.0197, 1.2354 0.0081 0.0197, 1.2421 0.0591 0.0197, 1.2354 0.11 0.0197, 1.2157 0.1575 0.0197, 1.1845 0.1983 0.0197, 0.9943 0.2492 0.0197, 0.9468 0.2295 0.0197, 0.9141 0.2044 0.0197, 0.9061 0.1983 0.0197, 0.8748 0.1575 0.0197, 0.8551 0.11 0.0197, 0.8484 0.0591 0.0197, -0.5902 0.0165 0.0197, -0.6094 0.0051 0.0197, -0.5902 0.0382 0.0197, -0.5292 0.2044 0.0197, -0.5439 0.2056 0.0197, -0.5613 0.2044 0.0197, -0.5675 0.204 0.0197, -0.5902 0.1978 0.0197, -0.5902 0.1714 0.0197, -0.5681 0.1809 0.0197, -0.5867 0.0362 0.0197, -0.5441 0.184 0.0197, -0.5248 0.1818 0.0197, -0.51 0.1765 0.0197, -0.4964 0.1674 0.0197, -0.4845 0.1543 0.0197, -0.4702 0.1027 0.0197, -0.4722 0.0814 0.0197, -0.4775 0.0644 0.0197, -0.5214 0.0276 0.0197, -0.5397 0.0255 0.0197, -0.507 0.0329 0.0197, -0.4949 0.041 0.0197, -0.4857 0.0508 0.0197, -0.5658 0.0284 0.0197, -0.4764 0.1391 0.0197, -0.4711 0.118 0.0197, -0.4927 0.013 0.0197, -0.4769 0.0231 0.0197, -0.4354 0.0051 0.0197, -0.4621 0.0387 0.0197, -0.4516 0.0574 0.0197, -0.4542 0.1513 0.0197, -0.4657 0.1698 0.0197, -0.4835 0.1868 0.0197, -0.5022 0.1976 0.0197, -0.5241 0.204 0.0197, -0.4457 0.0783 0.0197, -0.4438 0.1011 0.0197, -0.4466 0.129 0.0197, -0.5415 0.004 0.0197, -0.6094 -0.7087 0.0197, -0.5494 0.0051 0.0197, -0.5693 0.0079 0.0197, -0.5361 0.0039 0.0197, -0.4354 -0.7087 0.0197, -0.5245 0.0051 0.0197, -0.5118 0.0065 0.0197, -0.4354 -1.2795 0.0197, -0.6094 -1.2795 0.0197, -1.0413 -1.2795 0.0197, -0.9383 -1.2795 0.0197, -0.7535 -1.2795 0.0197, -0.7535 -0.7087 0.0197, -0.9383 0.0051 0.0197, -0.7535 0.0051 0.0197, -0.427 0.0279 0.0197, -0.427 0.0063 0.0197, -0.3262 0.0063 0.0197, -0.3526 0.0279 0.0197, -0.3526 0.2032 0.0197, -0.3262 0.2032 0.0197, -0.7295 0.2032 0.0197, -0.6286 0.0063 0.0197, -0.6286 0.2032 0.0197, -0.7295 0.1816 0.0197, -0.7343 0.0279 0.0197, -0.7343 0.0063 0.0197, -0.6551 0.0952 0.0197, -0.6551 0.0279 0.0197, -0.7247 0.0952 0.0197, -0.7247 0.1168 0.0197, -0.6551 0.1168 0.0197, -0.6551 0.1816 0.0197, -0.9213 0.0603 0.0197, -0.91 0.0427 0.0197, -0.8938 0.0272 0.0197, -0.8733 0.0152 0.0197, -1.0501 0.6492 0.0197, -0.9383 0.2044 0.0197, -0.8282 0.2032 0.0197, -0.8567 0.2002 0.0197, -0.8797 0.1921 0.0197, -0.9011 0.1777 0.0197, -0.9013 0.1775 0.0197, -0.9153 0.1621 0.0197, -0.9244 0.1452 0.0197, -0.8506 0.0085 0.0197, -0.8262 0.0063 0.0197, -0.7727 0.0063 0.0197, -0.7727 0.2032 0.0197, -0.9297 0.1258 0.0197, -0.9311 0.1072 0.0197, -0.9284 0.0809 0.0197, -1.0944 0.0063 0.0197, -1.1232 0.0063 0.0197, -1.0464 0.2032 0.0197, -1.0745 0.0616 0.0197, -0.9931 0.0616 0.0197, -0.9743 0.0063 0.0197, -0.9455 0.0063 0.0197, -1.0199 0.2032 0.0197, -2.7736 0.0051 0.0197, -2.7736 -0.7087 0.0197, -2.7736 -1.2795 0.0197, -1.4825 1.315 0.7671, -1.0413 1.315 0.1378, -1.8651 1.315 0.7671, -2.3012 1.315 0.1378, -1.8651 1.315 1.0017, -2.3012 1.315 1.6102, -1.4825 1.315 1.0017, -1.0413 1.315 1.6102, 1.8327 -0.7965 0.2383, 1.8327 -0.7965 0.3314, 1.8327 -0.8367 0.2383, 1.8327 -0.9424 0.3314, 1.8327 -0.8367 0.1378, 1.8327 -0.9424 0.1378, 1.8327 -0.4919 0.2383, 1.8327 -1.2795 0.1378, 1.8327 -1.0524 0.1378, 1.8327 -1.0524 0.3314, 1.8327 -1.1878 0.3314, 1.8327 -1.1878 1.2008, 1.8327 -1.2795 1.811, 1.8327 -0.2635 0.3314, 1.8327 -0.6548 0.3314, 1.8327 -0.6548 0.2383, 1.8327 1.2008 1.2008, 1.8327 1.2008 0.2383, 1.8327 1.2277 0.2383, 1.8327 0.6735 0.2383, 1.8327 0.6735 0.3314, 1.8327 0.3985 0.2383, 1.8327 0.3943 0.3314, 1.8327 1.3976 1.811, 1.8327 0.3943 1.2008, 1.8327 0.0591 0.6911, 1.8327 0.0036 0.6984, 1.8327 -0.0481 0.7199, 1.8327 -0.0925 0.7539, 1.8327 -0.1266 0.7983, 1.8327 -0.1266 1.0127, 1.8327 -0.0925 1.0571, 1.8327 -0.2635 1.2008, 1.8327 0.1145 1.1126, 1.8327 0.1662 1.0912, 1.8327 0.2106 1.0571, 1.8327 0.2447 1.0127, 1.8327 0.2661 0.961, 1.8327 0.2734 0.9055, 1.8327 0.2661 0.85, 1.8327 0.2447 0.7983, 1.8327 -0.148 0.85, 1.8327 -0.1553 0.9055, 1.8327 -0.148 0.961, 1.8327 -0.0481 1.0912, 1.8327 0.0036 1.1126, 1.8327 0.0591 1.1199, 1.8327 0.2106 0.7539, 1.8327 0.1662 0.7199, 1.8327 0.1145 0.6984, -2.3012 1.2274 1.7243, -2.3012 1.2559 1.7125, -2.3012 1.3976 1.811, -2.3012 1.2804 1.6938, -2.3012 1.2991 1.6693, -2.3012 1.3976 0.1378, -2.3012 1.3109 1.6408, -2.3012 0.3134 1.811, -2.3012 0.3134 1.7283, -2.3012 1.1969 1.7283, -1.0413 -1.1132 1.7243, -1.0413 -1.1417 1.7125, -1.0413 -1.2795 1.811, -1.0413 -1.1662 1.6938, -1.0413 -1.185 1.6693, -1.0413 1.3976 0.1378, -1.0413 1.3976 1.811, -1.0413 1.3109 1.6408, -1.0413 1.2991 1.6693, -1.0413 1.2804 1.6938, -1.0413 1.2559 1.7125, -1.0413 -1.2008 1.6102, -1.0413 -1.1968 1.6408, -1.0413 1.2274 1.7243, -1.0413 1.1969 1.7283, -1.0413 -1.0827 1.7283, 1.439 -0.8367 0.2383, 1.439 -0.8367 0.1378, 1.439 -0.9424 0.3314, 1.439 -0.9424 0.1378, 1.439 -1.0524 0.3314, 1.439 -1.0524 0.1378, 1.439 -0.7965 0.2383, 1.439 -0.2635 0.3314, 1.439 -0.2635 1.2008, 1.439 -0.6548 0.3314, 1.439 -1.1878 1.2008, 1.439 -1.1878 0.3314, 1.439 -0.7965 0.3314, 1.439 -0.6548 0.2383, 1.439 -0.4919 0.2383, 1.439 -0.6877 0.1378, -2.5885 1.3976 0.1378, -2.7736 1.3976 1.811, -2.3012 -1.2795 1.811, -2.7736 -1.2795 1.811, -2.7736 0.3134 1.811, -2.7736 -0.1952 1.811, -2.3012 -0.1952 1.811, -2.2578 -0.1952 1.567, -2.2578 -0.1952 1.7283, -2.2578 -0.0883 1.5987, -2.2578 0.0591 1.6142, -2.2578 0.2064 1.5987, -2.2578 0.3134 1.7283, -2.2578 0.3134 1.567, -0.179 1.3976 0.1378, 0.2814 1.3976 1.811, 0.5018 -1.2795 0.1378, 1.3384 -0.7686 1.811, 1.3384 -1.1623 1.811, 0.9447 -1.1623 1.811, 0.9447 -0.7686 1.811, -2.7736 -0.1952 1.7335, -2.7736 -0.3378 1.6754, -2.7736 -0.4764 1.5863, -2.7736 -0.5955 1.4727, -2.7736 -0.691 1.3386, -2.7736 0.8776 1.1888, -2.7736 0.8092 1.3386, -2.7736 0.7136 1.4727, -2.7736 -0.7594 1.1888, -2.7736 -0.7983 1.0288, -2.7736 -0.8061 0.8643, -2.7736 -0.7827 0.7013, -2.7736 0.3134 1.7335, -2.7736 0.4559 1.6754, -2.7736 0.5945 1.5863, -2.7736 -0.7288 0.5457, -2.7736 -0.6465 0.4031, -2.7736 -0.5386 0.2787, -2.7736 -0.4092 0.1769, -2.7736 -0.2629 0.1014, -2.7736 -0.1049 0.055, -2.7736 0.0591 0.0394, -2.7736 0.223 0.055, -2.7736 0.381 0.1014, -2.7736 0.5273 0.1769, -2.7736 0.6568 0.2787, -2.7736 0.7646 0.4031, -2.7736 0.8469 0.5457, -2.7736 0.9008 0.7013, -2.7736 0.9242 0.8643, -2.7736 0.9164 1.0288, -3.2107 0.3134 1.7335, -3.2282 0.3114 1.7341, -3.6988 0.4551 1.6737, -3.2449 0.3056 1.7358, -3.6988 0.3972 1.7029, -3.2488 0.3031 1.7366, -3.6988 0.3028 1.7357, -3.2598 0.2962 1.7386, -3.2875 0.2521 1.7499, -3.2817 0.2688 1.7459, -3.2723 0.2837 1.742, -3.6988 0.1745 1.7639, -3.2895 0.1414 1.7677, -3.2895 0.2346 1.7537, -3.6988 0.2879 1.7409, -3.6988 0.1413 1.7661, -3.6988 0.0591 1.7717, -3.2895 -0.0233 1.7677, -3.2488 -0.185 1.7366, -3.2598 -0.1781 1.7386, -3.6988 -0.1847 1.7357, -3.2723 -0.1656 1.742, -3.2817 -0.1507 1.7459, -3.2875 -0.134 1.7499, -3.6988 -0.1698 1.7409, -3.2895 -0.1165 1.7537, -3.6988 -0.0564 1.7639, -3.6988 -0.0232 1.7661, -3.2107 -0.1952 1.7335, -3.6988 -0.337 1.6737, -3.2282 -0.1933 1.7341, -3.2449 -0.1874 1.7358, -3.6988 -0.2791 1.7029, -3.6988 -0.1048 0.0556, -3.6988 0.0012 0.0413, -3.6988 -0.1135 0.0567, -3.6988 -0.2251 0.0873, -3.6988 -0.3316 0.1325, -3.6988 -0.2622 0.103, -3.6988 -0.5378 0.2795, -3.6988 -0.5219 0.2631, -3.6988 -0.4311 0.1914, -3.6988 -0.4085 0.178, -3.6988 -0.6024 0.3463, -3.6988 -0.645 0.4042, -3.6988 -0.671 0.4395, -3.6988 -0.7266 0.5409, -3.6988 -0.7682 0.6489, -3.6988 -0.7285 0.5458, -3.6988 -0.795 0.7614, -3.6988 -0.7808 0.7018, -3.6988 -0.7966 1.0285, -3.6988 -0.8027 0.9922, -3.6988 -0.8066 0.8766, -3.6988 -0.8054 0.8644, -3.6988 -0.7835 1.1063, -3.6988 -0.758 1.1884, -3.6988 -0.7492 1.2168, -3.6988 -0.7005 1.3218, -3.6988 -0.6382 1.4193, -3.6988 -0.6901 1.338, -3.6988 -0.4777 1.5853, -3.6988 -0.5635 1.5076, -3.6988 -0.5941 1.4715, -3.6988 -0.4763 1.5863, -3.6988 -0.3823 1.6507, -3.6988 0.5005 1.6507, -3.6988 0.7122 1.4715, -3.6988 0.6817 1.5076, -3.6988 0.5959 1.5853, -3.6988 0.5944 1.5863, -3.6988 0.7564 1.4193, -3.6988 0.8083 1.338, -3.6988 0.8186 1.3218, -3.6988 0.8673 1.2168, -3.6988 0.9016 1.1063, -3.6988 0.8762 1.1884, -3.6988 0.9235 0.8644, -3.6988 0.9247 0.8766, -3.6988 0.9209 0.9922, -3.6988 0.9147 1.0285, -3.6988 0.9131 0.7614, -3.6988 0.8989 0.7018, -3.6988 0.8863 0.6489, -3.6988 0.8466 0.5458, -3.6988 0.8447 0.5409, -3.6988 0.7891 0.4395, -3.6988 0.7205 0.3463, -3.6988 0.7631 0.4042, -3.6988 0.5266 0.178, -3.6988 0.5493 0.1914, -3.6988 0.6401 0.2631, -3.6988 0.6559 0.2795, -3.6988 0.4497 0.1325, -3.6988 0.3803 0.103, -3.6988 0.3432 0.0873, -3.6988 0.2316 0.0567, -3.6988 0.0591 0.0413, -3.6988 0.1169 0.0413, -3.6988 0.2229 0.0556, -3.7382 -0.4401 1.4626, -3.7382 -0.4533 1.5544, -3.7382 -0.3537 1.5294, -3.7382 -0.3623 1.6169, -3.7382 -0.2584 1.5828, -3.7382 -0.2637 1.6667, -3.7382 -0.1564 1.6218, -3.7382 -0.1594 1.7029, -3.7382 -0.0499 1.6456, -3.7382 -0.0511 1.7249, -3.7382 0.0591 1.6535, -3.7382 0.0591 1.7323, -3.7382 0.168 1.6456, -3.7382 0.1693 1.7249, -3.7382 0.2746 1.6218, -3.7382 0.2775 1.7029, -3.7382 0.3766 1.5828, -3.7382 0.3818 1.6667, -3.7382 0.4718 1.5294, -3.7382 0.4804 1.6169, -3.7382 0.5582 1.4626, -3.7382 0.5715 1.5544, -3.7382 0.6534 1.4803, -3.7382 0.634 1.384, -3.7382 0.7247 1.3959, -3.7382 0.6976 1.2952, -3.7382 0.7841 1.3028, -3.7382 0.7475 1.1981, -3.7382 0.8306 1.2027, -3.7382 0.7828 1.0947, -3.7382 0.8633 1.0972, -3.7382 0.8026 0.9873, -3.7382 0.8817 0.9883, -3.7382 0.8066 0.8782, -3.7382 0.8854 0.8779, -3.7382 0.7946 0.7696, -3.7382 0.8743 0.768, -3.7382 0.767 0.664, -3.7382 0.8487 0.6606, -3.7382 0.7243 0.5635, -3.7382 0.809 0.5575, -3.7382 0.6674 0.4703, -3.7382 0.7559 0.4606, -3.7382 0.5976 0.3863, -3.7382 -0.4795 0.3863, -3.7382 -0.5723 0.3717, -3.7382 -0.5493 0.4703, -3.7382 -0.6378 0.4606, -3.7382 -0.6062 0.5635, -3.7382 -0.6909 0.5575, -3.7382 -0.6489 0.664, -3.7382 -0.7306 0.6606, -3.7382 -0.6765 0.7696, -3.7382 -0.7562 0.768, -3.7382 -0.6885 0.8782, -3.7382 -0.7672 0.8779, -3.7382 -0.6845 0.9873, -3.7382 -0.7636 0.9883, -3.7382 -0.6646 1.0947, -3.7382 -0.7452 1.0972, -3.7382 -0.6294 1.1981, -3.7382 -0.7125 1.2027, -3.7382 -0.5795 1.2952, -3.7382 -0.666 1.3028, -3.7382 -0.5159 1.384, -3.7382 -0.6065 1.3959, -3.7382 -0.5352 1.4803, -3.7382 0.6904 0.3717, -3.7382 0.6136 0.2923, -3.7382 0.5162 0.3134, -3.7382 0.527 0.2239, -3.7382 0.4252 0.2532, -3.7382 0.4319 0.1676, -3.7382 0.3263 0.2068, -3.7382 0.3303 0.1245, -3.7382 0.2217 0.1754, -3.7382 0.2237 0.0953, -3.7382 0.1137 0.1595, -3.7382 0.1143 0.0806, -3.7382 0.0045 0.1595, -3.7382 0.0038 0.0806, -3.7382 -0.1036 0.1754, -3.7382 -0.1056 0.0953, -3.7382 -0.2082 0.2068, -3.7382 -0.2121 0.1245, -3.7382 -0.307 0.2532, -3.7382 -0.3138 0.1676, -3.7382 -0.3981 0.3134, -3.7382 -0.4088 0.2239, -3.7382 -0.4955 0.2923, -3.2875 -0.134 1.5874, -3.2817 -0.1507 1.5824, -3.6988 -0.2289 1.5521, -3.2723 -0.1656 1.5776, -3.2598 -0.1781 1.5733, -3.2895 -0.1165 1.5921, -3.6988 -0.1451 1.5841, -3.2895 -0.0883 1.5987, -3.2449 -0.1874 1.5699, -3.2282 -0.1933 1.5677, -3.2107 -0.1952 1.567, -3.6988 -0.0879 1.5969, -3.6988 -0.0441 1.6066, -3.2895 0.0591 1.6142, -3.2107 0.3134 1.567, -3.2282 0.3114 1.5677, -3.6988 0.347 1.5521, -3.2449 0.3056 1.5699, -3.2598 0.2962 1.5733, -3.2723 0.2837 1.5776, -3.6988 0.0591 1.6142, -3.6988 0.1622 1.6066, -3.2895 0.2064 1.5987, -3.6988 0.206 1.5969, -3.2895 0.2346 1.5921, -3.6988 0.2632 1.5841, -3.2875 0.2521 1.5874, -3.2817 0.2688 1.5824, 1.3799 -0.2292 1.5529, 1.3799 -0.0883 1.5987, 1.3799 0.0591 1.6142, 1.3799 0.2064 1.5987, 1.3799 0.3473 1.5529, 1.3799 0.4756 1.4788, -3.6988 0.3599 1.5472, -3.6988 0.4501 1.4965, -3.6988 0.5846 1.3787, 1.3799 0.5857 1.3797, -3.6988 0.532 1.4333, -3.6988 0.4746 1.4776, -3.6988 0.6038 1.3588, -3.6988 0.664 1.2747, 1.3799 0.6728 1.2598, -3.6988 0.7313 1.1239, 1.3799 0.733 1.1245, -3.6988 0.7113 1.1827, -3.6988 0.6718 1.2594, -3.6988 0.7447 1.0848, -3.6988 0.7635 0.983, 1.3799 0.7638 0.9796, -3.6988 0.7636 0.9796, -3.6988 0.7672 0.8796, 1.3799 0.7638 0.8314, -3.6988 0.762 0.8316, -3.6988 0.7559 0.7768, 1.3799 0.733 0.6865, -3.6988 0.7324 0.6867, 1.3799 0.6728 0.5512, -3.6988 0.7298 0.6767, -3.6988 0.6893 0.5815, -3.6988 0.6713 0.5521, -3.6988 0.6354 0.4932, 1.3799 0.5857 0.4313, -3.6988 0.5847 0.4322, 1.3799 0.4756 0.3322, -3.6988 0.5692 0.4136, -3.6988 0.4922 0.3446, -3.6988 0.3466 0.2597, 1.3799 0.3473 0.2581, -3.6988 0.4059 0.2875, -3.6988 0.4749 0.3332, -3.6988 0.3122 0.2436, -3.6988 0.2131 0.2138, 1.3799 0.2064 0.2123, -3.6988 0.2063 0.2128, -3.6988 0.1108 0.1987, 1.3799 0.0591 0.1969, -3.6988 0.0591 0.1987, -3.6988 0.0073 0.1987, 1.3799 -0.0883 0.2123, -3.6988 -0.0882 0.2128, 1.3799 -0.2292 0.2581, -3.6988 -0.095 0.2138, -3.6988 -0.1941 0.2436, -3.6988 -0.2284 0.2597, -3.6988 -0.2878 0.2875, 1.3799 -0.3575 0.3322, -3.6988 -0.3568 0.3332, 1.3799 -0.4676 0.4313, -3.6988 -0.3741 0.3446, -3.6988 -0.4511 0.4136, -3.6988 -0.5532 0.5521, 1.3799 -0.5547 0.5512, -3.6988 -0.5173 0.4932, -3.6988 -0.4665 0.4322, -3.6988 -0.5712 0.5815, -3.6988 -0.6116 0.6767, 1.3799 -0.6149 0.6865, -3.6988 -0.6143 0.6867, -3.6988 -0.6378 0.7768, 1.3799 -0.6457 0.8314, -3.6988 -0.6438 0.8316, -3.6988 -0.6491 0.8796, 1.3799 -0.6457 0.9796, -3.6988 -0.6455 0.9796, 1.3799 -0.6149 1.1245, -3.6988 -0.6454 0.983, -3.6988 -0.6266 1.0848, -3.6988 -0.6132 1.1239, -3.6988 -0.5932 1.1827, 1.3799 -0.5547 1.2598, -3.6988 -0.5537 1.2594, 1.3799 -0.4676 1.3797, -3.6988 -0.5458 1.2747, -3.6988 -0.4857 1.3588, -3.6988 -0.3565 1.4776, 1.3799 -0.3575 1.4788, -3.6988 -0.4138 1.4333, -3.6988 -0.4665 1.3787, -3.6988 -0.2417 1.5472, -3.6988 -0.332 1.4965, 1.3799 0.0591 0.9055, -3.709 0.1743 1.7626, -3.709 0.3967 1.7017, -3.709 0.4998 1.6496, -3.709 0.595 1.5842, -3.709 0.7553 1.4185, -3.709 0.9003 1.106, -3.709 0.9195 0.9921, -3.709 0.9118 0.7617, -3.709 0.885 0.6493, -3.709 0.8435 0.5415, -3.709 0.7195 0.3472, -3.709 0.4491 0.1337, -3.709 0.3427 0.0886, -3.709 0.1168 0.0426, -3.709 0.0013 0.0426, -3.709 -0.331 0.1337, -3.709 -0.6013 0.3472, -3.709 -0.6699 0.4402, -3.709 -0.7669 0.6493, -3.709 -0.7937 0.7617, -3.709 -0.7822 1.106, -3.709 -0.6372 1.4185, -3.709 -0.5626 1.5067, -3.709 -0.3817 1.6496, -3.709 -0.2785 1.7017, -3.709 0.0591 1.7703, -3.7369 -0.1621 1.7127, -3.7369 -0.2677 1.6761, -3.7329 -0.1646 1.7219, -3.7329 -0.2714 1.6848, -3.7267 -0.1667 1.7298, -3.7267 -0.2746 1.6923, -3.7185 -0.1684 1.7358, -3.7185 -0.277 1.6981, -3.709 -0.1694 1.7396, -3.7369 -0.722 1.2063, -3.7369 -0.7551 1.0995, -3.7329 -0.7308 1.2097, -3.7329 -0.7643 1.1017, -3.7267 -0.7384 1.2127, -3.7267 -0.7723 1.1036, -3.7185 -0.7443 1.2149, -3.7185 -0.7784 1.1051, -3.709 -0.748 1.2163, -3.7369 -0.7774 0.8775, -3.7369 -0.7662 0.7663, -3.7329 -0.7869 0.8772, -3.7329 -0.7756 0.7647, -3.7267 -0.7951 0.877, -3.7267 -0.7836 0.7634, -3.7185 -0.8013 0.8767, -3.7185 -0.7898 0.7623, -3.709 -0.8053 0.8766, -3.7369 -0.4146 0.2155, -3.7369 -0.3184 0.1585, -3.7329 -0.42 0.2077, -3.7329 -0.3227 0.15, -3.7267 -0.4246 0.2009, -3.7267 -0.3264 0.1428, -3.7185 -0.4281 0.1958, -3.7185 -0.3292 0.1372, -3.709 -0.4304 0.1925, -3.7369 -0.1077 0.0853, -3.7369 0.0032 0.0704, -3.7329 -0.1095 0.076, -3.7329 0.0025 0.0609, -3.7267 -0.1112 0.068, -3.7267 0.002 0.0528, -3.7185 -0.1124 0.0619, -3.7185 0.0016 0.0466, -3.709 -0.1132 0.058, -3.7369 0.6205 0.2848, -3.7369 0.6982 0.3651, -3.7329 0.6269 0.2777, -3.7329 0.7055 0.359, -3.7267 0.6323 0.2717, -3.7267 0.7117 0.3538, -3.7185 0.6365 0.267, -3.7185 0.7165 0.3497, -3.709 0.6392 0.2641, -3.7369 0.793 1.3077, -3.7369 0.7329 1.402, -3.7329 0.8014 1.3123, -3.7329 0.7405 1.4076, -3.7267 0.8085 1.3162, -3.7267 0.7471 1.4124, -3.7185 0.814 1.3192, -3.7185 0.7521 1.4162, -3.709 0.8174 1.3211, -3.709 -0.0562 1.7626, -3.7185 -0.0557 1.7587, -3.7185 0.0591 1.7664, -3.7267 -0.0548 1.7525, -3.7267 0.0591 1.7601, -3.7329 -0.0538 1.7444, -3.7329 0.0591 1.752, -3.7369 -0.0525 1.735, -3.7369 0.0591 1.7425, -3.7185 -0.3797 1.6462, -3.7267 -0.3765 1.6408, -3.7329 -0.3723 1.6338, -3.7369 -0.3675 1.6256, -3.709 -0.4769 1.5842, -3.7185 -0.4745 1.5811, -3.7267 -0.4706 1.5762, -3.7329 -0.4655 1.5698, -3.7369 -0.4596 1.5624, -3.7369 -0.5426 1.4874, -3.7329 -0.5494 1.494, -3.7267 -0.5553 1.4996, -3.7185 -0.5598 1.504, -3.7369 -0.6148 1.402, -3.7329 -0.6224 1.4076, -3.7267 -0.629 1.4124, -3.7185 -0.634 1.4162, -3.709 -0.6993 1.3211, -3.7185 -0.6959 1.3192, -3.7267 -0.6904 1.3162, -3.7329 -0.6832 1.3123, -3.7369 -0.6749 1.3077, -3.709 -0.8014 0.9921, -3.7185 -0.7975 0.9917, -3.7267 -0.7913 0.9911, -3.7329 -0.7831 0.9902, -3.7369 -0.7737 0.9893, -3.7185 -0.7632 0.6505, -3.7267 -0.7572 0.6523, -3.7329 -0.7494 0.6547, -3.7369 -0.7403 0.6575, -3.709 -0.7254 0.5415, -3.7185 -0.7218 0.5431, -3.7267 -0.7161 0.5458, -3.7329 -0.7088 0.5492, -3.7369 -0.7001 0.5532, -3.7369 -0.6464 0.4552, -3.7329 -0.6544 0.45, -3.7267 -0.6613 0.4457, -3.7185 -0.6666 0.4423, -3.7369 -0.5801 0.3651, -3.7329 -0.5873 0.359, -3.7267 -0.5936 0.3538, -3.7185 -0.5983 0.3497, -3.709 -0.521 0.2641, -3.7185 -0.5184 0.267, -3.7267 -0.5142 0.2717, -3.7329 -0.5087 0.2777, -3.7369 -0.5024 0.2848, -3.709 -0.2246 0.0886, -3.7185 -0.2233 0.0923, -3.7267 -0.2213 0.0982, -3.7329 -0.2186 0.1059, -3.7369 -0.2155 0.1149, -3.7369 0.115 0.0704, -3.7329 0.1156 0.0609, -3.7267 0.1161 0.0528, -3.7185 0.1166 0.0466, -3.709 0.2313 0.058, -3.7185 0.2305 0.0619, -3.7267 0.2293 0.068, -3.7329 0.2277 0.076, -3.7369 0.2258 0.0853, -3.7369 0.3336 0.1149, -3.7329 0.3367 0.1059, -3.7267 0.3394 0.0982, -3.7185 0.3414 0.0923, -3.7369 0.4365 0.1585, -3.7329 0.4408 0.15, -3.7267 0.4445 0.1428, -3.7185 0.4473 0.1372, -3.709 0.5485 0.1925, -3.7185 0.5463 0.1958, -3.7267 0.5427 0.2009, -3.7329 0.5381 0.2077, -3.7369 0.5327 0.2155, -3.709 0.788 0.4402, -3.7185 0.7847 0.4423, -3.7267 0.7794 0.4457, -3.7329 0.7725 0.45, -3.7369 0.7645 0.4552, -3.7369 0.8183 0.5532, -3.7329 0.8269 0.5492, -3.7267 0.8343 0.5458, -3.7185 0.8399 0.5431, -3.7185 0.8813 0.6505, -3.7267 0.8753 0.6523, -3.7329 0.8675 0.6547, -3.7369 0.8584 0.6575, -3.7369 0.8844 0.7663, -3.7329 0.8937 0.7647, -3.7267 0.9018 0.7634, -3.7185 0.9079 0.7623, -3.709 0.9234 0.8766, -3.7185 0.9194 0.8767, -3.7267 0.9132 0.877, -3.7329 0.905 0.8772, -3.7369 0.8956 0.8775, -3.7369 0.8918 0.9893, -3.7329 0.9013 0.9902, -3.7267 0.9094 0.9911, -3.7185 0.9156 0.9917, -3.7369 0.8732 1.0995, -3.7329 0.8825 1.1017, -3.7267 0.8904 1.1036, -3.7185 0.8965 1.1051, -3.709 0.8661 1.2163, -3.7185 0.8624 1.2149, -3.7267 0.8566 1.2127, -3.7329 0.849 1.2097, -3.7369 0.8401 1.2063, -3.709 0.6807 1.5067, -3.7185 0.6779 1.504, -3.7267 0.6734 1.4996, -3.7329 0.6675 1.494, -3.7369 0.6607 1.4874, -3.7369 0.5778 1.5624, -3.7329 0.5837 1.5698, -3.7267 0.5887 1.5762, -3.7185 0.5926 1.5811, -3.7185 0.4978 1.6462, -3.7267 0.4946 1.6408, -3.7329 0.4904 1.6338, -3.7369 0.4856 1.6256, -3.7369 0.3858 1.6761, -3.7329 0.3895 1.6848, -3.7267 0.3927 1.6923, -3.7185 0.3951 1.6981, -3.709 0.2875 1.7396, -3.7185 0.2865 1.7358, -3.7267 0.2848 1.7298, -3.7329 0.2827 1.7219, -3.7369 0.2802 1.7127, -3.7369 0.1706 1.735, -3.7329 0.1719 1.7444, -3.7267 0.173 1.7525, -3.7185 0.1738 1.7587, -3.709 -0.4867 1.3597, -3.709 -0.4147 1.4343, -3.709 -0.3327 1.4977, -3.709 -0.2423 1.5484, -3.709 -0.6279 1.0851, -3.709 -0.5944 1.1832, -3.709 -0.547 1.2754, -3.709 -0.6467 0.9832, -3.709 -0.6505 0.8796, -3.709 -0.6391 0.7765, -3.709 -0.6129 0.6763, -3.709 -0.5724 0.5809, -3.709 -0.5184 0.4924, -3.709 -0.4521 0.4127, -3.709 -0.1946 0.2424, -3.709 -0.2884 0.2864, -3.709 -0.3749 0.3435, -3.709 -0.0953 0.2125, -3.709 0.0072 0.1974, -3.709 0.1109 0.1974, -3.709 0.2134 0.2125, -3.709 0.3127 0.2424, -3.709 0.4065 0.2864, -3.709 0.493 0.3435, -3.709 0.6905 0.5809, -3.709 0.6365 0.4924, -3.709 0.5702 0.4127, -3.709 0.7686 0.8796, -3.709 0.7573 0.7765, -3.709 0.731 0.6763, -3.709 0.7648 0.9832, -3.709 0.746 1.0851, -3.709 0.7125 1.1832, -3.709 0.6651 1.2754, -3.709 0.6048 1.3597, -3.709 0.5329 1.4343, -3.709 0.4508 1.4977, -3.709 0.1624 1.6079, -3.709 0.2636 1.5854, -3.709 0.3604 1.5484, -3.709 0.0591 1.6155, -3.709 -0.0443 1.6079, -3.709 -0.1455 1.5854, -3.7185 0.163 1.6118, -3.7185 0.2647 1.5892, -3.7185 0.3621 1.5519, -3.7185 0.453 1.5009, -3.7185 0.5355 1.4372, -3.7185 0.6078 1.3622, -3.7185 0.6685 1.2774, -3.7185 0.7161 1.1847, -3.7185 0.7498 1.0861, -3.7185 0.7687 0.9836, -3.7185 0.7725 0.8794, -3.7185 0.7611 0.7758, -3.7185 0.7348 0.675, -3.7185 0.694 0.5791, -3.7185 0.6397 0.4901, -3.7185 0.573 0.41, -3.7185 0.4954 0.3404, -3.7185 0.4085 0.2829, -3.7185 0.3141 0.2387, -3.7185 0.2143 0.2087, -3.7185 0.1112 0.1935, -3.7185 0.0069 0.1935, -3.7185 -0.0962 0.2087, -3.7185 -0.196 0.2387, -3.7185 -0.2904 0.2829, -3.7185 -0.3773 0.3404, -3.7185 -0.4549 0.41, -3.7185 -0.5216 0.4901, -3.7185 -0.5759 0.5791, -3.7185 -0.6166 0.675, -3.7185 -0.643 0.7758, -3.7185 -0.6544 0.8794, -3.7185 -0.6506 0.9836, -3.7185 -0.6317 1.0861, -3.7185 -0.598 1.1847, -3.7185 -0.5504 1.2774, -3.7185 -0.4897 1.3622, -3.7185 -0.4174 1.4372, -3.7185 -0.3349 1.5009, -3.7185 -0.244 1.5519, -3.7185 -0.1466 1.5892, -3.7185 -0.0449 1.6118, -3.7185 0.0591 1.6194, -3.7267 0.1639 1.618, -3.7267 0.2665 1.5952, -3.7267 0.3648 1.5576, -3.7267 0.4564 1.5062, -3.7267 0.5397 1.4419, -3.7267 0.6126 1.3662, -3.7267 0.6738 1.2807, -3.7267 0.7219 1.1872, -3.7267 0.7558 1.0877, -3.7267 0.7749 0.9843, -3.7267 0.7788 0.8792, -3.7267 0.7673 0.7747, -3.7267 0.7407 0.673, -3.7267 0.6996 0.5762, -3.7267 0.6448 0.4865, -3.7267 0.5775 0.4056, -3.7267 0.4992 0.3355, -3.7267 0.4115 0.2775, -3.7267 0.3163 0.2328, -3.7267 0.2157 0.2025, -3.7267 0.1116 0.1872, -3.7267 0.0065 0.1872, -3.7267 -0.0975 0.2025, -3.7267 -0.1982 0.2328, -3.7267 -0.2934 0.2775, -3.7267 -0.3811 0.3355, -3.7267 -0.4594 0.4056, -3.7267 -0.5267 0.4865, -3.7267 -0.5814 0.5762, -3.7267 -0.6226 0.673, -3.7267 -0.6492 0.7747, -3.7267 -0.6607 0.8792, -3.7267 -0.6568 0.9843, -3.7267 -0.6377 1.0877, -3.7267 -0.6038 1.1872, -3.7267 -0.5557 1.2807, -3.7267 -0.4945 1.3662, -3.7267 -0.4215 1.4419, -3.7267 -0.3383 1.5062, -3.7267 -0.2466 1.5576, -3.7267 -0.1484 1.5952, -3.7267 -0.0458 1.618, -3.7267 0.0591 1.6257, -3.7329 0.1651 1.6261, -3.7329 0.2689 1.603, -3.7329 0.3682 1.565, -3.7329 0.4609 1.513, -3.7329 0.5451 1.448, -3.7329 0.6189 1.3714, -3.7329 0.6808 1.2849, -3.7329 0.7294 1.1904, -3.7329 0.7637 1.0897, -3.7329 0.783 0.9852, -3.7329 0.7869 0.8789, -3.7329 0.7753 0.7732, -3.7329 0.7484 0.6703, -3.7329 0.7068 0.5725, -3.7329 0.6514 0.4817, -3.7329 0.5834 0.4, -3.7329 0.5042 0.329, -3.7329 0.4155 0.2704, -3.7329 0.3192 0.2252, -3.7329 0.2174 0.1946, -3.7329 0.1122 0.1791, -3.7329 0.0059 0.1791, -3.7329 -0.0993 0.1946, -3.7329 -0.2011 0.2252, -3.7329 -0.2974 0.2704, -3.7329 -0.3861 0.329, -3.7329 -0.4653 0.4, -3.7329 -0.5333 0.4817, -3.7329 -0.5887 0.5725, -3.7329 -0.6303 0.6703, -3.7329 -0.6572 0.7732, -3.7329 -0.6688 0.8789, -3.7329 -0.6649 0.9852, -3.7329 -0.6456 1.0897, -3.7329 -0.6113 1.1904, -3.7329 -0.5627 1.2849, -3.7329 -0.5008 1.3714, -3.7329 -0.427 1.448, -3.7329 -0.3428 1.513, -3.7329 -0.2501 1.565, -3.7329 -0.1508 1.603, -3.7329 -0.047 1.6261, -3.7329 0.0591 1.6339, -3.7369 0.1665 1.6355, -3.7369 0.2716 1.6121, -3.7369 0.3722 1.5736, -3.7369 0.4662 1.5209, -3.7369 0.5514 1.455, -3.7369 0.6262 1.3775, -3.7369 0.6889 1.2899, -3.7369 0.7381 1.1941, -3.7369 0.7729 1.0921, -3.7369 0.7925 0.9862, -3.7369 0.7964 0.8786, -3.7369 0.7846 0.7715, -3.7369 0.7574 0.6673, -3.7369 0.7153 0.5681, -3.7369 0.6591 0.4762, -3.7369 0.5902 0.3934, -3.7369 0.51 0.3215, -3.7369 0.4202 0.2621, -3.7369 0.3226 0.2164, -3.7369 0.2195 0.1853, -3.7369 0.1129 0.1696, -3.7369 0.0052 0.1696, -3.7369 -0.1014 0.1853, -3.7369 -0.2045 0.2164, -3.7369 -0.3021 0.2621, -3.7369 -0.3919 0.3215, -3.7369 -0.4721 0.3934, -3.7369 -0.541 0.4762, -3.7369 -0.5971 0.5681, -3.7369 -0.6393 0.6673, -3.7369 -0.6665 0.7715, -3.7369 -0.6783 0.8786, -3.7369 -0.6744 0.9862, -3.7369 -0.6548 1.0921, -3.7369 -0.62 1.1941, -3.7369 -0.5708 1.2899, -3.7369 -0.5081 1.3775, -3.7369 -0.4333 1.455, -3.7369 -0.3481 1.5209, -3.7369 -0.2541 1.5736, -3.7369 -0.1535 1.6121, -3.7369 -0.0484 1.6355, -3.7369 0.0591 1.6434, -2.3012 -0.1952 1.7283, 1.3384 -0.7686 0.8268, 1.3384 -1.1623 0.8268, 0.9447 -1.1623 0.8268, 0.9447 -0.7686 0.8268, -2.3012 -1.1968 1.6408, -2.3012 -1.185 1.6693, -2.3012 -1.1662 1.6938, -2.3012 -1.1417 1.7125, -2.3012 -1.2008 1.6102, -2.3012 -1.0827 1.7283, -2.3012 -1.1132 1.7243, -1.4825 -1.2008 0.7671, -1.4825 -1.2008 1.0017, -1.8651 -1.2008 1.0017, -1.8651 -1.2008 0.7671
            ]
        }
        coordIndex [
            0,1,2,-1,3,4,5,-1,5,4,0,-1,5,0,6,-1,6,0,2,-1,4,3,7,-1,8,9,7,-1,7,9,10,-1,7,10,4,-1,2,1,11,-1,11,1,12,-1,11,12,8,-1,8,12,9,-1,13,14,15,-1,16,17,18,-1,19,20,21,-1,22,23,24,-1,25,26,27,-1,28,29,30,-1,30,29,25,-1,30,25,31,-1,31,25,27,-1,32,33,34,-1,34,33,35,-1,35,36,34,-1,34,36,37,-1,34,37,38,-1,38,37,39,-1,38,39,26,-1,26,39,40,-1,26,40,27,-1,41,42,43,-1,43,42,44,-1,45,46,43,-1,46,47,43,-1,43,47,48,-1,43,48,41,-1,49,41,50,-1,50,41,51,-1,50,51,52,-1,52,51,53,-1,54,55,56,-1,54,56,57,-1,55,58,56,-1,56,58,59,-1,56,59,60,-1,60,59,61,-1,60,61,62,-1,63,64,65,-1,65,64,66,-1,65,66,67,-1,68,69,70,-1,70,69,71,-1,71,72,70,-1,70,72,73,-1,70,73,74,-1,68,70,75,-1,75,70,76,-1,75,76,77,-1,78,79,80,-1,80,79,81,-1,81,79,82,-1,81,82,83,-1,84,85,21,-1,21,85,86,-1,21,86,87,-1,76,88,89,-1,89,88,81,-1,89,81,90,-1,90,81,83,-1,84,21,91,-1,91,21,20,-1,91,20,92,-1,93,94,95,-1,95,96,93,-1,93,96,97,-1,93,97,80,-1,80,97,98,-1,80,98,78,-1,99,100,19,-1,19,100,101,-1,102,103,104,-1,104,103,105,-1,104,105,106,-1,106,105,107,-1,106,107,108,-1,108,107,109,-1,110,32,111,-1,111,32,34,-1,111,34,18,-1,18,34,112,-1,18,112,16,-1,113,114,70,-1,70,114,115,-1,70,115,76,-1,76,115,116,-1,76,116,88,-1,117,118,119,-1,117,119,70,-1,70,119,120,-1,70,120,113,-1,15,14,105,-1,105,14,121,-1,105,121,122,-1,107,123,124,-1,125,126,117,-1,117,126,127,-1,117,127,118,-1,122,128,105,-1,105,128,129,-1,105,129,107,-1,107,129,130,-1,107,130,123,-1,131,21,132,-1,132,21,87,-1,132,87,93,-1,93,87,133,-1,93,133,94,-1,131,134,21,-1,21,134,135,-1,21,135,15,-1,15,135,136,-1,15,136,13,-1,28,137,29,-1,29,137,138,-1,29,138,24,-1,24,138,139,-1,24,139,140,-1,43,22,45,-1,45,22,24,-1,45,24,141,-1,141,24,140,-1,48,142,41,-1,41,142,143,-1,41,143,51,-1,51,143,144,-1,51,144,145,-1,145,146,51,-1,51,146,147,-1,51,147,111,-1,111,147,148,-1,111,148,110,-1,149,150,151,-1,151,150,56,-1,152,153,60,-1,60,153,154,-1,60,154,56,-1,56,154,155,-1,155,156,56,-1,56,156,157,-1,56,157,151,-1,151,157,158,-1,151,158,159,-1,159,158,160,-1,159,160,161,-1,161,162,159,-1,159,162,163,-1,159,163,164,-1,165,166,159,-1,159,166,167,-1,168,169,170,-1,170,169,171,-1,167,172,159,-1,159,172,171,-1,159,171,173,-1,173,171,169,-1,164,174,159,-1,159,174,175,-1,159,175,165,-1,176,177,178,-1,178,177,179,-1,178,179,180,-1,181,182,53,-1,53,182,183,-1,53,183,184,-1,60,52,152,-1,152,52,53,-1,152,53,185,-1,185,53,184,-1,180,186,178,-1,178,186,187,-1,178,187,53,-1,53,187,188,-1,53,188,181,-1,189,190,191,-1,191,190,150,-1,191,150,192,-1,192,150,149,-1,189,193,194,-1,194,193,195,-1,194,195,178,-1,178,195,196,-1,178,196,176,-1,189,194,190,-1,190,194,197,-1,190,197,198,-1,199,108,200,-1,200,108,109,-1,200,109,201,-1,201,109,202,-1,201,202,198,-1,124,125,107,-1,107,125,117,-1,107,117,109,-1,109,117,203,-1,109,203,202,-1,202,203,204,-1,53,205,178,-1,178,205,206,-1,178,206,207,-1,208,205,209,-1,209,205,53,-1,209,53,210,-1,210,53,51,-1,210,51,207,-1,207,51,111,-1,207,111,178,-1,178,111,18,-1,178,18,194,-1,194,18,17,-1,194,17,197,-1,67,57,65,-1,65,57,56,-1,65,56,211,-1,198,202,190,-1,190,202,204,-1,190,204,150,-1,150,204,212,-1,150,212,56,-1,56,212,213,-1,56,213,211,-1,211,214,65,-1,65,214,215,-1,65,215,204,-1,204,215,216,-1,204,216,212,-1,217,218,219,-1,219,218,215,-1,219,215,220,-1,220,215,214,-1,220,214,221,-1,221,214,222,-1,223,224,203,-1,203,224,225,-1,203,225,226,-1,227,63,228,-1,228,63,65,-1,228,65,229,-1,229,230,228,-1,228,230,231,-1,228,231,232,-1,232,233,228,-1,228,233,234,-1,228,234,235,-1,226,236,203,-1,203,236,237,-1,203,237,204,-1,204,237,238,-1,204,238,65,-1,65,238,239,-1,65,239,229,-1,235,240,228,-1,228,240,241,-1,228,241,203,-1,203,241,242,-1,203,242,223,-1,243,203,244,-1,244,203,117,-1,244,117,245,-1,245,117,70,-1,245,70,228,-1,228,70,74,-1,228,74,227,-1,246,247,243,-1,243,247,248,-1,243,248,203,-1,203,248,249,-1,203,249,228,-1,228,249,250,-1,228,250,245,-1,19,21,99,-1,99,21,15,-1,99,15,251,-1,251,15,105,-1,251,105,252,-1,252,105,103,-1,252,103,253,-1,254,255,256,-1,256,255,257,-1,256,257,258,-1,258,257,259,-1,258,259,260,-1,260,259,261,-1,260,261,254,-1,254,261,255,-1,262,263,264,-1,264,263,265,-1,264,265,266,-1,266,265,267,-1,268,25,29,-1,269,270,271,-1,271,272,269,-1,269,272,273,-1,269,273,274,-1,275,276,277,-1,278,279,280,-1,281,282,283,-1,283,282,284,-1,44,42,280,-1,280,42,285,-1,280,285,278,-1,278,285,286,-1,287,288,283,-1,283,288,289,-1,283,289,290,-1,290,291,275,-1,292,293,294,-1,295,296,286,-1,286,296,297,-1,286,297,298,-1,298,299,286,-1,286,299,300,-1,286,300,284,-1,284,300,301,-1,284,301,302,-1,291,303,275,-1,275,303,304,-1,275,304,294,-1,294,304,305,-1,294,305,292,-1,293,306,294,-1,294,306,307,-1,294,307,308,-1,302,309,284,-1,284,309,310,-1,284,310,283,-1,283,310,311,-1,283,311,287,-1,23,283,24,-1,24,283,290,-1,24,290,29,-1,29,290,275,-1,29,275,268,-1,268,275,277,-1,274,273,285,-1,285,273,294,-1,285,294,286,-1,286,294,308,-1,286,308,295,-1,312,313,314,-1,314,313,315,-1,314,315,316,-1,257,317,259,-1,259,317,314,-1,259,314,318,-1,318,314,316,-1,319,320,314,-1,314,320,321,-1,314,321,312,-1,322,323,324,-1,324,323,325,-1,324,325,326,-1,327,255,328,-1,328,255,261,-1,328,261,329,-1,329,330,328,-1,328,330,331,-1,328,331,332,-1,108,199,333,-1,333,199,324,-1,333,324,334,-1,334,324,326,-1,332,335,328,-1,328,335,336,-1,328,336,324,-1,324,336,337,-1,324,337,322,-1,338,264,339,-1,339,264,266,-1,265,340,267,-1,267,340,341,-1,342,271,343,-1,343,271,270,-1,344,338,339,-1,345,346,347,-1,347,346,348,-1,348,349,342,-1,350,344,351,-1,351,344,339,-1,351,339,352,-1,352,339,353,-1,352,353,26,-1,26,353,38,-1,343,341,342,-1,342,341,340,-1,342,340,348,-1,348,340,350,-1,348,350,347,-1,347,350,351,-1,101,100,354,-1,354,100,355,-1,354,355,317,-1,317,355,314,-1,102,356,103,-1,103,356,357,-1,103,357,253,-1,355,358,314,-1,314,358,319,-1,359,357,360,-1,360,357,356,-1,361,362,363,-1,363,362,364,-1,364,362,365,-1,365,362,366,-1,365,366,367,-1,41,49,368,-1,10,285,4,-1,4,285,42,-1,328,369,0,-1,42,41,4,-1,4,41,368,-1,4,368,0,-1,0,368,327,-1,0,327,328,-1,269,274,370,-1,370,274,324,-1,199,200,324,-1,324,200,201,-1,324,201,198,-1,16,370,17,-1,17,370,324,-1,17,324,197,-1,197,324,198,-1,369,328,12,-1,12,328,324,-1,285,371,274,-1,274,371,372,-1,274,372,373,-1,285,10,371,-1,371,10,9,-1,371,9,374,-1,374,9,12,-1,374,12,373,-1,373,12,324,-1,373,324,274,-1,359,375,357,-1,357,375,376,-1,376,377,357,-1,357,377,378,-1,357,378,379,-1,380,381,355,-1,355,381,382,-1,379,383,357,-1,357,383,384,-1,357,384,253,-1,253,384,385,-1,253,385,386,-1,387,358,388,-1,388,358,355,-1,388,355,389,-1,389,355,382,-1,386,390,253,-1,253,390,391,-1,253,391,252,-1,252,391,392,-1,252,392,393,-1,393,394,252,-1,252,394,395,-1,252,395,251,-1,251,395,396,-1,251,396,99,-1,99,396,397,-1,99,397,100,-1,100,397,398,-1,100,398,399,-1,399,400,100,-1,100,400,401,-1,100,401,402,-1,402,403,100,-1,100,403,404,-1,100,404,355,-1,355,404,405,-1,355,405,380,-1,406,387,388,-1,407,408,409,-1,409,408,410,-1,409,410,411,-1,411,410,412,-1,411,412,413,-1,414,415,412,-1,412,415,416,-1,412,416,413,-1,417,418,419,-1,414,412,419,-1,419,412,420,-1,419,420,417,-1,417,421,418,-1,418,421,422,-1,418,422,423,-1,424,425,426,-1,426,425,427,-1,427,428,426,-1,426,428,429,-1,426,429,430,-1,430,429,431,-1,430,431,432,-1,432,431,423,-1,432,423,433,-1,433,423,422,-1,376,375,434,-1,435,436,437,-1,424,426,437,-1,437,426,438,-1,437,438,435,-1,439,440,395,-1,395,440,396,-1,439,395,441,-1,441,395,394,-1,441,394,442,-1,393,443,394,-1,394,443,444,-1,394,444,442,-1,445,446,392,-1,392,446,447,-1,392,447,393,-1,393,447,448,-1,393,448,443,-1,445,392,449,-1,449,392,391,-1,449,391,450,-1,450,391,451,-1,451,391,390,-1,451,390,452,-1,386,453,390,-1,390,453,454,-1,390,454,452,-1,385,455,386,-1,386,455,456,-1,386,456,453,-1,457,458,384,-1,384,458,459,-1,384,459,385,-1,385,459,460,-1,385,460,455,-1,457,384,461,-1,461,384,383,-1,461,383,462,-1,462,383,463,-1,463,383,379,-1,463,379,464,-1,378,465,379,-1,379,465,466,-1,379,466,464,-1,467,468,378,-1,378,468,469,-1,378,469,465,-1,467,378,470,-1,470,378,377,-1,470,377,471,-1,471,377,376,-1,471,376,435,-1,435,376,434,-1,435,434,436,-1,407,406,408,-1,408,406,388,-1,408,388,472,-1,472,388,389,-1,473,474,382,-1,382,474,475,-1,382,475,389,-1,389,475,476,-1,389,476,472,-1,473,382,477,-1,477,382,381,-1,477,381,478,-1,478,381,479,-1,479,381,380,-1,479,380,480,-1,405,481,380,-1,380,481,482,-1,380,482,480,-1,483,484,404,-1,404,484,485,-1,404,485,405,-1,405,485,486,-1,405,486,481,-1,483,404,487,-1,487,404,403,-1,487,403,488,-1,488,403,489,-1,489,403,402,-1,489,402,490,-1,490,402,491,-1,491,402,401,-1,491,401,492,-1,400,493,401,-1,401,493,494,-1,401,494,492,-1,495,496,399,-1,399,496,497,-1,399,497,400,-1,400,497,498,-1,400,498,493,-1,495,399,499,-1,499,399,398,-1,499,398,500,-1,500,398,501,-1,501,398,397,-1,501,397,502,-1,440,503,396,-1,396,503,504,-1,396,504,397,-1,397,504,505,-1,397,505,502,-1,506,507,508,-1,508,507,509,-1,508,509,510,-1,510,509,511,-1,510,511,512,-1,512,511,513,-1,512,513,514,-1,514,513,515,-1,514,515,516,-1,516,515,517,-1,516,517,518,-1,518,517,519,-1,518,519,520,-1,520,519,521,-1,520,521,522,-1,522,521,523,-1,522,523,524,-1,524,523,525,-1,524,525,526,-1,525,527,526,-1,526,527,528,-1,526,528,529,-1,529,528,530,-1,529,530,531,-1,531,530,532,-1,531,532,533,-1,533,532,534,-1,533,534,535,-1,535,534,536,-1,535,536,537,-1,537,536,538,-1,537,538,539,-1,539,538,540,-1,539,540,541,-1,541,540,542,-1,541,542,543,-1,543,542,544,-1,543,544,545,-1,545,544,546,-1,545,546,547,-1,547,546,548,-1,547,548,549,-1,550,551,552,-1,552,551,553,-1,552,553,554,-1,554,553,555,-1,554,555,556,-1,556,555,557,-1,556,557,558,-1,558,557,559,-1,558,559,560,-1,560,559,561,-1,560,561,562,-1,562,561,563,-1,562,563,564,-1,564,563,565,-1,564,565,566,-1,566,565,567,-1,566,567,568,-1,568,567,569,-1,568,569,570,-1,570,569,571,-1,570,571,506,-1,506,571,572,-1,506,572,507,-1,548,573,549,-1,549,573,574,-1,549,574,575,-1,575,574,576,-1,575,576,577,-1,577,576,578,-1,577,578,579,-1,579,578,580,-1,579,580,581,-1,581,580,582,-1,581,582,583,-1,583,582,584,-1,583,584,585,-1,585,584,586,-1,585,586,587,-1,587,586,588,-1,587,588,589,-1,589,588,590,-1,589,590,591,-1,591,590,592,-1,591,592,593,-1,593,592,594,-1,593,594,550,-1,550,594,595,-1,550,595,551,-1,596,597,598,-1,598,597,599,-1,598,599,600,-1,596,598,601,-1,601,598,602,-1,601,602,603,-1,600,604,598,-1,598,604,605,-1,598,605,606,-1,602,607,603,-1,603,607,608,-1,603,608,609,-1,610,611,612,-1,610,612,367,-1,611,613,612,-1,612,613,614,-1,612,614,615,-1,608,616,609,-1,609,616,617,-1,609,617,618,-1,618,617,619,-1,618,619,620,-1,620,619,621,-1,620,621,622,-1,622,621,612,-1,622,612,623,-1,623,612,615,-1,624,361,625,-1,625,361,363,-1,625,363,626,-1,626,363,364,-1,626,364,627,-1,627,364,365,-1,627,365,628,-1,365,367,628,-1,628,367,612,-1,628,612,629,-1,629,612,630,-1,629,630,631,-1,632,633,634,-1,634,633,629,-1,634,629,635,-1,635,629,631,-1,632,636,633,-1,633,636,637,-1,633,637,638,-1,639,640,641,-1,641,640,638,-1,641,638,642,-1,642,638,637,-1,639,643,640,-1,640,643,644,-1,640,644,645,-1,644,646,645,-1,645,646,647,-1,645,647,648,-1,647,649,648,-1,648,649,650,-1,648,650,651,-1,651,650,652,-1,651,652,653,-1,653,652,654,-1,653,654,655,-1,655,656,653,-1,653,656,657,-1,653,657,658,-1,658,657,659,-1,658,659,660,-1,660,659,661,-1,660,661,662,-1,663,664,665,-1,665,664,660,-1,665,660,666,-1,666,660,662,-1,663,667,664,-1,664,667,668,-1,664,668,669,-1,668,670,669,-1,669,670,671,-1,669,671,672,-1,671,673,672,-1,672,673,674,-1,672,674,675,-1,675,674,676,-1,675,676,677,-1,677,676,678,-1,677,678,679,-1,679,680,677,-1,677,680,681,-1,677,681,682,-1,682,681,683,-1,682,683,684,-1,684,683,685,-1,684,685,686,-1,687,688,689,-1,689,688,684,-1,689,684,690,-1,690,684,686,-1,687,691,688,-1,688,691,692,-1,688,692,693,-1,692,694,693,-1,693,694,695,-1,693,695,696,-1,695,697,696,-1,696,697,698,-1,696,698,699,-1,699,698,700,-1,699,700,701,-1,701,700,702,-1,701,702,703,-1,703,704,701,-1,701,704,705,-1,701,705,706,-1,706,705,707,-1,706,707,708,-1,708,707,709,-1,708,709,710,-1,711,712,713,-1,713,712,708,-1,713,708,714,-1,714,708,710,-1,606,361,598,-1,598,361,624,-1,598,624,715,-1,715,624,712,-1,715,712,716,-1,716,712,711,-1,624,625,717,-1,717,625,626,-1,717,626,627,-1,706,708,717,-1,717,708,712,-1,717,712,624,-1,696,699,717,-1,717,699,701,-1,717,701,706,-1,684,688,717,-1,717,688,693,-1,717,693,696,-1,675,677,717,-1,717,677,682,-1,717,682,684,-1,664,669,717,-1,717,669,672,-1,717,672,675,-1,653,658,717,-1,717,658,660,-1,717,660,664,-1,645,648,717,-1,717,648,651,-1,717,651,653,-1,633,638,717,-1,717,638,640,-1,717,640,645,-1,627,628,717,-1,717,628,629,-1,717,629,633,-1,421,417,718,-1,412,410,719,-1,408,472,720,-1,476,475,721,-1,473,477,722,-1,482,481,723,-1,486,485,724,-1,483,487,725,-1,488,489,726,-1,490,491,727,-1,494,493,728,-1,495,499,729,-1,500,501,730,-1,505,504,731,-1,503,440,732,-1,444,443,733,-1,445,449,734,-1,450,451,735,-1,454,453,736,-1,456,455,737,-1,457,461,738,-1,466,465,739,-1,469,468,740,-1,470,471,741,-1,435,438,742,-1,433,422,743,-1,513,511,744,-1,744,511,745,-1,744,745,746,-1,746,745,747,-1,746,747,748,-1,748,747,749,-1,748,749,750,-1,750,749,751,-1,750,751,752,-1,752,751,742,-1,567,565,753,-1,753,565,754,-1,753,754,755,-1,755,754,756,-1,755,756,757,-1,757,756,758,-1,757,758,759,-1,759,758,760,-1,759,760,761,-1,761,760,738,-1,561,559,762,-1,762,559,763,-1,762,763,764,-1,764,763,765,-1,764,765,766,-1,766,765,767,-1,766,767,768,-1,768,767,769,-1,768,769,770,-1,770,769,737,-1,594,592,771,-1,771,592,772,-1,771,772,773,-1,773,772,774,-1,773,774,775,-1,775,774,776,-1,775,776,777,-1,777,776,778,-1,777,778,779,-1,779,778,733,-1,588,586,780,-1,780,586,781,-1,780,781,782,-1,782,781,783,-1,782,783,784,-1,784,783,785,-1,784,785,786,-1,786,785,787,-1,786,787,788,-1,788,787,732,-1,574,573,789,-1,789,573,790,-1,789,790,791,-1,791,790,792,-1,791,792,793,-1,793,792,794,-1,793,794,795,-1,795,794,796,-1,795,796,797,-1,797,796,728,-1,532,530,798,-1,798,530,799,-1,798,799,800,-1,800,799,801,-1,800,801,802,-1,802,801,803,-1,802,803,804,-1,804,803,805,-1,804,805,806,-1,806,805,722,-1,432,433,807,-1,807,433,743,-1,807,743,808,-1,808,743,809,-1,808,809,810,-1,810,809,811,-1,810,811,812,-1,812,811,813,-1,812,813,814,-1,814,813,815,-1,814,815,515,-1,515,815,517,-1,515,513,814,-1,814,513,744,-1,814,744,812,-1,812,744,746,-1,812,746,810,-1,810,746,748,-1,810,748,808,-1,808,748,750,-1,808,750,807,-1,807,750,752,-1,807,752,432,-1,432,752,430,-1,742,438,752,-1,752,438,426,-1,752,426,430,-1,471,435,741,-1,741,435,742,-1,741,742,816,-1,816,742,751,-1,816,751,817,-1,817,751,749,-1,817,749,818,-1,818,749,747,-1,818,747,819,-1,819,747,745,-1,819,745,509,-1,509,745,511,-1,467,470,820,-1,820,470,741,-1,820,741,821,-1,821,741,816,-1,821,816,822,-1,822,816,817,-1,822,817,823,-1,823,817,818,-1,823,818,824,-1,824,818,819,-1,824,819,507,-1,507,819,509,-1,507,572,824,-1,824,572,825,-1,824,825,823,-1,823,825,826,-1,823,826,822,-1,822,826,827,-1,822,827,821,-1,821,827,828,-1,821,828,820,-1,820,828,740,-1,820,740,467,-1,467,740,468,-1,572,571,825,-1,825,571,829,-1,825,829,826,-1,826,829,830,-1,826,830,827,-1,827,830,831,-1,827,831,828,-1,828,831,832,-1,828,832,740,-1,740,832,739,-1,740,739,469,-1,469,739,465,-1,464,466,833,-1,833,466,739,-1,833,739,834,-1,834,739,832,-1,834,832,835,-1,835,832,831,-1,835,831,836,-1,836,831,830,-1,836,830,837,-1,837,830,829,-1,837,829,569,-1,569,829,571,-1,569,567,837,-1,837,567,753,-1,837,753,836,-1,836,753,755,-1,836,755,835,-1,835,755,757,-1,835,757,834,-1,834,757,759,-1,834,759,833,-1,833,759,761,-1,833,761,464,-1,464,761,463,-1,738,461,761,-1,761,461,462,-1,761,462,463,-1,458,457,838,-1,838,457,738,-1,838,738,839,-1,839,738,760,-1,839,760,840,-1,840,760,758,-1,840,758,841,-1,841,758,756,-1,841,756,842,-1,842,756,754,-1,842,754,563,-1,563,754,565,-1,563,561,842,-1,842,561,762,-1,842,762,841,-1,841,762,764,-1,841,764,840,-1,840,764,766,-1,840,766,839,-1,839,766,768,-1,839,768,838,-1,838,768,770,-1,838,770,458,-1,458,770,459,-1,737,455,770,-1,770,455,460,-1,770,460,459,-1,453,456,736,-1,736,456,737,-1,736,737,843,-1,843,737,769,-1,843,769,844,-1,844,769,767,-1,844,767,845,-1,845,767,765,-1,845,765,846,-1,846,765,763,-1,846,763,557,-1,557,763,559,-1,452,454,847,-1,847,454,736,-1,847,736,848,-1,848,736,843,-1,848,843,849,-1,849,843,844,-1,849,844,850,-1,850,844,845,-1,850,845,851,-1,851,845,846,-1,851,846,555,-1,555,846,557,-1,555,553,851,-1,851,553,852,-1,851,852,850,-1,850,852,853,-1,850,853,849,-1,849,853,854,-1,849,854,848,-1,848,854,855,-1,848,855,847,-1,847,855,735,-1,847,735,452,-1,452,735,451,-1,553,551,852,-1,852,551,856,-1,852,856,853,-1,853,856,857,-1,853,857,854,-1,854,857,858,-1,854,858,855,-1,855,858,859,-1,855,859,735,-1,735,859,734,-1,735,734,450,-1,450,734,449,-1,446,445,860,-1,860,445,734,-1,860,734,861,-1,861,734,859,-1,861,859,862,-1,862,859,858,-1,862,858,863,-1,863,858,857,-1,863,857,864,-1,864,857,856,-1,864,856,595,-1,595,856,551,-1,595,594,864,-1,864,594,771,-1,864,771,863,-1,863,771,773,-1,863,773,862,-1,862,773,775,-1,862,775,861,-1,861,775,777,-1,861,777,860,-1,860,777,779,-1,860,779,446,-1,446,779,447,-1,733,443,779,-1,779,443,448,-1,779,448,447,-1,442,444,865,-1,865,444,733,-1,865,733,866,-1,866,733,778,-1,866,778,867,-1,867,778,776,-1,867,776,868,-1,868,776,774,-1,868,774,869,-1,869,774,772,-1,869,772,590,-1,590,772,592,-1,590,588,869,-1,869,588,780,-1,869,780,868,-1,868,780,782,-1,868,782,867,-1,867,782,784,-1,867,784,866,-1,866,784,786,-1,866,786,865,-1,865,786,788,-1,865,788,442,-1,442,788,441,-1,732,440,788,-1,788,440,439,-1,788,439,441,-1,586,584,781,-1,781,584,870,-1,781,870,783,-1,783,870,871,-1,783,871,785,-1,785,871,872,-1,785,872,787,-1,787,872,873,-1,787,873,732,-1,732,873,731,-1,732,731,503,-1,503,731,504,-1,502,505,874,-1,874,505,731,-1,874,731,875,-1,875,731,873,-1,875,873,876,-1,876,873,872,-1,876,872,877,-1,877,872,871,-1,877,871,878,-1,878,871,870,-1,878,870,582,-1,582,870,584,-1,582,580,878,-1,878,580,879,-1,878,879,877,-1,877,879,880,-1,877,880,876,-1,876,880,881,-1,876,881,875,-1,875,881,882,-1,875,882,874,-1,874,882,730,-1,874,730,502,-1,502,730,501,-1,580,578,879,-1,879,578,883,-1,879,883,880,-1,880,883,884,-1,880,884,881,-1,881,884,885,-1,881,885,882,-1,882,885,886,-1,882,886,730,-1,730,886,729,-1,730,729,500,-1,500,729,499,-1,496,495,887,-1,887,495,729,-1,887,729,888,-1,888,729,886,-1,888,886,889,-1,889,886,885,-1,889,885,890,-1,890,885,884,-1,890,884,891,-1,891,884,883,-1,891,883,576,-1,576,883,578,-1,576,574,891,-1,891,574,789,-1,891,789,890,-1,890,789,791,-1,890,791,889,-1,889,791,793,-1,889,793,888,-1,888,793,795,-1,888,795,887,-1,887,795,797,-1,887,797,496,-1,496,797,497,-1,728,493,797,-1,797,493,498,-1,797,498,497,-1,492,494,892,-1,892,494,728,-1,892,728,893,-1,893,728,796,-1,893,796,894,-1,894,796,794,-1,894,794,895,-1,895,794,792,-1,895,792,896,-1,896,792,790,-1,896,790,548,-1,548,790,573,-1,548,546,896,-1,896,546,897,-1,896,897,895,-1,895,897,898,-1,895,898,894,-1,894,898,899,-1,894,899,893,-1,893,899,900,-1,893,900,892,-1,892,900,727,-1,892,727,492,-1,492,727,491,-1,489,490,726,-1,726,490,727,-1,726,727,901,-1,901,727,900,-1,901,900,902,-1,902,900,899,-1,902,899,903,-1,903,899,898,-1,903,898,904,-1,904,898,897,-1,904,897,544,-1,544,897,546,-1,544,542,904,-1,904,542,905,-1,904,905,903,-1,903,905,906,-1,903,906,902,-1,902,906,907,-1,902,907,901,-1,901,907,908,-1,901,908,726,-1,726,908,725,-1,726,725,488,-1,488,725,487,-1,484,483,909,-1,909,483,725,-1,909,725,910,-1,910,725,908,-1,910,908,911,-1,911,908,907,-1,911,907,912,-1,912,907,906,-1,912,906,913,-1,913,906,905,-1,913,905,540,-1,540,905,542,-1,540,538,913,-1,913,538,914,-1,913,914,912,-1,912,914,915,-1,912,915,911,-1,911,915,916,-1,911,916,910,-1,910,916,917,-1,910,917,909,-1,909,917,724,-1,909,724,484,-1,484,724,485,-1,538,536,914,-1,914,536,918,-1,914,918,915,-1,915,918,919,-1,915,919,916,-1,916,919,920,-1,916,920,917,-1,917,920,921,-1,917,921,724,-1,724,921,723,-1,724,723,486,-1,486,723,481,-1,480,482,922,-1,922,482,723,-1,922,723,923,-1,923,723,921,-1,923,921,924,-1,924,921,920,-1,924,920,925,-1,925,920,919,-1,925,919,926,-1,926,919,918,-1,926,918,534,-1,534,918,536,-1,534,532,926,-1,926,532,798,-1,926,798,925,-1,925,798,800,-1,925,800,924,-1,924,800,802,-1,924,802,923,-1,923,802,804,-1,923,804,922,-1,922,804,806,-1,922,806,480,-1,480,806,479,-1,722,477,806,-1,806,477,478,-1,806,478,479,-1,474,473,927,-1,927,473,722,-1,927,722,928,-1,928,722,805,-1,928,805,929,-1,929,805,803,-1,929,803,930,-1,930,803,801,-1,930,801,931,-1,931,801,799,-1,931,799,528,-1,528,799,530,-1,528,527,931,-1,931,527,932,-1,931,932,930,-1,930,932,933,-1,930,933,929,-1,929,933,934,-1,929,934,928,-1,928,934,935,-1,928,935,927,-1,927,935,721,-1,927,721,474,-1,474,721,475,-1,472,476,720,-1,720,476,721,-1,720,721,936,-1,936,721,935,-1,936,935,937,-1,937,935,934,-1,937,934,938,-1,938,934,933,-1,938,933,939,-1,939,933,932,-1,939,932,525,-1,525,932,527,-1,525,523,939,-1,939,523,940,-1,939,940,938,-1,938,940,941,-1,938,941,937,-1,937,941,942,-1,937,942,936,-1,936,942,943,-1,936,943,720,-1,720,943,719,-1,720,719,408,-1,408,719,410,-1,420,412,944,-1,944,412,719,-1,944,719,945,-1,945,719,943,-1,945,943,946,-1,946,943,942,-1,946,942,947,-1,947,942,941,-1,947,941,948,-1,948,941,940,-1,948,940,521,-1,521,940,523,-1,521,519,948,-1,948,519,949,-1,948,949,947,-1,947,949,950,-1,947,950,946,-1,946,950,951,-1,946,951,945,-1,945,951,952,-1,945,952,944,-1,944,952,718,-1,944,718,420,-1,420,718,417,-1,519,517,949,-1,949,517,815,-1,949,815,950,-1,950,815,813,-1,950,813,951,-1,951,813,811,-1,951,811,952,-1,952,811,809,-1,952,809,718,-1,718,809,743,-1,718,743,421,-1,421,743,422,-1,714,953,713,-1,713,953,954,-1,713,954,711,-1,711,954,955,-1,711,955,716,-1,716,955,956,-1,716,956,715,-1,704,957,958,-1,714,710,953,-1,953,710,709,-1,953,709,959,-1,959,709,707,-1,959,707,958,-1,958,707,705,-1,958,705,704,-1,704,703,957,-1,957,703,702,-1,957,702,960,-1,960,702,700,-1,960,700,961,-1,700,698,961,-1,961,698,697,-1,961,697,962,-1,962,697,695,-1,962,695,963,-1,963,695,694,-1,694,692,963,-1,963,692,691,-1,963,691,964,-1,964,691,687,-1,964,687,965,-1,965,687,689,-1,965,689,966,-1,966,689,690,-1,680,967,968,-1,690,686,966,-1,966,686,685,-1,966,685,969,-1,969,685,683,-1,969,683,968,-1,968,683,681,-1,968,681,680,-1,680,679,967,-1,967,679,678,-1,967,678,970,-1,970,678,676,-1,970,676,971,-1,676,674,971,-1,971,674,673,-1,971,673,972,-1,972,673,671,-1,972,671,973,-1,973,671,670,-1,670,668,973,-1,973,668,667,-1,973,667,974,-1,974,667,663,-1,974,663,975,-1,975,663,665,-1,975,665,976,-1,976,665,666,-1,656,977,978,-1,666,662,976,-1,976,662,661,-1,976,661,979,-1,979,661,659,-1,979,659,978,-1,978,659,657,-1,978,657,656,-1,649,980,981,-1,656,655,977,-1,977,655,654,-1,977,654,982,-1,982,654,652,-1,982,652,981,-1,981,652,650,-1,981,650,649,-1,649,647,980,-1,980,647,646,-1,980,646,983,-1,646,644,983,-1,983,644,643,-1,983,643,984,-1,984,643,639,-1,984,639,985,-1,985,639,641,-1,985,641,986,-1,986,641,642,-1,642,637,986,-1,986,637,636,-1,986,636,987,-1,987,636,632,-1,987,632,988,-1,988,632,634,-1,988,634,989,-1,989,634,635,-1,619,990,991,-1,635,631,989,-1,989,631,630,-1,989,630,992,-1,992,630,612,-1,992,612,991,-1,991,612,621,-1,991,621,619,-1,619,617,990,-1,990,617,616,-1,990,616,993,-1,993,616,608,-1,993,608,994,-1,994,608,607,-1,994,607,995,-1,995,607,602,-1,995,602,956,-1,956,602,598,-1,956,598,715,-1,993,996,990,-1,990,996,997,-1,990,997,991,-1,991,997,998,-1,991,998,992,-1,992,998,999,-1,992,999,989,-1,989,999,1000,-1,989,1000,988,-1,988,1000,1001,-1,988,1001,987,-1,987,1001,1002,-1,987,1002,986,-1,986,1002,1003,-1,986,1003,985,-1,985,1003,1004,-1,985,1004,984,-1,984,1004,1005,-1,984,1005,983,-1,983,1005,1006,-1,983,1006,980,-1,980,1006,1007,-1,980,1007,981,-1,981,1007,1008,-1,981,1008,982,-1,982,1008,1009,-1,982,1009,977,-1,977,1009,1010,-1,977,1010,978,-1,978,1010,1011,-1,978,1011,979,-1,979,1011,1012,-1,979,1012,976,-1,976,1012,1013,-1,976,1013,975,-1,975,1013,1014,-1,975,1014,974,-1,974,1014,1015,-1,974,1015,973,-1,973,1015,1016,-1,973,1016,972,-1,972,1016,1017,-1,972,1017,971,-1,971,1017,1018,-1,971,1018,970,-1,970,1018,1019,-1,970,1019,967,-1,967,1019,1020,-1,967,1020,968,-1,968,1020,1021,-1,968,1021,969,-1,969,1021,1022,-1,969,1022,966,-1,966,1022,1023,-1,966,1023,965,-1,965,1023,1024,-1,965,1024,964,-1,964,1024,1025,-1,964,1025,963,-1,963,1025,1026,-1,963,1026,962,-1,962,1026,1027,-1,962,1027,961,-1,961,1027,1028,-1,961,1028,960,-1,960,1028,1029,-1,960,1029,957,-1,957,1029,1030,-1,957,1030,958,-1,958,1030,1031,-1,958,1031,959,-1,959,1031,1032,-1,959,1032,953,-1,953,1032,1033,-1,953,1033,954,-1,954,1033,1034,-1,954,1034,955,-1,955,1034,1035,-1,955,1035,956,-1,956,1035,1036,-1,956,1036,995,-1,995,1036,1037,-1,995,1037,994,-1,994,1037,1038,-1,994,1038,993,-1,993,1038,996,-1,1038,1039,996,-1,996,1039,1040,-1,996,1040,997,-1,997,1040,1041,-1,997,1041,998,-1,998,1041,1042,-1,998,1042,999,-1,999,1042,1043,-1,999,1043,1000,-1,1000,1043,1044,-1,1000,1044,1001,-1,1001,1044,1045,-1,1001,1045,1002,-1,1002,1045,1046,-1,1002,1046,1003,-1,1003,1046,1047,-1,1003,1047,1004,-1,1004,1047,1048,-1,1004,1048,1005,-1,1005,1048,1049,-1,1005,1049,1006,-1,1006,1049,1050,-1,1006,1050,1007,-1,1007,1050,1051,-1,1007,1051,1008,-1,1008,1051,1052,-1,1008,1052,1009,-1,1009,1052,1053,-1,1009,1053,1010,-1,1010,1053,1054,-1,1010,1054,1011,-1,1011,1054,1055,-1,1011,1055,1012,-1,1012,1055,1056,-1,1012,1056,1013,-1,1013,1056,1057,-1,1013,1057,1014,-1,1014,1057,1058,-1,1014,1058,1015,-1,1015,1058,1059,-1,1015,1059,1016,-1,1016,1059,1060,-1,1016,1060,1017,-1,1017,1060,1061,-1,1017,1061,1018,-1,1018,1061,1062,-1,1018,1062,1019,-1,1019,1062,1063,-1,1019,1063,1020,-1,1020,1063,1064,-1,1020,1064,1021,-1,1021,1064,1065,-1,1021,1065,1022,-1,1022,1065,1066,-1,1022,1066,1023,-1,1023,1066,1067,-1,1023,1067,1024,-1,1024,1067,1068,-1,1024,1068,1025,-1,1025,1068,1069,-1,1025,1069,1026,-1,1026,1069,1070,-1,1026,1070,1027,-1,1027,1070,1071,-1,1027,1071,1028,-1,1028,1071,1072,-1,1028,1072,1029,-1,1029,1072,1073,-1,1029,1073,1030,-1,1030,1073,1074,-1,1030,1074,1031,-1,1031,1074,1075,-1,1031,1075,1032,-1,1032,1075,1076,-1,1032,1076,1033,-1,1033,1076,1077,-1,1033,1077,1034,-1,1034,1077,1078,-1,1034,1078,1035,-1,1035,1078,1079,-1,1035,1079,1036,-1,1036,1079,1080,-1,1036,1080,1037,-1,1037,1080,1081,-1,1037,1081,1038,-1,1038,1081,1039,-1,1081,1082,1039,-1,1039,1082,1083,-1,1039,1083,1040,-1,1040,1083,1084,-1,1040,1084,1041,-1,1041,1084,1085,-1,1041,1085,1042,-1,1042,1085,1086,-1,1042,1086,1043,-1,1043,1086,1087,-1,1043,1087,1044,-1,1044,1087,1088,-1,1044,1088,1045,-1,1045,1088,1089,-1,1045,1089,1046,-1,1046,1089,1090,-1,1046,1090,1047,-1,1047,1090,1091,-1,1047,1091,1048,-1,1048,1091,1092,-1,1048,1092,1049,-1,1049,1092,1093,-1,1049,1093,1050,-1,1050,1093,1094,-1,1050,1094,1051,-1,1051,1094,1095,-1,1051,1095,1052,-1,1052,1095,1096,-1,1052,1096,1053,-1,1053,1096,1097,-1,1053,1097,1054,-1,1054,1097,1098,-1,1054,1098,1055,-1,1055,1098,1099,-1,1055,1099,1056,-1,1056,1099,1100,-1,1056,1100,1057,-1,1057,1100,1101,-1,1057,1101,1058,-1,1058,1101,1102,-1,1058,1102,1059,-1,1059,1102,1103,-1,1059,1103,1060,-1,1060,1103,1104,-1,1060,1104,1061,-1,1061,1104,1105,-1,1061,1105,1062,-1,1062,1105,1106,-1,1062,1106,1063,-1,1063,1106,1107,-1,1063,1107,1064,-1,1064,1107,1108,-1,1064,1108,1065,-1,1065,1108,1109,-1,1065,1109,1066,-1,1066,1109,1110,-1,1066,1110,1067,-1,1067,1110,1111,-1,1067,1111,1068,-1,1068,1111,1112,-1,1068,1112,1069,-1,1069,1112,1113,-1,1069,1113,1070,-1,1070,1113,1114,-1,1070,1114,1071,-1,1071,1114,1115,-1,1071,1115,1072,-1,1072,1115,1116,-1,1072,1116,1073,-1,1073,1116,1117,-1,1073,1117,1074,-1,1074,1117,1118,-1,1074,1118,1075,-1,1075,1118,1119,-1,1075,1119,1076,-1,1076,1119,1120,-1,1076,1120,1077,-1,1077,1120,1121,-1,1077,1121,1078,-1,1078,1121,1122,-1,1078,1122,1079,-1,1079,1122,1123,-1,1079,1123,1080,-1,1080,1123,1124,-1,1080,1124,1081,-1,1081,1124,1082,-1,1124,1125,1082,-1,1082,1125,1126,-1,1082,1126,1083,-1,1083,1126,1127,-1,1083,1127,1084,-1,1084,1127,1128,-1,1084,1128,1085,-1,1085,1128,1129,-1,1085,1129,1086,-1,1086,1129,1130,-1,1086,1130,1087,-1,1087,1130,1131,-1,1087,1131,1088,-1,1088,1131,1132,-1,1088,1132,1089,-1,1089,1132,1133,-1,1089,1133,1090,-1,1090,1133,1134,-1,1090,1134,1091,-1,1091,1134,1135,-1,1091,1135,1092,-1,1092,1135,1136,-1,1092,1136,1093,-1,1093,1136,1137,-1,1093,1137,1094,-1,1094,1137,1138,-1,1094,1138,1095,-1,1095,1138,1139,-1,1095,1139,1096,-1,1096,1139,1140,-1,1096,1140,1097,-1,1097,1140,1141,-1,1097,1141,1098,-1,1098,1141,1142,-1,1098,1142,1099,-1,1099,1142,1143,-1,1099,1143,1100,-1,1100,1143,1144,-1,1100,1144,1101,-1,1101,1144,1145,-1,1101,1145,1102,-1,1102,1145,1146,-1,1102,1146,1103,-1,1103,1146,1147,-1,1103,1147,1104,-1,1104,1147,1148,-1,1104,1148,1105,-1,1105,1148,1149,-1,1105,1149,1106,-1,1106,1149,1150,-1,1106,1150,1107,-1,1107,1150,1151,-1,1107,1151,1108,-1,1108,1151,1152,-1,1108,1152,1109,-1,1109,1152,1153,-1,1109,1153,1110,-1,1110,1153,1154,-1,1110,1154,1111,-1,1111,1154,1155,-1,1111,1155,1112,-1,1112,1155,1156,-1,1112,1156,1113,-1,1113,1156,1157,-1,1113,1157,1114,-1,1114,1157,1158,-1,1114,1158,1115,-1,1115,1158,1159,-1,1115,1159,1116,-1,1116,1159,1160,-1,1116,1160,1117,-1,1117,1160,1161,-1,1117,1161,1118,-1,1118,1161,1162,-1,1118,1162,1119,-1,1119,1162,1163,-1,1119,1163,1120,-1,1120,1163,1164,-1,1120,1164,1121,-1,1121,1164,1165,-1,1121,1165,1122,-1,1122,1165,1166,-1,1122,1166,1123,-1,1123,1166,1167,-1,1123,1167,1124,-1,1124,1167,1125,-1,1167,518,1125,-1,1125,518,520,-1,1125,520,1126,-1,1126,520,522,-1,1126,522,1127,-1,1127,522,524,-1,1127,524,1128,-1,1128,524,526,-1,1128,526,1129,-1,1129,526,529,-1,1129,529,1130,-1,1130,529,531,-1,1130,531,1131,-1,1131,531,533,-1,1131,533,1132,-1,1132,533,535,-1,1132,535,1133,-1,1133,535,537,-1,1133,537,1134,-1,1134,537,539,-1,1134,539,1135,-1,1135,539,541,-1,1135,541,1136,-1,1136,541,543,-1,1136,543,1137,-1,1137,543,545,-1,1137,545,1138,-1,1138,545,547,-1,1138,547,1139,-1,1139,547,549,-1,1139,549,1140,-1,1140,549,575,-1,1140,575,1141,-1,1141,575,577,-1,1141,577,1142,-1,1142,577,579,-1,1142,579,1143,-1,1143,579,581,-1,1143,581,1144,-1,1144,581,583,-1,1144,583,1145,-1,1145,583,585,-1,1145,585,1146,-1,1146,585,587,-1,1146,587,1147,-1,1147,587,589,-1,1147,589,1148,-1,1148,589,591,-1,1148,591,1149,-1,1149,591,593,-1,1149,593,1150,-1,1150,593,550,-1,1150,550,1151,-1,1151,550,552,-1,1151,552,1152,-1,1152,552,554,-1,1152,554,1153,-1,1153,554,556,-1,1153,556,1154,-1,1154,556,558,-1,1154,558,1155,-1,1155,558,560,-1,1155,560,1156,-1,1156,560,562,-1,1156,562,1157,-1,1157,562,564,-1,1157,564,1158,-1,1158,564,566,-1,1158,566,1159,-1,1159,566,568,-1,1159,568,1160,-1,1160,568,570,-1,1160,570,1161,-1,1161,570,506,-1,1161,506,1162,-1,1162,506,508,-1,1162,508,1163,-1,1163,508,510,-1,1163,510,1164,-1,1164,510,512,-1,1164,512,1165,-1,1165,512,514,-1,1165,514,1166,-1,1166,514,516,-1,1166,516,1167,-1,1167,516,518,-1,1168,362,361,-1,606,434,375,-1,359,360,375,-1,375,360,1168,-1,375,1168,606,-1,606,1168,361,-1,434,606,605,-1,434,605,436,-1,436,605,604,-1,436,604,437,-1,437,604,424,-1,424,604,600,-1,424,600,425,-1,425,600,599,-1,425,599,427,-1,427,599,597,-1,427,597,428,-1,428,597,596,-1,428,596,429,-1,429,596,601,-1,429,601,431,-1,620,419,618,-1,618,419,418,-1,618,418,609,-1,609,418,423,-1,609,423,603,-1,603,423,431,-1,603,431,601,-1,419,620,622,-1,419,622,414,-1,414,622,623,-1,414,623,415,-1,415,623,615,-1,415,615,416,-1,416,615,614,-1,416,614,413,-1,413,614,411,-1,411,614,613,-1,411,613,409,-1,409,613,611,-1,409,611,407,-1,407,611,610,-1,407,610,406,-1,610,367,320,-1,320,367,366,-1,406,610,387,-1,387,610,320,-1,387,320,358,-1,358,320,319,-1,1169,1170,371,-1,371,1170,372,-1,1170,1171,372,-1,372,1171,373,-1,1171,1172,373,-1,373,1172,374,-1,1172,1169,374,-1,374,1169,371,-1,1172,1171,1169,-1,1169,1171,1170,-1,1,0,12,-1,12,0,369,-1,1173,1174,356,-1,356,1174,1175,-1,356,1175,1176,-1,102,104,356,-1,356,104,1177,-1,356,1177,1173,-1,1168,360,1178,-1,1178,360,356,-1,1178,356,1179,-1,1179,356,1176,-1,1168,1178,362,-1,362,1178,337,-1,362,337,366,-1,366,337,336,-1,366,336,320,-1,320,336,321,-1,1180,108,1181,-1,1181,108,333,-1,1181,333,1182,-1,1182,333,1177,-1,1182,1177,1183,-1,1183,1177,104,-1,1183,104,1180,-1,1180,104,106,-1,1180,106,108,-1,
        ]
    }
}
Shape{
    appearance Appearance {
        material  Material 	{
            diffuseColor 1.0 1.0 1.0
            specularColor 0.8784313725490196 0.8784313725490196 0.8784313725490196
            ambientIntensity 1.0
            transparency 0.0
            shininess 0.5
        }
    }
    geometry IndexedFaceSet {
        ccw TRUE
        solid FALSE
        coord DEF co Coordinate {
            point [
                -2.3012 -1.2008 1.6102, -1.0413 -1.2008 1.6102, -1.0413 -1.1968 1.6408, -2.3012 -1.1968 1.6408, -1.0413 -1.185 1.6693, -2.3012 -1.185 1.6693, -1.0413 -1.1662 1.6938, -2.3012 -1.1662 1.6938, -1.0413 -1.1417 1.7125, -2.3012 -1.1417 1.7125, -1.0413 -1.1132 1.7243, -2.3012 -1.1132 1.7243, -1.0413 -1.0827 1.7283, -2.3012 -1.0827 1.7283, -1.0413 1.315 1.6102, -2.3012 1.315 1.6102, -2.3012 1.3109 1.6408, -1.0413 1.3109 1.6408, -2.3012 1.2991 1.6693, -1.0413 1.2991 1.6693, -2.3012 1.2804 1.6938, -1.0413 1.2804 1.6938, -2.3012 1.2559 1.7125, -1.0413 1.2559 1.7125, -2.3012 1.2274 1.7243, -1.0413 1.2274 1.7243, -2.3012 1.1969 1.7283, -1.0413 1.1969 1.7283
            ]
        }
        coordIndex [
            0,1,2,-1,0,2,3,-1,3,2,4,-1,3,4,5,-1,5,4,6,-1,5,6,7,-1,7,6,8,-1,7,8,9,-1,9,8,10,-1,9,10,11,-1,11,10,12,-1,11,12,13,-1,14,15,16,-1,14,16,17,-1,17,16,18,-1,17,18,19,-1,19,18,20,-1,19,20,21,-1,21,20,22,-1,21,22,23,-1,23,22,24,-1,23,24,25,-1,25,24,26,-1,25,26,27,-1,
        ]
    }
}
Shape{
    appearance Appearance {
        material  Material 	{
            diffuseColor 0.2980392156862745 0.2980392156862745 0.2980392156862745
            specularColor 0.09019607843137255 0.09019607843137255 0.09019607843137255
            ambientIntensity 0.298
            transparency 0.0
            shininess 0.5
        }
    }
    geometry IndexedFaceSet {
        ccw TRUE
        solid FALSE
        coord DEF co Coordinate {
            point [
                1.2157 -0.0394 -0.2165, 1.1845 -0.0801 0.0197, 1.1845 -0.0801 -0.2165, 1.1437 -0.1114 0.0197, 1.1437 -0.1114 -0.2165, 1.0962 -0.1311 0.0197, 1.0962 -0.1311 -0.2165, 1.0453 -0.1378 0.0197, 1.0453 -0.1378 -0.2165, 0.9943 -0.1311 0.0197, 0.9943 -0.1311 -0.2165, 0.9468 -0.1114 0.0197, 0.9468 -0.1114 -0.2165, 0.9061 -0.0801 0.0197, 0.9061 -0.0801 -0.2165, 0.8748 -0.0394 0.0197, 0.8748 -0.0394 -0.2165, 0.8564 0.0051 0.0197, 0.8551 0.0081 -0.2165, 0.8551 0.0081 0.0197, 0.8484 0.0591 0.0197, 0.8484 0.0591 -0.2165, 0.8551 0.11 0.0197, 0.8551 0.11 -0.2165, 0.8748 0.1575 0.0197, 0.8748 0.1575 -0.2165, 0.9061 0.1983 0.0197, 0.9061 0.1983 -0.2165, 0.9141 0.2044 0.0197, 0.9468 0.2295 -0.2165, 0.9468 0.2295 0.0197, 0.9943 0.2492 0.0197, 0.9943 0.2492 -0.2165, 1.0453 0.2559 0.0197, 1.0453 0.2559 -0.2165, 1.0962 0.2492 0.0197, 1.0962 0.2492 -0.2165, 1.1437 0.2295 0.0197, 1.1437 0.2295 -0.2165, 1.1765 0.2044 0.0197, 1.1845 0.1983 -0.2165, 1.1845 0.1983 0.0197, 1.2157 0.1575 0.0197, 1.2157 0.1575 -0.2165, 1.2354 0.11 0.0197, 1.2354 0.11 -0.2165, 1.2421 0.0591 0.0197, 1.2421 0.0591 -0.2165, 1.2354 0.0081 0.0197, 1.2354 0.0081 -0.2165, 1.2342 0.0051 0.0197, 1.2157 -0.0394 0.0197, 0.9089 -0.0197 -0.2559, 0.8932 0.0183 -0.2559, 1.0453 0.0591 -0.2559, 0.8878 0.0591 -0.2559, 0.8932 0.0998 -0.2559, 1.0045 -0.0931 -0.2559, 0.9665 -0.0773 -0.2559, 0.9339 -0.0523 -0.2559, 1.124 -0.0773 -0.2559, 1.086 -0.0931 -0.2559, 1.0453 -0.0984 -0.2559, 1.1974 0.0183 -0.2559, 1.1817 -0.0197 -0.2559, 1.1566 -0.0523 -0.2559, 1.1817 0.1378 -0.2559, 1.1974 0.0998 -0.2559, 1.2028 0.0591 -0.2559, 1.086 0.2112 -0.2559, 1.124 0.1954 -0.2559, 1.1566 0.1704 -0.2559, 0.9665 0.1954 -0.2559, 1.0045 0.2112 -0.2559, 1.0453 0.2165 -0.2559, 0.9089 0.1378 -0.2559, 0.9339 0.1704 -0.2559, -1.5402 -0.0394 -0.2165, -1.5714 -0.0801 0.0197, -1.5714 -0.0801 -0.2165, -1.6122 -0.1114 0.0197, -1.6122 -0.1114 -0.2165, -1.6597 -0.1311 0.0197, -1.6597 -0.1311 -0.2165, -1.7106 -0.1378 0.0197, -1.7106 -0.1378 -0.2165, -1.7616 -0.1311 0.0197, -1.7616 -0.1311 -0.2165, -1.8091 -0.1114 0.0197, -1.8091 -0.1114 -0.2165, -1.8498 -0.0801 0.0197, -1.8498 -0.0801 -0.2165, -1.8811 -0.0394 0.0197, -1.8811 -0.0394 -0.2165, -1.8995 0.0051 0.0197, -1.9008 0.0081 -0.2165, -1.9008 0.0081 0.0197, -1.9075 0.0591 0.0197, -1.9075 0.0591 -0.2165, -1.9008 0.11 0.0197, -1.9008 0.11 -0.2165, -1.8811 0.1575 0.0197, -1.8811 0.1575 -0.2165, -1.8498 0.1983 0.0197, -1.8498 0.1983 -0.2165, -1.8418 0.2044 0.0197, -1.8091 0.2295 -0.2165, -1.8091 0.2295 0.0197, -1.7616 0.2492 0.0197, -1.7616 0.2492 -0.2165, -1.7106 0.2559 0.0197, -1.7106 0.2559 -0.2165, -1.6597 0.2492 0.0197, -1.6597 0.2492 -0.2165, -1.6122 0.2295 0.0197, -1.6122 0.2295 -0.2165, -1.5794 0.2044 0.0197, -1.5714 0.1983 -0.2165, -1.5714 0.1983 0.0197, -1.5402 0.1575 0.0197, -1.5402 0.1575 -0.2165, -1.5205 0.11 0.0197, -1.5205 0.11 -0.2165, -1.5138 0.0591 0.0197, -1.5138 0.0591 -0.2165, -1.5205 0.0081 0.0197, -1.5205 0.0081 -0.2165, -1.5217 0.0051 0.0197, -1.5402 -0.0394 0.0197, -1.847 -0.0197 -0.2559, -1.8627 0.0183 -0.2559, -1.7106 0.0591 -0.2559, -1.8681 0.0591 -0.2559, -1.8627 0.0998 -0.2559, -1.7514 -0.0931 -0.2559, -1.7894 -0.0773 -0.2559, -1.822 -0.0523 -0.2559, -1.6319 -0.0773 -0.2559, -1.6699 -0.0931 -0.2559, -1.7106 -0.0984 -0.2559, -1.5585 0.0183 -0.2559, -1.5743 -0.0197 -0.2559, -1.5993 -0.0523 -0.2559, -1.5743 0.1378 -0.2559, -1.5585 0.0998 -0.2559, -1.5532 0.0591 -0.2559, -1.6699 0.2112 -0.2559, -1.6319 0.1954 -0.2559, -1.5993 0.1704 -0.2559, -1.7894 0.1954 -0.2559, -1.7514 0.2112 -0.2559, -1.7106 0.2165 -0.2559, -1.847 0.1378 -0.2559, -1.822 0.1704 -0.2559, -1.8726 0.1025 -0.2546, -1.8558 0.1429 -0.2546, -1.8292 0.1776 -0.2546, -1.7945 0.2043 -0.2546, -1.754 0.221 -0.2546, -1.7106 0.2267 -0.2546, -1.6672 0.221 -0.2546, -1.6268 0.2043 -0.2546, -1.5921 0.1776 -0.2546, -1.5654 0.1429 -0.2546, -1.5487 0.1025 -0.2546, -1.543 0.0591 -0.2546, -1.5487 0.0157 -0.2546, -1.5654 -0.0248 -0.2546, -1.5921 -0.0595 -0.2546, -1.6268 -0.0861 -0.2546, -1.6672 -0.1029 -0.2546, -1.7106 -0.1086 -0.2546, -1.754 -0.1029 -0.2546, -1.7945 -0.0861 -0.2546, -1.8292 -0.0595 -0.2546, -1.8558 -0.0248 -0.2546, -1.8726 0.0157 -0.2546, -1.8783 0.0591 -0.2546, -1.8818 0.1049 -0.2506, -1.8641 0.1476 -0.2506, -1.8359 0.1843 -0.2506, -1.7992 0.2125 -0.2506, -1.7565 0.2302 -0.2506, -1.7106 0.2362 -0.2506, -1.6648 0.2302 -0.2506, -1.6221 0.2125 -0.2506, -1.5854 0.1843 -0.2506, -1.5572 0.1476 -0.2506, -1.5395 0.1049 -0.2506, -1.5335 0.0591 -0.2506, -1.5395 0.0132 -0.2506, -1.5572 -0.0295 -0.2506, -1.5854 -0.0662 -0.2506, -1.6221 -0.0944 -0.2506, -1.6648 -0.1121 -0.2506, -1.7106 -0.1181 -0.2506, -1.7565 -0.1121 -0.2506, -1.7992 -0.0944 -0.2506, -1.8359 -0.0662 -0.2506, -1.8641 -0.0295 -0.2506, -1.8818 0.0132 -0.2506, -1.8878 0.0591 -0.2506, -1.8896 0.107 -0.2444, -1.8711 0.1517 -0.2444, -1.8417 0.1901 -0.2444, -1.8033 0.2196 -0.2444, -1.7586 0.2381 -0.2444, -1.7106 0.2444 -0.2444, -1.6627 0.2381 -0.2444, -1.618 0.2196 -0.2444, -1.5796 0.1901 -0.2444, -1.5501 0.1517 -0.2444, -1.5316 0.107 -0.2444, -1.5253 0.0591 -0.2444, -1.5316 0.0111 -0.2444, -1.5501 -0.0336 -0.2444, -1.5796 -0.072 -0.2444, -1.618 -0.1014 -0.2444, -1.6627 -0.1199 -0.2444, -1.7106 -0.1263 -0.2444, -1.7586 -0.1199 -0.2444, -1.8033 -0.1014 -0.2444, -1.8417 -0.072 -0.2444, -1.8711 -0.0336 -0.2444, -1.8896 0.0111 -0.2444, -1.896 0.0591 -0.2444, -1.8957 0.1086 -0.2362, -1.8765 0.1548 -0.2362, -1.8461 0.1945 -0.2362, -1.8064 0.225 -0.2362, -1.7602 0.2441 -0.2362, -1.7106 0.2506 -0.2362, -1.6611 0.2441 -0.2362, -1.6148 0.225 -0.2362, -1.5752 0.1945 -0.2362, -1.5447 0.1548 -0.2362, -1.5256 0.1086 -0.2362, -1.5191 0.0591 -0.2362, -1.5256 0.0095 -0.2362, -1.5447 -0.0367 -0.2362, -1.5752 -0.0764 -0.2362, -1.6148 -0.1068 -0.2362, -1.6611 -0.126 -0.2362, -1.7106 -0.1325 -0.2362, -1.7602 -0.126 -0.2362, -1.8064 -0.1068 -0.2362, -1.8461 -0.0764 -0.2362, -1.8765 -0.0367 -0.2362, -1.8957 0.0095 -0.2362, -1.9022 0.0591 -0.2362, -1.8995 0.1097 -0.2267, -1.8799 0.1568 -0.2267, -1.8489 0.1973 -0.2267, -1.8084 0.2284 -0.2267, -1.7612 0.2479 -0.2267, -1.7106 0.2546 -0.2267, -1.66 0.2479 -0.2267, -1.6129 0.2284 -0.2267, -1.5724 0.1973 -0.2267, -1.5413 0.1568 -0.2267, -1.5218 0.1097 -0.2267, -1.5151 0.0591 -0.2267, -1.5218 0.0085 -0.2267, -1.5413 -0.0387 -0.2267, -1.5724 -0.0792 -0.2267, -1.6129 -0.1103 -0.2267, -1.66 -0.1298 -0.2267, -1.7106 -0.1364 -0.2267, -1.7612 -0.1298 -0.2267, -1.8084 -0.1103 -0.2267, -1.8489 -0.0792 -0.2267, -1.8799 -0.0387 -0.2267, -1.8995 0.0085 -0.2267, -1.9061 0.0591 -0.2267, 0.8833 0.1025 -0.2546, 0.9001 0.1429 -0.2546, 0.9267 0.1776 -0.2546, 0.9614 0.2043 -0.2546, 1.0019 0.221 -0.2546, 1.0453 0.2267 -0.2546, 1.0887 0.221 -0.2546, 1.1291 0.2043 -0.2546, 1.1638 0.1776 -0.2546, 1.1905 0.1429 -0.2546, 1.2072 0.1025 -0.2546, 1.2129 0.0591 -0.2546, 1.2072 0.0157 -0.2546, 1.1905 -0.0248 -0.2546, 1.1638 -0.0595 -0.2546, 1.1291 -0.0861 -0.2546, 1.0887 -0.1029 -0.2546, 1.0453 -0.1086 -0.2546, 1.0019 -0.1029 -0.2546, 0.9614 -0.0861 -0.2546, 0.9267 -0.0595 -0.2546, 0.9001 -0.0248 -0.2546, 0.8833 0.0157 -0.2546, 0.8776 0.0591 -0.2546, 0.8741 0.1049 -0.2506, 0.8918 0.1476 -0.2506, 0.92 0.1843 -0.2506, 0.9567 0.2125 -0.2506, 0.9994 0.2302 -0.2506, 1.0453 0.2362 -0.2506, 1.0911 0.2302 -0.2506, 1.1339 0.2125 -0.2506, 1.1705 0.1843 -0.2506, 1.1987 0.1476 -0.2506, 1.2164 0.1049 -0.2506, 1.2224 0.0591 -0.2506, 1.2164 0.0132 -0.2506, 1.1987 -0.0295 -0.2506, 1.1705 -0.0662 -0.2506, 1.1339 -0.0944 -0.2506, 1.0911 -0.1121 -0.2506, 1.0453 -0.1181 -0.2506, 0.9994 -0.1121 -0.2506, 0.9567 -0.0944 -0.2506, 0.92 -0.0662 -0.2506, 0.8918 -0.0295 -0.2506, 0.8741 0.0132 -0.2506, 0.8681 0.0591 -0.2506, 0.8663 0.107 -0.2444, 0.8848 0.1517 -0.2444, 0.9142 0.1901 -0.2444, 0.9526 0.2196 -0.2444, 0.9973 0.2381 -0.2444, 1.0453 0.2444 -0.2444, 1.0932 0.2381 -0.2444, 1.1379 0.2196 -0.2444, 1.1763 0.1901 -0.2444, 1.2058 0.1517 -0.2444, 1.2243 0.107 -0.2444, 1.2306 0.0591 -0.2444, 1.2243 0.0111 -0.2444, 1.2058 -0.0336 -0.2444, 1.1763 -0.072 -0.2444, 1.1379 -0.1014 -0.2444, 1.0932 -0.1199 -0.2444, 1.0453 -0.1263 -0.2444, 0.9973 -0.1199 -0.2444, 0.9526 -0.1014 -0.2444, 0.9142 -0.072 -0.2444, 0.8848 -0.0336 -0.2444, 0.8663 0.0111 -0.2444, 0.86 0.0591 -0.2444, 0.8602 0.1086 -0.2362, 0.8794 0.1548 -0.2362, 0.9098 0.1945 -0.2362, 0.9495 0.225 -0.2362, 0.9957 0.2441 -0.2362, 1.0453 0.2506 -0.2362, 1.0949 0.2441 -0.2362, 1.1411 0.225 -0.2362, 1.1807 0.1945 -0.2362, 1.2112 0.1548 -0.2362, 1.2303 0.1086 -0.2362, 1.2368 0.0591 -0.2362, 1.2303 0.0095 -0.2362, 1.2112 -0.0367 -0.2362, 1.1807 -0.0764 -0.2362, 1.1411 -0.1068 -0.2362, 1.0949 -0.126 -0.2362, 1.0453 -0.1325 -0.2362, 0.9957 -0.126 -0.2362, 0.9495 -0.1068 -0.2362, 0.9098 -0.0764 -0.2362, 0.8794 -0.0367 -0.2362, 0.8602 0.0095 -0.2362, 0.8537 0.0591 -0.2362, 0.8564 0.1097 -0.2267, 0.876 0.1568 -0.2267, 0.907 0.1973 -0.2267, 0.9475 0.2284 -0.2267, 0.9947 0.2479 -0.2267, 1.0453 0.2546 -0.2267, 1.0959 0.2479 -0.2267, 1.143 0.2284 -0.2267, 1.1835 0.1973 -0.2267, 1.2146 0.1568 -0.2267, 1.2341 0.1097 -0.2267, 1.2408 0.0591 -0.2267, 1.2341 0.0085 -0.2267, 1.2146 -0.0387 -0.2267, 1.1835 -0.0792 -0.2267, 1.143 -0.1103 -0.2267, 1.0959 -0.1298 -0.2267, 1.0453 -0.1364 -0.2267, 0.9947 -0.1298 -0.2267, 0.9475 -0.1103 -0.2267, 0.907 -0.0792 -0.2267, 0.876 -0.0387 -0.2267, 0.8564 0.0085 -0.2267, 0.8498 0.0591 -0.2267, 1.439 0.2734 0.9055, 1.8327 0.2734 0.9055, 1.439 0.2661 0.961, 1.8327 0.2661 0.961, 1.439 0.2447 1.0127, 1.8327 0.2447 1.0127, 1.439 0.2106 1.0571, 1.8327 0.2106 1.0571, 1.439 0.1662 1.0912, 1.8327 0.1662 1.0912, 1.439 0.1145 1.1126, 1.8327 0.1145 1.1126, 1.439 0.0591 1.1199, 1.8327 0.0591 1.1199, 1.439 0.0036 1.1126, 1.8327 0.0036 1.1126, 1.439 -0.0481 1.0912, 1.8327 -0.0481 1.0912, 1.439 -0.0925 1.0571, 1.8327 -0.0925 1.0571, 1.439 -0.1266 1.0127, 1.8327 -0.1266 1.0127, 1.439 -0.148 0.961, 1.8327 -0.148 0.961, 1.439 -0.1553 0.9055, 1.8327 -0.1553 0.9055, 1.439 -0.148 0.85, 1.8327 -0.148 0.85, 1.439 -0.1266 0.7983, 1.8327 -0.1266 0.7983, 1.439 -0.0925 0.7539, 1.8327 -0.0925 0.7539, 1.439 -0.0481 0.7199, 1.8327 -0.0481 0.7199, 1.439 0.0036 0.6984, 1.8327 0.0036 0.6984, 1.439 0.0591 0.6911, 1.8327 0.0591 0.6911, 1.439 0.1145 0.6984, 1.8327 0.1145 0.6984, 1.439 0.1662 0.7199, 1.8327 0.1662 0.7199, 1.439 0.2106 0.7539, 1.8327 0.2106 0.7539, 1.439 0.2447 0.7983, 1.8327 0.2447 0.7983, 1.439 0.2661 0.85, 1.8327 0.2661 0.85, 1.439 0.0591 0.9055, 1.439 -1.1878 1.2008, 1.439 -0.2635 1.2008, 1.8327 -1.1878 1.2008, 1.8327 -0.2635 1.2008, 1.439 -0.2635 0.3314, 1.8327 -0.2635 0.3314, 1.439 -0.6548 0.3314, 1.8327 -0.6548 0.3314, 1.439 -0.6548 0.2383, 1.8327 -0.6548 0.2383, 1.439 -0.4919 0.2383, 1.8327 -0.4919 0.2383, 1.439 -0.4919 0.0197, 1.8327 -0.4919 0.0197, 1.439 -0.8367 0.2383, 1.439 -0.7965 0.2383, 1.8327 -0.8367 0.2383, 1.8327 -0.7965 0.2383, 1.439 -0.7965 0.3314, 1.8327 -0.7965 0.3314, 1.439 -0.9424 0.3314, 1.8327 -0.9424 0.3314, 1.439 -1.0524 0.3314, 1.439 -1.1878 0.3314, 1.8327 -1.0524 0.3314, 1.8327 -1.1878 0.3314, 1.439 0.3943 1.2008, 1.439 1.2008 1.2008, 1.8327 0.3943 1.2008, 1.8327 1.2008 1.2008, 1.439 1.2008 0.2383, 1.8327 1.2008 0.2383, 1.439 1.2277 0.2383, 1.8327 1.2277 0.2383, 1.439 1.2277 0.0197, 1.8327 1.2277 0.0197, 1.439 0.3985 0.0197, 1.439 0.3985 0.2383, 1.8327 0.3985 0.0197, 1.8327 0.3985 0.2383, 1.439 0.6735 0.2383, 1.8327 0.6735 0.2383, 1.439 0.6735 0.3314, 1.8327 0.6735 0.3314, 1.439 0.3943 0.3314, 1.8327 0.3943 0.3314, 1.439 0.8321 0.2383, 1.439 1.1198 0.2383, 1.439 1.1198 0.3314, 1.439 0.8321 0.3314, 1.8327 0.8321 0.2383, 1.8327 1.1198 0.2383, 1.8327 0.8321 0.3314, 1.8327 1.1198 0.3314, 0.5018 -0.6877 0.0197, 1.439 -0.6877 0.0197, 0.5018 -0.6877 0.1378, 1.439 -0.6877 0.1378, 1.8327 -0.8367 0.1378, 1.8327 -0.9424 0.1378, 1.439 -0.8367 0.1378, 1.439 -0.9424 0.1378, 1.8327 -1.0524 0.1378, 1.8327 -1.2795 0.1378, 1.439 -1.0524 0.1378, 0.5018 -1.2795 0.1378, 0.5018 -0.7087 0.0197, 0.5018 -1.2795 0.0197, -0.179 1.3976 0.1378, -0.179 0.9479 0.1378, -0.6883 0.9479 0.1378, -1.0413 1.3976 0.1378, -1.0413 1.315 0.1378, -0.8064 0.6492 0.1378, -0.6883 0.7673 0.1378, -0.7801 0.6522 0.1378, -0.7 0.7161 0.1378, -0.7141 0.6937 0.1378, -0.7328 0.675 0.1378, -1.8588 0.9479 0.1378, -2.3012 1.315 0.1378, -1.1682 0.9479 0.1378, -1.1682 0.7673 0.1378, -1.0501 0.6492 0.1378, -0.6913 0.741 0.1378, -0.7552 0.6609 0.1378, -2.5885 1.3976 0.1378, -2.3012 1.3976 0.1378, -2.5885 0.9479 0.1378, -2.3338 0.9479 0.1378, -2.3338 0.7673 0.1378, -1.8588 0.7673 0.1378, -1.0764 0.6522 0.1378, -1.1014 0.6609 0.1378, -1.1238 0.675 0.1378, -1.1425 0.6937 0.1378, -1.1566 0.7161 0.1378, -1.1653 0.741 0.1378, -1.9769 0.6492 0.1378, -1.8618 0.741 0.1378, -1.8705 0.7161 0.1378, -1.8846 0.6937 0.1378, -1.9033 0.675 0.1378, -1.9506 0.6522 0.1378, -1.9257 0.6609 0.1378, -2.3081 0.6937 0.1378, -2.242 0.6522 0.1378, -2.2894 0.675 0.1378, -2.267 0.6609 0.1378, -2.3221 0.7161 0.1378, -2.3309 0.741 0.1378, -2.2157 0.6492 0.1378, -0.179 0.9479 0.0197, -0.179 1.3976 0.0197, -2.5885 1.3976 0.0197, -2.5885 0.9479 0.0197, -2.3406 0.9479 0.0197, -2.3338 0.9479 0.0197, -2.3338 0.7673 0.0197, -2.2157 0.6492 0.0197, -2.242 0.6522 0.0197, -2.267 0.6609 0.0197, -2.2894 0.675 0.0197, -2.3081 0.6937 0.0197, -2.3221 0.7161 0.0197, -2.3309 0.741 0.0197, -1.9769 0.6492 0.0197, -1.8588 0.7673 0.0197, -1.8618 0.741 0.0197, -1.8705 0.7161 0.0197, -1.8846 0.6937 0.0197, -1.9033 0.675 0.0197, -1.9257 0.6609 0.0197, -1.9506 0.6522 0.0197, -1.8588 0.9479 0.0197, -1.3185 0.9479 0.0197, -1.1682 0.9479 0.0197, -1.1682 0.7673 0.0197, -1.0501 0.6492 0.0197, -1.0764 0.6522 0.0197, -1.1014 0.6609 0.0197, -1.1238 0.675 0.0197, -1.1425 0.6937 0.0197, -1.1566 0.7161 0.0197, -1.1653 0.741 0.0197, -0.8064 0.6492 0.0197, -0.9383 0.6492 0.0197, -0.6883 0.7673 0.0197, -0.6913 0.741 0.0197, -0.7 0.7161 0.0197, -0.7141 0.6937 0.0197, -0.7328 0.675 0.0197, -0.7535 0.662 0.0197, -0.7552 0.6609 0.0197, -0.7801 0.6522 0.0197, -0.6883 0.9479 0.0197, -0.4354 0.9479 0.0197, -0.6094 0.9479 0.0197, -1.8651 1.3304 1.0017, -1.8651 1.315 1.0017, -1.4825 1.3304 1.0017, -1.4825 1.315 1.0017, -1.4825 1.3933 0.7671, -1.4825 1.315 0.7671, -1.8651 1.3933 0.7671, -1.8651 1.315 0.7671, -1.4825 -1.2123 1.0017, -1.4825 -1.2008 1.0017, -1.8651 -1.2123 1.0017, -1.8651 -1.2008 1.0017, -1.8651 -1.2752 0.7671, -1.8651 -1.2008 0.7671, -1.4825 -1.2752 0.7671, -1.4825 -1.2008 0.7671
            ]
        }
        coordIndex [
            0,1,2,-1,2,1,3,-1,2,3,4,-1,4,3,5,-1,4,5,6,-1,6,5,7,-1,6,7,8,-1,8,7,9,-1,8,9,10,-1,10,9,11,-1,10,11,12,-1,12,11,13,-1,12,13,14,-1,14,13,15,-1,14,15,16,-1,16,15,17,-1,16,17,18,-1,17,19,18,-1,18,19,20,-1,18,20,21,-1,21,20,22,-1,21,22,23,-1,23,22,24,-1,23,24,25,-1,25,24,26,-1,25,26,27,-1,27,26,28,-1,27,28,29,-1,28,30,29,-1,29,30,31,-1,29,31,32,-1,32,31,33,-1,32,33,34,-1,34,33,35,-1,34,35,36,-1,36,35,37,-1,36,37,38,-1,38,37,39,-1,38,39,40,-1,39,41,40,-1,40,41,42,-1,40,42,43,-1,43,42,44,-1,43,44,45,-1,45,44,46,-1,45,46,47,-1,47,46,48,-1,47,48,49,-1,49,48,50,-1,49,50,0,-1,0,50,51,-1,0,51,1,-1,52,53,54,-1,54,53,55,-1,54,55,56,-1,57,58,54,-1,54,58,59,-1,54,59,52,-1,60,61,54,-1,54,61,62,-1,54,62,57,-1,63,64,54,-1,54,64,65,-1,54,65,60,-1,66,67,54,-1,54,67,68,-1,54,68,63,-1,69,70,54,-1,54,70,71,-1,54,71,66,-1,72,73,54,-1,54,73,74,-1,54,74,69,-1,56,75,54,-1,54,75,76,-1,54,76,72,-1,77,78,79,-1,79,78,80,-1,79,80,81,-1,81,80,82,-1,81,82,83,-1,83,82,84,-1,83,84,85,-1,85,84,86,-1,85,86,87,-1,87,86,88,-1,87,88,89,-1,89,88,90,-1,89,90,91,-1,91,90,92,-1,91,92,93,-1,93,92,94,-1,93,94,95,-1,94,96,95,-1,95,96,97,-1,95,97,98,-1,98,97,99,-1,98,99,100,-1,100,99,101,-1,100,101,102,-1,102,101,103,-1,102,103,104,-1,104,103,105,-1,104,105,106,-1,105,107,106,-1,106,107,108,-1,106,108,109,-1,109,108,110,-1,109,110,111,-1,111,110,112,-1,111,112,113,-1,113,112,114,-1,113,114,115,-1,115,114,116,-1,115,116,117,-1,116,118,117,-1,117,118,119,-1,117,119,120,-1,120,119,121,-1,120,121,122,-1,122,121,123,-1,122,123,124,-1,124,123,125,-1,124,125,126,-1,126,125,127,-1,126,127,77,-1,77,127,128,-1,77,128,78,-1,129,130,131,-1,131,130,132,-1,131,132,133,-1,134,135,131,-1,131,135,136,-1,131,136,129,-1,137,138,131,-1,131,138,139,-1,131,139,134,-1,140,141,131,-1,131,141,142,-1,131,142,137,-1,143,144,131,-1,131,144,145,-1,131,145,140,-1,146,147,131,-1,131,147,148,-1,131,148,143,-1,149,150,131,-1,131,150,151,-1,131,151,146,-1,133,152,131,-1,131,152,153,-1,131,153,149,-1,132,154,133,-1,133,154,155,-1,133,155,152,-1,152,155,156,-1,152,156,153,-1,153,156,157,-1,153,157,149,-1,149,157,158,-1,149,158,150,-1,150,158,159,-1,150,159,151,-1,151,159,160,-1,151,160,146,-1,146,160,161,-1,146,161,147,-1,147,161,162,-1,147,162,148,-1,148,162,163,-1,148,163,143,-1,143,163,164,-1,143,164,144,-1,144,164,165,-1,144,165,145,-1,145,165,166,-1,145,166,140,-1,140,166,167,-1,140,167,141,-1,141,167,168,-1,141,168,142,-1,142,168,169,-1,142,169,137,-1,137,169,170,-1,137,170,138,-1,138,170,171,-1,138,171,139,-1,139,171,172,-1,139,172,134,-1,134,172,173,-1,134,173,135,-1,135,173,174,-1,135,174,136,-1,136,174,175,-1,136,175,129,-1,129,175,176,-1,129,176,130,-1,130,176,177,-1,130,177,132,-1,132,177,154,-1,177,178,154,-1,154,178,179,-1,154,179,155,-1,155,179,180,-1,155,180,156,-1,156,180,181,-1,156,181,157,-1,157,181,182,-1,157,182,158,-1,158,182,183,-1,158,183,159,-1,159,183,184,-1,159,184,160,-1,160,184,185,-1,160,185,161,-1,161,185,186,-1,161,186,162,-1,162,186,187,-1,162,187,163,-1,163,187,188,-1,163,188,164,-1,164,188,189,-1,164,189,165,-1,165,189,190,-1,165,190,166,-1,166,190,191,-1,166,191,167,-1,167,191,192,-1,167,192,168,-1,168,192,193,-1,168,193,169,-1,169,193,194,-1,169,194,170,-1,170,194,195,-1,170,195,171,-1,171,195,196,-1,171,196,172,-1,172,196,197,-1,172,197,173,-1,173,197,198,-1,173,198,174,-1,174,198,199,-1,174,199,175,-1,175,199,200,-1,175,200,176,-1,176,200,201,-1,176,201,177,-1,177,201,178,-1,201,202,178,-1,178,202,203,-1,178,203,179,-1,179,203,204,-1,179,204,180,-1,180,204,205,-1,180,205,181,-1,181,205,206,-1,181,206,182,-1,182,206,207,-1,182,207,183,-1,183,207,208,-1,183,208,184,-1,184,208,209,-1,184,209,185,-1,185,209,210,-1,185,210,186,-1,186,210,211,-1,186,211,187,-1,187,211,212,-1,187,212,188,-1,188,212,213,-1,188,213,189,-1,189,213,214,-1,189,214,190,-1,190,214,215,-1,190,215,191,-1,191,215,216,-1,191,216,192,-1,192,216,217,-1,192,217,193,-1,193,217,218,-1,193,218,194,-1,194,218,219,-1,194,219,195,-1,195,219,220,-1,195,220,196,-1,196,220,221,-1,196,221,197,-1,197,221,222,-1,197,222,198,-1,198,222,223,-1,198,223,199,-1,199,223,224,-1,199,224,200,-1,200,224,225,-1,200,225,201,-1,201,225,202,-1,225,226,202,-1,202,226,227,-1,202,227,203,-1,203,227,228,-1,203,228,204,-1,204,228,229,-1,204,229,205,-1,205,229,230,-1,205,230,206,-1,206,230,231,-1,206,231,207,-1,207,231,232,-1,207,232,208,-1,208,232,233,-1,208,233,209,-1,209,233,234,-1,209,234,210,-1,210,234,235,-1,210,235,211,-1,211,235,236,-1,211,236,212,-1,212,236,237,-1,212,237,213,-1,213,237,238,-1,213,238,214,-1,214,238,239,-1,214,239,215,-1,215,239,240,-1,215,240,216,-1,216,240,241,-1,216,241,217,-1,217,241,242,-1,217,242,218,-1,218,242,243,-1,218,243,219,-1,219,243,244,-1,219,244,220,-1,220,244,245,-1,220,245,221,-1,221,245,246,-1,221,246,222,-1,222,246,247,-1,222,247,223,-1,223,247,248,-1,223,248,224,-1,224,248,249,-1,224,249,225,-1,225,249,226,-1,249,250,226,-1,226,250,251,-1,226,251,227,-1,227,251,252,-1,227,252,228,-1,228,252,253,-1,228,253,229,-1,229,253,254,-1,229,254,230,-1,230,254,255,-1,230,255,231,-1,231,255,256,-1,231,256,232,-1,232,256,257,-1,232,257,233,-1,233,257,258,-1,233,258,234,-1,234,258,259,-1,234,259,235,-1,235,259,260,-1,235,260,236,-1,236,260,261,-1,236,261,237,-1,237,261,262,-1,237,262,238,-1,238,262,263,-1,238,263,239,-1,239,263,264,-1,239,264,240,-1,240,264,265,-1,240,265,241,-1,241,265,266,-1,241,266,242,-1,242,266,267,-1,242,267,243,-1,243,267,268,-1,243,268,244,-1,244,268,269,-1,244,269,245,-1,245,269,270,-1,245,270,246,-1,246,270,271,-1,246,271,247,-1,247,271,272,-1,247,272,248,-1,248,272,273,-1,248,273,249,-1,249,273,250,-1,273,100,250,-1,250,100,102,-1,250,102,251,-1,251,102,104,-1,251,104,252,-1,252,104,106,-1,252,106,253,-1,253,106,109,-1,253,109,254,-1,254,109,111,-1,254,111,255,-1,255,111,113,-1,255,113,256,-1,256,113,115,-1,256,115,257,-1,257,115,117,-1,257,117,258,-1,258,117,120,-1,258,120,259,-1,259,120,122,-1,259,122,260,-1,260,122,124,-1,260,124,261,-1,261,124,126,-1,261,126,262,-1,262,126,77,-1,262,77,263,-1,263,77,79,-1,263,79,264,-1,264,79,81,-1,264,81,265,-1,265,81,83,-1,265,83,266,-1,266,83,85,-1,266,85,267,-1,267,85,87,-1,267,87,268,-1,268,87,89,-1,268,89,269,-1,269,89,91,-1,269,91,270,-1,270,91,93,-1,270,93,271,-1,271,93,95,-1,271,95,272,-1,272,95,98,-1,272,98,273,-1,273,98,100,-1,55,274,56,-1,56,274,275,-1,56,275,75,-1,75,275,276,-1,75,276,76,-1,76,276,277,-1,76,277,72,-1,72,277,278,-1,72,278,73,-1,73,278,279,-1,73,279,74,-1,74,279,280,-1,74,280,69,-1,69,280,281,-1,69,281,70,-1,70,281,282,-1,70,282,71,-1,71,282,283,-1,71,283,66,-1,66,283,284,-1,66,284,67,-1,67,284,285,-1,67,285,68,-1,68,285,286,-1,68,286,63,-1,63,286,287,-1,63,287,64,-1,64,287,288,-1,64,288,65,-1,65,288,289,-1,65,289,60,-1,60,289,290,-1,60,290,61,-1,61,290,291,-1,61,291,62,-1,62,291,292,-1,62,292,57,-1,57,292,293,-1,57,293,58,-1,58,293,294,-1,58,294,59,-1,59,294,295,-1,59,295,52,-1,52,295,296,-1,52,296,53,-1,53,296,297,-1,53,297,55,-1,55,297,274,-1,297,298,274,-1,274,298,299,-1,274,299,275,-1,275,299,300,-1,275,300,276,-1,276,300,301,-1,276,301,277,-1,277,301,302,-1,277,302,278,-1,278,302,303,-1,278,303,279,-1,279,303,304,-1,279,304,280,-1,280,304,305,-1,280,305,281,-1,281,305,306,-1,281,306,282,-1,282,306,307,-1,282,307,283,-1,283,307,308,-1,283,308,284,-1,284,308,309,-1,284,309,285,-1,285,309,310,-1,285,310,286,-1,286,310,311,-1,286,311,287,-1,287,311,312,-1,287,312,288,-1,288,312,313,-1,288,313,289,-1,289,313,314,-1,289,314,290,-1,290,314,315,-1,290,315,291,-1,291,315,316,-1,291,316,292,-1,292,316,317,-1,292,317,293,-1,293,317,318,-1,293,318,294,-1,294,318,319,-1,294,319,295,-1,295,319,320,-1,295,320,296,-1,296,320,321,-1,296,321,297,-1,297,321,298,-1,321,322,298,-1,298,322,323,-1,298,323,299,-1,299,323,324,-1,299,324,300,-1,300,324,325,-1,300,325,301,-1,301,325,326,-1,301,326,302,-1,302,326,327,-1,302,327,303,-1,303,327,328,-1,303,328,304,-1,304,328,329,-1,304,329,305,-1,305,329,330,-1,305,330,306,-1,306,330,331,-1,306,331,307,-1,307,331,332,-1,307,332,308,-1,308,332,333,-1,308,333,309,-1,309,333,334,-1,309,334,310,-1,310,334,335,-1,310,335,311,-1,311,335,336,-1,311,336,312,-1,312,336,337,-1,312,337,313,-1,313,337,338,-1,313,338,314,-1,314,338,339,-1,314,339,315,-1,315,339,340,-1,315,340,316,-1,316,340,341,-1,316,341,317,-1,317,341,342,-1,317,342,318,-1,318,342,343,-1,318,343,319,-1,319,343,344,-1,319,344,320,-1,320,344,345,-1,320,345,321,-1,321,345,322,-1,345,346,322,-1,322,346,347,-1,322,347,323,-1,323,347,348,-1,323,348,324,-1,324,348,349,-1,324,349,325,-1,325,349,350,-1,325,350,326,-1,326,350,351,-1,326,351,327,-1,327,351,352,-1,327,352,328,-1,328,352,353,-1,328,353,329,-1,329,353,354,-1,329,354,330,-1,330,354,355,-1,330,355,331,-1,331,355,356,-1,331,356,332,-1,332,356,357,-1,332,357,333,-1,333,357,358,-1,333,358,334,-1,334,358,359,-1,334,359,335,-1,335,359,360,-1,335,360,336,-1,336,360,361,-1,336,361,337,-1,337,361,362,-1,337,362,338,-1,338,362,363,-1,338,363,339,-1,339,363,364,-1,339,364,340,-1,340,364,365,-1,340,365,341,-1,341,365,366,-1,341,366,342,-1,342,366,367,-1,342,367,343,-1,343,367,368,-1,343,368,344,-1,344,368,369,-1,344,369,345,-1,345,369,346,-1,369,370,346,-1,346,370,371,-1,346,371,347,-1,347,371,372,-1,347,372,348,-1,348,372,373,-1,348,373,349,-1,349,373,374,-1,349,374,350,-1,350,374,375,-1,350,375,351,-1,351,375,376,-1,351,376,352,-1,352,376,377,-1,352,377,353,-1,353,377,378,-1,353,378,354,-1,354,378,379,-1,354,379,355,-1,355,379,380,-1,355,380,356,-1,356,380,381,-1,356,381,357,-1,357,381,382,-1,357,382,358,-1,358,382,383,-1,358,383,359,-1,359,383,384,-1,359,384,360,-1,360,384,385,-1,360,385,361,-1,361,385,386,-1,361,386,362,-1,362,386,387,-1,362,387,363,-1,363,387,388,-1,363,388,364,-1,364,388,389,-1,364,389,365,-1,365,389,390,-1,365,390,366,-1,366,390,391,-1,366,391,367,-1,367,391,392,-1,367,392,368,-1,368,392,393,-1,368,393,369,-1,369,393,370,-1,393,23,370,-1,370,23,25,-1,370,25,371,-1,371,25,27,-1,371,27,372,-1,372,27,29,-1,372,29,373,-1,373,29,32,-1,373,32,374,-1,374,32,34,-1,374,34,375,-1,375,34,36,-1,375,36,376,-1,376,36,38,-1,376,38,377,-1,377,38,40,-1,377,40,378,-1,378,40,43,-1,378,43,379,-1,379,43,45,-1,379,45,380,-1,380,45,47,-1,380,47,381,-1,381,47,49,-1,381,49,382,-1,382,49,0,-1,382,0,383,-1,383,0,2,-1,383,2,384,-1,384,2,4,-1,384,4,385,-1,385,4,6,-1,385,6,386,-1,386,6,8,-1,386,8,387,-1,387,8,10,-1,387,10,388,-1,388,10,12,-1,388,12,389,-1,389,12,14,-1,389,14,390,-1,390,14,16,-1,390,16,391,-1,391,16,18,-1,391,18,392,-1,392,18,21,-1,392,21,393,-1,393,21,23,-1,394,395,396,-1,396,395,397,-1,396,397,398,-1,398,397,399,-1,398,399,400,-1,400,399,401,-1,400,401,402,-1,402,401,403,-1,402,403,404,-1,404,403,405,-1,404,405,406,-1,406,405,407,-1,406,407,408,-1,408,407,409,-1,408,409,410,-1,410,409,411,-1,410,411,412,-1,412,411,413,-1,412,413,414,-1,414,413,415,-1,414,415,416,-1,416,415,417,-1,416,417,418,-1,418,417,419,-1,418,419,420,-1,420,419,421,-1,420,421,422,-1,422,421,423,-1,422,423,424,-1,424,423,425,-1,424,425,426,-1,426,425,427,-1,426,427,428,-1,428,427,429,-1,428,429,430,-1,430,429,431,-1,430,431,432,-1,432,431,433,-1,432,433,434,-1,434,433,435,-1,434,435,436,-1,436,435,437,-1,436,437,438,-1,438,437,439,-1,438,439,440,-1,440,439,441,-1,440,441,394,-1,394,441,395,-1,438,440,442,-1,442,440,394,-1,442,394,396,-1,432,434,442,-1,442,434,436,-1,442,436,438,-1,426,428,442,-1,442,428,430,-1,442,430,432,-1,420,422,442,-1,442,422,424,-1,442,424,426,-1,414,416,442,-1,442,416,418,-1,442,418,420,-1,408,410,442,-1,442,410,412,-1,442,412,414,-1,402,404,442,-1,442,404,406,-1,442,406,408,-1,396,398,442,-1,442,398,400,-1,442,400,402,-1,443,444,445,-1,445,444,446,-1,444,447,446,-1,446,447,448,-1,447,449,448,-1,448,449,450,-1,449,451,450,-1,450,451,452,-1,451,453,452,-1,452,453,454,-1,453,455,454,-1,454,455,456,-1,457,458,459,-1,459,458,460,-1,458,461,460,-1,460,461,462,-1,461,463,462,-1,462,463,464,-1,465,466,467,-1,467,466,468,-1,466,443,468,-1,468,443,445,-1,469,470,471,-1,471,470,472,-1,470,473,472,-1,472,473,474,-1,473,475,474,-1,474,475,476,-1,475,477,476,-1,476,477,478,-1,479,480,481,-1,481,480,482,-1,480,483,482,-1,482,483,484,-1,483,485,484,-1,484,485,486,-1,485,487,486,-1,486,487,488,-1,487,469,488,-1,488,469,471,-1,469,487,470,-1,470,487,485,-1,480,479,483,-1,483,479,477,-1,477,475,473,-1,485,483,489,-1,489,483,477,-1,489,477,490,-1,490,477,473,-1,490,473,491,-1,491,473,470,-1,491,470,492,-1,492,470,485,-1,492,485,489,-1,489,490,493,-1,493,490,494,-1,492,489,495,-1,495,489,493,-1,491,492,496,-1,496,492,495,-1,490,491,494,-1,494,491,496,-1,496,495,494,-1,494,495,493,-1,497,498,499,-1,499,498,500,-1,501,502,503,-1,503,502,504,-1,505,506,507,-1,507,506,508,-1,507,508,504,-1,504,508,499,-1,504,499,503,-1,503,499,500,-1,497,499,509,-1,509,499,508,-1,509,508,510,-1,511,512,513,-1,514,511,515,-1,515,511,513,-1,515,513,516,-1,516,513,517,-1,516,517,518,-1,519,520,521,-1,522,523,524,-1,524,523,515,-1,524,515,525,-1,525,515,516,-1,525,516,526,-1,519,521,527,-1,527,521,517,-1,517,521,528,-1,517,528,518,-1,529,530,531,-1,531,530,523,-1,531,523,532,-1,532,523,522,-1,532,522,533,-1,533,522,534,-1,526,535,525,-1,525,535,536,-1,525,536,537,-1,537,538,525,-1,525,538,539,-1,525,539,540,-1,541,542,543,-1,543,544,541,-1,541,544,545,-1,541,545,546,-1,546,545,547,-1,548,549,550,-1,550,549,551,-1,548,552,549,-1,549,552,553,-1,549,553,554,-1,554,553,533,-1,554,533,541,-1,541,533,534,-1,541,534,542,-1,512,511,555,-1,555,511,556,-1,529,531,557,-1,557,531,558,-1,558,531,559,-1,559,531,532,-1,559,532,560,-1,532,533,560,-1,560,533,561,-1,554,562,549,-1,549,562,563,-1,549,563,551,-1,551,563,564,-1,551,564,550,-1,550,564,565,-1,550,565,548,-1,548,565,566,-1,548,566,552,-1,552,566,567,-1,552,567,553,-1,553,567,568,-1,553,568,533,-1,533,568,561,-1,554,541,562,-1,562,541,569,-1,534,570,542,-1,542,570,571,-1,542,571,543,-1,543,571,572,-1,543,572,544,-1,544,572,573,-1,544,573,545,-1,545,573,574,-1,545,574,547,-1,547,574,575,-1,547,575,546,-1,546,575,576,-1,546,576,541,-1,541,576,569,-1,534,522,570,-1,570,522,577,-1,577,522,578,-1,578,522,524,-1,578,524,579,-1,524,525,579,-1,579,525,580,-1,526,581,535,-1,535,581,582,-1,535,582,536,-1,536,582,583,-1,536,583,537,-1,537,583,584,-1,537,584,538,-1,538,584,585,-1,538,585,539,-1,539,585,586,-1,539,586,540,-1,540,586,587,-1,540,587,525,-1,525,587,580,-1,516,588,526,-1,526,588,589,-1,526,589,581,-1,517,590,527,-1,527,590,591,-1,527,591,519,-1,519,591,592,-1,519,592,520,-1,520,592,593,-1,520,593,521,-1,593,594,521,-1,521,594,595,-1,521,595,528,-1,528,595,596,-1,528,596,518,-1,518,596,597,-1,518,597,516,-1,516,597,588,-1,517,513,590,-1,590,513,598,-1,513,512,555,-1,555,599,513,-1,513,599,600,-1,513,600,598,-1,601,602,603,-1,603,602,604,-1,603,604,605,-1,605,604,606,-1,605,606,607,-1,607,606,608,-1,607,608,601,-1,601,608,602,-1,603,605,601,-1,601,605,607,-1,609,610,611,-1,611,610,612,-1,611,612,613,-1,613,612,614,-1,613,614,615,-1,615,614,616,-1,615,616,609,-1,609,616,610,-1,615,609,613,-1,613,609,611,-1,
        ]
    }
}
Shape{
    appearance Appearance {
        material  Material 	{
            diffuseColor 1.0 1.0 1.0
            specularColor 0.5019607843137255 0.5019607843137255 0.5019607843137255
            ambientIntensity 1.0
            transparency 0.0
            shininess 0.5
        }
    }
    geometry IndexedFaceSet {
        ccw TRUE
        solid FALSE
        coord DEF co Coordinate {
            point [
                -1.0464 0.2032 0.0201, -1.1232 0.0063 0.0201, -1.0464 0.2032 0.0197, -1.1232 0.0063 0.0197, -1.0944 0.0063 0.0201, -1.0944 0.0063 0.0197, -1.0745 0.0616 0.0201, -1.0745 0.0616 0.0197, -0.9931 0.0616 0.0201, -0.9931 0.0616 0.0197, -0.9743 0.0063 0.0201, -0.9743 0.0063 0.0197, -0.9455 0.0063 0.0201, -0.9455 0.0063 0.0197, -1.0199 0.2032 0.0201, -1.0199 0.2032 0.0197, -0.9998 0.0832 0.0201, -1.0656 0.0832 0.0201, -1.0291 0.1654 0.0201, -1.031 0.1722 0.0201, -1.0323 0.1792 0.0201, -1.0329 0.1792 0.0201, -1.0342 0.1722 0.0201, -1.036 0.1654 0.0201, -0.9998 0.0832 0.0197, -1.0656 0.0832 0.0197, -1.0291 0.1654 0.0197, -1.031 0.1722 0.0197, -1.0323 0.1792 0.0197, -1.0329 0.1792 0.0197, -1.0342 0.1722 0.0197, -1.036 0.1654 0.0197, -0.8262 0.0063 0.0201, -0.7727 0.0063 0.0201, -0.8262 0.0063 0.0197, -0.7727 0.0063 0.0197, -0.7727 0.2032 0.0201, -0.7727 0.2032 0.0197, -0.8282 0.2032 0.0201, -0.8282 0.2032 0.0197, -0.9311 0.1072 0.0201, -0.9311 0.1072 0.0197, -0.9297 0.1258 0.0197, -0.9297 0.1258 0.0201, -0.9244 0.1452 0.0197, -0.9244 0.1452 0.0201, -0.9153 0.1621 0.0197, -0.9153 0.1621 0.0201, -0.9013 0.1775 0.0197, -0.9013 0.1775 0.0201, -0.9011 0.1777 0.0197, -0.9011 0.1777 0.0201, -0.8797 0.1921 0.0197, -0.8797 0.1921 0.0201, -0.8567 0.2002 0.0197, -0.8567 0.2002 0.0201, -0.8506 0.0085 0.0197, -0.8506 0.0085 0.0201, -0.8733 0.0152 0.0197, -0.8733 0.0152 0.0201, -0.8938 0.0272 0.0197, -0.8938 0.0272 0.0201, -0.91 0.0427 0.0197, -0.91 0.0427 0.0201, -0.9213 0.0603 0.0197, -0.9213 0.0603 0.0201, -0.9284 0.0809 0.0197, -0.9284 0.0809 0.0201, -0.8916 0.154 0.0201, -0.8821 0.1641 0.0201, -0.8677 0.1734 0.0201, -0.8514 0.1791 0.0201, -0.8281 0.1816 0.0201, -0.7991 0.1816 0.0201, -0.7991 0.0279 0.0201, -0.827 0.0279 0.0201, -0.8478 0.0299 0.0201, -0.8644 0.0351 0.0201, -0.8778 0.043 0.0201, -0.8888 0.0539 0.0201, -0.8971 0.0675 0.0201, -0.9029 0.086 0.0201, -0.9047 0.1067 0.0201, -0.903 0.1263 0.0201, -0.8985 0.1418 0.0201, -0.8281 0.1816 0.0197, -0.7991 0.1816 0.0197, -0.8514 0.1791 0.0197, -0.8677 0.1734 0.0197, -0.8821 0.1641 0.0197, -0.8916 0.154 0.0197, -0.8985 0.1418 0.0197, -0.903 0.1263 0.0197, -0.9047 0.1067 0.0197, -0.9029 0.086 0.0197, -0.8971 0.0675 0.0197, -0.8888 0.0539 0.0197, -0.8778 0.043 0.0197, -0.8644 0.0351 0.0197, -0.8478 0.0299 0.0197, -0.827 0.0279 0.0197, -0.7991 0.0279 0.0197, -0.7343 0.0279 0.0201, -0.7343 0.0063 0.0201, -0.7343 0.0279 0.0197, -0.7343 0.0063 0.0197, -0.6286 0.0063 0.0201, -0.6286 0.0063 0.0197, -0.6286 0.2032 0.0201, -0.6286 0.2032 0.0197, -0.7295 0.2032 0.0201, -0.7295 0.2032 0.0197, -0.7295 0.1816 0.0201, -0.7295 0.1816 0.0197, -0.6551 0.1816 0.0201, -0.6551 0.1816 0.0197, -0.6551 0.1168 0.0201, -0.6551 0.1168 0.0197, -0.7247 0.1168 0.0201, -0.7247 0.1168 0.0197, -0.7247 0.0952 0.0201, -0.7247 0.0952 0.0197, -0.6551 0.0952 0.0201, -0.6551 0.0952 0.0197, -0.6551 0.0279 0.0201, -0.6551 0.0279 0.0197, -0.5902 0.0382 0.0201, -0.5902 0.0165 0.0201, -0.5902 0.0382 0.0197, -0.5902 0.0165 0.0197, -0.5693 0.0079 0.0201, -0.5361 0.0039 0.0201, -0.5361 0.0039 0.0197, -0.5415 0.004 0.0197, -0.5415 0.004 0.0201, -0.5494 0.0051 0.0197, -0.5693 0.0079 0.0197, -0.5245 0.0051 0.0197, -0.5118 0.0065 0.0201, -0.5118 0.0065 0.0197, -0.4927 0.013 0.0201, -0.4927 0.013 0.0197, -0.4769 0.0231 0.0201, -0.4769 0.0231 0.0197, -0.4621 0.0387 0.0201, -0.4621 0.0387 0.0197, -0.4516 0.0574 0.0201, -0.4516 0.0574 0.0197, -0.4457 0.0783 0.0201, -0.4457 0.0783 0.0197, -0.4438 0.1011 0.0201, -0.4438 0.1011 0.0197, -0.5241 0.204 0.0201, -0.5439 0.2056 0.0201, -0.5292 0.2044 0.0197, -0.5439 0.2056 0.0197, -0.5241 0.204 0.0197, -0.5022 0.1976 0.0197, -0.5022 0.1976 0.0201, -0.4835 0.1868 0.0197, -0.4835 0.1868 0.0201, -0.4657 0.1698 0.0197, -0.4657 0.1698 0.0201, -0.4542 0.1513 0.0197, -0.4542 0.1513 0.0201, -0.4466 0.129 0.0197, -0.4466 0.129 0.0201, -0.5613 0.2044 0.0197, -0.5675 0.204 0.0201, -0.5675 0.204 0.0197, -0.5902 0.1978 0.0201, -0.5902 0.1978 0.0197, -0.5902 0.1714 0.0201, -0.5902 0.1714 0.0197, -0.5441 0.184 0.0201, -0.5441 0.184 0.0197, -0.5681 0.1809 0.0197, -0.5681 0.1809 0.0201, -0.4702 0.1027 0.0201, -0.4702 0.1027 0.0197, -0.4711 0.118 0.0197, -0.4711 0.118 0.0201, -0.4764 0.1391 0.0197, -0.4764 0.1391 0.0201, -0.4845 0.1543 0.0197, -0.4845 0.1543 0.0201, -0.4964 0.1674 0.0197, -0.4964 0.1674 0.0201, -0.51 0.1765 0.0197, -0.51 0.1765 0.0201, -0.5248 0.1818 0.0197, -0.5248 0.1818 0.0201, -0.5397 0.0255 0.0201, -0.5397 0.0255 0.0197, -0.5214 0.0276 0.0197, -0.5214 0.0276 0.0201, -0.507 0.0329 0.0197, -0.507 0.0329 0.0201, -0.4949 0.041 0.0197, -0.4949 0.041 0.0201, -0.4857 0.0508 0.0197, -0.4857 0.0508 0.0201, -0.4775 0.0644 0.0197, -0.4775 0.0644 0.0201, -0.4722 0.0814 0.0197, -0.4722 0.0814 0.0201, -0.5867 0.0362 0.0197, -0.5867 0.0362 0.0201, -0.5658 0.0284 0.0197, -0.5658 0.0284 0.0201, -0.427 0.0279 0.0201, -0.427 0.0063 0.0201, -0.427 0.0279 0.0197, -0.427 0.0063 0.0197, -0.3262 0.0063 0.0201, -0.3262 0.0063 0.0197, -0.3262 0.2032 0.0201, -0.3262 0.2032 0.0197, -0.3526 0.2032 0.0201, -0.3526 0.2032 0.0197, -0.3526 0.0279 0.0201, -0.3526 0.0279 0.0197
            ]
        }
        coordIndex [
            0,1,2,-1,2,1,3,-1,1,4,3,-1,3,4,5,-1,4,6,5,-1,5,6,7,-1,6,8,7,-1,7,8,9,-1,8,10,9,-1,9,10,11,-1,10,12,11,-1,11,12,13,-1,12,14,13,-1,13,14,15,-1,14,0,15,-1,15,0,2,-1,16,8,17,-1,17,8,6,-1,18,14,16,-1,16,14,12,-1,16,12,8,-1,8,12,10,-1,18,19,14,-1,14,19,20,-1,14,20,0,-1,0,20,21,-1,0,21,22,-1,22,23,0,-1,0,23,17,-1,0,17,1,-1,1,17,6,-1,1,6,4,-1,16,17,24,-1,24,17,25,-1,18,16,26,-1,26,16,24,-1,18,26,27,-1,18,27,19,-1,19,27,28,-1,19,28,20,-1,21,20,29,-1,29,20,28,-1,21,29,30,-1,21,30,22,-1,22,30,31,-1,22,31,23,-1,17,23,25,-1,25,23,31,-1,32,33,34,-1,34,33,35,-1,33,36,35,-1,35,36,37,-1,36,38,37,-1,37,38,39,-1,40,41,42,-1,40,42,43,-1,43,42,44,-1,43,44,45,-1,45,44,46,-1,45,46,47,-1,47,46,48,-1,47,48,49,-1,49,48,50,-1,49,50,51,-1,51,50,52,-1,51,52,53,-1,53,52,54,-1,53,54,55,-1,55,54,39,-1,55,39,38,-1,32,34,56,-1,32,56,57,-1,57,56,58,-1,57,58,59,-1,59,58,60,-1,59,60,61,-1,61,60,62,-1,61,62,63,-1,63,62,64,-1,63,64,65,-1,65,64,66,-1,65,66,67,-1,67,66,41,-1,67,41,40,-1,45,47,68,-1,68,47,49,-1,68,49,69,-1,69,49,51,-1,69,51,70,-1,70,51,53,-1,70,53,71,-1,71,53,55,-1,71,55,72,-1,72,55,38,-1,72,38,73,-1,73,38,36,-1,73,36,74,-1,74,36,33,-1,74,33,75,-1,75,33,32,-1,75,32,76,-1,76,32,57,-1,76,57,77,-1,77,57,59,-1,77,59,78,-1,78,59,61,-1,78,61,79,-1,79,61,63,-1,79,63,80,-1,80,63,65,-1,80,65,81,-1,81,65,67,-1,81,67,82,-1,82,67,40,-1,82,40,83,-1,83,40,43,-1,83,43,84,-1,84,43,45,-1,84,45,68,-1,72,73,85,-1,85,73,86,-1,72,85,87,-1,72,87,71,-1,71,87,88,-1,71,88,70,-1,70,88,89,-1,70,89,69,-1,69,89,90,-1,69,90,68,-1,68,90,91,-1,68,91,84,-1,84,91,92,-1,84,92,83,-1,83,92,93,-1,83,93,82,-1,82,93,94,-1,82,94,81,-1,81,94,95,-1,81,95,80,-1,80,95,96,-1,80,96,79,-1,79,96,97,-1,79,97,78,-1,78,97,98,-1,78,98,77,-1,77,98,99,-1,77,99,76,-1,76,99,100,-1,76,100,75,-1,74,75,101,-1,101,75,100,-1,73,74,86,-1,86,74,101,-1,102,103,104,-1,104,103,105,-1,103,106,105,-1,105,106,107,-1,106,108,107,-1,107,108,109,-1,108,110,109,-1,109,110,111,-1,110,112,111,-1,111,112,113,-1,112,114,113,-1,113,114,115,-1,114,116,115,-1,115,116,117,-1,116,118,117,-1,117,118,119,-1,118,120,119,-1,119,120,121,-1,120,122,121,-1,121,122,123,-1,122,124,123,-1,123,124,125,-1,124,102,125,-1,125,102,104,-1,106,103,102,-1,102,124,106,-1,106,124,122,-1,106,122,108,-1,112,110,114,-1,114,110,108,-1,114,108,116,-1,116,108,122,-1,116,122,118,-1,118,122,120,-1,126,127,128,-1,128,127,129,-1,129,127,130,-1,131,132,133,-1,131,133,134,-1,134,133,135,-1,134,135,130,-1,130,135,136,-1,130,136,129,-1,132,131,137,-1,137,131,138,-1,137,138,139,-1,139,138,140,-1,139,140,141,-1,141,140,142,-1,141,142,143,-1,143,142,144,-1,143,144,145,-1,145,144,146,-1,145,146,147,-1,147,146,148,-1,147,148,149,-1,149,148,150,-1,149,150,151,-1,152,153,154,-1,154,153,155,-1,154,156,152,-1,152,156,157,-1,152,157,158,-1,158,157,159,-1,158,159,160,-1,160,159,161,-1,160,161,162,-1,162,161,163,-1,162,163,164,-1,164,163,165,-1,164,165,166,-1,166,165,151,-1,166,151,150,-1,155,153,167,-1,167,153,168,-1,167,168,169,-1,169,168,170,-1,169,170,171,-1,170,172,171,-1,171,172,173,-1,174,175,176,-1,174,176,177,-1,177,176,173,-1,177,173,172,-1,178,179,180,-1,178,180,181,-1,181,180,182,-1,181,182,183,-1,183,182,184,-1,183,184,185,-1,185,184,186,-1,185,186,187,-1,187,186,188,-1,187,188,189,-1,189,188,190,-1,189,190,191,-1,191,190,175,-1,191,175,174,-1,192,193,194,-1,192,194,195,-1,195,194,196,-1,195,196,197,-1,197,196,198,-1,197,198,199,-1,199,198,200,-1,199,200,201,-1,201,200,202,-1,201,202,203,-1,203,202,204,-1,203,204,205,-1,205,204,179,-1,205,179,178,-1,126,128,206,-1,126,206,207,-1,207,206,208,-1,207,208,209,-1,209,208,193,-1,209,193,192,-1,195,131,192,-1,192,131,134,-1,192,134,209,-1,209,134,130,-1,209,130,207,-1,207,130,127,-1,207,127,126,-1,172,170,177,-1,177,170,168,-1,177,168,174,-1,174,168,153,-1,174,153,191,-1,191,153,152,-1,191,152,189,-1,189,152,158,-1,189,158,187,-1,187,158,160,-1,187,160,185,-1,185,160,162,-1,185,162,183,-1,183,162,164,-1,183,164,181,-1,181,164,166,-1,181,166,178,-1,178,166,150,-1,178,150,205,-1,205,150,148,-1,205,148,203,-1,203,148,146,-1,203,146,201,-1,201,146,144,-1,201,144,199,-1,199,144,142,-1,199,142,197,-1,197,142,140,-1,197,140,195,-1,195,140,138,-1,195,138,131,-1,210,211,212,-1,212,211,213,-1,211,214,213,-1,213,214,215,-1,214,216,215,-1,215,216,217,-1,216,218,217,-1,217,218,219,-1,218,220,219,-1,219,220,221,-1,220,210,221,-1,221,210,212,-1,218,216,220,-1,220,216,214,-1,220,214,210,-1,210,214,211,-1,
        ]
    }
}
Shape{
    appearance Appearance {
        material  Material 	{
            diffuseColor 0.2980392156862745 0.2980392156862745 0.2980392156862745
            specularColor 0.09019607843137255 0.09019607843137255 0.09019607843137255
            ambientIntensity 0.298
            transparency 0.0
            shininess 0.5
        }
    }
    geometry IndexedFaceSet {
        ccw TRUE
        solid FALSE
        coord DEF co Coordinate {
            point [
                -0.9998 0.0832 0.0197, -1.0656 0.0832 0.0197, -1.0291 0.1654 0.0197, -1.036 0.1654 0.0197, -1.031 0.1722 0.0197, -1.0342 0.1722 0.0197, -1.0323 0.1792 0.0197, -1.0329 0.1792 0.0197, -0.7991 0.1816 0.0197, -0.7991 0.0279 0.0197, -0.8281 0.1816 0.0197, -0.827 0.0279 0.0197, -0.8478 0.0299 0.0197, -0.9047 0.1067 0.0197, -0.903 0.1263 0.0197, -0.8985 0.1418 0.0197, -0.8514 0.1791 0.0197, -0.8644 0.0351 0.0197, -0.8778 0.043 0.0197, -0.8888 0.0539 0.0197, -0.8971 0.0675 0.0197, -0.9029 0.086 0.0197, -0.8916 0.154 0.0197, -0.8821 0.1641 0.0197, -0.8677 0.1734 0.0197
            ]
        }
        coordIndex [
            0,1,2,-1,2,1,3,-1,2,3,4,-1,4,3,5,-1,4,5,6,-1,6,5,7,-1,8,9,10,-1,10,9,11,-1,10,11,12,-1,13,14,10,-1,10,14,15,-1,10,15,16,-1,12,17,10,-1,10,17,18,-1,10,18,19,-1,19,20,10,-1,10,20,21,-1,10,21,13,-1,22,23,15,-1,15,23,24,-1,15,24,16,-1,
        ]
    }
}
Shape{
    appearance Appearance {
        material  Material 	{
            diffuseColor 0.9686274509803922 0.8784313725490196 0.6
            specularColor 0.6784313725490196 0.615686274509804 0.4196078431372549
            ambientIntensity 0.8737
            transparency 0.0
            shininess 0.5
        }
    }
    geometry IndexedFaceSet {
        ccw TRUE
        solid FALSE
        coord DEF co Coordinate {
            point [
                0.6751 1.3395 1.0236, 0.6751 1.3395 0.8268, 0.5602 1.3182 0.8268, 0.5602 1.3182 1.0236, 0.4533 1.2711 0.8268, 0.4533 1.2711 1.0236, 0.36 1.2008 0.8268, 0.36 1.2008 1.0236, 0.6751 1.2008 1.0236
            ]
        }
        coordIndex [
            0,1,2,-1,0,2,3,-1,3,2,4,-1,3,4,5,-1,5,4,6,-1,5,6,7,-1,0,3,8,-1,8,3,5,-1,8,5,7,-1,
        ]
    }
}